Date,newcastle_coal_price,newcastle_coal_open,newcastle_coal_high,newcastle_coal_low,newcastle_coal_change_pct,brent_oil_price,brent_oil_open,brent_oil_high,brent_oil_low,brent_oil_change_pct,natural_gas_price,natural_gas_open,natural_gas_high,natural_gas_low,natural_gas_change_pct,usd_index_price,usd_index_open,usd_index_high,usd_index_low,usd_index_change_pct,baltic_dry_index_price,baltic_dry_index_open,baltic_dry_index_high,baltic_dry_index_low,baltic_dry_index_change_pct,aud_usd_price,aud_usd_open,aud_usd_high,aud_usd_low,aud_usd_change_pct,carbon_emissions_price,carbon_emissions_open,carbon_emissions_high,carbon_emissions_low,carbon_emissions_change_pct,jkm_lng_price,jkm_lng_open,jkm_lng_high,jkm_lng_low,jkm_lng_change_pct,iron_ore_price,iron_ore_open,iron_ore_high,iron_ore_low,iron_ore_change_pct
1/2/2015,61.3,61.3,61.3,61.3,-1.61,56.42,58.02,58.54,55.48,-1.59,3.003,2.845,3.096,2.805,5.7,91.08,90.36,91.16,90.33,0.9,771,771,771,771,-1.41,0.8087,0.8183,0.8186,0.8079,-1.1,7.01,7.01,7.01,7.01,-3.31,10.055,10.055,10.055,10.055,0,70.06,70.06,70.06,70.06,1.65
1/5/2015,61.25,61.25,61.25,61.25,-0.08,53.11,56.25,56.3,52.66,-5.87,2.882,3.076,3.176,2.875,-4.03,91.38,91.13,91.78,91.23,0.33,761,761,761,761,-1.3,0.8082,0.8079,0.811,0.8035,-0.06,6.9,6.92,6.92,6.9,-1.57,10.005,10.005,10.005,10.005,-0.5,69.98,69.98,69.98,69.98,-0.11
1/6/2015,61.45,61.45,61.45,61.45,0.33,51.1,53.2,53.6,50.52,-3.78,2.938,2.921,2.955,2.811,1.94,91.5,91.38,91.81,91.12,0.13,758,758,758,758,-0.39,0.8084,0.8083,0.8159,0.808,0.02,6.77,6.8,6.84,6.7,-1.88,9.985,9.985,9.985,9.985,-0.2,71.57,71.57,71.57,71.57,2.27
1/7/2015,60.6,60.6,60.6,60.6,-1.38,51.15,51.15,51.84,49.66,0.1,2.871,2.949,3.012,2.825,-2.28,91.89,91.75,92.27,91.65,0.43,744,744,744,744,-1.85,0.8077,0.8084,0.8093,0.8033,-0.09,6.78,6.71,6.71,6.66,0.15,9.985,9.985,9.985,9.985,0,71.24,71.24,71.24,71.24,-0.46
1/8/2015,60.6,60.6,60.6,60.6,0,50.96,51.06,51.91,49.81,-0.37,2.927,2.877,2.968,2.816,1.95,92.37,91.94,92.53,91.94,0.52,724,724,724,724,-2.69,0.8122,0.8079,0.8133,0.807,0.56,6.81,6.7,6.7,6.7,0.44,9.975,9.975,9.975,9.975,-0.1,70.95,70.95,70.95,70.95,-0.41
1/9/2015,60.4,60.4,60.4,60.4,-0.33,50.11,51.25,51.44,48.9,-1.67,2.946,2.959,2.99,2.888,0.65,91.94,92.31,92.5,91.89,-0.47,709,709,709,709,-2.07,0.82,0.8123,0.8211,0.8106,0.96,6.71,6.71,6.71,6.71,-1.47,9.975,9.975,9.975,9.975,0,70.66,70.66,70.66,70.66,-0.41
1/12/2015,60.05,60.05,60.05,60.05,-0.58,47.43,49.93,49.98,47.16,-5.35,2.795,2.917,2.934,2.783,-5.13,91.98,91.88,92.34,91.72,0.04,723,723,723,723,1.97,0.8156,0.8205,0.8257,0.8131,-0.54,6.71,6.65,6.65,6.63,0,9.955,9.955,9.955,9.955,-0.2,69.58,69.58,69.58,69.58,-1.53
1/13/2015,60.3,60.3,60.3,60.3,0.42,46.59,47.06,47.29,45.19,-1.77,2.943,2.815,2.971,2.795,5.3,92.31,92.03,92.43,91.81,0.36,762,762,762,762,5.39,0.8165,0.8157,0.8199,0.8127,0.11,7.29,6.86,7.31,6.86,8.64,9.96,9.96,9.96,9.96,0.05,69.25,69.25,69.25,69.25,-0.47
1/14/2015,60.05,60.05,60.05,60.05,-0.41,48.69,46.84,49.21,45.59,4.51,3.233,2.954,3.337,2.932,9.85,92.16,92.23,92.42,91.61,-0.16,757,757,757,757,-0.66,0.8146,0.8166,0.819,0.8068,-0.23,7.16,7.2,7.23,7.2,-1.78,9.925,9.925,9.925,9.925,-0.35,69,69,69,69,-0.36
1/15/2015,60.3,60.3,60.3,60.3,0.42,47.67,48.68,50.62,47,-2.09,3.158,3.301,3.352,3.057,-2.32,92.35,92.16,92.75,91.51,0.21,749,749,749,749,-1.06,0.8213,0.8151,0.8297,0.8132,0.82,7.12,7.17,7.17,7.07,-0.56,9.925,9.925,9.925,9.925,-0.35,69.27,69.27,69.27,69.27,0.39
1/16/2015,60.55,60.55,60.55,60.55,0.41,50.17,48.25,50.41,48.07,5.24,3.127,3.191,3.228,3.024,-0.98,92.52,92.1,93.26,92.08,0.18,741,741,741,741,-1.07,0.8224,0.8216,0.8258,0.8168,0.13,7.13,7.13,7.13,7.11,0.14,9,9,9,9,-9.32,69.13,69.13,69.13,69.13,-0.2
1/19/2015,60.85,60.85,60.85,60.85,0.5,48.84,50.1,50.35,48.68,-2.65,2.97,2.992,3.04,2.953,-0.65,92.52,92.71,92.72,92.33,0,739,739,739,739,-0.27,0.8211,0.8222,0.8245,0.8195,-0.16,7.21,7.07,7.22,7.03,1.12,9,9,9,9,-9.32,69.13,69.13,69.13,69.13,-0.2
1/20/2015,61.35,61.35,61.35,61.35,0.82,47.99,48.91,49.48,47.78,-1.74,2.831,3.045,3.045,2.821,-4.7,93.05,92.66,93.1,92.55,0.57,753,753,753,753,1.89,0.8168,0.8212,0.822,0.8159,-0.52,7.16,7.1,7.1,7.1,-0.69,8.595,8.595,8.595,8.595,-4.5,68.91,68.91,68.91,68.91,-0.32
1/21/2015,62.3,62.3,62.3,62.3,1.55,49.03,48.29,49.59,48.21,2.17,2.974,2.892,3.015,2.867,5.05,92.9,93.07,93.09,92.15,-0.16,770,770,770,770,2.26,0.8084,0.8172,0.8236,0.8077,-1.03,7.32,7.3,7.34,7.3,2.23,8.335,8.335,8.335,8.335,-3.03,68.7,68.7,68.7,68.7,-0.3
1/22/2015,62.5,62.5,62.5,62.5,0.32,48.52,48.6,50.45,48.02,-1.04,2.835,3,3.048,2.766,-4.67,94.08,92.89,94.5,92.48,1.27,751,751,751,751,-2.47,0.8023,0.8085,0.8138,0.7995,-0.75,6.76,7.34,7.34,6.77,-7.65,8.135,8.135,8.135,8.135,-2.4,68.64,68.64,68.64,68.64,-0.09
1/23/2015,62.3,62.3,62.3,62.3,-0.32,48.79,49.11,49.8,48.55,0.56,2.986,2.858,2.994,2.855,5.33,94.76,94.21,95.48,94.11,0.72,720,720,720,720,-4.13,0.7904,0.8028,0.8051,0.7881,-1.48,6.8,6.91,6.92,6.8,0.59,7.945,7.945,7.945,7.945,-2.34,68.46,68.46,68.46,68.46,-0.26
1/26/2015,61.9,61.9,61.9,61.9,-0.64,48.16,48.56,49.29,47.57,-1.29,2.881,2.897,2.955,2.841,-3.52,94.8,95.23,95.33,94.59,0.04,703,703,703,703,-2.36,0.7924,0.7894,0.7936,0.7853,0.25,6.85,6.82,6.82,6.77,0.74,7.945,7.945,7.945,7.945,0,68.18,68.18,68.18,68.18,-0.41
1/27/2015,62.35,62.35,62.35,62.35,0.73,49.6,48.25,49.99,47.67,2.99,2.981,2.895,3.005,2.888,3.47,94.02,94.91,95.01,93.7,-0.82,688,688,688,688,-2.13,0.7932,0.7926,0.7977,0.7905,0.1,6.84,6.83,6.83,6.83,-0.15,7.775,7.775,7.775,7.775,-2.14,67.99,67.99,67.99,67.99,-0.28
1/28/2015,62.45,62.45,62.45,62.45,0.16,48.47,49.1,49.72,48.29,-2.28,2.866,2.917,2.93,2.828,-3.86,94.47,94.19,94.69,93.97,0.48,666,666,666,666,-3.2,0.7886,0.7938,0.8028,0.7883,-0.58,6.95,6.81,6.81,6.81,1.61,7.745,7.745,7.745,7.745,-0.39,67.75,67.75,67.75,67.75,-0.35
1/29/2015,62.45,62.45,62.45,62.45,0,49.13,48.69,49.25,48.37,1.36,2.719,2.852,2.924,2.672,-5.13,94.78,94.58,95.01,94.33,0.33,632,632,632,632,-5.11,0.7758,0.7889,0.7907,0.7719,-1.62,7.06,6.95,7.09,6.95,1.58,7.6,7.6,7.6,7.6,-1.87,67.49,67.49,67.49,67.49,-0.38
1/30/2015,62.45,62.45,62.45,62.45,0,52.99,49.15,53.08,48.76,7.86,2.691,2.732,2.733,2.637,-1.03,94.8,94.67,94.92,94.43,0.02,608,608,608,608,-3.8,0.7766,0.7762,0.7799,0.773,0.1,7.08,6.97,7.09,6.97,0.28,7.55,7.55,7.55,7.55,-0.66,67.2,67.2,67.2,67.2,-0.43
2/2/2015,64.5,64.5,64.5,64.5,3.28,54.75,52.68,55.62,51.41,3.32,2.68,2.664,2.707,2.608,-0.41,94.5,94.58,94.88,94.37,-0.32,590,590,590,590,-2.96,0.7801,0.7735,0.7832,0.7726,0.45,7.13,7.08,7.12,7.08,0.71,7.5,7.5,7.5,7.5,-0.66,61.97,61.97,61.97,61.97,-7.78
2/3/2015,66.85,66.85,66.85,66.85,3.64,57.91,55,59,54.84,5.77,2.754,2.692,2.783,2.65,2.76,93.6,94.57,94.7,93.25,-0.95,577,577,577,577,-2.2,0.7791,0.7804,0.785,0.7625,-0.13,7.06,7.09,7.09,7.08,-0.98,7.465,7.465,7.465,7.465,-0.47,62.87,62.87,62.87,62.87,1.45
2/4/2015,66.8,66.8,66.8,66.8,-0.07,54.16,57.19,58.06,53.5,-6.48,2.662,2.766,2.779,2.649,-3.34,93.99,93.71,94.59,93.61,0.42,569,569,569,569,-1.39,0.7749,0.7793,0.7851,0.7742,-0.54,6.93,6.99,6.99,6.85,-1.84,7.465,7.465,7.465,7.465,0,62.89,62.89,62.89,62.89,0.03
2/5/2015,67.1,67.1,67.1,67.1,0.45,56.57,54.8,57.87,53.07,4.45,2.6,2.661,2.698,2.578,-2.33,93.57,94.4,94.55,93.42,-0.45,564,564,564,564,-0.88,0.7794,0.7753,0.7827,0.7734,0.58,7,6.92,6.94,6.92,1.01,7.415,7.415,7.415,7.415,-0.67,61.89,61.89,61.89,61.89,-1.59
2/6/2015,67.45,67.45,67.45,67.45,0.52,57.8,56.74,59.06,56.71,2.17,2.579,2.594,2.632,2.567,-0.81,95.85,93.6,95.85,93.52,2.44,559,559,559,559,-0.89,0.7792,0.7798,0.7877,0.7777,-0.03,6.95,6.93,6.93,6.88,-0.71,7.42,7.42,7.42,7.42,0.07,62.23,62.23,62.23,62.23,0.55
2/9/2015,68.6,68.6,68.6,68.6,1.7,58.34,57.93,59.61,57.3,0.93,2.597,2.659,2.688,2.571,0.7,94.45,94.81,94.88,94.36,-1.46,554,554,554,554,-0.89,0.7797,0.7769,0.7837,0.7747,0.06,6.91,6.87,6.88,6.81,-0.58,7.43,7.43,7.43,7.43,0.13,61.76,61.76,61.76,61.76,-0.76
2/10/2015,69.1,69.1,69.1,69.1,0.73,56.43,57.79,58.57,56.11,-3.27,2.677,2.62,2.746,2.609,3.08,94.76,94.54,94.88,94.4,0.33,556,556,556,556,0.36,0.7769,0.7798,0.7843,0.7747,-0.36,7.1,6.89,7.06,6.86,2.75,7.43,7.43,7.43,7.43,0,62.02,62.02,62.02,62.02,0.42
2/11/2015,69.6,69.6,69.6,69.6,0.72,54.66,56.81,57,53.91,-3.14,2.797,2.693,2.857,2.685,4.48,94.98,94.69,95.11,94.64,0.23,553,553,553,553,-0.54,0.7717,0.777,0.7796,0.7693,-0.67,7.23,7.19,7.19,7.16,1.83,7.43,7.43,7.43,7.43,0,62.27,62.27,62.27,62.27,0.4
2/12/2015,70.25,70.25,70.25,70.25,0.93,57.05,55.12,57.5,54.72,4.37,2.713,2.835,2.883,2.679,-3,94.09,94.88,94.97,93.98,-0.94,540,540,540,540,-2.35,0.7733,0.7719,0.7781,0.7643,0.21,7.39,7.33,7.39,7.16,2.21,7.43,7.43,7.43,7.43,0,62.27,62.27,62.27,62.27,0
2/13/2015,69.6,69.6,69.6,69.6,-0.93,61.52,59.27,61.77,59.08,7.84,2.804,2.715,2.811,2.656,3.35,94.2,94.2,94.31,93.9,0.12,530,530,530,530,-1.85,0.7768,0.7737,0.7794,0.7723,0.45,7.63,7.36,7.59,7.33,3.25,7.43,7.43,7.43,7.43,0,62.42,62.42,62.42,62.42,0.24
2/16/2015,70.5,70.5,70.5,70.5,1.29,61.4,61.49,62.57,60.71,-0.2,2.848,2.827,2.895,2.812,0.71,94.2,94.1,94.54,93.9,0,522,522,522,522,-1.51,0.7768,0.7765,0.7796,0.775,0,7.65,7.59,7.79,7.59,0.26,7.43,7.43,7.43,7.43,0,62.42,62.42,62.42,62.42,0.24
2/17/2015,70.55,70.55,70.55,70.55,0.07,62.53,61.68,63,60.27,1.84,2.759,2.818,2.896,2.697,-3.11,94.06,94.42,94.51,93.8,-0.15,516,516,516,516,-1.15,0.7817,0.7772,0.7831,0.7747,0.63,7.47,7.6,7.6,7.47,-2.35,6.725,6.725,6.725,6.725,-9.49,62.6,62.6,62.6,62.6,0.29
2/18/2015,70.65,70.65,70.65,70.65,0.14,60.53,62.3,62.46,59.25,-3.2,2.831,2.78,2.841,2.732,2.61,94.2,94.16,94.53,93.98,0.15,509,509,509,509,-1.36,0.781,0.7818,0.7839,0.7772,-0.09,7.49,7.45,7.56,7.36,0.27,6.725,6.725,6.725,6.725,0,62.62,62.62,62.62,62.62,0.03
2/19/2015,70.25,70.25,70.25,70.25,-0.57,60.21,59.54,60.99,57.8,-0.53,2.834,2.825,2.885,2.772,0.11,94.4,94.11,94.45,93.83,0.21,509,509,509,509,-1.36,0.7791,0.7811,0.7844,0.7756,-0.24,7.34,7.39,7.4,7.35,-2,6.725,6.725,6.725,6.725,0,62.59,62.59,62.59,62.59,-0.05
2/20/2015,70.8,70.8,70.8,70.8,0.78,60.22,60.2,61.15,59.82,0.02,2.951,2.815,2.984,2.801,4.13,94.34,94.41,94.79,94.05,-0.06,509,509,509,509,-1.36,0.7841,0.7793,0.7851,0.7788,0.64,7.32,7.36,7.38,7.3,-0.27,6.725,6.725,6.725,6.725,0,62.43,62.43,62.43,62.43,-0.26
2/23/2015,70.85,70.85,70.85,70.85,0.07,58.9,60.3,60.67,58.37,-2.19,2.879,2.963,3.039,2.845,-2.44,94.57,94.22,94.92,94.28,0.24,512,512,512,512,0.59,0.7797,0.7847,0.7852,0.778,-0.56,7.7,7.2,7.74,7.19,5.19,6.89,6.89,6.89,6.89,2.45,62.57,62.57,62.57,62.57,0.22
2/24/2015,71.05,71.05,71.05,71.05,0.28,58.66,59.09,60.3,58.1,-0.41,2.902,2.869,2.972,2.827,0.8,94.49,94.58,94.98,94.43,-0.08,516,516,516,516,0.78,0.7827,0.7803,0.7839,0.7738,0.38,7.47,7.73,7.73,7.29,-2.99,6.89,6.89,6.89,6.89,0,62.63,62.63,62.63,62.63,0.1
2/25/2015,69.9,69.9,69.9,69.9,-1.62,61.63,58.75,62.2,58.41,5.06,2.894,2.922,2.966,2.852,-0.28,94.21,94.41,94.48,94.13,-0.3,524,524,524,524,1.55,0.7882,0.7833,0.7904,0.7823,0.7,7.39,7.63,7.66,7.4,-1.07,6.98,6.98,6.98,6.98,1.31,62.59,62.59,62.59,62.59,-0.06
2/26/2015,71.1,71.1,71.1,71.1,1.72,60.05,61.85,62.63,59.66,-2.56,2.697,2.875,2.888,2.689,-6.81,95.29,94.19,95.36,94.06,1.15,533,533,533,533,1.72,0.7799,0.7887,0.7915,0.7783,-1.05,7.06,7.3,7.33,7.02,-4.47,7.05,7.05,7.05,7.05,1,62.57,62.57,62.57,62.57,-0.03
2/27/2015,71.05,71.05,71.05,71.05,-0.07,62.58,60.75,62.83,60.51,4.21,2.734,2.707,2.745,2.684,1.37,95.32,95.19,95.36,94.91,0.03,540,540,540,540,1.31,0.7809,0.78,0.7837,0.7776,0.13,7.1,7.04,7.11,6.93,0.57,7.2,7.2,7.2,7.2,2.13,62.61,62.61,62.61,62.61,0.06
3/2/2015,70.55,70.55,70.55,70.55,-0.7,59.54,62.5,62.5,59.34,-4.86,2.698,2.691,2.753,2.65,-1.32,95.46,95.38,95.51,95.06,0.15,548,548,548,548,1.48,0.7765,0.7839,0.7848,0.7755,-0.56,6.95,7.01,7.01,6.87,-2.11,7.3,7.3,7.3,7.3,1.39,62.18,62.18,62.18,62.18,-0.69
3/3/2015,67.3,67.3,67.3,67.3,-4.61,61.02,60,61.81,59.84,2.49,2.712,2.658,2.734,2.641,0.52,95.38,95.5,95.57,95.1,-0.08,553,553,553,553,0.91,0.7812,0.7769,0.7847,0.775,0.61,6.73,6.85,6.87,6.73,-3.17,7.29,7.29,7.29,7.29,-0.14,62.39,62.39,62.39,62.39,0.34
3/4/2015,67.05,67.05,67.05,67.05,-0.37,60.55,60.85,60.94,59.47,-0.77,2.769,2.713,2.783,2.712,2.1,95.97,95.39,96.06,95.32,0.62,559,559,559,559,1.08,0.7812,0.7818,0.7862,0.7797,0,7.02,6.65,7.03,6.62,4.31,7.28,7.28,7.28,7.28,-0.14,61.23,61.23,61.23,61.23,-1.86
3/5/2015,67,67,67,67,-0.07,60.48,60.6,61.57,60.08,-0.12,2.841,2.777,2.864,2.743,2.6,96.38,95.95,96.59,95.84,0.43,561,561,561,561,0.36,0.7779,0.7817,0.7841,0.7753,-0.42,6.75,7.02,7.02,6.69,-3.85,7.27,7.27,7.27,7.27,-0.14,60.5,60.5,60.5,60.5,-1.19
3/6/2015,65.5,65.5,65.5,65.5,-2.24,59.73,60.75,61.3,59.17,-1.24,2.839,2.828,2.87,2.783,-0.07,97.61,96.35,97.73,96.3,1.28,565,565,565,565,0.71,0.7711,0.7783,0.7848,0.7705,-0.87,6.8,6.71,6.84,6.66,0.74,7.2,7.2,7.2,7.2,-0.96,59.44,59.44,59.44,59.44,-1.75
3/9/2015,65.25,65.25,65.25,65.25,-0.38,58.53,59.62,60.02,58.38,-2.01,2.678,2.775,2.778,2.668,-5.67,97.59,97.8,97.78,97.29,-0.02,568,568,568,568,0.53,0.7701,0.7704,0.7742,0.7683,-0.13,6.68,6.74,6.74,6.64,-1.76,7.255,7.255,7.255,7.255,0.76,59.44,59.44,59.44,59.44,0
3/10/2015,65,65,65,65,-0.38,56.39,58.37,58.72,56.12,-3.66,2.732,2.693,2.741,2.683,2.02,98.62,97.73,98.81,97.78,1.06,568,568,568,568,0,0.7619,0.7702,0.7712,0.7604,-1.06,6.82,6.66,6.82,6.58,2.1,7.265,7.265,7.265,7.265,0.14,58.9,58.9,58.9,58.9,-0.91
3/11/2015,65.5,65.5,65.5,65.5,0.77,57.54,56.45,57.95,55.92,2.04,2.824,2.716,2.848,2.662,3.37,99.8,98.64,99.98,98.49,1.2,565,565,565,565,-0.53,0.7593,0.7626,0.7646,0.756,-0.34,6.76,6.77,6.8,6.74,-0.88,7.28,7.28,7.28,7.28,0.21,58.84,58.84,58.84,58.84,-0.1
3/12/2015,65.25,65.25,65.25,65.25,-0.38,57.08,57.92,58.81,56.51,-0.8,2.734,2.828,2.864,2.725,-3.19,99.44,99.68,100.06,98.65,-0.36,560,560,560,560,-0.88,0.7707,0.7594,0.7732,0.7572,1.5,6.41,6.7,6.7,6.39,-5.18,7.28,7.28,7.28,7.28,0,59.2,59.2,59.2,59.2,0.61
3/13/2015,64.95,64.95,64.95,64.95,-0.46,54.67,57.03,57.4,54.43,-4.22,2.727,2.749,2.759,2.674,-0.26,100.33,99.21,100.39,99.2,0.9,562,562,562,562,0.36,0.7631,0.771,0.7714,0.7609,-0.99,6.46,6.36,6.5,6.23,0.78,7.28,7.28,7.28,7.28,0,58.87,58.87,58.87,58.87,-0.56
3/16/2015,64.45,64.45,64.45,64.45,-0.77,53.44,54.41,54.64,52.5,-2.25,2.716,2.705,2.748,2.68,-0.4,99.6,100.32,100.27,99.32,-0.73,564,564,564,564,0.36,0.7638,0.7635,0.7682,0.761,0.09,6.49,6.39,6.51,6.36,0.46,7.625,7.625,7.625,7.625,4.74,58.95,58.95,58.95,58.95,0.14
3/17/2015,64.7,64.7,64.7,64.7,0.39,53.51,54.1,54.38,52.57,0.13,2.855,2.742,2.858,2.74,5.12,99.58,99.68,99.83,99.23,-0.02,568,568,568,568,0.71,0.7617,0.7639,0.7668,0.7604,-0.27,6.73,6.46,6.75,6.4,3.7,7.72,7.72,7.72,7.72,1.25,58.88,58.88,58.88,58.88,-0.12
3/18/2015,64.65,64.65,64.65,64.65,-0.08,55.91,53.28,56.84,52.68,4.49,2.92,2.854,2.935,2.775,2.28,98.55,99.63,99.8,96.63,-1.03,571,571,571,571,0.53,0.7769,0.7617,0.7845,0.759,2,6.74,6.69,6.81,6.65,0.15,7.72,7.72,7.72,7.72,0,58.3,58.3,58.3,58.3,-0.99
3/19/2015,64.35,64.35,64.35,64.35,-0.46,54.43,56.18,56.2,53.91,-2.65,2.813,2.909,2.928,2.776,-3.66,99.26,97.81,99.46,97.21,0.72,584,584,584,584,2.28,0.7643,0.7775,0.7809,0.7611,-1.62,6.67,6.76,6.76,6.67,-1.04,7.72,7.72,7.72,7.72,0,58.03,58.03,58.03,58.03,-0.46
3/20/2015,64.05,64.05,64.05,64.05,-0.47,55.32,54.46,55.67,53.55,1.64,2.786,2.831,2.919,2.762,-0.96,97.91,99.07,99.12,97.45,-1.36,591,591,591,591,1.2,0.7766,0.7649,0.7805,0.7642,1.61,7.04,6.67,6.95,6.63,5.55,7.72,7.72,7.72,7.72,0,57.84,57.84,57.84,57.84,-0.33
3/23/2015,62.4,62.4,62.4,62.4,-2.58,55.92,55.24,56.19,54.12,1.08,2.733,2.741,2.756,2.691,-1.9,97.03,97.65,98.24,96.83,-0.9,594,594,594,594,0.51,0.788,0.778,0.7901,0.7763,1.47,7.04,6.97,7.07,6.92,0,7.605,7.605,7.605,7.605,-1.49,57.76,57.76,57.76,57.76,-0.14
3/24/2015,62.75,62.75,62.75,62.75,0.56,55.11,55.83,56.79,54.85,-1.45,2.786,2.751,2.81,2.735,1.94,97.19,96.92,97.38,96.39,0.16,597,597,597,597,0.51,0.7874,0.7881,0.7939,0.7838,-0.08,7.03,7.03,7.03,7.03,-0.14,7.605,7.605,7.605,7.605,0,57.79,57.79,57.79,57.79,0.05
3/25/2015,63.25,63.25,63.25,63.25,0.8,56.48,55.09,57.17,54.7,2.49,2.723,2.784,2.793,2.712,-2.26,96.98,97.22,97.3,96.54,-0.22,598,598,598,598,0.17,0.7842,0.7877,0.7907,0.7828,-0.41,6.97,7.03,7.05,6.8,-0.85,7.535,7.535,7.535,7.535,-0.92,57.72,57.72,57.72,57.72,-0.12
3/26/2015,63.35,63.35,63.35,63.35,0.16,59.19,56.35,59.78,56.3,4.8,2.672,2.733,2.756,2.649,-1.87,97.44,96.9,97.55,96.17,0.47,598,598,598,598,0,0.7826,0.7843,0.7887,0.78,-0.2,6.95,6.99,6.99,6.99,-0.29,7.535,7.535,7.535,7.535,0,57.57,57.57,57.57,57.57,-0.26
3/27/2015,63.3,63.3,63.3,63.3,-0.08,56.41,58.97,59.04,55.95,-4.7,2.59,2.666,2.675,2.578,-3.07,97.29,97.38,97.92,96.99,-0.15,596,596,596,596,-0.33,0.7744,0.7828,0.7839,0.7742,-1.05,6.76,6.76,6.76,6.76,-2.73,7.535,7.535,7.535,7.535,0,57.41,57.41,57.41,57.41,-0.28
3/30/2015,57.2,57.2,57.2,57.2,-9.64,56.29,55.96,56.65,55.2,-0.21,2.644,2.624,2.673,2.608,2.08,97.97,97.37,98.07,97.42,0.7,599,599,599,599,0.5,0.7647,0.7747,0.7764,0.7632,-1.25,6.88,6.79,6.92,6.79,1.78,7.535,7.535,7.535,7.535,0,57.22,57.22,57.22,57.22,-0.33
3/31/2015,56.8,56.8,56.8,56.8,-0.7,55.11,56.31,56.33,54.72,-2.1,2.64,2.64,2.686,2.622,-0.15,98.36,97.92,98.67,97.83,0.4,602,602,602,602,0.5,0.7605,0.7654,0.7666,0.759,-0.55,6.92,6.93,6.93,6.91,0.58,7.525,7.525,7.525,7.525,-0.13,56.94,56.94,56.94,56.94,-0.49
4/1/2015,56,56,56,56,-1.41,57.1,55.18,57.69,54.7,3.61,2.605,2.637,2.67,2.583,-1.33,98.19,98.42,98.64,97.98,-0.17,596,596,596,596,-1,0.7597,0.7607,0.7665,0.7581,-0.11,7.14,7.03,7.08,7.03,3.18,7.52,7.52,7.52,7.52,-0.07,48.6,48.6,48.6,48.6,-14.65
4/2/2015,55.6,55.6,55.6,55.6,-0.71,54.95,56.72,57.28,54,-3.77,2.713,2.601,2.719,2.591,4.15,97.44,98.18,98.28,97.33,-0.76,588,588,588,588,-1.34,0.7589,0.7601,0.7612,0.7532,-0.11,7.15,7.17,7.19,7.17,0.14,7.45,7.45,7.45,7.45,-0.93,47.08,47.08,47.08,47.08,-3.13
4/7/2015,55,55,55,55,-1.08,59.1,57.8,59.27,57.02,1.69,2.68,2.655,2.709,2.647,1.13,97.83,97.05,98.02,96.93,1.08,583,583,583,583,-0.85,0.7631,0.7593,0.7713,0.7576,0.55,7.11,7.14,7.14,7.1,-0.56,7.4,7.4,7.4,7.4,-1.4,47.81,47.81,47.81,47.81,1.57
4/8/2015,54.8,54.8,54.8,54.8,-0.36,55.55,58.3,58.72,55.45,-6.01,2.619,2.666,2.669,2.611,-2.28,97.94,97.86,98.2,97.25,0.11,580,580,580,580,-0.51,0.7681,0.7633,0.773,0.763,0.66,7.12,7.11,7.15,7.11,0.14,7.4,7.4,7.4,7.4,0,48.09,48.09,48.09,48.09,0.59
4/9/2015,55.3,55.3,55.3,55.3,0.91,56.57,56.1,58.02,55.97,1.84,2.528,2.624,2.646,2.522,-3.47,99.16,98.04,99.18,98.04,1.25,580,580,580,580,0,0.7692,0.7684,0.7741,0.7658,0.14,7.01,7.11,7.11,7.06,-1.54,7.39,7.39,7.39,7.39,-0.14,47.18,47.18,47.18,47.18,-1.89
4/10/2015,54.65,54.65,54.65,54.65,-1.18,57.87,56.84,58.12,56.25,2.3,2.511,2.539,2.551,2.504,-0.67,99.34,98.97,99.69,98.84,0.18,580,580,580,580,0,0.7676,0.7692,0.7723,0.7637,-0.21,6.94,6.98,6.99,6.97,-1,7.39,7.39,7.39,7.39,0,47.19,47.19,47.19,47.19,0.02
4/13/2015,55,55,55,55,0.64,57.93,58.02,59.54,57.46,0.1,2.511,2.487,2.543,2.475,0,99.49,99.47,99.99,99.23,0.15,578,578,578,578,-0.34,0.7589,0.7678,0.7684,0.7552,-1.13,6.8,6.92,6.92,6.8,-2.02,7.38,7.38,7.38,7.38,-0.14,48.51,48.51,48.51,48.51,2.8
4/14/2015,55.4,55.4,55.4,55.4,0.73,58.43,58.17,59.24,57.76,0.86,2.53,2.507,2.552,2.502,0.76,98.73,99.46,99.7,98.37,-0.76,581,581,581,581,0.52,0.7624,0.7591,0.7651,0.7554,0.46,6.8,6.84,6.85,6.84,0,7.38,7.38,7.38,7.38,0,48.85,48.85,48.85,48.85,0.7
4/15/2015,55.7,55.7,55.7,55.7,0.54,60.32,58.74,60.45,58.74,3.23,2.61,2.526,2.625,2.491,3.16,98.32,98.79,99.36,98.22,-0.42,586,586,586,586,0.86,0.7679,0.7626,0.7702,0.7571,0.72,6.85,6.85,6.85,6.85,0.74,7.38,7.38,7.38,7.38,0,48.6,48.6,48.6,48.6,-0.51
4/16/2015,56.8,56.8,56.8,56.8,1.97,63.98,62.9,64.95,62,6.07,2.684,2.598,2.69,2.545,2.84,97.42,98.39,98.72,97.28,-0.92,593,593,593,593,1.19,0.78,0.7683,0.7825,0.7671,1.58,6.87,6.86,6.89,6.86,0.29,6.875,6.875,6.875,6.875,-6.84,48.77,48.77,48.77,48.77,0.35
4/17/2015,57.9,57.9,57.9,57.9,1.94,63.45,64.02,64.5,62.95,-0.83,2.634,2.682,2.693,2.625,-1.86,97.52,97.65,97.82,97,0.1,597,597,597,597,0.67,0.777,0.7804,0.7845,0.7757,-0.38,6.84,6.86,6.86,6.83,-0.44,6.875,6.875,6.875,6.875,0,49.59,49.59,49.59,49.59,1.68
4/20/2015,57.4,57.4,57.4,57.4,-0.86,63.45,63.85,64.4,62.1,0,2.536,2.592,2.596,2.534,-3.72,97.94,97.34,98.07,97.33,0.43,598,598,598,598,0.17,0.7719,0.7835,0.7845,0.7705,-0.66,7.13,7.13,7.13,7.13,4.24,6.875,6.875,6.875,6.875,0,49,49,49,49,-1.19
4/21/2015,58.3,58.3,58.3,58.3,1.57,62.08,63.52,63.52,61.65,-2.16,2.575,2.549,2.597,2.533,1.54,98,97.95,98.45,97.64,0.06,601,601,601,601,0.5,0.7707,0.7725,0.7756,0.7682,-0.16,7.08,7.1,7.1,7.1,-0.7,6.96,6.96,6.96,6.96,1.24,48.9,48.9,48.9,48.9,-0.2
4/22/2015,58.3,58.3,58.3,58.3,0,62.73,61.9,63.33,61.39,1.05,2.606,2.571,2.622,2.554,1.2,97.93,97.95,98.12,97.43,-0.07,600,600,600,600,-0.17,0.7751,0.771,0.7809,0.7704,0.57,7.09,7.1,7.1,7.09,0.14,6.98,6.98,6.98,6.98,0.29,49.3,49.3,49.3,49.3,0.82
4/23/2015,58.4,58.4,58.4,58.4,0.17,64.85,62.88,65.58,62.22,3.38,2.531,2.602,2.605,2.52,-2.88,97.28,98.05,98.42,97.14,-0.66,599,599,599,599,-0.17,0.7777,0.7755,0.7793,0.771,0.34,7.25,7.06,7.11,7.06,2.26,6.98,6.98,6.98,6.98,0,49.49,49.49,49.49,49.49,0.39
4/24/2015,58.55,58.55,58.55,58.55,0.26,65.28,64.75,65.8,64.48,0.66,2.531,2.546,2.561,2.518,0,96.92,97.33,97.56,96.75,-0.37,600,600,600,600,0.17,0.7812,0.7778,0.7843,0.7764,0.45,7.28,7.26,7.32,7.26,0.41,7.09,7.09,7.09,7.09,1.58,49.98,49.98,49.98,49.98,0.99
4/27/2015,61.65,61.65,61.65,61.65,5.29,64.83,65.47,65.61,64.4,-0.69,2.49,2.472,2.494,2.443,-1.62,96.77,96.95,97.28,96.47,-0.15,600,600,600,600,0,0.7856,0.7821,0.7874,0.7791,0.56,7.15,7.3,7.35,7.3,-1.79,7.09,7.09,7.09,7.09,0,50.48,50.48,50.48,50.48,1
4/28/2015,61.95,61.95,61.95,61.95,0.49,64.64,64.74,65.49,63.9,-0.29,2.517,2.482,2.527,2.468,1.08,96.09,96.79,96.93,96.01,-0.7,601,601,601,601,0.17,0.8022,0.7858,0.803,0.7833,2.11,7.35,7.15,7.31,7.15,2.8,7.105,7.105,7.105,7.105,0.21,51.62,51.62,51.62,51.62,2.26
4/29/2015,61.9,61.9,61.9,61.9,-0.08,65.84,64.64,66.72,64.13,1.86,2.606,2.531,2.612,2.511,3.54,95.21,96.12,96.18,94.68,-0.92,595,595,595,595,-1,0.8007,0.8022,0.8077,0.7975,-0.19,7.46,7.35,7.35,7.35,1.5,7.105,7.105,7.105,7.105,0,51.13,51.13,51.13,51.13,-0.95
4/30/2015,62.05,62.05,62.05,62.05,0.24,66.78,65.63,66.93,65.37,1.43,2.751,2.59,2.77,2.557,5.56,94.6,95.2,95.45,94.4,-0.64,591,591,591,591,-0.67,0.7897,0.8007,0.8024,0.7862,-1.37,7.39,7.5,7.5,7.5,-0.94,7.09,7.09,7.09,7.09,-0.21,51.36,51.36,51.36,51.36,0.45
5/1/2015,62.2,62.2,62.2,62.2,0.24,66.46,66.78,66.93,65.52,-0.48,2.776,2.737,2.8,2.714,0.91,95.3,94.83,95.4,94.5,0.74,587,587,587,587,-0.68,0.7849,0.7905,0.792,0.7803,-0.61,7.48,7.48,7.48,7.48,1.22,7.09,7.09,7.09,7.09,0,53.88,53.88,53.88,53.88,4.91
5/5/2015,62.5,62.5,62.5,62.5,0.48,67.52,66.33,68.4,66.14,1.61,2.78,2.808,2.821,2.766,-1.45,95.08,95.44,95.95,94.88,-0.42,580,580,580,580,-1.19,0.794,0.7837,0.7958,0.7796,1.34,7.55,7.54,7.56,7.54,-0.4,7.03,7.03,7.03,7.03,-0.92,57.49,57.49,57.49,57.49,1.72
5/6/2015,62.3,62.3,62.3,62.3,-0.32,67.77,67.71,69.63,67.35,0.37,2.776,2.791,2.822,2.747,-0.14,94.09,95.18,95.22,93.88,-1.04,575,575,575,575,-0.86,0.7967,0.7943,0.8033,0.7917,0.34,7.53,7.67,7.67,7.62,-0.26,7.03,7.03,7.03,7.03,0,59.31,59.31,59.31,59.31,3.17
5/7/2015,61.85,61.85,61.85,61.85,-0.72,65.54,67.37,68.49,65.17,-3.29,2.734,2.772,2.821,2.711,-1.51,94.64,94.11,94.83,93.89,0.58,573,573,573,573,-0.35,0.7904,0.7971,0.8006,0.7889,-0.79,7.43,7.43,7.43,7.43,-1.33,7.03,7.03,7.03,7.03,0,58.35,58.35,58.35,58.35,-1.62
5/8/2015,61.85,61.85,61.85,61.85,0,65.39,65.64,66.12,64.23,-0.23,2.88,2.735,2.888,2.725,5.34,94.79,94.64,95.06,94.32,0.16,574,574,574,574,0.17,0.7927,0.7907,0.797,0.7862,0.29,7.53,7.53,7.53,7.53,1.35,7.06,7.06,7.06,7.06,0.43,59.02,59.02,59.02,59.02,1.15
5/11/2015,61.6,61.6,61.6,61.6,-0.4,64.91,65.37,65.75,64.25,-0.73,2.802,2.914,2.935,2.796,-2.71,95.01,94.79,95.26,94.8,0.23,578,578,578,578,0.7,0.7887,0.7948,0.795,0.7876,-0.5,7.62,7.54,7.6,7.51,1.2,7.12,7.12,7.12,7.12,0.85,59.96,59.96,59.96,59.96,1.59
5/12/2015,61.4,61.4,61.4,61.4,-0.32,66.86,64.77,67.46,64.68,3,2.897,2.818,2.931,2.785,3.39,94.53,95.06,95.16,94.24,-0.51,589,589,589,589,1.9,0.7971,0.7891,0.8002,0.7885,1.07,7.59,7.68,7.68,7.63,-0.39,7.12,7.12,7.12,7.12,0,59.68,59.68,59.68,59.68,-0.47
5/13/2015,61.4,61.4,61.4,61.4,0,66.81,67.32,68.17,66.41,-0.07,2.935,2.896,2.972,2.856,1.31,93.62,94.55,94.59,93.46,-0.96,634,634,634,634,7.64,0.811,0.7974,0.8126,0.7954,1.74,7.64,7.6,7.6,7.6,0.66,7.12,7.12,7.12,7.12,0,59.21,59.21,59.21,59.21,-0.79
5/14/2015,61.5,61.5,61.5,61.5,0.16,66.59,66.54,67.29,66.25,-0.33,3.008,2.94,3.02,2.888,2.49,93.46,93.64,93.76,93.13,-0.17,637,637,637,637,0.47,0.8074,0.8113,0.8164,0.8062,-0.44,7.55,7.55,7.55,7.55,-1.18,7.115,7.115,7.115,7.115,-0.07,58.44,58.44,58.44,58.44,-1.3
5/15/2015,61.3,61.3,61.3,61.3,-0.33,66.81,66.75,67,65.37,0.33,3.016,3.017,3.036,2.971,0.27,93.14,93.41,94.03,93.14,-0.34,634,634,634,634,-0.47,0.8029,0.8079,0.8091,0.7995,-0.56,7.59,7.59,7.59,7.59,0.53,7.115,7.115,7.115,7.115,-0.07,59.72,59.72,59.72,59.72,2.19
5/18/2015,60.65,60.65,60.65,60.65,-1.06,66.27,66.91,67.88,65.92,-0.81,3.01,2.983,3.048,2.978,-0.2,94.22,93.23,94.27,93.27,1.16,630,630,630,630,-0.63,0.7984,0.803,0.8053,0.7975,-0.56,7.6,7.53,7.53,7.53,0.13,7.425,7.425,7.425,7.425,4.36,59.45,59.45,59.45,59.45,-0.45
5/19/2015,60.15,60.15,60.15,60.15,-0.82,64.02,66.19,66.39,63.95,-3.4,2.948,3.02,3.105,2.938,-2.06,95.27,94.12,95.47,94.09,1.11,620,620,620,620,-1.59,0.7913,0.7992,0.8013,0.7905,-0.89,7.37,7.55,7.55,7.55,-3.03,7.425,7.425,7.425,7.425,0,59.94,59.94,59.94,59.94,0.82
5/20/2015,60.15,60.15,60.15,60.15,0,65.03,64.49,65.18,64.1,1.58,2.915,2.961,3.021,2.902,-1.12,95.45,95.31,95.84,95.26,0.19,606,606,606,606,-2.26,0.7871,0.7916,0.7937,0.7859,-0.53,7.35,7.49,7.49,7.49,-0.27,7.75,7.75,7.75,7.75,4.38,60.2,60.2,60.2,60.2,0.43
5/21/2015,60.3,60.3,60.3,60.3,0.25,66.54,64.89,66.88,64.83,2.32,2.949,2.939,3.038,2.92,1.17,95.25,95.59,95.65,94.97,-0.21,592,592,592,592,-2.31,0.7892,0.7875,0.7915,0.7864,0.27,7.3,7.36,7.38,7.32,-0.68,7.75,7.75,7.75,7.75,0,59.57,59.57,59.57,59.57,-1.05
5/22/2015,60,60,60,60,-0.5,65.37,66.59,66.64,65.1,-1.76,2.887,2.962,2.97,2.881,-2.1,96.11,95.4,96.27,94.82,0.9,586,592,592,586,-1.01,0.7827,0.7895,0.7934,0.7808,-0.82,7.3,7.27,7.27,7.27,0,7.75,7.75,7.75,7.75,0,59.62,59.62,59.62,59.62,0.08
5/26/2015,60.05,60.05,60.05,60.05,0.08,63.72,65.7,65.7,63.29,-2.75,2.822,2.878,2.879,2.788,-1.78,97.3,96.39,97.36,96.45,1.34,584,584,584,584,-0.34,0.7734,0.7823,0.7841,0.7726,-1.13,7.22,7.37,7.37,7.37,-1.9,7.75,7.75,7.75,7.75,0,59.66,59.66,59.66,59.66,0.07
5/27/2015,60.1,60.1,60.1,60.1,0.08,62.06,63.89,64.67,61.96,-2.61,2.815,2.827,2.887,2.797,-0.25,97.37,97.22,97.78,96.89,0.07,587,587,587,587,0.51,0.7721,0.7736,0.7771,0.7691,-0.17,7.17,7.18,7.18,7.18,-0.69,7.75,7.75,7.75,7.75,0,59.98,59.98,59.98,59.98,0.54
5/28/2015,60.1,60.1,60.1,60.1,0,62.58,62.2,62.95,61.24,0.84,2.706,2.837,2.845,2.7,-3.87,96.97,97.26,97.63,96.86,-0.41,588,588,588,588,0.17,0.7643,0.7729,0.7763,0.7617,-1.01,7.18,7.17,7.2,7.17,0.14,7.75,7.75,7.75,7.75,0,60.24,60.24,60.24,60.24,0.43
5/29/2015,60.05,60.05,60.05,60.05,-0.08,65.56,62.89,65.83,62.68,4.76,2.642,2.716,2.722,2.633,-2.37,96.91,96.89,97.19,96.75,-0.06,589,589,589,589,0.17,0.7636,0.765,0.7676,0.7629,-0.09,7.32,7.29,7.29,7.29,1.95,7.725,7.725,7.725,7.725,-0.32,60.39,60.39,60.39,60.39,0.25
6/1/2015,57.2,57.2,57.2,57.2,-4.75,64.88,65.59,65.8,64.25,-1.04,2.649,2.615,2.672,2.603,0.26,97.39,96.9,97.68,96.93,0.5,589,589,589,589,0,0.7604,0.7644,0.7671,0.7597,-0.42,7.24,7.25,7.25,7.25,-1.09,7.725,7.725,7.725,7.725,0,59.5,59.5,59.5,59.5,-1.47
6/2/2015,57.75,57.75,57.75,57.75,0.96,65.49,64.9,65.88,64.58,0.94,2.698,2.652,2.723,2.599,1.85,95.83,97.43,97.53,95.67,-1.6,591,591,591,591,0.34,0.7768,0.7607,0.7792,0.7602,2.16,7.44,7.36,7.36,7.36,2.76,7.725,7.725,7.725,7.725,0,62.24,62.24,62.24,62.24,4.61
6/3/2015,57.95,57.95,57.95,57.95,0.35,63.8,65.38,65.4,63.5,-2.58,2.634,2.703,2.724,2.625,-2.37,95.47,95.94,96.51,95.21,-0.38,598,598,598,598,1.18,0.7784,0.7773,0.782,0.7751,0.21,7.48,7.5,7.53,7.5,0.54,7.68,7.68,7.68,7.68,-0.58,62.03,62.03,62.03,62.03,-0.34
6/4/2015,58.05,58.05,58.05,58.05,0.17,62.03,63.81,64.08,61.78,-2.77,2.626,2.639,2.675,2.556,-0.3,95.46,95.42,95.62,94.65,-0.01,603,603,603,603,0.84,0.7687,0.7786,0.7791,0.7663,-1.25,7.39,7.5,7.5,7.41,-1.2,7.66,7.66,7.66,7.66,-0.26,62.1,62.1,62.1,62.1,0.11
6/5/2015,58.1,58.1,58.1,58.1,0.09,63.31,62.08,63.43,60.94,2.06,2.59,2.628,2.646,2.581,-1.37,96.31,95.76,96.91,95.36,0.89,610,610,610,610,1.16,0.7627,0.7689,0.7728,0.7598,-0.78,7.4,7.46,7.46,7.46,0.14,7.64,7.64,7.64,7.64,-0.26,61.99,61.99,61.99,61.99,-0.18
6/8/2015,58.1,58.1,58.1,58.1,0,62.69,63.06,63.38,62.47,-0.98,2.705,2.64,2.712,2.624,4.44,95.3,96.47,96.55,95.05,-1.05,610,610,610,610,0,0.7699,0.7621,0.7715,0.7603,0.94,7.44,7.44,7.44,7.44,0.54,7.65,7.65,7.65,7.65,0.13,61.74,61.74,61.74,61.74,-0.4
6/9/2015,58.35,58.35,58.35,58.35,0.43,64.88,62.81,65.23,62.72,3.49,2.846,2.704,2.85,2.696,5.21,95.17,95.26,95.58,94.84,-0.14,612,612,612,612,0.33,0.7687,0.7703,0.772,0.7646,-0.16,7.56,7.51,7.51,7.51,1.61,7.645,7.645,7.645,7.645,-0.07,62.37,62.37,62.37,62.37,1.02
6/10/2015,59.5,59.5,59.5,59.5,1.97,65.7,65.04,66.36,64.88,1.26,2.891,2.833,2.922,2.825,1.58,94.65,95.14,95.23,94.32,-0.55,618,618,618,618,0.98,0.7758,0.7691,0.7788,0.7635,0.92,7.58,7.54,7.6,7.54,0.26,7.645,7.645,7.645,7.645,0,63.45,63.45,63.45,63.45,1.73
6/11/2015,60.4,60.4,60.4,60.4,1.51,65.11,65.57,66.06,64.5,-0.9,2.825,2.906,2.919,2.814,-2.28,94.98,94.7,95.59,94.71,0.35,629,629,629,629,1.78,0.7753,0.7765,0.7794,0.7694,-0.06,7.5,7.55,7.55,7.55,-1.06,7.62,7.62,7.62,7.62,-0.33,64.22,64.22,64.22,64.22,1.21
6/12/2015,60,60,60,60,-0.66,63.87,64.87,64.95,63.68,-1.9,2.75,2.818,2.826,2.744,-2.65,94.97,95.09,95.68,94.69,-0.01,642,642,642,642,2.07,0.7723,0.7755,0.7762,0.7677,-0.39,7.61,7.53,7.55,7.53,1.47,7.615,7.615,7.615,7.615,-0.07,63.68,63.68,63.68,63.68,-0.84
6/15/2015,60.3,60.3,60.3,60.3,0.5,62.61,63.62,63.96,62.24,-1.97,2.889,2.769,2.919,2.764,5.05,94.81,95.16,95.39,94.73,-0.17,656,656,656,656,2.18,0.7761,0.7725,0.7779,0.7703,0.49,7.51,7.57,7.57,7.57,-1.31,7.615,7.615,7.615,7.615,0,63.33,63.33,63.33,63.33,-0.55
6/16/2015,60.4,60.4,60.4,60.4,0.17,63.7,63.8,64.41,63.42,1.74,2.894,2.907,2.929,2.831,0.17,95,94.83,95.23,94.56,0.2,681,681,681,681,3.81,0.7747,0.7766,0.7781,0.7721,-0.18,7.41,7.47,7.47,7.46,-1.33,7.2,7.2,7.2,7.2,-5.45,62.94,62.94,62.94,62.94,-0.62
6/17/2015,60.4,60.4,60.4,60.4,0,63.87,63.6,65.47,62.6,0.27,2.855,2.903,2.955,2.839,-1.35,94.3,94.95,95.18,94.11,-0.74,725,725,725,725,6.46,0.7744,0.7753,0.7772,0.7646,-0.04,7.46,7.47,7.47,7.44,0.67,7.2,7.2,7.2,7.2,0,62.35,62.35,62.35,62.35,-0.94
6/18/2015,60.15,60.15,60.15,60.15,-0.41,64.26,63.74,64.96,63.44,0.61,2.777,2.85,2.882,2.772,-2.73,94.04,94.22,94.23,93.56,-0.28,773,773,773,773,6.62,0.7796,0.7748,0.785,0.771,0.67,7.45,7.47,7.47,7.47,-0.13,7.2,7.2,7.2,7.2,0,62.65,62.65,62.65,62.65,0.48
6/19/2015,60.2,60.2,60.2,60.2,0.08,63.02,64.2,64.56,62.34,-1.93,2.816,2.784,2.837,2.739,1.4,94.08,94.03,94.5,93.9,0.04,779,779,779,779,0.78,0.7768,0.7798,0.7812,0.7736,-0.36,7.41,7.43,7.43,7.4,-0.54,7.3,7.3,7.3,7.3,1.39,62.61,62.61,62.61,62.61,-0.06
6/22/2015,60.2,60.2,60.2,60.2,0,63.34,62.57,63.74,62.1,0.51,2.733,2.749,2.753,2.715,-2.95,94.33,94,94.45,93.81,0.27,779,779,779,779,0,0.7726,0.7762,0.7798,0.772,-0.54,7.46,7.47,7.47,7.47,0.67,7.35,7.35,7.35,7.35,0,62.57,62.57,62.57,62.57,-0.06
6/23/2015,60.2,60.2,60.2,60.2,0,64.45,63.21,64.89,62.76,1.75,2.726,2.738,2.792,2.712,-0.26,95.43,94.29,95.64,94.3,1.17,790,790,790,790,1.41,0.7732,0.7728,0.7751,0.7679,0.08,7.48,7.48,7.48,7.48,0.27,7.35,7.35,7.35,7.35,0,62.76,62.76,62.76,62.76,0.3
6/24/2015,60.2,60.2,60.2,60.2,0,63.49,64.66,65.05,63.01,-1.49,2.759,2.726,2.779,2.711,1.21,95.26,95.37,95.54,94.93,-0.18,829,829,829,829,4.94,0.77,0.7737,0.7774,0.7682,-0.41,7.48,7.51,7.51,7.51,0,7.35,7.35,7.35,7.35,0,62.72,62.72,62.72,62.72,-0.06
6/25/2015,60.15,60.15,60.15,60.15,-0.08,63.2,63.5,63.95,62.72,-0.46,2.85,2.769,2.854,2.752,3.3,95.19,95.28,95.51,95.09,-0.07,829,829,829,829,0,0.7733,0.7703,0.7755,0.7696,0.43,7.58,7.55,7.55,7.55,1.34,7.35,7.35,7.35,7.35,0,62.63,62.63,62.63,62.63,-0.14
6/26/2015,60.2,60.2,60.2,60.2,0.08,63.26,63.34,63.62,62.5,0.09,2.773,2.843,2.846,2.743,-2.7,95.47,95.17,95.67,95.08,0.29,823,823,823,823,-0.72,0.7653,0.7739,0.7744,0.7629,-1.03,7.52,7.52,7.52,7.52,-0.79,7.35,7.35,7.35,7.35,0,62.53,62.53,62.53,62.53,-0.16
6/29/2015,60.45,60.45,60.45,60.45,0.42,62.01,62.85,62.96,61.35,-1.98,2.805,2.755,2.844,2.735,1.15,94.79,96.11,96.37,94.68,-0.71,813,813,813,813,-1.22,0.7673,0.7628,0.7715,0.7587,0.26,7.33,7.3,7.38,7.3,-2.53,7.4,7.4,7.4,7.4,0,62.47,62.47,62.47,62.47,-0.1
6/30/2015,60.8,60.8,60.8,60.8,0.58,63.59,61.77,63.83,61.71,2.55,2.832,2.806,2.837,2.752,0.96,95.48,95.04,95.68,94.85,0.73,800,800,800,800,-1.6,0.7704,0.7681,0.7727,0.7659,0.4,7.42,7.36,7.36,7.36,1.23,7.4,7.4,7.4,7.4,0,62.33,62.33,62.33,62.33,-0.22
7/1/2015,60.55,60.55,60.55,60.55,-0.41,62.01,63.02,63.35,61.84,-2.48,2.783,2.816,2.856,2.761,-1.73,96.31,95.58,96.35,95.47,0.87,794,794,794,794,-0.75,0.7643,0.7707,0.774,0.7637,-0.79,7.47,7.47,7.47,7.47,0.67,7.4,7.4,7.4,7.4,0,55.12,55.12,55.12,55.12,-11.57
7/2/2015,60.4,60.4,60.4,60.4,-0.25,62.07,61.92,63.2,61.75,0.1,2.822,2.798,2.885,2.795,1.4,96.11,96.32,96.42,95.87,-0.21,794,794,794,794,0,0.7628,0.7644,0.7658,0.7589,-0.2,7.43,7.47,7.47,7.47,-0.54,7.4,7.4,7.4,7.4,0,54.02,54.02,54.02,54.02,-2
7/3/2015,60.15,60.15,60.15,60.15,-0.41,60.32,61.73,62.06,60.12,-2.82,2.776,2.839,2.855,2.763,-1.63,96.11,96.09,96.22,95.87,0,805,805,805,805,1.39,0.7508,0.7634,0.765,0.7508,-1.57,7.42,7.42,7.42,7.42,-0.13,7.4,7.4,7.4,7.4,0,54.02,54.02,54.02,54.02,-2
7/6/2015,60.05,60.05,60.05,60.05,-0.17,56.54,60,60,56.38,-6.27,2.756,2.836,2.857,2.731,-0.72,96.3,96.42,96.62,96.02,0.2,815,815,815,815,1.24,0.7495,0.7485,0.7534,0.7451,-0.17,7.36,7.39,7.39,7.33,-0.81,7.4,7.4,7.4,7.4,0,51.21,51.21,51.21,51.21,-5.2
7/7/2015,59.45,59.45,59.45,59.45,-1,56.85,56.85,57.83,55.1,0.55,2.716,2.758,2.8,2.688,-1.45,96.86,96.28,97.23,96.31,0.58,830,830,830,830,1.84,0.7447,0.7499,0.7504,0.7396,-0.64,7.44,7.44,7.44,7.44,1.09,7.5,7.5,7.5,7.5,1.35,49.97,49.97,49.97,49.97,-2.42
7/8/2015,59.75,59.75,59.75,59.75,0.5,57.05,57.25,57.75,55.87,0.35,2.685,2.729,2.756,2.676,-1.14,96.29,96.68,96.88,96.12,-0.59,840,840,840,840,1.2,0.7427,0.7452,0.7461,0.7371,-0.27,7.43,7.43,7.43,7.43,-0.13,7.5,7.5,7.5,7.5,0,47.75,47.75,47.75,47.75,-4.44
7/9/2015,60.05,60.05,60.05,60.05,0.5,58.61,57.1,59.27,57.01,2.73,2.726,2.687,2.738,2.644,1.53,96.61,96.23,96.75,95.97,0.33,853,853,853,853,1.55,0.7442,0.7428,0.7494,0.7392,0.2,7.46,7.46,7.46,7.46,0.4,7.38,7.38,7.38,7.38,-1.6,49.87,49.87,49.87,49.87,4.44
7/10/2015,60.3,60.3,60.3,60.3,0.42,58.73,58.49,59.66,57.86,0.2,2.77,2.732,2.807,2.723,1.61,96.03,96.38,96.39,95.45,-0.6,874,874,874,874,2.46,0.7436,0.7448,0.7499,0.7408,-0.08,7.59,7.59,7.59,7.59,1.74,7.38,7.38,7.38,7.38,0,50.5,50.5,50.5,50.5,1.26
7/13/2015,60.35,60.35,60.35,60.35,0.08,57.85,58.35,58.83,56.84,-1.5,2.864,2.816,2.883,2.787,3.39,96.86,96.09,96.86,95.63,0.86,900,900,900,900,2.97,0.7405,0.7422,0.7469,0.7382,-0.42,7.77,7.65,7.65,7.65,2.37,7.395,7.395,7.395,7.395,0.2,50.54,50.54,50.54,50.54,0.08
7/14/2015,60.35,60.35,60.35,60.35,0,58.51,57.71,58.82,56.43,1.14,2.84,2.868,2.934,2.822,-0.84,96.64,96.81,97.05,96.27,-0.23,915,915,915,915,1.67,0.7447,0.7407,0.7481,0.7387,0.57,7.71,7.77,7.81,7.77,-0.77,7.395,7.395,7.395,7.395,0,50.69,50.69,50.69,50.69,0.3
7/15/2015,60.5,60.5,60.5,60.5,0.25,57.05,58.63,58.81,56.86,-2.5,2.918,2.845,2.929,2.832,2.75,97.17,96.66,97.31,96.53,0.55,951,951,951,951,3.93,0.7376,0.7454,0.749,0.7353,-0.95,7.74,7.77,7.77,7.76,0.39,7.395,7.395,7.395,7.395,0,50.68,50.68,50.68,50.68,-0.02
7/16/2015,60.45,60.45,60.45,60.45,-0.08,57.51,57.31,58.21,56.95,0.81,2.854,2.914,2.93,2.842,-2.19,97.67,97.13,97.76,97.17,0.51,1009,1009,1009,1009,6.1,0.74,0.7379,0.7439,0.7349,0.33,7.64,7.7,7.7,7.7,-1.29,7.825,7.825,7.825,7.825,5.81,50.61,50.61,50.61,50.61,-0.14
7/17/2015,60.3,60.3,60.3,60.3,-0.25,57.1,56.93,57.35,56.4,-0.71,2.87,2.863,2.897,2.826,0.56,97.86,97.66,97.98,97.42,0.19,1048,1048,1048,1048,3.87,0.737,0.7404,0.7421,0.7367,-0.41,7.72,7.67,7.67,7.65,1.05,7.825,7.825,7.825,7.825,0,50.73,50.73,50.35,50.5,0.24
7/20/2015,60.55,60.55,60.55,60.55,0.41,56.65,57.12,57.44,56.33,-0.79,2.823,2.843,2.874,2.785,-1.64,98.03,97.93,98.15,97.73,0.17,1067,1067,1067,1067,1.81,0.7367,0.7378,0.74,0.7328,-0.04,7.96,7.96,7.96,7.96,3.11,7.825,7.825,7.825,7.825,0,51.25,51.25,51.25,51.25,1.03
7/21/2015,60.45,60.45,60.45,60.45,-0.17,57.04,56.55,57.44,56.33,0.69,2.882,2.84,2.894,2.822,2.09,97.33,98.02,98.15,97.14,-0.71,1113,1113,1113,1113,4.31,0.7417,0.737,0.7451,0.734,0.68,7.94,7.94,7.94,7.94,-0.25,7.825,7.825,7.825,7.825,0,51.28,51.28,51.28,51.28,0.06
7/22/2015,60.45,60.45,60.45,60.45,0,56.13,56.88,56.9,55.92,-1.6,2.897,2.89,2.915,2.841,0.52,97.6,97.34,97.79,97.11,0.28,1118,1118,1118,1118,0.45,0.7373,0.7418,0.744,0.736,-0.59,7.94,7.94,7.94,7.94,0,7.825,7.825,7.825,7.825,0,51.09,51.09,51.09,51.09,-0.37
7/23/2015,60.35,60.35,60.35,60.35,-0.17,55.27,56.04,56.53,55.1,-1.53,2.816,2.894,2.951,2.804,-2.8,97.11,97.45,97.51,96.89,-0.5,1102,1102,1102,1102,-1.43,0.7352,0.7374,0.7421,0.735,-0.28,8.05,8.05,8.05,8.05,1.39,7.825,7.825,7.825,7.825,0,51.17,51.17,51.17,51.17,0.16
7/24/2015,60.4,60.4,60.4,60.4,0.08,54.62,55.39,55.6,54.3,-1.18,2.776,2.807,2.815,2.773,-1.42,97.24,97.19,97.62,97.12,0.13,1086,1086,1086,1086,-1.45,0.728,0.7353,0.7363,0.7259,-0.98,7.98,7.98,7.98,7.98,-0.87,7.88,7.88,7.88,7.88,0.7,51.08,51.08,51.08,51.08,-0.18
7/27/2015,60.35,60.35,60.35,60.35,-0.08,53.47,54.45,54.89,52.83,-2.11,2.789,2.745,2.82,2.735,0.47,96.5,97.2,97.29,96.29,-0.76,1090,1090,1090,1090,0.37,0.7268,0.728,0.7327,0.7264,-0.16,8,7.97,7.97,7.97,0.25,7.95,7.95,7.95,7.95,0.89,51.13,51.13,51.13,51.13,0.1
7/28/2015,60.25,60.25,60.25,60.25,-0.17,53.3,53.08,54.08,52.28,-0.32,2.821,2.796,2.852,2.777,1.15,96.77,96.58,96.97,96.47,0.28,1094,1094,1094,1094,0.37,0.7334,0.727,0.7348,0.7256,0.91,8,7.94,7.94,7.94,0,7.95,7.95,7.95,7.95,0,51.22,51.22,51.22,51.22,0.18
7/29/2015,60.25,60.25,60.25,60.25,0,53.38,52.99,54.33,52.51,0.15,2.886,2.841,2.895,2.831,2.3,96.98,96.64,97.25,96.5,0.22,1104,1104,1104,1104,0.91,0.7291,0.7337,0.7353,0.7281,-0.59,8.04,8.04,8.04,8.04,0.5,8.01,8.01,8.01,8.01,0.75,51.36,51.36,51.36,51.36,0.27
7/30/2015,60.25,60.25,60.25,60.25,0,53.31,53.6,54.38,53.02,-0.13,2.768,2.858,2.895,2.762,-4.09,97.56,97.13,97.77,97.17,0.6,1100,1100,1100,1100,-0.36,0.729,0.7295,0.7325,0.7254,-0.01,7.86,8.04,8.04,7.87,-2.24,8.04,8.04,8.04,8.04,0.37,51.51,51.51,51.51,51.51,0.29
7/31/2015,60.3,60.3,60.3,60.3,0.08,52.21,53.43,53.47,51.63,-2.06,2.716,2.782,2.788,2.706,-1.88,97.34,97.47,97.6,96.31,-0.23,1131,1131,1131,1131,2.82,0.7302,0.7292,0.7367,0.7234,0.16,7.85,7.85,7.85,7.85,-0.13,8.065,8.065,8.065,8.065,0.31,51.51,51.51,51.51,51.51,0.29
8/3/2015,58.6,58.6,58.6,58.6,-2.82,49.52,51.55,52.01,49.36,-5.15,2.748,2.725,2.785,2.707,1.18,97.49,97.22,97.58,97.16,0.15,1151,1151,1151,1151,1.77,0.7284,0.7308,0.7324,0.7259,-0.25,7.93,7.91,7.95,7.91,1.02,8.065,8.065,8.065,8.065,0,53.59,53.59,53.59,53.59,4.04
8/4/2015,59.15,59.15,59.15,59.15,0.94,49.99,49.7,50.45,49.58,0.95,2.812,2.757,2.821,2.752,2.33,97.93,97.48,98,97.21,0.45,1200,1200,1200,1200,4.26,0.7378,0.7286,0.7431,0.7263,1.29,7.88,7.95,7.95,7.95,-0.63,8.065,8.065,8.065,8.065,0,53.83,53.83,53.83,53.83,0.45
8/5/2015,59.95,59.95,59.95,59.95,1.35,49.59,50.14,50.99,49.02,-0.8,2.798,2.811,2.863,2.78,-0.5,97.96,97.92,98.22,97.64,0.03,1222,1222,1222,1222,1.83,0.7353,0.7381,0.7396,0.7334,-0.34,7.81,7.85,7.85,7.85,-0.89,8.03,8.03,8.03,8.03,-0.43,55.3,55.3,55.3,55.3,2.73
8/6/2015,60.35,60.35,60.35,60.35,0.67,49.52,49.72,49.83,48.88,-0.14,2.813,2.782,2.838,2.726,0.54,97.83,97.88,98.16,97.63,-0.13,1201,1201,1201,1201,-1.72,0.7343,0.7359,0.739,0.7314,-0.14,7.82,7.82,7.82,7.82,0.13,8.03,8.03,8.03,8.03,0,54.95,54.95,54.95,54.95,-0.63
8/7/2015,60.05,60.05,60.05,60.05,-0.5,48.61,49.62,50.06,48.42,-1.84,2.798,2.805,2.824,2.761,-0.53,97.56,97.79,98.33,97.51,-0.28,1200,1200,1200,1200,-0.08,0.7416,0.7346,0.7422,0.7333,0.99,7.76,7.8,7.8,7.8,-0.77,8.03,8.03,8.03,8.03,0,54.21,54.21,54.21,54.21,-1.35
8/10/2015,60.1,60.1,60.1,60.1,0.08,50.41,48.43,50.49,48.24,3.7,2.842,2.835,2.852,2.818,1.57,97.16,97.54,97.92,97.04,-0.41,1197,1197,1197,1197,-0.25,0.741,0.7413,0.7424,0.7352,-0.08,7.9,7.9,7.9,7.9,1.8,8.03,8.03,8.03,8.03,0,54.17,54.17,54.17,54.17,-0.07
8/11/2015,59.85,59.85,59.85,59.85,-0.42,49.18,50.22,51.1,48.61,-2.44,2.844,2.835,2.861,2.796,0.07,97.29,97.19,97.59,96.88,0.13,1162,1162,1162,1162,-2.92,0.7302,0.7413,0.7441,0.7282,-1.46,8.07,7.93,7.93,7.93,2.15,8.02,8.02,8.02,8.02,-0.12,53.95,53.95,53.95,53.95,-0.41
8/12/2015,59.4,59.4,59.4,59.4,-0.75,49.66,49.38,50.01,48.72,0.98,2.931,2.858,2.934,2.852,3.06,96.26,97.18,97.33,95.93,-1.06,1093,1093,1093,1093,-5.94,0.7375,0.7305,0.739,0.7218,1,8.17,8.15,8.15,8.15,1.24,8.015,8.015,8.015,8.015,-0.06,54.41,54.41,54.41,54.41,0.85
8/13/2015,59.25,59.25,59.25,59.25,-0.25,49.22,49.82,50.39,48.85,-0.89,2.787,2.921,2.931,2.784,-4.91,96.44,96.34,96.81,96.12,0.19,1046,1046,1046,1046,-4.3,0.7355,0.7379,0.741,0.7323,-0.27,8.17,8.21,8.21,8.21,0,8.01,8.01,8.01,8.01,-0.06,55.31,55.31,55.31,55.31,1.65
8/14/2015,59.35,59.35,59.35,59.35,0.17,49.03,49.11,49.52,48.8,-0.39,2.801,2.809,2.836,2.781,0.5,96.52,96.37,96.67,96.09,0.08,1055,1055,1055,1055,0.86,0.7369,0.7362,0.74,0.7354,0.19,8.3,8.16,8.16,8.16,1.59,8.01,8.01,8.01,8.01,0,55.52,55.52,55.52,55.52,0.38
8/17/2015,59.15,59.15,59.15,59.15,-0.34,48.74,48.76,49.44,48.35,-0.59,2.728,2.774,2.788,2.718,-2.61,96.81,96.56,96.94,96.51,0.3,1063,1063,1063,1063,0.76,0.7366,0.7381,0.7392,0.7342,-0.04,8.22,8.25,8.29,8.25,-0.96,7.95,7.95,7.95,7.95,-0.75,55.32,55.32,55.32,55.32,-0.36
8/18/2015,58.95,58.95,58.95,58.95,-0.34,48.81,48.55,49.04,48.25,0.14,2.704,2.73,2.735,2.68,-0.88,97.04,96.84,97.07,96.68,0.24,1046,1046,1046,1046,-1.6,0.7338,0.7371,0.7388,0.7319,-0.38,8.25,8.25,8.25,8.25,0.36,7.855,7.855,7.855,7.855,-1.19,55.55,55.55,55.55,55.55,0.42
8/19/2015,58.85,58.85,58.85,58.85,-0.17,47.16,48.5,49.11,46.78,-3.38,2.716,2.715,2.739,2.694,0.44,96.36,97,97.08,96.34,-0.7,1031,1031,1031,1031,-1.43,0.7345,0.7341,0.7377,0.7311,0.1,8.32,8.32,8.32,8.32,0.85,7.855,7.855,7.855,7.855,0,55.63,55.63,55.63,55.63,0.14
8/20/2015,58.9,58.9,58.9,58.9,0.08,46.62,47.03,47.38,46.03,-1.15,2.755,2.709,2.788,2.694,1.44,95.98,96.45,96.58,95.71,-0.39,1014,1014,1014,1014,-1.65,0.7336,0.7348,0.7373,0.7284,-0.12,8.34,8.34,8.34,8.34,0.24,7.81,7.81,7.81,7.81,-0.57,55.65,55.65,55.65,55.65,0.04
8/21/2015,58.8,58.8,58.8,58.8,-0.17,45.46,46.34,46.51,45.07,-2.49,2.676,2.753,2.76,2.67,-2.87,95.01,95.81,95.82,94.8,-1.01,994,994,994,994,-1.97,0.7319,0.7336,0.7362,0.7287,-0.23,8.18,8.18,8.18,8.18,-1.92,7.73,7.73,7.73,7.73,-1.02,55.71,55.71,55.71,55.71,0.11
8/24/2015,58.5,58.5,58.5,58.5,-0.51,42.69,45.35,45.46,42.23,-6.09,2.65,2.654,2.696,2.624,-0.97,93.33,94.86,94.96,92.62,-1.77,968,968,968,968,-2.62,0.7153,0.7312,0.7315,0.7054,-2.27,8.15,8.13,8.13,8.13,-0.37,7.73,7.73,7.73,7.73,0,55.48,55.48,55.48,55.48,-0.41
8/25/2015,58.55,58.55,58.55,58.55,0.09,43.21,42.79,44.5,42.68,1.22,2.685,2.671,2.703,2.652,1.32,94.53,93.38,94.69,93.49,1.29,942,942,942,942,-2.69,0.7126,0.7157,0.7252,0.7122,-0.38,8.23,8.23,8.23,8.23,0.98,7.695,7.695,7.695,7.695,-0.45,55.37,55.37,55.37,55.37,-0.2
8/26/2015,58.6,58.6,58.6,58.6,0.09,43.14,43.32,43.76,42.81,-0.16,2.693,2.694,2.714,2.668,0.3,95.1,93.96,95.44,93.72,0.6,918,918,918,918,-2.55,0.712,0.7129,0.716,0.7069,-0.08,8.08,8.08,8.08,8.08,-1.82,7.695,7.695,7.695,7.695,0,55.28,55.28,55.28,55.28,-0.16
8/27/2015,58.4,58.4,58.4,58.4,-0.34,47.56,43.75,47.75,43.7,10.25,2.638,2.681,2.696,2.629,-2.04,95.61,95.19,96.03,94.98,0.54,905,905,905,905,-1.42,0.7164,0.7124,0.7183,0.7098,0.62,8.03,8.13,8.13,8.04,-0.62,7.695,7.695,7.695,7.695,0,55.22,55.22,55.22,55.22,-0.11
8/28/2015,58.5,58.5,58.5,58.5,0.17,50.05,47.4,50.98,46.61,5.24,2.715,2.677,2.725,2.664,2.92,96.11,95.76,96.32,95.38,0.52,903,903,903,903,-0.22,0.7171,0.7169,0.7207,0.712,0.1,8.09,8.03,8.03,8.03,0.75,7.665,7.665,7.665,7.665,-0.39,55.25,55.25,55.25,55.25,0.05
9/1/2015,59.65,59.65,59.65,59.65,1.97,49.56,52.92,53.47,48.47,-8.48,2.702,2.686,2.721,2.67,0.48,95.45,95.93,95.93,95.19,-0.39,911,911,911,911,0.89,0.7014,0.7113,0.7154,0.7012,-1.35,7.99,7.99,7.99,7.99,-0.75,7.665,7.665,7.665,7.665,0,54.95,54.95,54.95,54.95,-0.6
9/2/2015,59.65,59.65,59.65,59.65,0,50.5,48.62,51,47.74,1.9,2.648,2.689,2.699,2.632,-2,95.83,95.41,95.98,95.41,0.4,906,906,906,906,-0.55,0.7036,0.7018,0.7051,0.6982,0.31,8.1,8,8.1,8,1.38,7.64,7.64,7.64,7.64,-0.33,54.93,54.93,54.93,54.93,-0.04
9/3/2015,59.4,59.4,59.4,59.4,-0.42,50.68,50.58,52.46,49.82,0.36,2.725,2.638,2.735,2.633,2.91,96.41,95.95,96.62,95.79,0.61,891,891,891,891,-1.66,0.7015,0.7038,0.7065,0.6992,-0.3,8.15,8.15,8.15,8.07,0.62,7.62,7.62,7.62,7.62,-0.26,55.47,55.47,55.47,55.47,0.98
9/4/2015,59.05,59.05,59.05,59.05,-0.59,49.61,50.69,51.05,49.25,-2.11,2.655,2.71,2.717,2.648,-2.57,96.23,96.37,96.58,95.97,-0.19,875,875,875,875,-1.8,0.6905,0.7017,0.7023,0.6905,-1.57,8.07,8.07,8.07,8.07,-0.98,7.615,7.615,7.615,7.615,-0.07,55.51,55.51,55.51,55.51,0.07
9/7/2015,57.85,57.85,57.85,57.85,-2.03,47.63,49.27,49.44,47.5,-3.99,2.659,2.656,2.702,2.651,0.13,96.23,96.15,96.42,96.04,0,876,876,876,876,0.11,0.6923,0.6922,0.6952,0.6895,0.26,8.06,8.06,8.06,8.06,-0.12,7.615,7.615,7.615,7.615,-0.07,55.51,55.51,55.51,55.51,0.07
9/8/2015,58.1,58.1,58.1,58.1,0.43,49.52,47.76,49.85,47.64,3.97,2.71,2.651,2.722,2.641,1.9,95.98,96.15,96.24,95.73,-0.26,873,873,873,873,-0.34,0.7014,0.6924,0.7041,0.6922,1.31,8.22,8.1,8.1,8.1,1.99,7.55,7.55,7.55,7.55,-0.85,55.45,55.45,55.45,55.45,-0.11
9/9/2015,57.8,57.8,57.8,57.8,-0.52,47.58,49.39,50.04,47.32,-3.92,2.651,2.693,2.707,2.641,-2.18,96.01,95.84,96.41,95.85,0.03,855,855,855,855,-2.06,0.7014,0.7017,0.7071,0.7004,0,8.25,8.27,8.27,8.27,0.36,7.55,7.55,7.55,7.55,0,56.59,56.59,56.59,56.59,2.06
9/10/2015,57.8,57.8,57.8,57.8,0,48.89,47.46,48.95,46.76,2.75,2.683,2.661,2.733,2.656,1.21,95.46,95.91,96.19,95.4,-0.57,830,830,830,830,-2.92,0.7067,0.7015,0.7101,0.6945,0.76,8.26,8.27,8.27,8.23,0.12,7.55,7.55,7.55,7.55,0,57.35,57.35,57.35,57.35,1.34
9/11/2015,57.7,57.7,57.7,57.7,-0.17,48.14,48.64,48.98,47.16,-1.53,2.693,2.677,2.717,2.66,0.37,95.19,95.47,95.69,95.11,-0.28,818,818,818,818,-1.45,0.7087,0.7072,0.7095,0.7035,0.28,8.24,8.23,8.23,8.21,-0.24,7.55,7.55,7.55,7.55,0,56.82,56.82,56.82,56.82,-0.92
9/14/2015,57.65,57.65,57.65,57.65,-0.09,46.37,48.08,48.35,46.26,-3.68,2.758,2.702,2.775,2.692,2.41,95.25,95.2,95.45,94.91,0.06,805,805,805,805,-1.59,0.7135,0.7082,0.7153,0.7062,0.68,8.21,8.23,8.23,8.23,-0.36,7.53,7.53,7.53,7.53,-0.26,56.43,56.43,56.43,56.43,-0.69
9/15/2015,57.65,57.65,57.65,57.65,0,46.63,46.65,46.9,45.98,0.56,2.728,2.768,2.794,2.721,-1.09,95.61,95.3,95.68,95.12,0.38,802,802,802,802,-0.37,0.7141,0.7138,0.7167,0.7084,0.08,8.15,8.15,8.15,8.15,-0.73,7.53,7.53,7.53,7.53,0,55.99,55.99,55.99,55.99,-0.78
9/16/2015,57.9,57.9,57.9,57.9,0.43,49.75,48.06,50.34,47.71,6.69,2.66,2.734,2.736,2.657,-2.49,95.42,95.57,95.84,95.16,-0.2,814,818,818,814,1.5,0.7195,0.7142,0.7202,0.7122,0.76,8.21,8.21,8.21,8.21,0.74,7,7,7,7,-7.04,56.23,56.23,56.23,56.23,0.43
9/17/2015,57.85,57.85,57.85,57.85,-0.09,49.08,49.98,50.14,48.32,-1.35,2.652,2.668,2.679,2.603,-0.3,94.55,95.31,95.39,94.36,-0.91,883,883,883,883,8.48,0.7169,0.7198,0.7278,0.7136,-0.36,8.21,8.21,8.21,8.21,0,7,7,7,7,0,56.36,56.36,56.36,56.36,0.23
9/18/2015,57.8,57.8,57.8,57.8,-0.09,47.47,49.26,49.75,47.16,-3.28,2.605,2.644,2.665,2.602,-1.77,94.86,94.57,95.38,94.06,0.33,960,960,960,960,8.72,0.7187,0.7172,0.7283,0.7161,0.25,8.09,8.13,8.13,8.13,-1.46,6.955,6.955,6.955,6.955,-0.64,56.42,56.42,56.42,56.42,0.11
9/21/2015,57.75,57.75,57.75,57.75,-0.09,48.92,47.64,48.99,47.48,3.05,2.573,2.585,2.596,2.55,-1.23,95.89,95.36,95.98,95.04,1.09,978,978,978,978,1.88,0.7129,0.7189,0.7201,0.712,-0.81,7.96,8.08,8.08,8.06,-1.61,6.87,6.87,6.87,6.87,-1.22,56.56,56.56,56.56,56.56,0.25
9/22/2015,57.7,57.7,57.7,57.7,-0.09,49.08,48.5,49.21,47.7,0.33,2.577,2.576,2.598,2.562,0.16,96.28,95.92,96.4,95.76,0.41,923,923,923,923,-5.62,0.7088,0.7131,0.7162,0.7055,-0.58,8,8.01,8.01,7.98,0.5,6.87,6.87,6.87,6.87,0,56.54,56.54,56.54,56.54,-0.04
9/23/2015,57.65,57.65,57.65,57.65,-0.09,47.75,49.08,50.25,47.68,-2.71,2.569,2.576,2.604,2.558,-0.31,96.07,96.31,96.55,96.02,-0.22,917,917,917,917,-0.65,0.6999,0.709,0.7094,0.6987,-1.26,8.05,8.05,8.05,8.05,0.63,6.83,6.83,6.83,6.83,-0.58,56.59,56.59,56.59,56.59,0.09
9/24/2015,57.65,57.65,57.65,57.65,0,48.17,47.88,48.47,47.4,0.88,2.591,2.568,2.594,2.521,0.86,96.69,96.23,96.69,95.46,0.65,922,922,922,922,0.55,0.7023,0.7003,0.7045,0.6938,0.34,7.99,7.99,7.99,7.99,-0.75,6.83,6.83,6.83,6.83,0,56.59,56.59,56.59,56.59,0
9/25/2015,57.55,57.55,57.55,57.55,-0.17,48.6,48.17,49.1,47.86,0.89,2.564,2.586,2.607,2.529,-1.04,96.27,96.24,96.7,96.12,-0.43,943,943,943,943,2.28,0.7019,0.7024,0.7045,0.6979,-0.06,7.98,7.99,7.99,7.96,-0.13,6.83,6.83,6.83,6.83,0,56.57,56.57,56.57,56.57,-0.04
9/28/2015,55.45,55.45,55.45,55.45,-3.65,47.34,48.34,48.44,47.25,-2.59,2.563,2.608,2.64,2.549,-0.04,96.03,96.29,96.5,95.9,-0.25,943,943,943,943,0,0.6989,0.7021,0.7039,0.6978,-0.43,7.9,7.96,7.96,7.9,-1,6.83,6.83,6.83,6.83,0,56.54,56.54,56.54,56.54,-0.05
9/29/2015,55.15,55.15,55.15,55.15,-0.54,48.23,47.45,48.65,47.25,1.88,2.586,2.669,2.673,2.581,0.9,95.86,96.02,96.24,95.71,-0.18,926,926,926,926,-1.8,0.6982,0.699,0.7026,0.6936,-0.1,7.96,7.96,7.96,7.96,0.76,6.77,6.77,6.77,6.77,-0.88,56.46,56.46,56.46,56.46,-0.14
9/30/2015,53.85,53.85,53.85,53.85,-2.36,48.37,47.96,49,47.79,0.29,2.524,2.585,2.611,2.511,-2.4,96.35,95.91,96.41,95.85,0.51,900,900,900,900,-2.81,0.7017,0.6985,0.704,0.6981,0.5,8.13,8.09,8.09,8.09,2.14,6.71,6.71,6.71,6.71,-0.89,56.35,56.35,56.35,56.35,-0.19
10/1/2015,53.45,53.45,53.45,53.45,-0.74,47.69,48.4,49.84,47.62,-1.41,2.433,2.522,2.541,2.42,-3.61,96.19,96.27,96.49,95.97,-0.17,888,888,888,888,-1.33,0.7026,0.7022,0.7087,0.6997,0.13,8.15,8.15,8.15,8.15,0.25,6.71,6.71,6.71,6.71,0,52.78,52.78,52.78,52.78,-6.34
10/2/2015,52.95,52.95,52.95,52.95,-0.94,48.13,47.99,48.5,46.93,0.92,2.451,2.429,2.471,2.403,0.74,95.83,96.14,96.38,95.22,-0.37,889,889,889,889,0.11,0.7046,0.7029,0.7069,0.7002,0.28,8.13,8.15,8.15,8.15,-0.25,6.665,6.665,6.665,6.665,-0.67,52.83,52.83,52.83,52.83,0.09
10/5/2015,53.85,53.85,53.85,53.85,1.7,49.25,48.08,49.87,47.84,2.33,2.45,2.451,2.491,2.429,-0.04,96.11,95.84,96.17,95.45,0.29,881,881,881,881,-0.9,0.7081,0.7044,0.7112,0.704,0.5,8.19,8.19,8.19,8.19,0.74,6.665,6.665,6.665,6.665,0,53.59,53.59,53.59,53.59,1.44
10/6/2015,53.65,53.65,53.65,53.65,-0.37,51.92,49.35,52.26,48.86,5.42,2.47,2.459,2.489,2.436,0.82,95.45,96.05,96.16,95.4,-0.69,869,869,869,869,-1.36,0.7163,0.7084,0.7178,0.7069,1.16,8.2,8.2,8.2,8.2,0.12,6.665,6.665,6.665,6.665,0,53.69,53.69,53.69,53.69,0.19
10/7/2015,53.85,53.85,53.85,53.85,0.37,51.33,52.15,53.15,51.21,-1.14,2.474,2.476,2.531,2.455,0.16,95.5,95.47,95.7,95.33,0.05,841,841,841,841,-3.22,0.7204,0.7166,0.7237,0.7149,0.57,8.09,8.09,8.09,8.09,-1.34,6.665,6.665,6.665,6.665,0,53.61,53.61,53.61,53.61,-0.15
10/8/2015,53.7,53.7,53.7,53.7,-0.28,53.05,51.76,53.52,51.28,3.35,2.498,2.474,2.53,2.452,0.97,95.32,95.57,95.61,94.98,-0.19,817,817,817,817,-2.85,0.7257,0.7208,0.7273,0.7164,0.74,8.11,8.11,8.11,8.11,0.25,6.695,6.695,6.695,6.695,0.45,53.8,53.8,53.8,53.8,0.35
10/9/2015,53.6,53.6,53.6,53.6,-0.19,52.65,53.35,54.05,52.21,-0.75,2.502,2.488,2.523,2.469,0.16,94.81,95.23,95.34,94.69,-0.54,809,809,809,809,-0.98,0.7331,0.7261,0.7347,0.7246,1.02,8.33,8.33,8.33,8.33,2.71,6.695,6.695,6.695,6.695,0,54.17,54.17,54.17,54.17,0.69
10/12/2015,52.95,52.95,52.95,52.95,-1.21,49.86,52.64,53.31,49.77,-5.3,2.535,2.52,2.559,2.51,1.32,94.84,94.86,94.9,94.62,0.03,809,809,809,809,0,0.7359,0.7325,0.7385,0.7305,0.38,8.28,8.32,8.32,8.32,-0.6,6.695,6.695,6.695,6.695,0,54.43,54.43,54.43,54.43,0.48
10/13/2015,53.2,53.2,53.2,53.2,0.47,49.24,50.27,50.7,48.88,-1.24,2.498,2.544,2.555,2.487,-1.46,94.76,94.9,94.98,94.54,-0.08,804,804,804,804,-0.62,0.7242,0.7362,0.7366,0.7242,-1.59,8.32,8.32,8.32,8.32,0.48,6.695,6.695,6.695,6.695,0,54.04,54.04,54.04,54.04,-0.72
10/14/2015,53.05,53.05,53.05,53.05,-0.28,49.15,49.22,49.52,48.71,-0.18,2.518,2.499,2.539,2.472,0.8,93.93,94.76,94.76,93.84,-0.88,787,787,787,787,-2.11,0.7296,0.7244,0.732,0.7198,0.75,8.42,8.42,8.42,8.42,1.2,6.7,6.7,6.7,6.7,0.07,54,54,54,54,-0.07
10/15/2015,53.15,53.15,53.15,53.15,0.19,48.71,49.01,49.38,48.21,-0.9,2.453,2.538,2.578,2.449,-2.58,94.37,93.95,94.59,93.81,0.47,766,766,766,766,-2.67,0.7326,0.7301,0.7366,0.7266,0.41,8.41,8.47,8.47,8.47,-0.12,6.7,6.7,6.7,6.7,0,53.87,53.87,53.87,53.87,-0.24
10/16/2015,53.1,53.1,53.1,53.1,-0.09,50.46,50.21,50.7,49.31,3.59,2.43,2.453,2.466,2.41,-0.94,94.54,94.47,94.77,94.37,0.18,754,754,754,754,-1.57,0.7257,0.7331,0.7341,0.7249,-0.94,8.38,8.38,8.38,8.38,-0.36,6.8,6.8,6.8,6.8,1.49,53.65,52.98,53,52.98,-0.41
10/19/2015,53.05,53.05,53.05,53.05,-0.09,48.61,50.38,50.68,48.57,-3.67,2.442,2.464,2.481,2.435,0.49,94.93,94.67,95,94.55,0.41,747,747,747,747,-0.93,0.7249,0.7269,0.7309,0.7239,-0.11,8.34,8.34,8.34,8.34,-0.48,6.85,6.85,6.85,6.85,0.74,53.77,53.77,53.77,53.77,0.22
10/20/2015,53.2,53.2,53.2,53.2,0.28,48.71,48.83,49.2,48.22,0.21,2.476,2.453,2.499,2.444,1.39,94.91,94.93,94.95,94.59,-0.02,762,762,762,762,2.01,0.7258,0.7248,0.7301,0.7241,0.12,8.46,8.46,8.46,8.46,1.44,7.03,7.03,7.03,7.03,2.63,53.89,53.89,53.89,53.89,0.22
10/21/2015,53.25,53.25,53.25,53.25,0.09,47.85,48.58,48.65,47.5,-1.77,2.404,2.493,2.493,2.379,-2.91,95.03,94.85,95.08,94.72,0.13,780,780,780,780,2.36,0.7208,0.7261,0.7277,0.7202,-0.69,8.44,8.44,8.44,8.44,-0.24,7.03,7.03,7.03,7.03,0,53.66,53.66,53.66,53.66,-0.43
10/22/2015,52.95,52.95,52.95,52.95,-0.56,48.08,47.96,48.73,47.65,0.48,2.386,2.398,2.435,2.356,-0.75,96.38,95.04,96.54,94.94,1.42,786,786,786,786,0.77,0.7204,0.7211,0.724,0.7182,-0.06,8.47,8.46,8.46,8.46,0.36,7.03,7.03,7.03,7.03,0,53.57,53.57,53.57,53.57,-0.17
10/23/2015,52.8,52.8,52.8,52.8,-0.28,47.99,48.32,48.65,47.45,-0.19,2.286,2.372,2.374,2.275,-4.19,97.13,96.4,97.2,96.15,0.78,774,774,774,774,-1.53,0.7212,0.7211,0.7299,0.7197,0.11,8.62,8.53,8.53,8.53,1.77,7.065,7.065,7.065,7.065,0.5,53.47,53.47,53.47,53.47,-0.19
10/26/2015,52.9,52.9,52.9,52.9,0.19,47.54,48,48.33,47.3,-0.94,2.062,2.221,2.238,2.05,-9.8,96.86,97.15,97.15,96.68,-0.28,759,759,759,759,-1.94,0.7246,0.7216,0.7272,0.7205,0.47,8.65,8.56,8.56,8.56,0.35,7.1,7.1,7.1,7.1,0.5,53.4,53.4,53.4,53.4,-0.13
10/27/2015,52.8,52.8,52.8,52.8,-0.19,46.81,47.43,47.57,46.41,-1.54,2.092,2.074,2.115,1.948,1.45,96.91,96.8,96.97,96.58,0.05,739,739,739,739,-2.64,0.7188,0.7247,0.7261,0.7178,-0.8,8.6,8.6,8.6,8.6,-0.58,7.1,7.1,7.1,7.1,0,53.28,53.28,53.28,53.28,-0.22
10/28/2015,52.9,52.9,52.9,52.9,0.19,49.05,46.91,49.23,46.61,4.79,2.033,2.096,2.104,2.006,-2.82,97.78,96.95,97.82,96.47,0.9,736,736,736,736,-0.41,0.7115,0.7192,0.7209,0.7079,-1.02,8.56,8.56,8.56,8.56,-0.47,7.1,7.1,7.1,7.1,0,53.09,53.09,53.09,53.09,-0.36
10/29/2015,53.2,53.2,53.2,53.2,0.57,48.8,49.15,49.38,48.17,-0.51,2.257,2.301,2.372,2.235,11.02,97.28,97.61,97.69,97.19,-0.51,728,728,728,728,-1.09,0.7066,0.7116,0.7122,0.7066,-0.69,8.67,8.67,8.67,8.67,1.29,7.1,7.1,7.1,7.1,0,52.9,52.9,52.9,52.9,-0.36
10/30/2015,53.05,53.05,53.05,53.05,-0.28,49.56,48.66,50,48.28,1.56,2.321,2.248,2.336,2.188,2.84,96.95,97.19,97.35,96.58,-0.34,721,721,721,721,-0.96,0.7137,0.7073,0.7151,0.7068,1,8.63,8.63,8.63,8.63,-0.46,7.125,7.125,7.125,7.125,0.35,52.9,52.9,52.9,52.9,-0.36
11/2/2015,52.85,52.85,52.85,52.85,-0.38,48.79,49.5,49.69,48.61,-1.55,2.256,2.268,2.278,2.231,-2.8,96.93,96.69,96.97,96.64,-0.02,706,706,706,706,-2.08,0.7143,0.7121,0.7156,0.7106,0.08,8.59,8.59,8.59,8.59,-0.46,7.125,7.125,7.125,7.125,0,47.31,47.31,47.31,47.31,-10.57
11/3/2015,52.75,52.75,52.75,52.75,-0.19,50.54,48.9,50.91,48.46,3.59,2.253,2.254,2.293,2.236,-0.13,97.16,96.9,97.48,96.77,0.24,680,680,680,680,-3.68,0.7185,0.7146,0.722,0.7139,0.59,8.44,8.5,8.5,8.5,-1.75,7.245,7.245,7.245,7.245,1.68,46.59,46.59,46.59,46.59,-1.52
11/4/2015,52.3,52.3,52.3,52.3,-0.85,48.58,50.25,50.87,48.49,-3.88,2.262,2.276,2.317,2.255,0.4,97.95,97.2,98.05,97.17,0.81,657,680,680,657,-3.38,0.7146,0.7186,0.7225,0.7133,-0.54,8.39,8.48,8.48,8.48,-0.59,7.245,7.245,7.245,7.245,0,47.45,47.45,47.45,47.45,1.85
11/5/2015,52.3,52.3,52.3,52.3,0,47.98,48.84,49,47.93,-1.24,2.364,2.266,2.383,2.249,4.51,97.94,97.94,98.14,97.75,-0.01,640,640,640,640,-2.59,0.714,0.7149,0.7171,0.7125,-0.08,8.46,8.46,8.46,8.46,0.83,7.245,7.245,7.245,7.245,0,46.86,46.86,46.86,46.86,-1.24
11/6/2015,52.15,52.15,52.15,52.15,-0.29,47.42,48.05,48.58,47.27,-1.17,2.371,2.364,2.398,2.317,0.3,99.17,97.95,99.34,97.89,1.26,631,631,631,631,-1.41,0.7046,0.7143,0.7171,0.7021,-1.32,8.4,8.4,8.4,8.4,-0.71,7.27,7.27,7.27,7.27,0.35,47.08,47.45,47.45,47.45,0.47
11/9/2015,52.35,52.35,52.35,52.35,0.38,47.19,47.46,48.41,47.01,-0.49,2.3,2.373,2.387,2.274,-2.99,98.98,99.27,99.27,98.82,-0.19,628,628,628,628,-0.48,0.7043,0.7043,0.7072,0.7016,-0.04,8.31,8.31,8.31,8.31,-1.07,7.28,7.28,7.28,7.28,0.14,47.91,47.91,47.91,47.91,1.76
11/10/2015,52.15,52.15,52.15,52.15,-0.38,47.44,47.32,47.86,46.96,0.53,2.32,2.305,2.364,2.292,0.87,99.29,99.01,99.5,98.94,0.31,622,622,622,622,-0.96,0.7029,0.7046,0.7067,0.7015,-0.2,8.44,8.44,8.44,8.44,1.56,7.28,7.28,7.28,7.28,0,47.7,47.7,47.7,47.7,-0.44
11/11/2015,52.15,52.15,52.15,52.15,0,45.81,47.08,47.73,45.62,-3.44,2.263,2.332,2.35,2.249,-2.46,99.01,99.1,99.24,98.78,-0.28,599,599,599,599,-3.7,0.7058,0.7031,0.708,0.7024,0.41,8.44,8.44,8.44,8.44,0,7.28,7.28,7.28,7.28,0,47.82,47.82,47.82,47.82,0.25
11/12/2015,52.15,52.15,52.15,52.15,0,44.06,45.92,46.27,43.89,-3.82,2.26,2.265,2.313,2.234,-0.13,98.65,98.82,99.29,98.43,-0.36,579,579,579,579,-3.34,0.7125,0.7062,0.7155,0.7059,0.95,8.37,8.37,8.37,8.37,-0.83,7.28,7.28,7.28,7.28,0,47.74,47.74,47.74,47.74,-0.17
11/13/2015,52.4,52.4,52.4,52.4,0.48,43.61,44.08,44.85,43.57,-1.02,2.361,2.285,2.391,2.284,4.47,99,98.57,99.21,98.53,0.35,560,560,560,560,-3.28,0.7129,0.7127,0.7161,0.7105,0.06,8.39,8.39,8.39,8.39,0.24,7.28,7.28,7.28,7.28,0,47.66,47.66,47.66,47.66,-0.17
11/16/2015,52.55,52.55,52.55,52.55,0.29,44.56,44.7,45.18,43.15,2.18,2.385,2.449,2.46,2.33,1.02,99.44,99,99.46,98.87,0.44,550,550,550,550,-1.79,0.7094,0.7129,0.7137,0.7078,-0.49,8.53,8.38,8.4,8.38,1.67,7.575,7.575,7.575,7.575,4.05,47.6,47.6,47.6,47.6,-0.13
11/17/2015,52.7,52.7,52.7,52.7,0.29,43.57,44.7,45.1,43.5,-2.22,2.371,2.333,2.396,2.285,-0.59,99.63,99.4,99.75,99.36,0.19,537,537,537,537,-2.36,0.7109,0.7097,0.7143,0.7071,0.21,8.61,8.61,8.61,8.61,0.94,7.575,7.575,7.575,7.575,0,47.22,47.22,47.22,47.22,-0.8
11/18/2015,52.75,52.75,52.75,52.75,0.09,44.14,43.97,44.74,43.34,1.31,2.347,2.368,2.41,2.328,-1.01,99.65,99.65,99.85,99.31,0.02,519,519,519,519,-3.35,0.711,0.7111,0.712,0.7069,0.01,8.58,8.55,8.55,8.55,-0.35,7.575,7.575,7.575,7.575,0,47.08,47.08,47.08,47.08,-0.3
11/19/2015,52.75,52.75,52.75,52.75,0,44.18,44.3,44.76,43.7,0.09,2.276,2.328,2.376,2.255,-3.03,98.99,99.41,99.48,98.73,-0.66,504,504,504,504,-2.89,0.7192,0.7111,0.7217,0.7101,1.15,8.63,8.63,8.63,8.63,0.58,7.53,7.53,7.53,7.53,-0.59,46.91,46.91,46.91,46.91,-0.36
11/20/2015,52.9,52.9,52.9,52.9,0.28,44.66,44.38,45.5,44.06,1.09,2.145,2.26,2.275,2.123,-5.76,99.56,99.09,99.65,99,0.58,498,498,498,498,-1.19,0.7238,0.7194,0.7252,0.7183,0.64,8.51,8.51,8.51,8.51,-1.39,7.49,7.49,7.49,7.49,-0.53,46.91,46.35,46.35,46.35,0
11/23/2015,52.7,52.7,52.7,52.7,-0.38,44.83,44.46,45.73,43.57,0.38,2.21,2.111,2.226,2.051,3.03,99.8,99.66,100,99.53,0.24,516,516,516,516,3.61,0.7193,0.7233,0.7244,0.7159,-0.62,8.56,8.56,8.56,8.56,0.59,7.49,7.49,7.49,7.49,0,46.81,46.81,46.81,46.81,-0.21
11/24/2015,53.1,53.1,53.1,53.1,0.76,46.12,45.11,46.5,44.92,2.88,2.2,2.206,2.218,2.13,-0.45,99.53,99.68,99.78,99.47,-0.27,528,528,528,528,2.33,0.7253,0.7193,0.726,0.7184,0.83,8.65,8.62,8.62,8.62,1.05,7.42,7.42,7.42,7.42,-0.93,46.66,46.66,46.66,46.66,-0.32
11/25/2015,52.8,52.8,52.8,52.8,-0.56,46.17,46.04,46.5,45.03,0.11,2.206,2.196,2.235,2.133,0.27,99.8,99.56,100.17,99.31,0.27,546,546,546,546,3.41,0.7249,0.7257,0.7286,0.7226,-0.06,8.62,8.62,8.62,8.62,-0.35,7.35,7.35,7.35,7.35,-0.94,46.53,46.53,46.53,46.53,-0.28
11/26/2015,52.85,52.85,52.85,52.85,0.09,45.46,46.23,46.32,45,-1.54,2.243,2.301,2.302,2.237,1.68,99.8,99.74,99.91,99.71,0,562,562,562,562,2.93,0.7224,0.7252,0.7263,0.7209,-0.34,8.58,8.58,8.58,8.58,-0.46,7.35,7.35,7.35,7.35,-0.94,46.53,46.53,46.53,46.53,-0.28
11/27/2015,52.85,52.85,52.85,52.85,0,44.86,45.57,45.63,44.79,-1.32,2.212,2.289,2.305,2.205,-1.38,100.02,99.86,100.2,99.66,0.22,581,581,581,581,3.38,0.7192,0.7227,0.7242,0.7183,-0.44,8.58,8.56,8.56,8.56,0,7.29,7.29,7.29,7.29,-0.82,46.27,46.27,46.27,46.27,-0.56
11/30/2015,53.55,53.55,53.55,53.55,1.32,44.61,44.86,45.75,44.44,-0.56,2.235,2.175,2.25,2.175,1.04,100.17,100.08,100.31,100.05,0.15,584,584,584,584,0.52,0.7226,0.7198,0.7252,0.717,0.47,8.58,8.58,8.58,8.58,0,7.275,7.275,7.275,7.275,-0.21,46.1,46.1,46.1,46.1,-0.37
12/1/2015,53.2,53.2,53.2,53.2,-0.65,44.44,44.62,45.18,44.03,-0.38,2.231,2.23,2.259,2.193,-0.18,99.8,100.23,100.26,99.72,-0.37,598,598,598,598,2.4,0.7321,0.7228,0.7338,0.7221,1.31,8.56,8.56,8.59,8.49,-0.23,7.35,7.35,7.35,7.35,1.03,39.75,39.75,39.75,39.75,-13.77
12/2/2015,52.75,52.75,52.75,52.75,-0.85,42.49,44.32,44.64,42.43,-4.39,2.165,2.221,2.225,2.151,-2.96,99.99,99.83,100.51,99.8,0.19,590,590,590,590,-1.34,0.7307,0.7324,0.7344,0.7292,-0.19,8.48,8.56,8.57,8.47,-0.93,7.35,7.35,7.35,7.35,0,39.36,39.36,39.36,39.36,-0.98
12/3/2015,53,53,53,53,0.47,43.84,42.77,44.69,42.61,3.18,2.181,2.174,2.2,2.131,0.74,97.62,100.01,100.47,97.59,-2.37,574,574,574,574,-2.71,0.7337,0.7308,0.7364,0.7283,0.41,8.59,8.47,8.61,8.42,1.3,7.39,7.39,7.39,7.39,0.54,39.01,39.01,39.01,39.01,-0.89
12/4/2015,53,53,53,53,0,43,43.98,44.82,42.67,-1.92,2.186,2.198,2.211,2.167,0.23,98.35,97.83,98.61,97.75,0.75,563,563,563,563,-1.92,0.7339,0.7345,0.7388,0.7278,0.03,8.52,8.55,8.65,8.5,-0.81,7.39,7.39,7.39,7.39,0,39.15,39,39,39,0.36
12/7/2015,52.7,52.7,52.7,52.7,-0.57,40.73,43.26,43.26,40.6,-5.28,2.067,2.159,2.162,2.06,-5.44,98.66,98.38,98.9,98.3,0.32,551,551,551,551,-2.13,0.7265,0.7339,0.7347,0.7255,-1.01,8.41,8.52,8.53,8.4,-1.29,7.39,7.39,7.39,7.39,0,39.4,39.4,39.4,39.4,0.64
12/8/2015,52.5,52.5,52.5,52.5,-0.38,40.26,40.82,41.45,39.81,-1.15,2.07,2.068,2.093,2.014,0.15,98.47,98.73,98.76,98.33,-0.19,551,551,551,551,0,0.7214,0.7266,0.7272,0.7186,-0.7,8.41,8.44,8.44,8.35,0,7.39,7.39,7.39,7.39,0,39.25,39.25,39.25,39.25,-0.38
12/9/2015,52.5,52.5,52.5,52.5,0,40.11,40.63,41.59,39.57,-0.37,2.062,2.08,2.118,2.048,-0.39,97.34,98.45,98.52,97.22,-1.15,546,546,546,546,-0.91,0.7227,0.7215,0.7248,0.7171,0.18,8.4,8.43,8.44,8.33,-0.12,7.39,7.39,7.39,7.39,0,39.09,39.09,39.09,39.09,-0.41
12/10/2015,52.35,52.35,52.35,52.35,-0.29,39.73,40.44,40.7,39.46,-0.95,2.015,2.065,2.099,1.999,-2.28,97.94,97.41,97.99,97.36,0.62,534,534,534,534,-2.2,0.7279,0.7231,0.7335,0.722,0.72,8.36,8.43,8.43,8.29,-0.48,7.39,7.39,7.39,7.39,0,38.61,38.61,38.61,38.61,-1.23
12/11/2015,52.25,52.25,52.25,52.25,-0.19,37.93,39.55,39.74,37.36,-4.53,1.99,2.003,2.011,1.959,-1.24,97.56,97.98,98.09,97.33,-0.39,522,522,522,522,-2.25,0.7186,0.7282,0.7284,0.7183,-1.28,8.07,8.33,8.34,7.93,-3.47,7.39,7.39,7.39,7.39,0,38.65,38.65,38.65,38.65,0.1
12/14/2015,52.2,52.2,52.2,52.2,-0.1,37.92,37.85,38.43,36.33,-0.03,1.894,1.913,1.923,1.862,-4.82,97.6,97.61,97.93,97.28,0.04,508,508,508,508,-2.68,0.7241,0.7205,0.7272,0.7159,0.77,8.07,7.99,8.08,7.9,0,7.39,7.39,7.39,7.39,0,38.69,38.69,38.69,38.69,0.1
12/15/2015,52.35,52.35,52.35,52.35,0.29,38.45,37.89,39.41,37.55,1.4,1.822,1.9,1.905,1.795,-3.8,98.22,97.64,98.29,97.19,0.64,484,484,484,484,-4.72,0.7191,0.7247,0.7286,0.716,-0.69,8.19,8.19,8.19,8.19,1.49,7.39,7.39,7.39,7.39,0,38.54,38.54,38.54,38.54,-0.39
12/16/2015,52.35,52.35,52.35,52.35,0,37.19,38.09,38.45,37.11,-3.28,1.79,1.804,1.849,1.775,-1.76,97.87,98.19,98.6,97.66,-0.36,471,471,471,471,-2.69,0.7231,0.7192,0.7281,0.7176,0.56,8.13,8.13,8.13,8.13,-0.73,7.2,7.2,7.2,7.2,-2.57,38.66,38.66,38.66,38.66,0.31
12/17/2015,52.25,52.25,52.25,52.25,-0.19,37.06,37.6,37.93,36.75,-0.35,1.755,1.825,1.854,1.734,-1.96,99.27,98.56,99.29,98.53,1.43,471,471,471,471,0,0.7125,0.7233,0.7249,0.7094,-1.47,8.07,8.12,8.12,8.12,-0.74,7.2,7.2,7.2,7.2,0,38.79,38.79,38.79,38.79,0.34
12/18/2015,52.2,52.2,52.2,52.2,-0.1,36.88,36.81,37.73,36.41,-0.49,1.767,1.738,1.805,1.684,0.68,98.7,99.02,99.18,98.64,-0.57,477,477,477,477,1.27,0.7169,0.713,0.7202,0.711,0.62,8.06,8.06,8.06,8.06,-0.12,7.2,7.2,7.2,7.2,0,38.97,38.97,38.97,38.97,0.46
12/21/2015,52.05,52.05,52.05,52.05,-0.29,36.35,36.55,36.75,36.04,-1.44,1.911,1.836,1.948,1.787,8.15,98.36,98.68,98.84,98.29,-0.34,478,478,478,478,0.21,0.7187,0.7175,0.7198,0.7154,0.25,8.19,8.19,8.19,8.19,1.61,7.115,7.115,7.115,7.115,-1.18,38.98,38.98,38.98,38.98,0.03
12/22/2015,52.05,52.05,52.05,52.05,0,36.11,36.36,36.72,35.98,-0.66,1.888,1.929,1.939,1.863,-1.2,98.23,98.46,98.51,98,-0.13,474,474,474,474,-0.84,0.7234,0.719,0.7252,0.7181,0.65,8.25,8.25,8.25,8.25,0.73,7.03,7.03,7.03,7.03,-1.19,38.98,38.98,38.98,38.98,0
12/23/2015,52.1,52.1,52.1,52.1,0.1,37.36,36.37,37.88,36.28,3.46,1.983,1.912,2.009,1.871,5.03,98.34,98.21,98.6,98.19,0.11,475,475,475,475,0.21,0.723,0.7236,0.725,0.7208,-0.06,8.22,8.22,8.22,8.22,-0.36,7.03,7.03,7.03,7.03,0,39.02,39.02,39.02,39.02,0.1
12/24/2015,52.1,52.1,52.1,52.1,0,37.89,37.77,38.1,36.91,1.42,2.029,1.994,2.052,1.977,2.32,97.98,98.33,98.38,97.86,-0.37,478,478,478,478,0.63,0.7277,0.7233,0.7287,0.7225,0.65,8.19,8.19,8.19,8.19,-0.36,6.96,6.96,6.96,6.96,-1,39.08,39.08,39.08,39.08,0.15
12/28/2015,51.4,51.4,51.4,51.4,-1.34,36.62,37.84,37.95,36.41,-3.35,2.228,2.082,2.248,2.067,9.81,97.92,97.95,98.03,97.81,-0.06,478,478,478,478,0.63,0.7246,0.728,0.7289,0.7245,0.07,8.31,8.31,8.31,8.31,1.47,6.925,6.925,6.925,6.925,-0.5,39.27,39.27,39.27,39.27,0.49
12/29/2015,50.95,50.95,50.95,50.95,-0.88,37.79,36.59,37.98,36.56,3.19,2.372,2.238,2.387,2.235,6.46,98.1,97.9,98.41,97.8,0.18,478,478,478,478,0.63,0.7294,0.7249,0.7305,0.7244,0.66,8.27,8.27,8.27,8.27,-0.48,6.86,6.86,6.86,6.86,-0.94,39.27,39.27,39.27,39.27,0
12/30/2015,50.9,50.9,50.9,50.9,-0.1,36.46,37.29,37.55,36.35,-3.52,2.214,2.322,2.335,2.188,-6.66,98.27,98.21,98.41,98.11,0.17,478,478,478,478,0.63,0.7283,0.7295,0.7305,0.727,-0.15,8.21,8.21,8.21,8.21,-0.73,6.86,6.86,6.86,6.86,0,39.41,39.41,39.41,39.41,0.36
12/31/2015,50.6,50.6,50.6,50.6,-0.59,37.28,36.57,37.95,36.1,2.25,2.337,2.273,2.378,2.27,5.56,98.63,98.22,98.78,98.18,0.37,478,478,478,478,0.63,0.7275,0.7287,0.7329,0.7265,-0.11,8.22,8.22,8.22,8.22,0.12,6.86,6.86,6.86,6.86,0,39.58,39.58,39.58,39.58,0.43
1/4/2016,49.9,49.9,49.9,49.9,-1.38,37.22,37.85,38.99,36.77,-0.16,2.334,2.366,2.375,2.239,-0.13,98.87,98.59,99.18,98.05,0.24,473,473,473,473,-1.05,0.7188,0.7299,0.7304,0.7155,-1.48,8.04,8.04,8.04,8.04,-2.19,6.86,6.86,6.86,6.86,0,41.95,41.95,41.95,41.95,5.99
1/5/2016,50.25,50.25,50.25,50.25,0.7,36.42,37.27,37.57,36.24,-2.15,2.325,2.29,2.346,2.255,-0.39,99.4,98.87,99.63,98.75,0.54,468,468,468,468,-1.06,0.7157,0.7192,0.7217,0.7131,-0.43,7.99,8.06,8.06,8.06,-0.62,6.825,6.825,6.825,6.825,-0.51,41.69,41.69,41.69,41.69,-0.62
1/6/2016,51.5,51.5,51.5,51.5,2.49,34.23,36.64,36.67,34.13,-6.01,2.267,2.345,2.36,2.241,-2.49,99.18,99.39,99.58,99.11,-0.22,467,467,467,467,-0.21,0.7071,0.7162,0.7173,0.7046,-1.2,7.74,8.02,8.03,7.93,-3.13,6.805,6.805,6.805,6.805,-0.29,41.12,41.12,41.12,41.12,-1.37
1/7/2016,51.25,51.25,51.25,51.25,-0.49,33.75,34.52,34.74,32.16,-1.4,2.382,2.29,2.429,2.271,5.07,98.22,99.21,99.3,98.17,-0.97,445,445,445,445,-4.71,0.7009,0.7071,0.7089,0.698,-0.88,7.54,7.54,7.54,7.54,-2.58,6.775,6.775,6.775,6.775,-0.44,41.14,41.14,41.14,41.14,0.05
1/8/2016,50.25,50.25,50.25,50.25,-1.95,33.55,34.02,34.72,32.78,-0.59,2.472,2.397,2.495,2.377,3.78,98.54,98.3,99.18,98.27,0.33,429,429,429,429,-3.6,0.6951,0.7011,0.7076,0.695,-0.83,7.41,7.41,7.41,7.41,-1.72,6.775,6.775,6.775,6.775,0,41.06,41.06,41.06,41.06,-0.19
1/11/2016,49.3,49.3,49.3,49.3,-1.89,31.55,33.34,33.38,31.17,-5.96,2.396,2.446,2.48,2.355,-3.07,98.72,98.41,98.89,98.25,0.18,415,415,415,415,-3.26,0.6993,0.6953,0.7038,0.6926,0.6,7.12,7.12,7.12,7.12,-3.91,6.775,6.775,6.775,6.775,0,40.47,40.47,40.47,40.47,-1.44
1/12/2016,49.1,49.1,49.1,49.1,-0.41,30.86,31.54,32.38,30.34,-2.19,2.257,2.362,2.366,2.241,-5.8,98.97,98.8,99.28,98.57,0.25,402,402,402,402,-3.13,0.6983,0.6996,0.7023,0.6939,-0.14,7.1,7.1,7.1,7.1,-0.28,6.755,6.755,6.755,6.755,-0.3,40.33,40.33,40.33,40.33,-0.35
1/13/2016,48.85,48.85,48.85,48.85,-0.51,30.31,30.82,31.92,29.96,-1.78,2.269,2.263,2.323,2.256,0.53,98.93,99.03,99.33,98.86,-0.04,394,394,394,394,-1.99,0.6954,0.6989,0.7051,0.6948,-0.42,7.24,7.24,7.24,7.24,1.97,6.74,6.74,6.74,6.74,-0.22,40.42,40.42,40.42,40.42,0.22
1/14/2016,49.2,49.2,49.2,49.2,0.72,31.03,30.26,31.23,29.73,2.38,2.139,2.274,2.294,2.126,-5.73,99.09,98.82,99.26,98.59,0.16,383,383,383,383,-2.79,0.6983,0.6956,0.6999,0.6909,0.42,7.08,7.08,7.08,7.08,-2.21,6.725,6.725,6.725,6.725,-0.22,40.59,40.59,40.59,40.59,0.42
1/15/2016,49.15,49.15,49.15,49.15,-0.1,28.94,31,31.02,28.82,-6.74,2.1,2.144,2.153,2.086,-1.82,98.96,99.1,99.12,98.38,-0.13,373,373,373,373,-2.61,0.6867,0.6985,0.7005,0.6826,-1.66,6.67,7,7,6.73,-5.79,6.725,6.725,6.725,6.725,-0.22,40.79,40.79,40.79,40.79,0.49
1/18/2016,48.8,48.8,48.8,48.8,-0.71,28.55,28.73,29.58,27.67,-1.35,2.105,2.052,2.133,2.045,2.58,98.96,98.8,99.2,98.8,0,369,369,369,369,-1.07,0.6863,0.6871,0.6928,0.6829,-0.06,6.71,6.55,6.55,6.55,0.6,6.725,6.725,6.725,6.725,-0.22,40.79,40.79,40.79,40.79,0.49
1/19/2016,48.85,48.85,48.85,48.85,0.1,28.76,28.7,30.24,28.6,0.74,2.091,2.055,2.17,2.044,-0.64,98.99,99.12,99.31,98.86,0.03,363,363,363,363,-1.63,0.6903,0.6866,0.6959,0.6837,0.58,6.81,6.81,6.81,6.81,1.49,5.485,5.485,5.485,5.485,-18.44,41.32,41.32,41.32,41.32,1.3
1/20/2016,49,49,49,49,0.31,27.88,28.66,28.75,27.1,-3.06,2.118,2.091,2.149,2.067,1.29,99.09,99.02,99.19,98.63,0.1,358,358,358,358,-1.38,0.6906,0.6907,0.6928,0.6827,0.04,6.31,6.61,6.61,6.58,-7.34,5.305,5.305,5.305,5.305,-3.28,41.19,41.19,41.19,41.19,-0.31
1/21/2016,49,49,49,49,0,29.25,27.99,29.84,27.29,4.91,2.138,2.135,2.189,2.08,0.94,99.06,99.19,99.8,98.91,-0.03,355,355,355,355,-0.84,0.6996,0.6907,0.702,0.6875,1.3,6.17,6.17,6.17,6.17,-2.22,5.14,5.14,5.14,5.14,-3.11,41.09,41.09,41.09,41.09,-0.24
1/22/2016,49,49,49,49,0,32.18,29.62,32.3,29.29,10.02,2.139,2.149,2.168,2.112,0.05,99.57,99.18,99.59,99.11,0.51,354,354,354,354,-0.28,0.7,0.6999,0.7048,0.6985,0.06,6.32,6.32,6.32,6.32,2.43,5.12,5.12,5.12,5.12,-0.39,41.11,41.11,41.11,41.11,0.05
1/25/2016,48.95,48.95,48.95,48.95,-0.1,30.5,32.1,32.81,30,-5.22,2.158,2.156,2.175,2.081,0.89,99.36,99.52,99.55,99.23,-0.21,354,354,354,354,0,0.6954,0.6994,0.7033,0.6947,-0.66,5.87,5.95,5.95,5.9,-7.12,5.12,5.12,5.12,5.12,0,41.11,41.11,41.11,41.11,0
1/26/2016,49.25,49.25,49.25,49.25,0.61,31.8,30.01,32.72,29.27,4.26,2.18,2.144,2.219,2.128,1.02,99.36,99.3,99.45,99,0,345,345,345,345,-2.54,0.7002,0.6956,0.7024,0.6918,0.69,6.07,6.07,6.07,6.07,3.41,5.12,5.12,5.12,5.12,0,41.11,41.11,41.11,41.11,0
1/27/2016,48.8,48.8,48.8,48.8,-0.91,33.1,31.2,33.49,30.83,4.09,2.189,2.177,2.241,2.161,0.41,98.9,99.02,99.16,98.71,-0.46,337,337,337,337,-2.32,0.7025,0.7005,0.7084,0.6991,0.33,5.9,5.9,5.9,5.9,-2.8,5.055,5.055,5.055,5.055,-1.27,41.13,41.13,41.13,41.13,0.05
1/28/2016,48.85,48.85,48.85,48.85,0.1,33.89,32.84,35.84,32.56,2.39,2.182,2.145,2.231,2.088,-0.32,98.51,98.88,99.11,98.42,-0.39,325,325,325,325,-3.56,0.7084,0.7026,0.7131,0.7007,0.84,6.06,6.06,6.06,6.06,2.71,5.055,5.055,5.055,5.055,0,41.15,41.15,41.15,41.15,0.05
1/29/2016,48.8,48.8,48.8,48.8,-0.1,34.74,34.08,35,33.59,2.51,2.298,2.224,2.315,2.218,5.32,99.61,98.65,99.83,98.58,1.12,317,317,317,317,-2.46,0.7082,0.7084,0.7143,0.7057,-0.03,6.04,6.04,6.04,6.04,-0.33,5.055,5.055,5.055,5.055,0,41.17,41.14,41.14,41.14,0.05
2/1/2016,49.95,49.95,49.95,49.95,2.36,34.24,35.85,36.25,33.92,-1.44,2.152,2.213,2.228,2.127,-6.35,99.01,99.55,99.63,98.93,-0.6,314,314,314,314,-0.95,0.711,0.7088,0.7124,0.7042,0.4,5.68,5.85,5.85,5.81,-5.96,5.105,5.105,5.105,5.105,0.99,42.6,42.6,42.6,42.6,3.47
2/2/2016,50.4,50.4,50.4,50.4,0.9,32.72,34.18,34.18,32.23,-4.44,2.025,2.136,2.14,1.976,-5.9,98.87,98.99,99.09,98.75,-0.14,310,310,310,310,-1.27,0.7038,0.7115,0.7131,0.7032,-1.01,5.81,5.62,5.62,5.62,2.29,5.23,5.23,5.23,5.23,2.45,43.18,43.18,43.18,43.18,1.36
2/3/2016,50.45,50.45,50.45,50.45,0.1,35.04,32.41,35.53,32.3,7.09,2.038,2.036,2.065,1.992,0.64,97.29,98.83,98.94,96.89,-1.6,303,303,303,303,-2.26,0.7167,0.7039,0.7191,0.7002,1.83,5.61,5.61,5.61,5.61,-3.44,5.305,5.305,5.305,5.305,1.43,43.68,43.68,43.68,43.68,1.16
2/4/2016,50.95,50.95,50.95,50.95,0.99,34.46,35.32,35.84,34.15,-1.66,1.972,2.042,2.048,1.954,-3.24,96.47,97.29,97.47,96.26,-0.84,298,298,298,298,-1.65,0.7199,0.7168,0.7245,0.7152,0.45,5.6,5.6,5.6,5.6,-0.18,5.38,5.38,5.38,5.38,1.41,44.04,44.04,44.04,44.04,0.82
2/5/2016,51.6,51.6,51.6,51.6,1.28,34.06,34.39,35.14,33.81,-1.16,2.063,1.981,2.076,1.981,4.61,97.03,96.56,97.27,96.32,0.58,297,297,297,297,-0.34,0.7062,0.72,0.7222,0.7062,-1.9,5.54,5.54,5.54,5.54,-1.07,5.38,5.38,5.38,5.38,0,44.04,44.04,44.04,44.04,0
2/8/2016,51.5,51.5,51.5,51.5,-0.19,32.88,33.99,34.68,32.77,-3.46,2.14,2.106,2.172,2.105,3.73,96.57,97.06,97.48,96.54,-0.47,293,293,293,293,-1.35,0.7083,0.7068,0.713,0.7051,0.3,5.23,5.2,5.2,5.2,-5.6,5.38,5.38,5.38,5.38,0,44.04,44.04,44.04,44.04,0
2/9/2016,50.45,50.45,50.45,50.45,-2.04,30.32,33.17,33.56,30.28,-7.79,2.098,2.129,2.134,2.065,-1.96,96.07,96.73,96.83,95.66,-0.52,291,291,291,291,-0.68,0.7069,0.7087,0.7097,0.6973,-0.2,4.95,5.15,5.15,5.15,-5.35,5.38,5.38,5.38,5.38,0,43.76,43.76,43.76,43.76,-0.64
2/10/2016,50.4,50.4,50.4,50.4,-0.1,30.84,30.95,31.9,30.35,1.72,2.046,2.097,2.109,2.017,-2.48,95.89,96.06,96.72,95.76,-0.19,290,290,290,290,-0.34,0.7095,0.7071,0.7128,0.7037,0.37,4.87,4.87,4.87,4.87,-1.62,5.38,5.38,5.38,5.38,0,43.32,43.32,43.32,43.32,-1.01
2/11/2016,50.7,50.7,50.7,50.7,0.6,30.06,30.83,31.35,29.92,-2.53,1.994,2.052,2.093,1.98,-2.54,95.56,95.89,95.9,95.24,-0.34,290,290,290,290,0,0.7108,0.7095,0.7154,0.6984,0.18,4.73,4.63,4.63,4.63,-2.87,5.38,5.38,5.38,5.38,0,43.33,43.33,43.33,43.33,0.02
2/12/2016,50.7,50.7,50.7,50.7,0,33.36,31.31,33.44,30.85,10.98,1.966,1.994,2.025,1.951,-1.4,95.94,95.5,96.22,95.46,0.4,291,291,291,291,0.34,0.7097,0.7109,0.7131,0.7063,-0.15,5.05,5.05,5.05,5.05,6.77,5.38,5.38,5.38,5.38,0,43.42,43.42,43.42,43.42,0.21
2/15/2016,50.7,50.7,50.7,50.7,0,33.39,32.77,34.09,32.67,0.09,1.918,1.936,1.962,1.911,-1.01,95.98,96.08,96.88,95.94,0.04,295,295,295,295,1.37,0.7137,0.711,0.7173,0.71,0.56,4.79,4.98,4.98,4.95,-5.15,5.38,5.38,5.38,5.38,0,43.42,43.42,43.42,43.42,0.21
2/16/2016,50.7,50.7,50.7,50.7,0,32.18,34.51,35.55,31.92,-3.62,1.903,1.952,1.963,1.879,-0.76,96.87,96.58,96.99,96.38,0.93,301,301,301,301,2.03,0.7108,0.714,0.7184,0.708,-0.41,4.67,4.88,4.88,4.88,-2.51,4.7,4.7,4.7,4.7,-12.64,44.43,44.43,44.43,44.43,2.33
2/17/2016,50.85,50.85,50.85,50.85,0.3,34.5,32.54,34.99,31.82,7.21,1.942,1.925,1.96,1.893,2.05,96.79,96.94,97.1,96.63,-0.08,307,307,307,307,1.99,0.7182,0.7112,0.7189,0.7083,1.04,5.07,5.07,5.07,5.07,8.57,4.7,4.7,4.7,4.7,0,44.54,44.54,44.54,44.54,0.25
2/18/2016,50.9,50.9,50.9,50.9,0.1,34.28,34.91,35.73,33.79,-0.64,1.852,1.948,1.954,1.849,-4.63,96.95,96.89,97.09,96.69,0.17,313,313,313,313,1.95,0.7156,0.7185,0.7187,0.7132,-0.36,5.24,5.24,5.24,5.24,3.35,4.655,4.655,4.655,4.655,-0.96,44.89,44.89,44.89,44.89,0.79
2/19/2016,50.5,50.5,50.5,50.5,-0.79,33.01,33.88,34.46,32.68,-3.7,1.804,1.856,1.87,1.794,-2.59,96.6,96.87,97.17,96.56,-0.36,315,315,315,315,0.64,0.7148,0.7157,0.7164,0.7068,-0.11,5.15,5.15,5.15,5.15,-1.72,4.655,4.655,4.655,4.655,0,45.19,45.01,45.01,45.01,0.67
2/22/2016,50.3,50.3,50.3,50.3,-0.4,34.69,33.25,34.97,32.85,5.09,1.821,1.784,1.844,1.767,0.94,97.38,96.78,97.6,96.73,0.81,316,316,316,316,0.32,0.7222,0.7152,0.7249,0.7135,1.04,5.4,5.24,5.24,5.24,4.85,4.575,4.575,4.575,4.575,-1.72,45.59,45.59,45.59,45.59,0.89
2/23/2016,50.3,50.3,50.3,50.3,0,33.27,34.54,35.11,32.9,-4.09,1.782,1.832,1.848,1.773,-2.14,97.48,97.36,97.58,97.14,0.1,318,318,318,318,0.63,0.7202,0.7227,0.7261,0.7198,-0.28,4.89,4.89,4.89,4.89,-9.44,4.535,4.535,4.535,4.535,-0.87,45.78,45.78,45.78,45.78,0.42
2/24/2016,50.35,50.35,50.35,50.35,0.1,34.41,32.98,34.67,32.37,3.43,1.778,1.785,1.808,1.761,-0.22,97.46,97.47,97.92,97.23,-0.02,322,322,322,322,1.26,0.7196,0.7202,0.7215,0.7145,-0.08,4.85,4.72,4.72,4.72,-0.82,4.465,4.465,4.465,4.465,-1.54,45.96,45.96,45.96,45.96,0.39
2/25/2016,50.35,50.35,50.35,50.35,0,35.29,34.39,35.74,33.29,2.56,1.711,1.773,1.776,1.682,-3.77,97.29,97.49,97.72,97.22,-0.17,325,325,325,325,0.93,0.7231,0.7198,0.7246,0.7156,0.49,5.06,4.99,4.99,4.95,4.33,4.465,4.465,4.465,4.465,0,46.06,46.06,46.06,46.06,0.22
2/26/2016,50.45,50.45,50.45,50.45,0.2,35.1,35.1,37,34.73,-0.54,1.791,1.786,1.805,1.731,4.68,98.15,97.4,98.26,97.1,0.88,327,327,327,327,0.62,0.7128,0.7235,0.7259,0.7117,-1.42,4.98,4.98,4.98,4.98,-1.58,4.435,4.435,4.435,4.435,-0.67,46.21,46.21,46.21,46.21,0.33
2/29/2016,50.5,50.5,50.5,50.5,0.1,35.97,35.1,36.23,34.83,2.48,1.711,1.711,1.737,1.69,-4.47,98.21,98.17,98.37,97.8,0.06,329,329,329,329,0.61,0.7138,0.7131,0.717,0.7108,0.14,4.99,4.95,4.96,4.95,0.2,4.435,4.435,4.435,4.435,0,46.33,46.33,46.33,46.33,0.26
3/1/2016,50.85,50.85,50.85,50.85,0.69,36.81,36.6,37.25,35.95,2.34,1.742,1.707,1.775,1.685,1.81,98.35,98.18,98.57,98.09,0.14,332,332,332,332,0.91,0.7174,0.7141,0.7193,0.7108,0.5,4.99,4.96,5.02,4.91,0,4.405,4.405,4.405,4.405,-0.68,49.27,49.27,49.27,49.27,6.35
3/2/2016,50.5,50.5,50.5,50.5,-0.69,36.93,36.62,37.4,36.1,0.33,1.678,1.741,1.746,1.657,-3.67,98.21,98.26,98.58,98.12,-0.14,335,335,335,335,0.9,0.7293,0.7175,0.7303,0.7164,1.66,4.95,4.99,4.99,4.9,-0.8,4.405,4.405,4.405,4.405,0,50.84,50.84,50.84,50.84,3.19
3/3/2016,51.1,51.1,51.1,51.1,1.19,37.07,37.05,37.37,36.35,0.38,1.639,1.672,1.695,1.63,-2.32,97.59,98.2,98.35,97.46,-0.63,342,342,342,342,2.09,0.7349,0.7295,0.7377,0.7281,0.77,4.88,4.95,4.95,4.79,-1.41,4.405,4.405,4.405,4.405,0,50.39,50.39,50.39,50.39,-0.89
3/4/2016,51,51,51,51,-0.2,38.72,37.04,38.95,36.82,4.45,1.666,1.626,1.675,1.611,1.65,97.34,97.67,98.03,97.02,-0.26,349,349,349,349,2.05,0.744,0.7352,0.7446,0.7339,1.24,4.92,4.86,4.89,4.78,0.82,4.39,4.39,4.39,4.39,-0.34,52.11,49.64,49.64,49.64,3.41
3/7/2016,51,51,51,51,0,40.84,38.88,41.04,38.87,5.48,1.69,1.628,1.74,1.612,1.44,97.07,97.4,97.7,97.04,-0.28,354,354,354,354,1.43,0.7466,0.7423,0.7487,0.7392,0.35,5.09,4.97,4.97,4.95,3.46,4.39,4.39,4.39,4.39,0,58.81,58.81,58.81,58.81,12.86
3/8/2016,51.1,51.1,51.1,51.1,0.2,39.65,40.71,41.48,39.31,-2.91,1.712,1.707,1.74,1.678,1.3,97.21,97.11,97.27,96.89,0.14,366,366,366,366,3.39,0.7438,0.7468,0.7475,0.7409,-0.38,5.01,5,5.2,5,-1.57,4.4,4.4,4.4,4.4,0.23,56.3,56.3,56.3,56.3,-4.27
3/9/2016,51.3,51.3,51.3,51.3,0.39,41.07,39.65,41.18,39.39,3.58,1.752,1.727,1.784,1.715,2.34,97.17,97.22,97.57,96.93,-0.04,376,376,376,376,2.73,0.7485,0.744,0.753,0.7411,0.63,5.07,4.98,5.08,4.95,1.2,4.425,4.425,4.425,4.425,0.57,55.65,55.65,55.65,55.65,-1.15
3/10/2016,51.2,51.2,51.2,51.2,-0.19,40.05,40.89,41.01,39.63,-2.48,1.788,1.764,1.812,1.733,2.05,96.07,97.23,98.42,95.94,-1.13,384,384,384,384,2.13,0.7451,0.7487,0.7514,0.7426,-0.45,4.9,4.99,5.01,4.84,-3.35,4.445,4.445,4.445,4.445,0.45,55.84,55.84,55.84,55.84,0.34
3/11/2016,51.5,51.5,51.5,51.5,0.59,40.39,40.33,41.03,40.02,0.85,1.822,1.799,1.859,1.792,1.9,96.17,96.17,96.72,95.94,0.1,388,388,388,388,1.04,0.7563,0.7454,0.7586,0.7446,1.5,4.98,5.05,5.05,4.93,1.63,4.46,4.46,4.46,4.46,0.34,55.32,55.07,55.07,54.99,-0.93
3/14/2016,51.95,51.95,51.95,51.95,0.87,39.53,40.25,40.65,38.82,-2.13,1.819,1.818,1.857,1.771,-0.16,96.62,96.31,96.71,96.14,0.47,393,393,393,393,1.29,0.7513,0.7547,0.7595,0.7489,-0.66,4.85,4.97,4.97,4.85,-2.61,4.46,4.46,4.46,4.46,0,55.1,55.1,55.1,55.1,-0.4
3/15/2016,51.65,51.65,51.65,51.65,-0.58,38.74,39.67,39.74,38.32,-2,1.851,1.832,1.898,1.808,1.76,96.63,96.6,96.87,96.47,0.01,396,396,396,396,0.76,0.7456,0.7516,0.753,0.7443,-0.76,4.85,4.61,4.87,4.61,0,4.46,4.46,4.46,4.46,0,54.39,54.39,54.39,54.39,-1.29
3/16/2016,51.6,51.6,51.6,51.6,-0.1,40.33,39.14,40.44,38.83,4.1,1.868,1.849,1.879,1.82,0.92,95.89,96.67,97.06,95.54,-0.77,393,393,393,393,-0.76,0.7548,0.7458,0.7563,0.7414,1.23,4.95,4.95,4.95,4.95,2.06,4.4,4.4,4.4,4.4,-1.35,54.92,54.92,54.92,54.92,0.97
3/17/2016,52.3,52.3,52.3,52.3,1.36,41.54,40.45,41.6,40.41,3,1.936,1.869,1.952,1.83,3.64,94.76,95.75,95.83,94.65,-1.18,392,392,392,392,-0.25,0.7648,0.7552,0.7659,0.7533,1.32,4.99,4.99,4.99,4.99,0.81,4.4,4.4,4.4,4.4,0,55.22,55.22,55.22,55.22,0.55
3/18/2016,52.2,52.2,52.2,52.2,-0.19,41.2,41.38,42.54,41.07,-0.82,1.907,1.933,1.957,1.881,-1.5,95.09,94.77,95.17,94.58,0.35,395,395,395,395,0.77,0.7599,0.7649,0.7683,0.7594,-0.64,4.93,4.96,5.01,4.96,-1.2,4.4,4.4,4.4,4.4,0,55.54,55.54,55.54,55.54,0.58
3/21/2016,52,52,52,52,-0.38,41.54,41.31,41.88,40.48,0.83,1.828,1.893,1.908,1.808,-4.14,95.29,95.15,95.41,95,0.21,398,398,398,398,0.76,0.7576,0.7604,0.7629,0.7568,-0.3,4.86,4.86,4.86,4.86,-1.42,4.315,4.315,4.315,4.315,-1.93,55.74,55.74,55.74,55.74,0.36
3/22/2016,51.75,51.75,51.75,51.75,-0.48,41.79,41.47,42.08,40.97,0.6,1.863,1.813,1.87,1.796,1.91,95.65,95.43,95.75,95.26,0.38,398,398,398,398,0,0.7621,0.7579,0.7645,0.755,0.59,4.81,4.81,4.81,4.81,-1.03,4.315,4.315,4.315,4.315,0,55.77,55.77,55.77,55.77,0.05
3/23/2016,52.2,52.2,52.2,52.2,0.87,40.47,41.56,41.82,40.42,-3.16,1.794,1.867,1.899,1.777,-3.7,96.05,95.64,96.23,95.62,0.42,401,401,401,401,0.75,0.7528,0.7622,0.7651,0.7517,-1.22,4.79,4.79,4.79,4.79,-0.42,4.315,4.315,4.315,4.315,0,55.78,55.78,55.78,55.78,0.02
3/24/2016,52.3,52.3,52.3,52.3,0.19,40.44,40.4,40.64,39.22,-0.07,1.806,1.791,1.827,1.772,0.67,96.14,96.07,96.36,96.04,0.09,406,406,406,406,1.25,0.7527,0.7532,0.754,0.7477,-0.01,4.84,4.84,4.84,4.84,1.04,4.315,4.315,4.315,4.315,0,55.82,55.82,55.82,55.82,0.07
3/28/2016,50.65,50.65,50.65,50.65,-3.15,40.27,40.58,41,39.64,-0.42,1.848,1.785,1.852,1.766,2.33,95.94,96.27,96.4,95.84,-0.21,406,406,406,406,1.25,0.7543,0.7499,0.756,0.7492,0.51,4.84,4.84,4.84,4.84,1.04,4.315,4.315,4.315,4.315,0,55.79,55.79,55.79,55.79,-0.05
3/29/2016,51.25,51.25,51.25,51.25,1.18,39.14,40.19,40.25,38.76,-2.81,1.903,1.855,1.914,1.821,2.98,95.16,95.96,96.22,95.09,-0.81,409,409,409,409,0.74,0.7625,0.7546,0.7648,0.751,1.09,4.77,4.77,4.77,4.77,-1.45,4.315,4.315,4.315,4.315,0,55.75,55.75,55.75,55.75,-0.07
3/30/2016,51.05,51.05,51.05,51.05,-0.39,39.26,39.42,40.61,39.09,0.31,1.996,1.979,2.015,1.963,4.89,94.84,95.21,95.22,94.59,-0.34,414,414,414,414,1.22,0.767,0.7628,0.7709,0.7614,0.59,4.95,4.77,4.77,4.77,3.77,4.315,4.315,4.315,4.315,0,55.64,55.64,55.64,55.64,-0.2
3/31/2016,51.1,51.1,51.1,51.1,0.1,39.6,39.12,40,38.74,0.87,1.959,1.99,2.028,1.93,-1.85,94.59,94.84,95.03,94.32,-0.26,429,429,429,429,3.62,0.7654,0.7672,0.7724,0.7634,-0.21,5.2,5.09,5.09,5.09,5.05,4.285,4.285,4.285,4.285,-0.7,55.52,55.52,55.52,55.52,-0.22
4/1/2016,50.5,50.5,50.5,50.5,-1.17,38.67,40.14,40.43,38.55,-2.35,1.956,1.963,1.992,1.925,-0.15,94.62,94.64,95.11,94.33,0.03,450,450,450,450,4.9,0.7668,0.7658,0.7702,0.7599,0.18,5.16,5.16,5.16,5.16,-0.77,4.285,4.285,4.285,4.285,0,53.17,52.65,52.65,52.65,-4.23
4/4/2016,50.05,50.05,50.05,50.05,-0.89,37.69,38.69,38.92,37.5,-2.53,1.998,1.988,2.074,1.976,2.15,94.51,94.56,94.83,94.41,-0.12,471,471,471,471,4.67,0.7602,0.7676,0.768,0.7597,-0.86,5.32,5.32,5.32,5.32,3.1,4.265,4.265,4.265,4.265,-0.47,53.92,53.92,53.92,53.92,1.41
4/5/2016,50.2,50.2,50.2,50.2,0.3,37.87,37.5,38.44,37.27,0.48,1.954,2.004,2.041,1.931,-2.2,94.63,94.58,94.98,94.45,0.13,487,487,487,487,3.4,0.7543,0.7607,0.7629,0.751,-0.78,5.23,5.32,5.32,5.32,-1.69,4.265,4.265,4.265,4.265,0,53.17,53.17,53.17,53.17,-1.39
4/6/2016,50.05,50.05,50.05,50.05,-0.3,39.84,38.4,39.94,38.34,5.2,1.911,1.941,1.943,1.897,-2.2,94.43,94.6,95.07,94.24,-0.21,500,500,500,500,2.67,0.7598,0.7546,0.7621,0.7531,0.73,5.3,5.3,5.3,5.3,1.34,4.255,4.255,4.255,4.255,-0.23,52.73,52.73,52.73,52.73,-0.83
4/7/2016,49.6,49.6,49.6,49.6,-0.9,39.43,39.9,40.29,38.7,-1.03,2.018,1.904,2.024,1.892,5.6,94.48,94.48,94.67,94.02,0.05,517,517,517,517,3.4,0.7501,0.7598,0.764,0.7491,-1.28,5.27,5.27,5.27,5.27,-0.57,4.255,4.255,4.255,4.255,0,53.27,53.27,53.27,53.27,1.02
4/8/2016,49.85,49.85,49.85,49.85,0.5,41.94,39.68,42.01,39.62,6.37,1.99,2.015,2.044,1.986,-1.39,94.23,94.56,94.68,94.09,-0.26,539,539,539,539,4.26,0.755,0.7505,0.7582,0.7499,0.65,5.41,5.41,5.41,5.41,2.66,4.255,4.255,4.255,4.255,0,53.45,53.45,53.45,53.45,0.34
4/11/2016,50.1,50.1,50.1,50.1,0.5,42.83,42,43.06,41.41,2.12,1.912,1.951,1.951,1.907,-3.92,93.95,94.1,94.34,93.75,-0.3,555,555,555,555,2.97,0.7594,0.755,0.7632,0.7527,0.58,5.57,5.52,5.52,5.52,2.96,4.255,4.255,4.255,4.255,0,54.8,54.8,54.8,54.8,2.53
4/12/2016,50.25,50.25,50.25,50.25,0.3,44.69,42.7,44.81,42.56,4.34,2.004,1.934,2.03,1.922,4.81,93.96,93.99,94.39,93.63,0.01,560,560,560,560,0.9,0.7683,0.7597,0.7692,0.7582,1.17,5.58,5.58,5.58,5.58,0.18,4.255,4.255,4.255,4.255,0,56.07,56.07,56.07,56.07,2.32
4/13/2016,50.25,50.25,50.25,50.25,0,44.18,44.44,44.94,43.76,-1.14,2.036,2.016,2.051,2.002,1.6,94.74,94.05,94.85,94,0.83,567,567,567,567,1.25,0.7652,0.7684,0.7718,0.7633,-0.4,5.53,5.5,5.5,5.5,-0.9,4.255,4.255,4.255,4.255,0,56.6,56.6,56.6,56.6,0.95
4/14/2016,50.85,50.85,50.85,50.85,1.19,43.84,44.01,44.62,43.29,-0.77,1.97,2.045,2.048,1.957,-3.24,94.9,94.81,95.2,94.68,0.17,597,597,597,597,5.29,0.7695,0.7652,0.7738,0.7618,0.56,5.6,5.6,5.6,5.6,1.27,4.255,4.255,4.255,4.255,0,56.17,56.17,56.17,56.17,-0.76
4/15/2016,50.85,50.85,50.85,50.85,0,43.1,43.8,44.05,42.28,-1.69,1.902,1.961,1.967,1.885,-3.45,94.7,94.93,95.05,94.51,-0.21,635,635,635,635,6.37,0.7719,0.7696,0.7737,0.7679,0.31,5.47,5.55,5.55,5.55,-2.32,4.255,4.255,4.255,4.255,0,56.09,56.09,56.09,56.09,-0.14
4/18/2016,50.8,50.8,50.8,50.8,-0.1,42.91,41.8,43.43,40.1,-0.44,1.94,1.882,1.95,1.872,2,94.49,94.59,94.83,94.38,-0.22,659,659,659,659,3.78,0.7749,0.7639,0.7761,0.7593,0.39,5.46,5.46,5.46,5.46,-0.18,4,4,4,4,-5.99,56.98,56.98,56.98,56.98,1.59
4/19/2016,50.6,50.6,50.6,50.6,-0.39,44.03,43.14,44.5,42.6,2.61,2.088,1.934,2.096,1.925,7.63,93.98,94.49,94.55,93.93,-0.54,671,671,671,671,1.82,0.7811,0.775,0.7829,0.7744,0.8,5.56,5.56,5.56,5.56,1.83,4,4,4,4,0,57.41,57.41,57.41,57.41,0.75
4/20/2016,50.6,50.6,50.6,50.6,0,45.8,43.52,45.88,42.81,4.02,2.069,2.089,2.137,2.054,-0.91,94.49,94.14,94.59,93.94,0.54,669,669,669,669,-0.3,0.7793,0.7814,0.7831,0.7766,-0.23,5.54,5.5,5.5,5.5,-0.36,4.045,4.045,4.045,4.045,1.13,58.03,58.03,58.03,58.03,1.08
4/21/2016,50.5,50.5,50.5,50.5,-0.2,44.53,45.54,46.18,44.44,-2.77,2.068,2.073,2.107,2.053,-0.05,94.6,94.53,94.7,93.92,0.12,670,670,670,670,0.15,0.7737,0.7794,0.7837,0.7732,-0.72,5.74,5.74,5.74,5.74,3.61,4.295,4.295,4.295,4.295,6.18,58.5,58.5,58.5,58.5,0.81
4/22/2016,51,51,51,51,0.99,45.11,44.75,45.9,44.3,1.3,2.14,2.061,2.147,2.034,3.48,95.12,94.63,95.2,94.47,0.55,688,688,688,688,2.69,0.7703,0.7738,0.7776,0.7693,-0.44,5.96,5.75,5.75,5.75,3.83,4.295,4.295,4.295,4.295,0,58.7,60.3,60.3,60.3,0.34
4/25/2016,51,51,51,51,0,44.48,45.13,45.59,44.26,-1.4,2.063,2.16,2.176,2.043,-3.6,94.84,95.11,95.08,94.68,-0.29,690,690,690,690,0.29,0.7714,0.7708,0.7731,0.769,0.14,5.89,5.94,6.06,5.94,-1.17,4.41,4.41,4.41,4.41,2.68,58.95,58.95,58.95,58.95,0.43
4/26/2016,51.05,51.05,51.05,51.05,0.1,45.74,44.69,46.49,44.36,2.83,2.032,2.072,2.082,1.993,-1.5,94.57,94.79,94.81,94.2,-0.28,704,704,704,704,2.03,0.7747,0.7715,0.7767,0.7696,0.43,6.61,6.61,6.61,6.61,12.22,4.475,4.475,4.475,4.475,1.47,59.1,59.1,59.1,59.1,0.25
4/27/2016,50.95,50.95,50.95,50.95,-0.2,47.18,46.26,47.45,45.63,3.15,1.995,2.035,2.064,1.95,-1.82,94.39,94.53,94.8,94.15,-0.19,715,715,715,715,1.56,0.7583,0.775,0.7768,0.7548,-2.12,6.83,6.83,6.83,6.83,3.33,4.54,4.54,4.54,4.54,1.45,59.13,59.13,59.13,59.13,0.05
4/28/2016,51,51,51,51,0.1,48.14,47.1,48.19,46.74,2.03,2.078,2.149,2.155,2.054,4.16,93.76,94.39,94.58,93.69,-0.67,710,710,710,710,-0.7,0.7625,0.7593,0.766,0.7574,0.55,6.33,6.33,6.33,6.33,-7.32,4.57,4.57,4.57,4.57,0.66,59.3,59.3,59.3,59.3,0.29
4/29/2016,50.75,50.75,50.75,50.75,-0.49,48.13,47.9,48.5,47.41,-0.02,2.178,2.06,2.195,2.042,4.81,93.08,93.8,93.8,93.01,-0.73,703,703,703,703,-0.99,0.7602,0.7625,0.767,0.7585,-0.3,6.17,6.17,6.17,6.17,-2.53,4.57,4.57,4.57,4.57,0,59.58,59.58,59.58,59.58,0.47
5/2/2016,51,51,51,51,0.49,45.83,47.37,47.4,45.72,-4.78,2.042,2.132,2.143,2.026,-6.24,92.63,93.02,93.07,92.54,-0.48,703,703,703,703,-0.99,0.7665,0.7606,0.7675,0.7591,0.83,6.1,6.1,6.1,6.1,-1.13,4.57,4.57,4.57,4.57,0,64,64,64,64,7.42
5/3/2016,50.8,50.8,50.8,50.8,-0.39,44.97,45.8,46.4,44.62,-1.88,2.086,2.053,2.104,2.041,2.15,92.94,92.6,93.11,91.92,0.33,682,682,682,682,-2.99,0.7483,0.7667,0.7721,0.7482,-2.37,5.98,5.98,5.98,5.98,-1.97,4.52,4.52,4.52,4.52,-1.09,60.63,60.63,60.63,60.63,-5.27
5/4/2016,50.8,50.8,50.8,50.8,0,44.62,45.21,46.01,44.19,-0.78,2.141,2.086,2.16,2.061,2.64,93.18,92.98,93.36,92.85,0.26,652,652,652,652,-4.4,0.7456,0.7484,0.752,0.7446,-0.36,6.12,6.12,6.12,6.12,2.34,4.5,4.5,4.5,4.5,-0.44,59.32,59.32,59.32,59.32,-2.16
5/5/2016,50.8,50.8,50.8,50.8,0,45.01,45.08,46.77,44.65,0.87,2.076,2.143,2.179,2.068,-3.04,93.78,93.21,93.86,93.17,0.64,642,642,642,642,-1.53,0.7464,0.7459,0.7515,0.7451,0.11,6.19,6.19,6.19,6.19,1.14,4.5,4.5,4.5,4.5,0,58.33,58.33,58.33,58.33,-1.67
5/6/2016,50.65,50.65,50.65,50.65,-0.3,45.37,45.16,46.12,44.19,0.8,2.101,2.084,2.109,2.045,1.2,93.89,93.73,93.96,93.28,0.12,631,631,631,631,-1.71,0.7364,0.7466,0.748,0.7338,-1.34,5.85,5.85,5.85,5.85,-5.49,4.47,4.47,4.47,4.47,-0.67,58.3,58.3,58.3,58.3,-0.05
5/9/2016,50.2,50.2,50.2,50.2,-0.89,43.63,45.75,46.48,43.43,-3.84,2.098,2.104,2.126,2.08,-0.14,94.13,93.91,94.2,93.8,0.26,616,616,616,616,-2.38,0.7314,0.7357,0.7387,0.7306,-0.68,5.69,5.69,5.69,5.69,-2.74,4.455,4.455,4.455,4.455,-0.34,55.84,55.84,55.84,55.84,-4.22
5/10/2016,50.2,50.2,50.2,50.2,0,45.52,43.49,45.7,43.33,4.33,2.158,2.1,2.173,2.091,2.86,94.29,94.13,94.36,94.03,0.17,594,594,594,594,-3.57,0.7362,0.7316,0.7375,0.7299,0.66,5.89,5.89,5.89,5.89,3.51,4.455,4.455,4.455,4.455,0,56.23,56.23,56.23,56.23,0.7
5/11/2016,50.4,50.4,50.4,50.4,0.4,47.6,45.59,47.75,44.8,4.57,2.173,2.164,2.183,2.114,0.7,93.82,94.26,94.26,93.68,-0.5,579,579,579,579,-2.53,0.7375,0.7363,0.7404,0.7335,0.18,6.01,5.83,5.83,5.83,2.04,4.455,4.455,4.455,4.455,0,56.51,56.51,56.51,56.51,0.5
5/12/2016,50.35,50.35,50.35,50.35,-0.1,48.08,47.32,48.19,46.8,1.01,2.155,2.163,2.185,2.125,-0.83,94.15,93.85,94.19,93.8,0.35,579,579,579,579,0,0.7325,0.7377,0.7382,0.7309,-0.68,5.8,5.8,5.8,5.8,-3.49,4.46,4.46,4.46,4.46,0.11,55.66,55.66,55.66,55.66,-1.5
5/13/2016,50.55,50.55,50.55,50.55,0.4,47.83,47.85,48.12,47.26,-0.52,2.096,2.134,2.164,2.075,-2.74,94.61,94.12,94.84,94.12,0.49,600,600,600,600,3.63,0.7263,0.7326,0.7328,0.7253,-0.85,5.84,5.85,5.85,5.85,0.69,4.46,4.46,4.46,4.46,0.11,55.49,55.49,55.49,55.49,-0.31
5/16/2016,50.65,50.65,50.65,50.65,0.2,48.97,47.8,49.47,47.77,2.38,2.029,2.08,2.087,2.023,-3.2,94.57,94.65,94.68,94.4,-0.04,613,613,613,613,2.17,0.7287,0.7255,0.7311,0.7235,0.33,6.1,6.1,6.1,6.1,4.45,4.475,4.475,4.475,4.475,0.34,55.59,55.59,55.59,55.59,0.18
5/17/2016,50.85,50.85,50.85,50.85,0.39,49.28,49.03,49.75,48.57,0.63,2.048,2.037,2.083,2.03,0.94,94.55,94.57,94.71,94.33,-0.02,643,643,643,643,4.89,0.7322,0.7289,0.7369,0.7281,0.48,6.04,6.04,6.04,6.04,-0.98,4.475,4.475,4.475,4.475,0,56.55,56.55,56.55,56.55,1.73
5/18/2016,50.85,50.85,50.85,50.85,0,48.93,49.36,49.85,48.45,-0.71,2.001,2.054,2.057,1.994,-2.29,95.08,94.58,95.27,94.53,0.56,642,642,642,642,-0.16,0.7228,0.7325,0.7334,0.7219,-1.28,6.05,6.05,6.05,6.05,0.17,4.61,4.61,4.61,4.61,3.02,56.21,56.21,56.21,56.21,-0.6
5/19/2016,50.95,50.95,50.95,50.95,0.2,48.81,48.67,48.88,47.38,-0.25,2.039,2.01,2.052,1.952,1.9,95.29,95.15,95.5,95.12,0.22,634,634,634,634,-1.25,0.7225,0.7231,0.7245,0.7175,-0.04,5.98,5.9,5.9,5.89,-1.16,4.61,4.61,4.61,4.61,0,56.11,56.11,56.11,56.11,-0.18
5/20/2016,50.95,50.95,50.95,50.95,0,48.72,48.9,49.39,48.07,-0.18,2.062,2.037,2.074,2.015,1.13,95.33,95.29,95.46,95.17,0.04,625,625,625,625,-1.42,0.7219,0.7227,0.7252,0.7211,-0.08,5.95,5.92,5.97,5.92,-0.5,4.61,4.61,4.61,4.61,0,56,56,56,56,-0.2
5/23/2016,50.95,50.95,50.95,50.95,0,48.35,48.72,48.84,47.58,-0.76,2.055,2.093,2.133,2.05,-0.34,95.23,95.32,95.48,95.1,-0.1,624,624,624,624,-0.16,0.722,0.7224,0.7262,0.7194,0.01,5.72,5.9,5.9,5.86,-3.87,4.61,4.61,4.61,4.61,0,55.78,55.78,55.78,55.78,-0.39
5/24/2016,51,51,51,51,0.1,48.61,48.35,49.24,47.8,0.54,1.98,2.064,2.087,1.976,-3.65,95.57,95.27,95.66,95.2,0.36,618,618,618,618,-0.96,0.7182,0.7223,0.7231,0.7144,-0.53,5.78,5.81,5.81,5.81,1.05,4.61,4.61,4.61,4.61,0,55.65,55.65,55.65,55.65,-0.23
5/25/2016,51.25,51.25,51.25,51.25,0.49,49.74,49.16,49.96,48.91,2.32,1.992,1.98,2.008,1.955,0.61,95.35,95.63,95.66,95.33,-0.23,605,605,605,605,-2.1,0.7198,0.7183,0.7221,0.7172,0.22,5.85,5.85,5.85,5.85,1.21,4.61,4.61,4.61,4.61,0,55.42,55.42,55.42,55.42,-0.41
5/26/2016,51.35,51.35,51.35,51.35,0.2,49.59,49.76,50.51,49.25,-0.3,1.963,1.972,1.985,1.909,-1.46,95.17,95.42,95.42,94.94,-0.19,601,601,601,601,-0.66,0.7225,0.7199,0.7246,0.7164,0.38,6.01,6.01,6.01,6.01,2.74,4.66,4.66,4.66,4.66,1.08,55.13,55.13,55.13,55.13,-0.52
5/27/2016,51.35,51.35,51.35,51.35,0,49.32,49.42,49.55,48.69,-0.54,2.169,2.145,2.191,2.101,10.49,95.52,95.14,95.78,95.08,0.37,606,606,606,606,0.83,0.7179,0.7226,0.7237,0.717,-0.64,6.02,6.02,6.02,6.02,0.17,4.66,4.66,4.66,4.66,0,54.94,54.94,54.94,54.94,-0.34
5/30/2016,53.2,53.2,53.2,53.2,3.6,49.76,49.43,49.83,48.92,0.89,2.166,2.171,2.171,2.151,-0.23,95.52,95.7,95.97,95.52,0,606,606,606,606,0.83,0.7179,0.7183,0.7191,0.7148,0,6.1,6.1,6.1,6.1,1.33,4.66,4.66,4.66,4.66,0,54.94,54.94,54.94,54.94,-0.34
5/31/2016,53.5,53.5,53.5,53.5,0.56,49.69,49.7,50.05,49.23,-0.14,2.288,2.16,2.303,2.151,5.63,95.89,95.66,95.89,95.46,0.39,612,612,612,612,0.99,0.7229,0.7183,0.7269,0.7179,0.7,6.08,6.08,6.08,6.08,-0.33,4.71,4.71,4.71,4.71,1.07,54.49,54.49,54.49,54.49,-0.82
6/1/2016,53.1,53.1,53.1,53.1,-0.75,49.72,49.65,50,48.65,0.06,2.381,2.287,2.386,2.277,4.06,95.45,95.81,95.9,95.34,-0.46,612,612,612,612,0,0.7258,0.7236,0.7302,0.7226,0.4,5.95,5.98,5.98,5.98,-2.14,4.69,4.69,4.69,4.69,-0.42,47.46,47.46,47.46,47.46,-12.9
6/2/2016,53.55,53.55,53.55,53.55,0.85,50.04,49.63,50.3,48.84,0.64,2.405,2.369,2.424,2.361,1.01,95.56,95.43,95.61,95.15,0.12,606,606,606,606,-0.98,0.7229,0.726,0.7271,0.7201,-0.4,6.01,6.01,6.01,6.01,1.01,4.755,4.755,4.755,4.755,1.39,47.69,47.69,47.69,47.69,0.48
6/3/2016,54,54,54,54,0.84,49.64,49.95,50.33,49.3,-0.8,2.398,2.404,2.454,2.387,-0.29,94.03,95.55,95.64,93.86,-1.6,610,610,610,610,0.66,0.7364,0.7229,0.7371,0.7217,1.87,5.93,5.93,5.93,5.93,-1.33,4.755,4.755,4.755,4.755,0,48.19,48.19,48.19,48.19,1.05
6/6/2016,54.65,54.65,54.65,54.65,1.2,50.55,49.83,50.83,49.72,1.83,2.466,2.439,2.48,2.399,2.84,93.9,94.02,94.27,93.75,-0.14,607,607,607,607,-0.49,0.7366,0.7366,0.7393,0.7314,0.03,6.19,6.19,6.19,6.19,4.38,4.77,4.77,4.77,4.77,0.32,50.17,50.17,50.17,50.17,4.11
6/7/2016,54.15,54.15,54.15,54.15,-0.91,51.44,50.46,51.54,50.28,1.76,2.474,2.444,2.491,2.408,0.32,93.83,94.02,94.09,93.75,-0.07,606,606,606,606,-0.16,0.7457,0.7365,0.7466,0.7358,1.24,6.1,6.36,6.36,6.36,-1.45,4.8,4.8,4.8,4.8,0.63,50.37,50.37,50.37,50.37,0.4
6/8/2016,53.4,53.4,53.4,53.4,-1.39,52.51,51.41,52.8,51.32,2.08,2.468,2.481,2.501,2.453,-0.24,93.59,93.86,93.87,93.42,-0.26,610,610,610,610,0.66,0.7468,0.7458,0.7485,0.7429,0.15,6.09,6.09,6.09,6.09,-0.16,4.8,4.8,4.8,4.8,0,50.3,50.3,50.3,50.3,-0.14
6/9/2016,52.95,52.95,52.95,52.95,-0.84,51.95,52.74,52.86,51.53,-1.07,2.617,2.465,2.63,2.451,6.04,93.95,93.55,94.13,93.43,0.38,611,611,611,611,0.16,0.7427,0.7471,0.7507,0.742,-0.55,6.1,6.06,6.06,6.06,0.16,4.8,4.8,4.8,4.8,0,50.7,50.7,50.7,50.7,0.8
6/10/2016,53,53,53,53,0.09,50.54,51.91,52.1,50.33,-2.71,2.556,2.593,2.609,2.551,-2.33,94.57,94.09,94.71,94.05,0.66,610,610,610,610,-0.16,0.7371,0.7431,0.744,0.7369,-0.75,5.94,5.97,5.97,5.95,-2.62,4.82,4.82,4.82,4.82,0.42,50.86,50.86,50.86,50.86,0.32
6/13/2016,53.05,53.05,53.05,53.05,0.09,50.35,50.42,50.79,49.61,-0.38,2.585,2.595,2.635,2.57,1.13,94.36,94.65,94.75,94.24,-0.22,609,609,609,609,-0.16,0.7385,0.7381,0.7413,0.7358,0.19,5.84,5.89,5.89,5.85,-1.68,4.835,4.835,4.835,4.835,0.31,50.92,50.92,50.92,50.92,0.12
6/14/2016,52.4,52.4,52.4,52.4,-1.23,49.83,49.89,50.05,49.2,-1.03,2.604,2.576,2.621,2.535,0.74,94.93,94.36,95.03,94.32,0.6,608,608,608,608,-0.16,0.7356,0.7388,0.7407,0.7329,-0.39,5.84,5.84,5.84,5.84,0,4.835,4.835,4.835,4.835,0,50.19,50.19,50.19,50.19,-1.43
6/15/2016,52.45,52.45,52.45,52.45,0.1,48.97,49.22,49.8,48.39,-1.73,2.595,2.607,2.634,2.586,-0.35,94.61,94.91,95.04,94.36,-0.34,604,604,604,604,-0.66,0.7404,0.7359,0.7448,0.7333,0.65,5.89,5.89,5.89,5.89,0.86,4.835,4.835,4.835,4.835,0,50.27,50.27,50.27,50.27,0.16
6/16/2016,52.6,52.6,52.6,52.6,0.29,47.19,48.56,48.77,46.94,-3.63,2.58,2.592,2.639,2.553,-0.58,94.57,94.6,95.32,94.2,-0.04,598,598,598,598,-0.99,0.7359,0.7408,0.7435,0.7285,-0.61,5.7,5.7,5.7,5.7,-3.23,5.05,5.05,5.05,5.05,4.45,50.38,50.38,50.38,50.38,0.22
6/17/2016,52.55,52.55,52.55,52.55,-0.1,49.17,47.28,49.4,47.25,4.2,2.623,2.584,2.656,2.554,1.67,94.21,94.58,94.59,94.07,-0.38,587,587,587,587,-1.84,0.7396,0.7363,0.7413,0.7358,0.5,5.66,5.74,5.74,5.67,-0.7,5.05,5.05,5.05,5.05,0,50.55,50.15,50.15,50.15,0.34
6/20/2016,52.85,52.85,52.85,52.85,0.57,50.65,49.42,50.68,49.24,3.01,2.747,2.652,2.759,2.65,4.73,93.61,93.87,93.87,93.45,-0.64,582,582,582,582,-0.85,0.7457,0.74,0.7483,0.7398,0.82,5.84,5.84,5.84,5.84,3.18,5.095,5.095,5.095,5.095,0.89,50.54,50.54,50.54,50.54,-0.02
6/21/2016,52.75,52.75,52.75,52.75,-0.19,50.62,50.43,51.1,49.46,-0.06,2.768,2.743,2.786,2.71,0.76,94.02,93.61,94.14,93.42,0.44,580,580,580,580,-0.34,0.7444,0.7458,0.7514,0.7445,-0.17,5.54,5.56,5.56,5.56,-5.14,5.265,5.265,5.265,5.265,3.34,50.58,50.58,50.58,50.58,0.08
6/22/2016,52.95,52.95,52.95,52.95,0.38,49.88,51.06,51.24,49.18,-1.46,2.677,2.765,2.775,2.657,-3.29,93.72,94.05,94.12,93.42,-0.32,585,585,585,585,0.86,0.75,0.7449,0.7529,0.744,0.75,5.67,5.57,5.57,5.57,2.35,5.265,5.265,5.265,5.265,0,50.83,50.83,50.83,50.83,0.49
6/23/2016,52.95,52.95,52.95,52.95,0,50.91,50.14,51.18,49.89,2.06,2.698,2.67,2.72,2.614,0.78,93.53,93.5,93.61,93.02,-0.2,596,596,596,596,1.88,0.7608,0.7502,0.7619,0.7492,1.44,5.63,5.63,5.63,5.63,-0.71,5.305,5.305,5.305,5.305,0.76,50.87,50.87,50.87,50.87,0.08
6/24/2016,52.9,52.9,52.9,52.9,-0.09,48.41,50.69,50.74,47.54,-4.91,2.662,2.703,2.703,2.625,-1.33,95.45,93.45,96.7,93.45,2.05,609,609,609,609,2.18,0.7458,0.7611,0.765,0.7305,-1.97,4.95,4.89,4.89,4.89,-12.08,5.305,5.305,5.305,5.305,0,50.83,50.83,50.83,50.83,-0.08
6/27/2016,54.05,54.05,54.05,54.05,2.17,47.16,48.43,48.9,46.69,-2.58,2.716,2.636,2.736,2.631,2.03,96.54,96.07,96.7,95.81,1.14,616,616,616,616,1.15,0.7322,0.7453,0.7462,0.7319,-1.82,4.76,5.06,5.06,5,-3.84,5.24,5.24,5.24,5.24,-1.23,51.03,51.03,51.03,51.03,0.39
6/28/2016,55.25,55.25,55.25,55.25,2.22,48.58,47.61,48.79,47.47,3.01,2.917,2.726,2.934,2.721,7.4,96.25,96.41,96.41,95.77,-0.3,627,627,627,627,1.79,0.7387,0.7333,0.7418,0.7321,0.89,4.68,4.68,4.68,4.68,-1.68,5.24,5.24,5.24,5.24,0,51.12,51.12,51.12,51.12,0.18
6/29/2016,55.65,55.65,55.65,55.65,0.72,50.61,48.84,50.74,48.62,4.18,2.863,2.879,2.974,2.844,-1.85,95.77,96.04,96.2,95.59,-0.5,640,640,640,640,2.07,0.7448,0.7385,0.7458,0.7376,0.83,4.51,4.51,4.51,4.51,-3.63,5.24,5.24,5.24,5.24,0,51.23,51.23,51.23,51.23,0.22
6/30/2016,56.95,56.95,56.95,56.95,2.34,49.68,50.21,50.28,49.47,-1.84,2.924,2.863,2.945,2.851,2.13,96.14,95.67,96.42,95.44,0.39,660,660,660,660,3.13,0.745,0.7452,0.7474,0.7371,0.03,4.46,4.46,4.46,4.46,-1.11,5.215,5.215,5.215,5.215,-0.48,51.36,51.36,51.36,51.36,0.25
7/1/2016,58.15,58.15,58.15,58.15,2.11,50.35,49.9,50.66,49.25,1.35,2.987,2.931,2.998,2.891,2.15,95.65,95.89,96.08,95.41,-0.51,677,677,677,677,2.58,0.7493,0.7449,0.7505,0.7433,0.58,4.61,4.46,4.46,4.46,3.36,5.215,5.215,5.215,5.215,0,52.73,52.6,52.6,52.6,2.67
7/4/2016,59.2,59.2,59.2,59.2,1.81,50.1,50.6,50.75,50.03,-0.5,2.916,2.904,2.945,2.886,0.45,95.65,95.69,95.89,95.43,0,688,688,688,688,1.62,0.7534,0.7448,0.7547,0.7439,0.55,4.96,4.96,4.96,4.96,7.59,5.215,5.215,5.215,5.215,0,52.73,52.6,52.6,52.6,2.67
7/5/2016,58.6,58.6,58.6,58.6,-1.01,47.96,50.03,50.05,47.54,-4.27,2.764,2.915,2.945,2.752,-5.21,96.17,95.54,96.25,95.34,0.54,692,692,692,692,0.58,0.7458,0.7539,0.7546,0.7452,-1.01,4.7,4.7,4.7,4.7,-5.24,5.195,5.195,5.195,5.195,-0.38,54.16,54.16,54.16,54.16,2.71
7/6/2016,58.4,58.4,58.4,58.4,-0.34,48.8,48.06,49.31,47.17,1.75,2.786,2.768,2.802,2.697,0.8,96.05,96.25,96.5,95.98,-0.12,694,694,694,694,0.29,0.7515,0.7462,0.7531,0.7407,0.76,4.58,4.51,4.51,4.51,-2.55,5.195,5.195,5.195,5.195,0,52.88,52.88,52.88,52.88,-2.36
7/7/2016,58.95,58.95,58.95,58.95,0.94,46.4,49.12,49.59,46.15,-4.92,2.777,2.803,2.841,2.725,-0.32,96.33,96.13,96.34,95.92,0.29,699,699,699,699,0.72,0.7477,0.752,0.7541,0.7466,-0.51,4.57,4.72,4.72,4.63,-0.22,5.195,5.195,5.195,5.195,0,53.72,53.72,53.72,53.72,1.59
7/8/2016,59.25,59.25,59.25,59.25,0.51,46.76,46.6,47.23,46.15,0.78,2.801,2.758,2.825,2.748,0.86,96.3,96.28,96.7,95.83,-0.03,703,703,703,703,0.57,0.7567,0.7479,0.7575,0.747,1.2,4.53,4.53,4.53,4.53,-0.88,5.225,5.225,5.225,5.225,0.58,54.24,53.57,53.57,53.57,0.97
7/11/2016,59.6,59.6,59.6,59.6,0.59,46.25,46.49,47.1,45.9,-1.09,2.702,2.819,2.871,2.696,-3.53,96.57,96.29,96.79,96.27,0.28,704,704,704,704,0.14,0.7529,0.7566,0.7577,0.7521,-0.5,4.42,4.53,4.53,4.48,-2.43,5.245,5.245,5.245,5.245,0.38,54.53,54.53,54.53,54.53,0.53
7/12/2016,60.7,60.7,60.7,60.7,1.85,48.47,46.17,48.57,46.09,4.8,2.734,2.717,2.751,2.687,1.18,96.44,96.54,96.64,96.07,-0.13,711,711,711,711,0.99,0.7621,0.7532,0.766,0.7528,1.22,4.62,4.43,4.58,4.43,4.52,5.255,5.255,5.255,5.255,0.19,55.56,55.56,55.56,55.56,1.89
7/13/2016,61.1,61.1,61.1,61.1,0.66,46.26,48.13,48.2,46.09,-4.56,2.737,2.738,2.799,2.702,0.11,96.22,96.51,96.6,96.09,-0.23,726,726,726,726,2.11,0.7605,0.7621,0.7641,0.7578,-0.21,4.78,4.78,4.78,4.78,3.46,5.265,5.265,5.265,5.265,0.19,56.36,56.36,56.36,56.36,1.44
7/14/2016,61.1,61.1,61.1,61.1,0,47.37,46.59,47.47,46.34,2.4,2.727,2.751,2.769,2.709,-0.37,96.08,96.27,96.37,95.83,-0.15,738,738,738,738,1.65,0.7628,0.7607,0.7655,0.7591,0.3,4.77,4.85,4.85,4.85,-0.21,5.275,5.275,5.275,5.275,0.19,56.11,56.11,56.11,56.11,-0.44
7/15/2016,61.3,61.3,61.3,61.3,0.33,47.61,47.03,48.25,46.65,0.51,2.756,2.73,2.778,2.669,1.06,96.58,96.13,96.73,95.91,0.52,745,745,745,745,0.95,0.7577,0.7632,0.7676,0.7558,-0.67,4.92,4.7,4.7,4.7,3.14,5.275,5.275,5.275,5.275,0,56.34,56.34,56.34,56.34,0.41
7/18/2016,60.85,60.85,60.85,60.85,-0.73,46.96,47.92,47.95,46.5,-1.37,2.722,2.775,2.799,2.708,-1.23,96.56,96.59,96.71,96.47,-0.02,748,748,748,748,0.4,0.759,0.7579,0.7609,0.7574,0.17,4.84,4.84,4.84,4.84,-1.63,5.65,5.65,5.65,5.65,7.11,55.71,55.71,55.71,55.71,-1.12
7/19/2016,60.95,60.95,60.95,60.95,0.16,46.66,46.93,47.49,46.53,-0.64,2.728,2.733,2.787,2.714,0.22,97.06,96.55,97.15,96.52,0.52,746,746,746,746,-0.27,0.7501,0.7592,0.7595,0.7475,-1.17,4.66,4.66,4.66,4.66,-3.72,5.745,5.745,5.745,5.745,1.68,55.65,55.65,55.65,55.65,-0.11
7/20/2016,60.9,60.9,60.9,60.9,-0.08,47.17,46.76,47.49,45.9,1.09,2.658,2.722,2.73,2.648,-2.57,97.2,97.08,97.32,96.99,0.14,736,736,736,736,-1.34,0.7477,0.7504,0.7519,0.7461,-0.32,4.68,4.68,4.68,4.68,0.43,5.79,5.79,5.79,5.79,0.78,55.78,55.78,55.78,55.78,0.23
7/21/2016,60.95,60.95,60.95,60.95,0.08,46.2,47.17,47.56,46.05,-2.06,2.692,2.665,2.71,2.625,1.28,97,97.13,97.21,96.73,-0.21,726,726,726,726,-1.36,0.7495,0.7481,0.7515,0.7452,0.24,4.64,4.72,4.72,4.72,-0.85,5.875,5.875,5.875,5.875,1.47,56.13,56.13,56.13,56.13,0.63
7/22/2016,60.85,60.85,60.85,60.85,-0.16,45.69,46.21,46.5,45.17,-1.1,2.777,2.688,2.795,2.66,3.16,97.47,96.92,97.54,96.83,0.48,718,718,718,718,-1.1,0.7461,0.7496,0.751,0.7441,-0.45,4.55,4.55,4.55,4.55,-1.94,5.955,5.955,5.955,5.955,1.36,56.04,56.04,56.04,56.04,-0.16
7/25/2016,61.25,61.25,61.25,61.25,0.66,44.72,45.7,45.87,44.55,-2.12,2.747,2.779,2.818,2.728,-1.08,97.29,97.35,97.57,97.22,-0.18,709,709,709,709,-1.25,0.7466,0.7462,0.7494,0.7452,0.07,4.58,4.58,4.58,4.58,0.66,5.995,5.995,5.995,5.995,0.67,56.15,56.15,56.15,56.15,0.2
7/26/2016,61.05,61.05,61.05,61.05,-0.33,44.87,44.82,44.96,44.14,0.34,2.712,2.733,2.772,2.682,-1.27,97.16,97.29,97.32,96.85,-0.13,696,696,696,696,-1.83,0.75,0.7469,0.7543,0.7461,0.46,4.5,4.5,4.5,4.5,-1.75,5.995,5.995,5.995,5.995,0,56.25,56.25,56.25,56.25,0.18
7/27/2016,61.2,61.2,61.2,61.2,0.25,43.47,44.55,44.91,43.27,-3.12,2.672,2.691,2.75,2.654,-1.47,97.05,97.14,97.53,96.67,-0.11,679,679,679,679,-2.44,0.749,0.7503,0.7568,0.742,-0.13,4.52,4.52,4.52,4.52,0.44,5.995,5.995,5.995,5.995,0,56.34,56.34,56.34,56.34,0.16
7/28/2016,61.25,61.25,61.25,61.25,0.08,42.7,43.53,43.72,42.56,-1.77,2.873,2.673,2.893,2.651,7.52,96.74,96.73,96.77,96.29,-0.32,665,665,665,665,-2.06,0.75,0.7491,0.7552,0.7485,0.13,4.47,4.47,4.47,4.47,-1.11,5.995,5.995,5.995,5.995,0,56.5,56.5,56.5,56.5,0.28
7/29/2016,61.15,61.15,61.15,61.15,-0.16,42.46,42.61,42.83,41.8,-0.56,2.876,2.857,2.911,2.837,0.1,95.53,96.62,96.62,95.38,-1.25,656,656,656,656,-1.35,0.7595,0.7505,0.7612,0.7492,1.27,4.41,4.4,4.4,4.4,-1.34,5.995,5.995,5.995,5.995,0,56.61,56.61,56.61,56.61,0.19
8/1/2016,67.7,67.7,67.7,67.7,10.71,42.14,43.11,43.85,41.87,-0.75,2.771,2.84,2.876,2.768,-3.65,95.71,95.59,95.82,95.54,0.19,650,650,650,650,-0.91,0.7534,0.7593,0.7617,0.7528,-0.8,4.37,4.37,4.37,4.37,-0.91,5.995,5.995,5.995,5.995,0,59.78,59.78,59.78,59.78,5.6
8/2/2016,67.6,67.6,67.6,67.6,-0.15,41.8,42.23,43.18,41.51,-0.81,2.733,2.774,2.799,2.728,-1.37,95.06,95.82,95.85,95,-0.68,645,645,645,645,-0.77,0.7609,0.7538,0.764,0.7498,1,4.4,4.4,4.4,4.4,0.69,5.925,5.925,5.925,5.925,-1.17,59.88,59.88,59.88,59.88,0.17
8/3/2016,67.3,67.3,67.3,67.3,-0.44,43.1,41.94,43.47,41.56,3.11,2.839,2.734,2.866,2.722,3.88,95.56,95.13,95.61,95.13,0.53,641,641,641,641,-0.62,0.7588,0.7611,0.7618,0.7568,-0.28,4.62,4.56,4.59,4.56,5,5.845,5.845,5.845,5.845,-1.35,59.48,59.48,59.48,59.48,-0.67
8/4/2016,65,65,65,65,-3.42,44.29,43.36,44.34,42.51,2.76,2.834,2.842,2.885,2.81,-0.18,95.76,95.54,95.9,95.42,0.21,636,636,636,636,-0.78,0.7627,0.7588,0.7643,0.7582,0.51,4.68,4.68,4.68,4.68,1.3,5.845,5.845,5.845,5.845,0,59.05,59.05,59.05,59.05,-0.72
8/5/2016,65,65,65,65,0,44.27,44.18,44.49,43.51,-0.05,2.772,2.829,2.832,2.756,-2.19,96.19,95.78,96.52,95.55,0.45,636,636,636,636,0,0.7619,0.7628,0.7666,0.7596,-0.1,4.72,4.72,4.72,4.72,0.85,5.845,5.845,5.845,5.845,0,60.19,60.19,60.19,60.19,1.93
8/8/2016,67.25,67.25,67.25,67.25,3.46,45.39,44.34,45.71,44.24,2.53,2.748,2.749,2.761,2.705,-0.87,96.4,96.29,96.47,96.15,0.22,636,636,636,636,0,0.765,0.7616,0.7675,0.7596,0.41,4.94,4.94,4.94,4.94,4.66,5.82,5.82,5.82,5.82,-0.43,60.99,60.99,60.99,60.99,1.33
8/9/2016,67,67,67,67,-0.37,44.98,45.25,45.77,44.76,-0.9,2.615,2.738,2.744,2.605,-4.84,96.18,96.39,96.52,96.08,-0.23,631,631,631,631,-0.79,0.7671,0.7651,0.769,0.7621,0.27,4.87,4.87,4.87,4.87,-1.42,5.82,5.82,5.82,5.82,0,60.32,60.32,60.32,60.32,-1.1
8/10/2016,66.3,66.3,66.3,66.3,-1.04,44.05,44.92,45.68,43.81,-2.07,2.561,2.619,2.65,2.551,-2.07,95.65,96.12,96.12,95.44,-0.55,638,638,638,638,1.11,0.7702,0.7671,0.7758,0.7661,0.4,4.76,4.76,4.76,4.76,-2.26,5.805,5.805,5.805,5.805,-0.26,60.25,60.25,60.25,60.25,-0.12
8/11/2016,67.85,67.85,67.85,67.85,2.34,46.04,43.78,46.3,43.46,4.52,2.551,2.57,2.605,2.529,-0.39,95.86,95.58,95.97,95.5,0.22,653,653,653,653,2.35,0.7695,0.7702,0.7756,0.7691,-0.09,4.87,4.87,4.87,4.87,2.31,5.805,5.805,5.805,5.805,0,59.73,59.73,59.73,59.73,-0.86
8/12/2016,68.3,68.3,68.3,68.3,0.66,46.97,46.18,47.25,45.74,2.02,2.586,2.535,2.625,2.523,1.37,95.72,95.92,95.99,95.25,-0.15,671,671,671,671,2.76,0.7646,0.77,0.7727,0.7644,-0.64,4.89,4.89,4.89,4.89,0.41,5.805,5.805,5.805,5.805,0,59.83,59.83,59.83,59.83,0.17
8/15/2016,67.6,67.6,67.6,67.6,-1.02,48.35,47.14,48.54,46.84,2.94,2.59,2.565,2.636,2.561,0.15,95.63,95.65,95.8,95.47,-0.09,681,681,681,681,1.49,0.7672,0.7649,0.7694,0.7635,0.34,4.8,4.8,4.8,4.8,-1.84,5.805,5.805,5.805,5.805,0,59.66,59.66,59.66,59.66,-0.28
8/16/2016,67.6,67.6,67.6,67.6,0,49.23,48.22,49.36,47.9,1.82,2.617,2.591,2.63,2.58,1.04,94.79,95.61,95.66,94.43,-0.88,687,687,687,687,0.88,0.7694,0.7674,0.7752,0.7653,0.29,4.69,4.69,4.69,4.69,-2.29,5.45,5.45,5.45,5.45,-6.12,60.45,60.45,60.45,60.45,1.32
8/17/2016,68.1,68.1,68.1,68.1,0.74,49.85,48.88,49.93,48.55,1.26,2.619,2.627,2.648,2.585,0.08,94.72,94.8,95.1,94.51,-0.07,685,685,685,685,-0.29,0.7654,0.7695,0.771,0.7609,-0.52,4.48,4.48,4.48,4.48,-4.48,5.5,5.5,5.5,5.5,0.92,60.15,60.15,60.15,60.15,-0.5
8/18/2016,67.05,67.05,67.05,67.05,-1.54,50.89,49.76,51.05,49.52,2.09,2.674,2.615,2.697,2.602,2.1,94.16,94.7,94.7,94.08,-0.59,682,682,682,682,-0.44,0.7685,0.7656,0.7725,0.7645,0.41,4.68,4.49,4.49,4.49,4.46,5.5,5.5,5.5,5.5,0,60.38,60.38,60.38,60.38,0.38
8/19/2016,67.55,67.55,67.55,67.55,0.75,50.88,50.96,51.22,50.32,-0.02,2.584,2.66,2.67,2.569,-3.37,94.51,94.23,94.63,94.22,0.37,683,683,683,683,0.15,0.7624,0.7687,0.7694,0.7598,-0.79,4.76,4.76,4.76,4.76,1.71,5.625,5.625,5.625,5.625,2.27,60.59,59.68,60.63,59.68,0.35
8/22/2016,68.15,68.15,68.15,68.15,0.89,49.16,50.7,50.7,49.07,-3.38,2.679,2.596,2.696,2.596,3.68,94.52,94.72,94.96,94.44,0.01,687,687,687,687,0.59,0.7617,0.7608,0.7642,0.7582,-0.09,4.89,4.87,4.87,4.87,2.73,5.625,5.625,5.625,5.625,0,60.67,60.67,60.67,60.67,0.13
8/23/2016,67.1,67.1,67.1,67.1,-1.54,49.96,49.04,50.21,48.48,1.63,2.761,2.671,2.765,2.652,3.06,94.54,94.55,94.58,94.21,0.02,692,692,692,692,0.73,0.7615,0.7625,0.7657,0.7611,-0.03,4.7,4.7,4.7,4.7,-3.89,5.55,5.55,5.55,5.55,-1.33,60.78,60.78,60.78,60.78,0.18
8/24/2016,67,67,67,67,-0.15,49.05,49.57,49.87,48.68,-1.82,2.796,2.761,2.819,2.749,1.27,94.79,94.55,94.91,94.5,0.26,706,706,706,706,2.02,0.7612,0.7615,0.7635,0.7588,-0.04,4.6,4.6,4.6,4.6,-2.13,5.55,5.55,5.55,5.55,0,60.78,60.78,60.78,60.78,0
8/25/2016,67.45,67.45,67.45,67.45,0.67,49.67,49.03,49.78,48.7,1.26,2.846,2.79,2.863,2.749,1.79,94.77,94.78,94.83,94.59,-0.02,718,718,718,718,1.7,0.7615,0.7613,0.7641,0.7601,0.04,4.7,4.7,4.7,4.7,2.17,5.55,5.55,5.55,5.55,0,60.77,60.77,60.77,60.77,-0.02
8/26/2016,67.15,67.15,67.15,67.15,-0.44,49.92,49.66,50.76,49.12,0.5,2.871,2.84,2.907,2.797,0.88,95.57,94.72,95.59,94.25,0.84,720,720,720,720,0.28,0.7563,0.7618,0.7694,0.755,-0.68,4.69,4.69,4.69,4.69,-0.21,5.52,5.52,5.52,5.52,-0.54,60.69,60.35,60.35,60.17,-0.13
8/29/2016,66.95,66.95,66.95,66.95,-0.3,49.26,49.54,49.6,48.97,-1.32,2.853,2.847,2.896,2.831,-0.63,95.58,95.61,95.83,95.48,0.01,720,720,720,720,0.28,0.7567,0.7565,0.7585,0.7524,0.05,4.69,4.69,4.69,4.69,0,5.46,5.46,5.46,5.46,-1.09,60.58,60.58,60.58,60.58,-0.18
8/30/2016,68,68,68,68,1.57,48.37,49.25,49.76,48.23,-1.81,2.827,2.893,2.943,2.815,-0.91,96.05,95.58,96.14,95.53,0.49,715,715,715,715,-0.69,0.7509,0.7568,0.7582,0.7499,-0.77,4.54,4.54,4.54,4.54,-3.2,5.46,5.46,5.46,5.46,0,60.5,60.5,60.5,60.5,-0.13
8/31/2016,68.75,69,69,69,1.1,47.04,48.29,48.42,46.96,-2.75,2.887,2.834,2.9,2.808,2.12,96.02,96.01,96.25,95.9,-0.03,711,711,711,711,-0.56,0.7514,0.7512,0.7535,0.749,0.07,4.46,4.46,4.46,4.46,-1.76,5.435,5.435,5.435,5.435,-0.46,60.43,60.43,60.43,60.43,-0.12
9/1/2016,69.05,69.05,69.05,69.05,0.44,45.45,46.98,47.24,45.32,-3.38,2.792,2.879,2.89,2.785,-3.29,95.65,95.98,96.24,95.59,-0.39,712,712,712,712,0.14,0.7551,0.7516,0.7561,0.7504,0.49,4.37,4.37,4.37,4.37,-2.02,5.435,5.435,5.435,5.435,0,57.95,57.95,57.95,57.95,-4.1
9/2/2016,69.15,69.15,69.15,69.15,0.14,46.83,45.79,47.02,45.41,3.04,2.792,2.805,2.825,2.77,0,95.84,95.67,95.96,95.19,0.2,720,720,720,720,1.12,0.757,0.7552,0.7617,0.7534,0.25,4.08,4.35,4.35,4.33,-6.64,5.435,5.435,5.435,5.435,0,58.05,58.05,58.05,58.05,0.17
9/5/2016,69.85,69.85,69.85,69.85,1.01,47.63,46.7,49.4,46.4,1.71,2.752,2.756,2.77,2.734,-0.22,95.84,95.89,95.89,95.55,0,724,724,724,724,0.56,0.7578,0.7571,0.7609,0.7561,0.11,3.93,3.93,3.93,3.93,-3.68,5.435,5.435,5.435,5.435,0,58.05,58.05,58.05,58.05,0.17
9/6/2016,70.75,70.75,70.75,70.75,1.29,47.26,47.43,47.99,46.29,-0.78,2.717,2.764,2.77,2.708,-1.27,94.82,95.79,95.86,94.77,-1.06,745,745,745,745,2.9,0.7686,0.7583,0.7691,0.7579,1.43,4.13,4.13,4.13,4.13,5.09,5.435,5.435,5.435,5.435,0,58.35,58.35,58.35,58.35,0.52
9/7/2016,69.8,69.8,69.8,69.8,-1.34,47.98,47.2,48.56,46.97,1.52,2.676,2.725,2.743,2.665,-1.51,94.96,94.89,95.06,94.69,0.15,773,773,773,773,3.76,0.7672,0.7689,0.77,0.7651,-0.18,4.01,4.01,4.01,4.01,-2.91,5.435,5.435,5.435,5.435,0,57.47,57.47,57.47,57.47,-1.51
9/8/2016,69.6,69.6,69.6,69.6,-0.29,49.99,48.55,50.14,48.21,4.19,2.806,2.681,2.821,2.679,4.86,95.03,94.96,95.14,94.47,0.07,792,792,792,792,2.46,0.764,0.7673,0.7735,0.7634,-0.42,4.08,4.08,4.08,4.08,1.75,5.48,5.48,5.48,5.48,0.83,57.67,57.67,57.67,57.67,0.35
9/9/2016,69.7,69.7,69.7,69.7,0.14,48.01,49.63,49.7,47.76,-3.96,2.797,2.81,2.844,2.783,-0.32,95.34,94.94,95.58,94.8,0.33,804,804,804,804,1.52,0.7538,0.7644,0.7658,0.7536,-1.34,4.08,4.08,4.08,4.08,0,5.48,5.48,5.48,5.48,0,57.87,57.87,57.87,57.87,0.35
9/12/2016,70,70,70,70,0.43,48.32,47.81,48.63,46.9,0.65,2.915,2.82,2.924,2.82,4.22,95.09,95.3,95.45,94.94,-0.26,804,804,804,804,0,0.7563,0.7542,0.7569,0.7493,0.33,4.03,4.03,4.03,4.03,-1.23,5.45,5.45,5.45,5.45,-0.55,57.49,57.49,57.49,57.49,-0.66
9/13/2016,70.15,70.15,70.15,70.15,0.21,47.1,48.17,48.22,46.96,-2.52,2.909,2.902,2.942,2.887,-0.21,95.63,95.12,95.67,95.08,0.57,796,796,796,796,-1,0.7462,0.7566,0.757,0.7441,-1.34,4.02,4.02,4.02,4.02,-0.25,5.48,5.48,5.48,5.48,0.55,57.43,57.43,57.43,57.43,-0.1
9/14/2016,70.15,70.15,70.15,70.15,0,45.85,47.33,47.48,45.7,-2.65,2.889,2.899,2.978,2.852,-0.69,95.33,95.56,95.66,95.2,-0.31,756,756,756,756,-5.03,0.7466,0.7465,0.7499,0.745,0.05,3.98,3.98,3.98,3.98,-1,5.47,5.47,5.47,5.47,-0.18,57.25,57.25,57.25,57.25,-0.31
9/15/2016,70.95,70.95,70.95,70.95,1.14,46.59,46.06,47,45.67,1.61,2.927,2.895,2.944,2.834,1.32,95.29,95.33,95.56,95.08,-0.04,764,764,764,764,1.06,0.7514,0.747,0.7525,0.7446,0.64,4.14,3.97,3.97,3.97,4.02,5.47,5.47,5.47,5.47,0,57.15,57.15,57.15,57.15,-0.17
9/16/2016,71.15,71.15,71.15,71.15,0.28,45.77,46.31,46.41,45.48,-1.76,2.948,2.918,2.963,2.866,0.72,96.11,95.23,96.11,95.22,0.86,800,800,800,800,4.71,0.7488,0.7515,0.7529,0.7474,-0.35,4.36,4.36,4.36,4.36,5.31,5.625,5.625,5.625,5.625,2.83,57.03,57.03,57.03,57.03,-0.21
9/19/2016,71.25,71.25,71.25,71.25,0.14,45.95,46.01,46.93,45.85,0.39,2.934,2.956,2.958,2.89,-0.47,95.84,96.07,96.07,95.64,-0.28,836,836,836,836,4.5,0.7533,0.7489,0.7575,0.7472,0.6,4.4,4.43,4.43,4.42,0.92,5.625,5.625,5.625,5.625,0,56.92,56.92,56.92,56.92,-0.19
9/20/2016,71.65,71.65,71.65,71.65,0.56,45.88,45.91,46.3,45.09,-0.15,3.047,2.936,3.072,2.935,3.85,96.02,95.83,96.04,95.6,0.19,865,865,865,865,3.47,0.7556,0.7534,0.7567,0.7529,0.31,4.16,4.16,4.16,4.16,-5.45,5.625,5.625,5.625,5.625,0,57,57,57,57,0.14
9/21/2016,72.65,72.65,72.65,72.65,1.4,46.83,46.45,47.14,46.38,2.07,3.057,3.078,3.098,3.029,0.33,95.66,96,96.33,95.44,-0.37,903,903,903,903,4.39,0.7623,0.7556,0.7633,0.7533,0.89,4.21,4.1,4.1,4.1,1.2,5.69,5.69,5.69,5.69,1.16,56.88,56.88,56.88,56.88,-0.21
9/22/2016,71.5,71.5,71.5,71.5,-1.58,47.65,46.99,47.83,46.99,1.75,2.99,3.074,3.091,2.981,-2.19,95.45,95.5,95.53,95.05,-0.22,937,937,937,937,3.77,0.7642,0.7624,0.7677,0.7607,0.25,4.42,4.42,4.42,4.42,4.99,5.69,5.69,5.69,5.69,0,56.9,56.9,56.9,56.9,0.04
9/23/2016,71.95,71.95,71.95,71.95,0.63,45.89,47.42,48.26,45.65,-3.69,2.955,2.995,3.021,2.933,-1.17,95.48,95.36,95.68,95.34,0.03,941,941,941,941,0.43,0.7618,0.7644,0.7655,0.7608,-0.31,4.54,4.65,4.65,4.65,2.71,5.725,5.725,5.725,5.725,0.62,56.86,56.93,56.93,56.93,-0.07
9/26/2016,71.8,71.8,71.8,71.8,-0.21,47.35,46.05,47.66,45.74,3.18,2.997,2.949,3.018,2.943,1.42,95.3,95.4,95.53,95.13,-0.19,934,934,934,934,-0.74,0.7636,0.7618,0.7652,0.7602,0.24,4.62,4.64,4.7,4.64,1.76,5.765,5.765,5.765,5.765,0.7,56.85,56.85,56.85,56.85,-0.02
9/27/2016,71.9,71.9,71.9,71.9,0.14,45.97,47.06,47.28,45.63,-2.91,2.996,3.011,3.023,2.977,-0.03,95.44,95.32,95.67,95.24,0.15,930,930,930,930,-0.43,0.7666,0.7635,0.7698,0.761,0.39,4.43,4.43,4.43,4.43,-4.11,5.765,5.765,5.765,5.765,0,56.78,56.78,56.78,56.78,-0.12
9/28/2016,72.6,72.6,72.6,72.6,0.97,48.69,46.14,48.96,45.7,5.92,2.952,2.994,2.994,2.905,-1.47,95.43,95.45,95.74,95.36,-0.01,912,912,912,912,-1.94,0.769,0.7667,0.7696,0.7644,0.31,4.95,5,5,5,11.74,5.825,5.825,5.825,5.825,1.04,56.74,56.74,56.74,56.74,-0.07
9/29/2016,72.15,72.15,72.15,72.15,-0.62,49.24,48.87,49.81,47.99,1.13,2.959,3.01,3.032,2.956,0.24,95.53,95.37,95.68,95.33,0.1,888,888,888,888,-2.63,0.7633,0.7692,0.7713,0.7622,-0.74,5.02,5.19,5.19,5.19,1.41,5.84,5.84,5.84,5.84,0.26,56.71,56.71,56.71,56.71,-0.05
9/30/2016,72.2,72.2,72.2,72.2,0.07,49.06,49.18,49.25,48.21,-0.37,2.906,2.966,2.977,2.892,-1.79,95.46,95.51,95.96,95.34,-0.07,875,875,875,875,-1.46,0.7654,0.7636,0.7674,0.7589,0.28,4.96,4.92,4.92,4.92,-1.2,5.905,5.905,5.905,5.905,1.11,56.63,56.67,56.67,56.67,-0.14
10/3/2016,81.1,81.1,81.1,81.1,12.33,50.89,50.02,51.14,49.74,3.73,2.923,2.905,2.937,2.866,0.59,95.69,95.54,95.8,95.46,0.24,864,864,864,864,-1.26,0.767,0.7658,0.7683,0.7639,0.21,5.31,5.31,5.31,5.31,7.06,5.95,5.95,5.95,5.95,0.76,55.11,55.11,55.11,55.11,-2.68
10/4/2016,83.15,83.15,83.15,83.15,2.53,50.87,50.93,51.55,50.34,-0.04,2.964,2.907,2.99,2.878,1.4,96.17,95.73,96.44,95.73,0.5,860,860,860,860,-0.46,0.7619,0.7671,0.7693,0.7607,-0.66,5.21,5.22,5.22,5.22,-1.88,5.975,5.975,5.975,5.975,0.42,55.15,55.15,55.15,55.15,0.07
10/5/2016,83.6,83.6,83.6,83.6,0.54,51.86,51.22,52.09,51.22,1.95,3.041,2.973,3.058,2.922,2.6,96.12,96.1,96.31,95.96,-0.05,869,869,869,869,1.05,0.7622,0.7621,0.7647,0.7592,0.04,5.48,5.43,5.43,5.43,5.18,5.97,5.97,5.97,5.97,-0.08,55.27,55.27,55.27,55.27,0.22
10/6/2016,84.8,84.8,84.8,84.8,1.44,52.51,51.76,52.75,51.32,1.25,3.049,3.03,3.071,2.972,0.26,96.77,96.14,96.77,96.11,0.68,915,915,915,915,5.29,0.7582,0.7623,0.7626,0.7561,-0.52,5.86,5.86,5.86,5.86,6.93,5.97,5.97,5.97,5.97,0,55.18,55.18,55.18,55.18,-0.16
10/7/2016,84.45,84.45,84.45,84.45,-0.41,51.93,52.72,52.84,51.33,-1.1,3.193,3.033,3.218,3.015,4.72,96.63,97.12,97.19,96.4,-0.14,921,921,921,921,0.66,0.7575,0.7585,0.7626,0.7552,-0.09,5.69,5.67,5.67,5.67,-2.9,5.985,5.985,5.985,5.985,0.25,54.97,54.97,54.97,54.97,-0.38
10/10/2016,84.05,84.05,84.05,84.05,-0.47,53.14,51.63,53.73,51.3,2.33,3.275,3.194,3.289,3.154,2.57,96.93,96.63,96.97,96.46,0.31,922,922,922,922,0.11,0.7606,0.758,0.763,0.7579,0.41,5.66,5.66,5.66,5.66,-0.53,5.985,5.985,5.985,5.985,0,55.67,55.67,55.67,55.67,1.27
10/11/2016,84.4,84.4,84.4,84.4,0.42,52.41,53.11,53.32,52.12,-1.37,3.237,3.272,3.3,3.209,-1.16,97.69,96.91,97.76,96.91,0.78,922,922,922,922,0,0.7535,0.7607,0.7616,0.7532,-0.93,5.43,5.55,5.55,5.55,-4.06,5.98,5.98,5.98,5.98,-0.08,55.78,55.78,55.78,55.78,0.2
10/12/2016,86,86,86,86,1.9,51.81,52.48,52.87,51.61,-1.14,3.21,3.223,3.26,3.184,-0.83,97.97,97.54,98.04,97.45,0.29,906,906,906,906,-1.74,0.756,0.7538,0.7594,0.7532,0.33,5.52,5.52,5.52,5.52,1.66,5.975,5.975,5.975,5.975,-0.08,55.84,55.84,55.84,55.84,0.11
10/13/2016,88,88,88,88,2.33,52.03,51.6,52.15,50.92,0.42,3.341,3.211,3.366,3.164,4.08,97.52,97.99,98.13,97.5,-0.46,885,885,885,885,-2.32,0.7568,0.756,0.7583,0.7506,0.11,5.65,5.64,5.64,5.64,2.36,5.98,5.98,5.98,5.98,0.08,55.79,55.79,55.79,55.79,-0.09
10/14/2016,89.45,89.45,89.45,89.45,1.65,51.95,52.06,52.55,51.5,-0.15,3.285,3.345,3.362,3.264,-1.68,98.02,97.53,98.12,97.51,0.51,892,892,892,892,0.79,0.7611,0.7568,0.765,0.7555,0.57,5.81,5.81,5.81,5.81,2.83,5.98,5.98,5.98,5.98,0.08,56.14,56.5,57.27,56.5,0.63
10/17/2016,90.95,90.95,90.95,90.95,1.68,51.52,51.93,52.29,51.16,-0.83,3.244,3.26,3.271,3.211,-1.25,97.89,98.15,98.17,97.81,-0.13,894,894,894,894,0.22,0.7625,0.7614,0.7635,0.758,0.18,5.87,5.9,5.9,5.9,1.03,6.625,6.625,6.625,6.625,10.79,56.33,56.33,56.33,56.33,0.34
10/18/2016,92.7,92.7,92.7,92.7,1.92,51.68,51.72,52.15,51.25,0.31,3.263,3.252,3.317,3.248,0.59,97.89,97.87,97.96,97.61,0,890,890,890,890,-0.45,0.7662,0.7629,0.7692,0.7623,0.49,5.95,5.95,5.95,5.95,1.36,6.675,6.675,6.675,6.675,0.75,56.38,56.38,56.38,56.38,0.09
10/19/2016,91.4,91.4,91.4,91.4,-1.4,52.67,52.13,53.14,52.09,1.92,3.17,3.26,3.261,3.144,-2.85,97.92,97.89,97.97,97.63,0.03,872,872,872,872,-2.02,0.7721,0.7667,0.7731,0.7658,0.77,5.67,5.67,5.67,5.67,-4.71,6.675,6.675,6.675,6.675,0,56.46,56.46,56.46,56.46,0.14
10/20/2016,91.3,91.3,91.3,91.3,-0.11,51.38,52.6,52.72,51.17,-2.45,3.141,3.173,3.201,3.101,-0.91,98.31,97.85,98.4,97.66,0.4,849,849,849,849,-2.64,0.7624,0.7722,0.7736,0.762,-1.26,5.58,5.58,5.58,5.58,-1.59,6.715,6.715,6.715,6.715,0.6,56.58,56.58,56.58,56.58,0.21
10/21/2016,92.8,92.8,92.8,92.8,1.64,51.78,51.4,51.94,51.12,0.78,2.993,3.12,3.121,2.955,-4.71,98.69,98.32,98.81,98.31,0.39,842,842,842,842,-0.82,0.7602,0.7626,0.7653,0.7586,-0.29,5.89,5.89,5.89,5.89,5.56,6.8,6.8,6.8,6.8,1.27,56.6,56.6,56.6,56.6,0.04
10/24/2016,92.8,92.8,92.8,92.8,0,51.46,51.89,52.01,50.5,-0.62,2.831,3.007,3.044,2.827,-5.41,98.76,98.64,98.85,98.54,0.07,831,831,831,831,-1.31,0.7609,0.7605,0.7643,0.759,0.09,5.81,5.81,5.81,5.81,-1.36,6.8,6.8,6.8,6.8,0,56.74,56.74,56.74,56.74,0.25
10/25/2016,93.2,93.2,93.2,93.2,0.43,50.79,51.44,51.83,50.22,-1.3,2.774,2.851,2.879,2.755,-2.01,98.72,98.77,99.12,98.61,-0.04,813,813,813,813,-2.17,0.7645,0.761,0.7656,0.7588,0.47,5.81,5.81,5.81,5.81,0,6.835,6.835,6.835,6.835,0.51,56.96,56.96,56.96,56.96,0.39
10/26/2016,93.55,93.55,93.55,93.55,0.38,49.98,50.26,50.69,49.65,-1.59,2.731,2.757,2.776,2.627,-1.55,98.63,98.7,98.84,98.33,-0.09,802,802,802,802,-1.35,0.7649,0.7646,0.7711,0.7631,0.05,5.94,5.94,5.94,5.94,2.24,6.835,6.835,6.835,6.835,0,57.24,57.24,57.24,57.24,0.49
10/27/2016,94.1,94.1,94.1,94.1,0.59,50.47,50.05,50.9,49.83,0.98,2.764,2.746,2.793,2.684,1.21,98.89,98.62,99.03,98.5,0.26,798,798,798,798,-0.5,0.7588,0.7651,0.7655,0.758,-0.8,5.81,5.81,5.81,5.81,-2.19,6.9,6.9,6.9,6.9,0.95,57.47,57.47,57.47,57.47,0.4
10/28/2016,93.95,93.95,93.95,93.95,-0.16,49.71,50.41,50.58,49.31,-1.51,3.105,3.081,3.125,3.016,12.34,98.35,98.92,98.94,98.24,-0.55,834,834,834,834,4.51,0.7595,0.7591,0.761,0.7557,0.09,5.88,5.76,5.76,5.75,1.2,6.955,6.955,6.955,6.955,0.8,57.72,58,58,58,0.44
10/31/2016,108.6,108.6,108.6,108.6,15.59,48.3,49.41,49.72,47.98,-2.84,3.026,3.15,3.163,2.978,-2.54,98.44,98.3,98.7,98.29,0.09,857,857,857,857,2.76,0.7609,0.7597,0.7621,0.7579,0.18,5.9,5.93,5.93,5.93,0.34,6.97,6.97,6.97,6.97,0.22,62.77,62.77,62.77,62.77,8.75
11/1/2016,114.75,115,115,115,5.66,48.14,48.72,49.26,47.72,-0.33,2.902,2.979,3.029,2.85,-4.1,97.7,98.39,98.48,97.64,-0.75,838,838,838,838,-2.22,0.7649,0.7611,0.769,0.7597,0.53,6.03,5.97,5.97,5.97,2.2,6.97,6.97,6.97,6.97,0,63.56,63.56,63.56,63.56,1.26
11/2/2016,112.35,113.25,113.5,113.25,-2.09,46.86,47.9,48.02,46.46,-2.66,2.792,2.852,2.889,2.769,-3.79,97.4,97.75,97.8,97.18,-0.31,834,834,834,834,-0.48,0.7658,0.7653,0.7681,0.7612,0.12,6.24,6.24,6.24,6.24,3.48,6.99,6.99,6.99,6.99,0.29,62.59,62.59,62.59,62.59,-1.53
11/3/2016,106.5,108,108,108,-5.21,46.35,47.15,47.52,45.99,-1.09,2.769,2.773,2.84,2.725,-0.82,97.16,97.37,97.46,97.04,-0.25,849,849,849,849,1.8,0.7678,0.7661,0.769,0.7635,0.26,6.5,6.5,6.5,6.5,4.17,6.98,6.98,6.98,6.98,-0.14,63.79,63.79,63.79,63.79,1.92
11/4/2016,108.65,108.65,108.65,108.65,2.02,45.58,46.43,46.56,45.08,-1.66,2.767,2.815,2.82,2.741,-0.07,97.06,97.17,97.35,96.89,-0.1,855,855,855,855,0.71,0.767,0.7682,0.7698,0.7651,-0.1,6.41,6.41,6.41,6.41,-1.38,7.02,7.02,7.02,7.02,0.57,63.67,63.67,63.67,63.67,-0.19
11/7/2016,111.95,111.95,111.95,111.95,3.04,46.15,45.7,46.38,45.38,1.25,2.816,2.848,2.875,2.781,1.77,97.78,97.54,97.87,97.22,0.74,870,870,870,870,1.75,0.7725,0.7675,0.7732,0.7655,0.72,6.23,6.52,6.52,6.52,-2.81,7.025,7.025,7.025,7.025,0.07,65.91,65.91,65.91,65.91,3.52
11/8/2016,112.1,112.1,112.1,112.1,0.13,46.04,46.3,46.69,45.6,-0.24,2.633,2.832,2.856,2.607,-6.5,97.86,97.74,98,97.55,0.08,911,911,911,911,4.71,0.7761,0.7729,0.778,0.7688,0.47,6.15,6.15,6.15,6.15,-1.28,7.05,7.05,7.05,7.05,0.36,65.99,65.99,65.99,65.99,0.12
11/9/2016,111.4,111.4,111.4,111.4,-0.62,46.36,46.04,46.95,44.4,0.7,2.69,2.612,2.743,2.546,2.16,98.5,97.68,98.7,95.89,0.65,954,954,954,954,4.72,0.7633,0.7762,0.7774,0.7579,-1.65,6.13,6.13,6.13,6.13,-0.33,7.06,7.06,7.06,7.06,0.14,68.34,68.34,68.34,68.34,3.56
11/10/2016,111.4,111.4,111.4,111.4,0,45.84,46.36,46.92,45.56,-1.12,2.632,2.691,2.728,2.575,-2.16,98.78,98.61,99.08,98.31,0.28,974,974,974,974,2.1,0.7611,0.7634,0.7745,0.7567,-0.29,5.92,5.92,5.92,5.92,-3.43,7.04,7.04,7.04,7.04,-0.28,69.74,69.74,69.74,69.74,2.05
11/11/2016,109.85,110,110,110,-1.39,44.75,45.8,45.89,44.19,-2.38,2.619,2.656,2.685,2.555,-0.49,99.06,98.85,99.13,98.54,0.28,1045,1045,1045,1045,7.29,0.755,0.7615,0.7632,0.7523,-0.8,5.67,5.7,5.7,5.7,-4.22,7.045,7.045,7.045,7.045,0.07,73.35,72.71,73.62,72.55,5.18
11/14/2016,105.35,105.35,105.35,105.35,-4.1,44.43,44.54,44.99,43.57,-0.72,2.749,2.667,2.778,2.644,4.96,100.11,99.13,100.22,99.13,1.06,1065,1065,1065,1065,1.91,0.755,0.7525,0.7568,0.7522,0,5.41,5.55,5.55,5.55,-4.59,7.03,7.03,7.03,7.03,-0.21,72.23,72.23,72.23,72.23,-1.53
11/15/2016,106.45,106.45,106.45,106.45,1.04,46.95,44.7,47.25,44.67,5.67,2.709,2.746,2.822,2.694,-1.46,100.23,99.8,100.26,99.45,0.12,1084,1084,1084,1084,1.78,0.7556,0.7555,0.7583,0.7509,0.08,5.74,5.74,5.74,5.74,6.1,7.03,7.03,7.03,7.03,0,70.04,70.04,70.04,70.04,-3.03
11/16/2016,104.9,104.9,104.9,104.9,-1.46,46.63,46.88,47.56,46.25,-0.68,2.764,2.71,2.782,2.669,2.03,100.41,100.18,100.57,99.9,0.18,1145,1145,1145,1145,5.63,0.7476,0.7559,0.7574,0.7459,-1.06,5.55,5.55,5.55,5.55,-3.31,7.3,7.3,7.3,7.3,3.84,70.41,70.41,70.41,70.41,0.53
11/17/2016,106.25,106.25,106.25,106.25,1.29,46.49,46.44,47.62,45.97,-0.3,2.703,2.767,2.798,2.681,-2.21,100.89,100.26,101.01,99.96,0.48,1231,1231,1231,1231,7.51,0.7404,0.7481,0.7504,0.7394,-0.96,5.9,5.74,5.8,5.74,6.31,7.155,7.155,7.155,7.155,-1.99,70.33,70.33,70.33,70.33,-0.11
11/18/2016,105.1,105.1,105.1,105.1,-1.08,46.86,46.05,46.99,45.75,0.8,2.843,2.696,2.852,2.69,5.18,101.21,100.97,101.48,100.83,0.32,1257,1257,1257,1257,2.11,0.7332,0.7408,0.7421,0.7328,-0.97,5.58,5.58,5.58,5.58,-5.42,7.055,7.055,7.055,7.055,-1.4,70.2,69.6,69.6,68.78,-0.18
11/21/2016,105.1,105.1,105.1,105.1,0,48.9,46.92,49.15,46.92,4.35,2.95,2.898,2.973,2.891,3.76,101.05,101.28,101.4,100.74,-0.16,1240,1240,1240,1240,-1.35,0.7364,0.7343,0.7384,0.7308,0.44,5.48,5.47,5.47,5.47,-1.79,7.155,7.155,7.155,7.155,1.42,70,70,70,70,-0.28
11/22/2016,106.3,106.3,106.3,106.3,1.14,49.12,49.25,49.96,48.14,0.45,2.982,2.973,3.014,2.913,1.08,101.04,100.77,101.32,100.65,-0.01,1232,1232,1232,1232,-0.65,0.7401,0.7369,0.7416,0.7355,0.5,5.51,5.51,5.51,5.51,0.55,7.155,7.155,7.155,7.155,0,70.88,70.88,70.88,70.88,1.26
11/23/2016,103.3,103.3,103.3,103.3,-2.82,48.95,49.2,49.5,48.56,-0.35,3.026,2.948,3.062,2.915,1.48,101.7,100.95,101.91,100.89,0.65,1224,1224,1224,1224,-0.65,0.7384,0.7403,0.7447,0.737,-0.23,5.39,5.39,5.39,5.39,-2.18,7.12,7.12,7.12,7.12,-0.49,71.22,71.22,71.22,71.22,0.48
11/24/2016,105.95,105.95,105.95,105.95,2.57,49,49.03,49.21,48.76,0.1,3.036,3.012,3.045,3,0.33,101.7,101.82,102.05,101.43,0,1201,1201,1201,1201,-1.88,0.7406,0.7386,0.742,0.7362,0.3,5.34,5.35,5.35,5.35,-0.93,7.12,7.12,7.12,7.12,-0.49,71.22,71.22,71.22,71.22,0.48
11/25/2016,103.75,103.75,103.75,103.75,-2.08,47.24,48.96,49.02,46.85,-3.59,3.085,3.011,3.121,3.001,1.61,101.49,101.84,101.92,101.21,-0.21,1181,1181,1181,1181,-1.67,0.743,0.7408,0.747,0.7397,0.32,5,5,5,5,-6.37,7.08,7.08,7.08,7.08,-0.56,71.81,72.82,72.82,72.82,0.83
11/28/2016,92.25,92.25,92.25,92.25,-11.08,48.24,46.71,48.81,46.28,2.12,3.232,3.13,3.265,3.13,4.76,101.33,101.25,101.6,100.64,-0.16,1184,1184,1184,1184,0.25,0.7479,0.7431,0.7496,0.7427,0.66,4.74,4.99,4.99,4.99,-5.2,7.08,7.08,7.08,7.08,0,72.15,72.15,72.15,72.15,0.47
11/29/2016,88.5,88.5,88.5,88.5,-4.07,46.38,48.07,48.1,45.92,-3.86,3.315,3.359,3.367,3.277,2.57,100.93,101.18,101.64,100.86,-0.39,1202,1202,1202,1202,1.52,0.7483,0.7481,0.75,0.7431,0.05,4.56,4.71,4.79,4.41,-3.8,7.14,7.14,7.14,7.14,0.85,72.26,72.26,72.26,72.26,0.15
11/30/2016,87.45,87.45,87.45,87.45,-1.19,50.47,46.54,50.49,46.51,8.82,3.352,3.325,3.365,3.285,1.12,101.5,100.85,101.83,100.84,0.56,1204,1204,1204,1204,0.17,0.7382,0.7485,0.75,0.7371,-1.35,4.58,4.49,4.81,4.35,0.44,7.18,7.18,7.18,7.18,0.56,72.25,72.25,72.25,72.25,-0.01
12/1/2016,87.7,87.7,87.7,87.7,0.29,53.94,51.72,54.53,51.51,6.88,3.505,3.348,3.547,3.316,4.56,101.04,101.52,101.59,100.87,-0.45,1196,1196,1196,1196,-0.66,0.7414,0.7385,0.7424,0.7369,0.43,4.46,4.62,4.65,4.4,-2.62,7.33,7.33,7.33,7.33,2.09,75.54,71.1,71.1,71.1,4.55
12/2/2016,87.4,87.4,87.4,87.4,-0.34,54.46,53.88,54.5,52.84,0.96,3.436,3.539,3.568,3.378,-1.97,100.77,100.88,101.11,100.62,-0.27,1198,1198,1198,1198,0.17,0.746,0.7414,0.7471,0.7399,0.62,4.3,4.44,4.5,4.25,-3.59,7.36,7.36,7.36,7.36,0.41,74.57,74.84,74.84,71.12,-1.28
12/5/2016,86.8,86.8,86.8,86.8,-0.69,54.94,54.4,55.33,53.77,0.88,3.654,3.471,3.656,3.45,6.34,100.09,100.84,101.54,99.85,-0.67,1196,1196,1196,1196,-0.17,0.7472,0.7448,0.75,0.7411,0.16,4.37,4.27,4.45,3.97,1.63,7.54,7.54,7.54,7.54,2.45,76.2,75.7,75.7,75.7,2.19
12/6/2016,84,84,84,84,-3.23,53.93,54.5,54.94,53.51,-1.84,3.635,3.6,3.732,3.574,-0.52,100.49,100.13,100.58,99.98,0.4,1186,1186,1186,1186,-0.84,0.746,0.7472,0.7487,0.7429,-0.16,4.5,4.29,4.54,4.03,2.97,7.65,7.65,7.65,7.65,1.46,76.72,76.15,77.1,76.15,0.68
12/7/2016,83,83,83,83,-1.19,53,53.94,54.23,52.92,-1.72,3.603,3.633,3.748,3.556,-0.88,100.23,100.48,100.6,100.13,-0.26,1162,1162,1162,1162,-2.02,0.7479,0.7457,0.7486,0.7414,0.25,4.3,4.49,4.62,4.27,-4.44,7.65,7.65,7.65,7.65,0,79.2,79.2,79.2,79.2,3.23
12/8/2016,84,84,84,84,1.2,53.89,53.15,54.05,52.81,1.68,3.695,3.569,3.73,3.503,2.55,101.1,100.23,101.25,99.43,0.87,1122,1122,1122,1122,-3.44,0.7459,0.7482,0.751,0.7426,-0.27,4.61,4.27,4.65,4.24,7.21,7.775,7.775,7.775,7.775,1.63,79.44,78.2,79.07,77.89,0.3
12/9/2016,84.35,84.35,84.35,84.35,0.42,54.33,53.97,54.46,53.77,0.82,3.746,3.71,3.777,3.661,1.38,101.59,101.06,101.74,101.01,0.48,1090,1090,1090,1090,-2.85,0.7451,0.746,0.7498,0.7433,-0.11,4.46,4.61,4.78,4.44,-3.25,7.83,7.83,7.83,7.83,0.71,78.89,77.42,77.42,76.73,-0.69
12/12/2016,85.7,85.7,85.7,85.7,1.6,55.69,55.88,57.89,55.11,2.5,3.507,3.583,3.601,3.472,-6.38,101.03,101.71,101.78,100.84,-0.55,1069,1069,1069,1069,-1.93,0.7496,0.7449,0.7507,0.7427,0.6,4.87,4.51,4.89,4.49,9.19,7.875,7.875,7.875,7.875,0.57,80.25,80.9,81.35,80.8,1.72
12/13/2016,86,86,86,86,0.35,55.72,55.7,56.44,55.13,0.05,3.474,3.525,3.577,3.448,-0.94,101.07,100.89,101.16,100.75,0.04,1052,1052,1052,1052,-1.59,0.7498,0.75,0.7526,0.7472,0.03,4.79,4.84,4.92,4.7,-1.64,7.855,7.855,7.855,7.855,-0.25,80.47,80.47,80.47,80.47,0.27
12/14/2016,87.55,87.55,87.55,87.55,1.8,53.9,55.16,55.81,53.52,-3.27,3.54,3.477,3.572,3.444,1.9,101.76,101.04,102.35,100.73,0.68,1003,1003,1003,1003,-4.66,0.7402,0.7499,0.7527,0.7393,-1.28,5.01,5.03,5.19,4.88,4.59,7.855,7.855,7.855,7.855,0,79.58,79.58,79.58,79.58,-1.11
12/15/2016,88.85,88.85,88.85,88.85,1.48,54.02,53.76,54.5,53.15,0.22,3.434,3.567,3.589,3.394,-2.99,103.02,102.23,103.56,102.16,1.24,966,966,966,966,-3.69,0.7355,0.7407,0.7433,0.7334,-0.63,4.84,5.01,5.14,4.79,-3.39,7.855,7.855,7.855,7.855,0,79.94,79.94,79.94,79.94,0.45
12/16/2016,86.5,86.5,86.5,86.5,-2.64,55.21,54.11,55.38,53.71,2.2,3.415,3.42,3.434,3.343,-0.55,102.95,103.16,103.27,102.62,-0.07,946,946,946,946,-2.07,0.7304,0.7359,0.7372,0.7264,-0.69,4.93,4.93,5,4.57,1.86,8.8,8.8,8.8,8.8,12.03,79.89,79.89,79.89,79.89,-0.06
12/19/2016,86.2,86.2,86.2,86.2,-0.35,54.92,55.4,55.8,54.69,-0.53,3.392,3.353,3.45,3.33,-0.67,103.14,102.9,103.21,102.52,0.18,927,926,927,926,-2.01,0.7245,0.7298,0.7315,0.724,-0.81,5.09,4.96,5.22,4.93,3.25,8.8,8.8,8.8,8.8,0,79.62,79.62,79.62,79.62,-0.34
12/20/2016,87,87,87,87,0.93,55.35,55.02,55.92,54.75,0.78,3.263,3.401,3.408,3.242,-3.8,103.29,103.15,103.65,103.03,0.15,914,914,914,914,-1.4,0.7259,0.7248,0.7265,0.7221,0.19,5.23,5.22,5.22,5.22,2.75,8.8,8.8,8.8,8.8,0,79.97,79.05,79.05,79.05,0.44
12/21/2016,86.9,86.9,86.9,86.9,-0.11,54.46,55.52,55.87,54.32,-1.61,3.542,3.311,3.593,3.307,8.55,103.02,103.26,103.38,102.77,-0.26,926,926,926,926,1.31,0.7235,0.7259,0.7283,0.7232,-0.33,5.8,5.8,5.8,5.8,10.9,8.8,8.8,8.8,8.8,0,80,80,80,80,0.04
12/22/2016,86.75,86.75,86.75,86.75,-0.17,55.05,54.55,55.23,54.05,1.08,3.538,3.572,3.626,3.497,-0.11,103.09,103.05,103.14,102.59,0.07,928,928,928,928,0.22,0.7214,0.7238,0.726,0.7195,-0.29,6.07,5.87,5.89,5.87,4.66,8.8,8.8,8.8,8.8,0,79.8,79.8,79.8,79.8,-0.25
12/23/2016,86.6,86.6,86.6,86.6,-0.17,55.16,54.84,55.25,54.26,0.2,3.662,3.541,3.715,3.534,3.5,103.01,103.08,103.23,102.88,-0.08,961,961,961,961,3.56,0.718,0.7217,0.723,0.7158,-0.47,6.22,6.22,6.22,6.22,2.47,8.8,8.8,8.8,8.8,0,79.75,79.75,79.75,79.75,-0.06
12/27/2016,86.6,86.6,86.6,86.6,0,56.09,55.18,57.15,55.04,1.69,3.761,3.736,3.778,3.686,-0.13,103.02,102.97,103.15,102.95,0.01,961,961,961,961,3.56,0.718,0.7192,0.7199,0.7171,-0.06,6.32,6.32,6.32,6.32,1.61,8.8,8.8,8.8,8.8,0,79.72,79.35,79.35,79.35,-0.04
12/28/2016,87.65,87.65,87.65,87.65,1.21,56.22,56.06,56.56,55.89,0.23,3.93,3.735,3.994,3.664,4.49,103.3,103.02,103.63,102.87,0.27,961,961,961,961,3.56,0.7176,0.7186,0.7222,0.7161,-0.06,6.32,6.32,6.32,6.32,0,8.8,8.8,8.8,8.8,0,79.75,79.75,79.75,79.75,0.04
12/29/2016,88.25,88.25,88.25,88.25,0.68,56.14,56.01,56.63,55.91,-0.14,3.802,3.872,3.884,3.754,-3.26,102.68,103.21,103.25,102.6,-0.6,961,961,961,961,3.56,0.7214,0.7181,0.7226,0.7167,0.53,6.34,6.34,6.34,6.34,0.32,8.8,8.8,8.8,8.8,0,79.76,79.76,79.76,79.76,0.01
12/30/2016,88.4,88.4,88.4,88.4,0.17,56.82,57,57.2,56.46,1.21,3.724,3.8,3.857,3.69,-2.05,102.21,102.13,102.59,101.91,-0.46,961,961,961,961,3.56,0.7215,0.722,0.7249,0.7208,0.01,6.54,6.54,6.54,6.54,3.15,8.8,8.8,8.8,8.8,0,79.75,79.75,79.75,79.74,-0.01
1/3/2017,90.5,90.5,90.5,90.5,2.38,55.47,57.05,58.37,55.3,-2.38,3.327,3.568,3.568,3.267,-4.94,103.21,102.88,103.82,102.59,0.37,953,953,953,953,-0.83,0.7224,0.7187,0.7244,0.7178,0.6,5.41,5.41,5.41,5.41,-11.46,8.8,8.8,8.8,8.8,0,74.37,74.37,74.37,74.37,-6.75
1/4/2017,88.6,88.6,88.6,88.6,-2.1,56.46,55.73,56.55,55.33,1.78,3.267,3.317,3.358,3.236,-1.8,102.7,103.17,103.44,102.39,-0.49,969,969,969,969,1.68,0.7283,0.722,0.729,0.721,0.82,5.7,5.64,5.68,5.32,5.36,8.8,8.8,8.8,8.8,0,74.66,74.66,74.66,74.66,0.39
1/5/2017,85.7,85.7,85.7,85.7,-3.27,56.89,56.35,57.35,56.01,0.76,3.273,3.26,3.346,3.172,0.18,101.52,102.45,102.51,101.3,-1.15,983,983,983,983,1.44,0.7336,0.7282,0.7359,0.727,0.73,5.27,5.27,5.27,5.27,-7.54,8.8,8.8,8.8,8.8,0,76.46,76.46,76.46,76.46,2.41
1/6/2017,83.5,83.5,83.5,83.5,-2.57,57.1,56.88,57.47,56.28,0.37,3.285,3.304,3.358,3.214,0.37,102.22,101.4,102.29,101.37,0.69,963,963,963,963,-2.03,0.7291,0.7337,0.7358,0.7287,-0.61,5.03,5.39,5.39,5.04,-4.55,8.8,8.8,8.8,8.8,0,75.73,76.35,76.35,76.35,-0.95
1/9/2017,82.05,82.05,82.05,82.05,-1.74,54.94,56.81,57,54.74,-3.78,3.103,3.253,3.275,3.098,-5.54,101.93,102.25,102.52,101.8,-0.28,949,949,949,949,-1.45,0.7352,0.7294,0.7376,0.7286,0.84,5.25,5.05,5.05,5.05,4.37,8.8,8.8,8.8,8.8,0,77.09,76.35,76.98,76.05,1.8
1/10/2017,81.5,81.5,81.5,81.5,-0.67,53.64,54.95,55.36,53.58,-2.37,3.278,3.115,3.327,3.11,5.64,102.01,101.85,102.1,101.51,0.08,926,926,926,926,-2.42,0.7367,0.7353,0.7387,0.7331,0.2,5.49,5.36,5.36,5.36,4.57,8.8,8.8,8.8,8.8,0,78.27,77.5,77.5,77.5,1.53
1/11/2017,82.15,82.15,82.15,82.15,0.8,55.1,53.8,55.67,53.7,2.72,3.224,3.274,3.352,3.213,-1.65,101.78,102.07,102.95,101.28,-0.23,894,894,894,894,-3.46,0.744,0.7369,0.7474,0.7352,0.99,5.51,5.51,5.51,5.51,0.36,8.8,8.8,8.8,8.8,0,78.65,78.4,78.6,78.4,0.49
1/12/2017,84.05,84.05,84.05,84.05,2.31,56.01,55.19,56.43,55.01,1.65,3.386,3.295,3.45,3.294,5.02,101.35,101.67,101.8,100.72,-0.42,892,892,892,892,-0.22,0.7482,0.7441,0.7521,0.7429,0.56,5.03,5.03,5.03,5.03,-8.71,8.8,8.8,8.8,8.8,0,78.83,78.85,79.14,78.85,0.23
1/13/2017,83.5,83.5,83.5,83.5,-0.65,55.45,56,56.21,55.28,-1,3.419,3.397,3.435,3.332,0.97,101.18,101.51,101.67,101.01,-0.17,910,910,910,910,2.02,0.7499,0.7484,0.7511,0.7448,0.23,5.03,5.03,5.03,5.03,0,8.8,8.8,8.8,8.8,0,78.69,78.69,78.69,78.69,-0.18
1/16/2017,82.9,82.9,82.9,82.9,-0.72,55.86,55.64,55.92,55.19,0.74,3.483,3.466,3.496,3.401,0.49,101.18,101.66,101.73,101.32,0,925,925,925,925,1.65,0.7475,0.7494,0.7511,0.7457,-0.32,4.69,4.96,4.96,4.85,-6.76,8.8,8.8,8.8,8.8,0,78.69,78.69,78.69,78.69,-0.18
1/17/2017,84.55,84.55,84.55,84.55,1.99,55.47,55.74,56.95,55.4,-0.7,3.412,3.473,3.513,3.354,-2.04,100.33,101.54,101.62,100.26,-0.84,922,922,922,922,-0.32,0.7566,0.7477,0.7572,0.7464,1.22,4.99,4.66,4.66,4.66,6.4,8,8,8,8,-9.09,79.83,82,82,80.65,1.45
1/18/2017,83.85,83.85,83.85,83.85,-0.83,53.92,55.48,55.9,53.77,-2.79,3.302,3.397,3.437,3.282,-3.22,100.93,100.43,101.34,100.32,0.6,952,952,952,952,3.25,0.7505,0.7567,0.7571,0.7501,-0.81,4.83,4.96,4.96,4.93,-3.21,8,8,8,8,0,79.66,79.66,79.66,79.66,-0.21
1/19/2017,83.45,83.45,83.45,83.45,-0.48,54.16,54.29,54.77,53.9,0.45,3.368,3.325,3.404,3.257,2,101.15,101.35,101.73,100.97,0.22,942,942,942,942,-1.05,0.7558,0.7506,0.7575,0.7492,0.71,5.19,4.9,4.95,4.9,7.45,8,8,8,8,0,79.64,79.64,79.64,79.64,-0.03
1/20/2017,83.8,83.8,83.8,83.8,0.42,55.49,54.33,55.8,54.18,2.46,3.204,3.301,3.347,3.189,-4.87,100.74,101.17,101.5,100.7,-0.41,925,925,925,925,-1.8,0.7553,0.7562,0.7591,0.7516,-0.07,5.42,5.42,5.42,5.42,4.43,8,8,8,8,0,79.51,79.51,79.51,79.51,-0.16
1/23/2017,83.65,83.65,83.65,83.65,-0.18,55.23,55.7,55.75,54.65,-0.47,3.243,3.18,3.278,3.145,1.22,100.16,100.74,100.74,99.9,-0.58,914,914,914,914,-1.19,0.7579,0.756,0.7592,0.7543,0.34,5.31,5.31,5.31,5.31,-2.03,8,8,8,8,0,79.69,79.6,79.6,79.6,0.23
1/24/2017,83.75,83.75,83.75,83.75,0.12,55.44,55.42,55.87,55.07,0.38,3.279,3.28,3.35,3.259,1.11,100.35,100.08,100.43,99.92,0.19,886,886,886,886,-3.06,0.7578,0.7583,0.7611,0.7551,-0.01,5.07,5.19,5.19,5.19,-4.52,8,8,8,8,0,80.05,80.05,80.05,80.05,0.45
1/25/2017,83.7,83.7,83.7,83.7,-0.06,55.08,55.24,55.65,54.75,-0.65,3.332,3.292,3.365,3.255,1.62,100.03,100.31,100.41,99.83,-0.32,862,862,862,862,-2.71,0.757,0.7581,0.7601,0.7514,-0.11,4.97,4.95,4.99,4.95,-1.97,8,8,8,8,0,80.13,80.13,80.13,80.13,0.1
1/26/2017,83.6,83.6,83.6,83.6,-0.12,56.24,55.39,56.55,55.21,2.11,3.382,3.362,3.494,3.35,1.5,100.38,99.91,100.73,99.79,0.35,840,840,840,840,-2.55,0.7535,0.7572,0.7587,0.752,-0.46,5.19,5.19,5.19,5.19,4.43,8,8,8,8,0,80.22,80.22,80.22,80.22,0.11
1/27/2017,83.75,83.75,83.75,83.75,0.18,55.52,56.09,56.5,54.86,-1.28,3.391,3.35,3.418,3.245,0.27,100.53,100.49,100.82,100.32,0.15,827,827,827,827,-1.55,0.7546,0.7535,0.7575,0.751,0.15,4.91,4.91,4.91,4.91,-5.39,8,8,8,8,0,80.3,80.3,80.3,80.3,0.1
1/30/2017,83.55,83.55,83.55,83.55,-0.24,55.23,55.47,55.7,54.97,-0.52,3.232,3.3,3.342,3.216,-4.69,100.43,100.32,101.02,100.17,-0.1,816,816,816,816,-1.33,0.7552,0.7541,0.7569,0.7526,0.08,5.34,5.34,5.34,5.34,8.76,8,8,8,8,0,80.3,80.3,80.3,80.3,0
1/31/2017,83,83,83,83,-0.66,55.7,55.25,56,54.9,0.85,3.117,3.224,3.235,3.11,-3.56,99.51,100.33,100.51,99.43,-0.92,800,800,800,800,-1.96,0.7583,0.7555,0.7608,0.7541,0.41,5.69,5.69,5.69,5.69,6.55,8,8,8,8,0,80.4,80.4,80.4,80.4,0.12
2/1/2017,82.7,82.7,82.7,82.7,-0.36,56.8,55.55,56.83,55.36,1.97,3.168,3.134,3.228,3.113,1.64,99.64,99.56,100.04,99.5,0.13,786,786,786,786,-1.75,0.7582,0.7586,0.7599,0.7549,-0.01,5.61,5.61,5.61,5.61,-1.41,8,8,8,8,0,83.12,83.12,83.12,83.12,3.38
2/2/2017,82.75,82.75,82.75,82.75,0.06,56.56,56.53,57.45,56.33,-0.42,3.187,3.174,3.209,3.118,0.6,99.79,99.76,99.87,99.23,0.15,770,770,770,770,-2.04,0.7655,0.7586,0.7698,0.7574,0.96,5.56,5.56,5.56,5.56,-0.89,8,8,8,8,0,83.82,84,84,84,0.84
2/3/2017,83,83,83,83,0.3,56.81,56.92,57.3,56.39,0.44,3.063,3.193,3.201,3.042,-3.89,99.87,99.79,100.26,99.56,0.08,752,752,752,752,-2.34,0.7683,0.7658,0.7697,0.762,0.37,5.49,5.49,5.49,5.49,-1.26,8,8,8,8,0,80.15,79.96,79.96,79.57,-4.38
2/6/2017,81.3,81.3,81.3,81.3,-2.05,55.72,56.85,57.13,55.65,-1.92,3.05,3.015,3.086,3.006,-0.42,99.91,99.65,100.25,99.63,0.04,735,735,735,735,-2.26,0.7657,0.7671,0.769,0.7627,-0.34,5.43,5.43,5.43,5.43,-1.09,8,8,8,8,0,79.15,79.15,79.15,79.15,-1.25
2/7/2017,80.4,80.4,80.4,80.4,-1.11,55.05,55.91,55.98,54.58,-1.2,3.13,3.06,3.156,3.051,2.62,100.26,99.93,100.72,99.91,0.35,714,714,714,714,-2.86,0.7624,0.766,0.7683,0.7605,-0.43,5.5,5.5,5.5,5.5,1.29,8,8,8,8,0,81.02,81.02,81.02,81.02,2.36
2/8/2017,79.4,79.4,79.4,79.4,-1.24,55.12,54.5,55.68,54.44,0.13,3.126,3.14,3.164,3.06,-0.13,100.28,100.44,100.64,100.06,0.02,702,702,702,702,-1.68,0.7645,0.7628,0.7668,0.7609,0.28,5.55,5.55,5.55,5.55,0.91,8,8,8,8,0,81.88,81.88,81.88,81.88,1.06
2/9/2017,79.75,79.75,79.75,79.75,0.44,55.63,55.3,55.92,55.23,0.93,3.141,3.143,3.189,3.11,0.48,100.65,100.22,100.68,100.08,0.37,707,707,707,707,0.71,0.7622,0.7645,0.7667,0.7608,-0.3,5.62,5.62,5.62,5.62,1.26,8,8,8,8,0,81.92,81.92,81.92,81.92,0.05
2/10/2017,80.05,80.05,80.05,80.05,0.38,56.7,55.66,56.88,55.59,1.92,3.034,3.105,3.121,3.005,-3.41,100.8,100.67,101.01,100.58,0.15,702,702,702,702,-0.71,0.7669,0.7625,0.7691,0.7616,0.62,5.45,5.45,5.45,5.45,-3.02,8,8,8,8,0,84.11,83.52,83.52,83.52,2.67
2/13/2017,79.9,79.9,79.9,79.9,-0.19,55.59,56.68,56.81,55.41,-1.96,2.944,2.978,2.994,2.921,-2.97,100.96,100.84,101.11,100.58,0.16,688,688,688,688,-1.99,0.7638,0.7679,0.7689,0.7629,-0.4,5.24,5.24,5.24,5.24,-3.85,8,8,8,8,0,85.93,85.93,85.93,85.93,2.16
2/14/2017,79.9,79.9,79.9,79.9,0,55.97,55.75,56.46,55.53,0.68,2.905,2.923,2.953,2.887,-1.32,101.25,100.98,101.38,100.7,0.29,685,685,685,685,-0.44,0.766,0.7637,0.7698,0.7616,0.29,5.48,5.48,5.48,5.48,4.58,8,8,8,8,0,85.91,87.47,87.47,87.47,-0.02
2/15/2017,80,80,80,80,0.13,55.75,55.82,56.25,55.56,-0.39,2.925,2.939,2.994,2.913,0.69,101.18,101.22,101.76,101,-0.07,688,688,688,688,0.44,0.7708,0.7663,0.7722,0.7634,0.63,5.42,5.42,5.42,5.42,-1.09,8,8,8,8,0,85.86,85.86,85.86,85.86,-0.06
2/16/2017,80,80,80,80,0,55.65,55.74,56.24,55.13,-0.18,2.854,2.934,2.953,2.831,-2.43,100.44,101.05,101.07,100.41,-0.73,710,710,710,710,3.2,0.7694,0.771,0.7735,0.7683,-0.18,5.28,5.28,5.28,5.28,-2.58,6.65,6.65,6.65,6.65,-16.87,85.72,86.46,86.46,86.23,-0.16
2/17/2017,79.9,79.9,79.9,79.9,-0.12,55.81,55.73,55.88,55.1,0.29,2.834,2.84,2.899,2.83,-0.7,100.95,100.52,100.96,100.45,0.51,741,741,741,741,4.37,0.7669,0.7693,0.7715,0.7654,-0.32,5.31,5.31,5.31,5.31,0.57,6.65,6.65,6.65,6.65,0,86.4,87.35,87.35,87.35,0.79
2/20/2017,80.1,80.1,80.1,80.1,0.25,56.18,55.9,56.42,55.7,0.66,2.878,2.894,2.897,2.864,-0.55,100.95,100.93,100.98,100.77,0,757,757,757,757,2.16,0.7686,0.7666,0.7694,0.7657,0.22,5.43,5.43,5.43,5.43,2.26,6.65,6.65,6.65,6.65,0,86.4,87.35,87.35,87.35,0.79
2/21/2017,80.15,80.15,80.15,80.15,0.06,56.66,56.17,57.31,56.1,0.85,2.564,2.791,2.826,2.556,-10.91,101.37,100.93,101.6,100.91,0.42,778,778,778,778,2.77,0.7674,0.7688,0.7693,0.7648,-0.16,5.39,5.39,5.39,5.39,-0.74,6.65,6.65,6.65,6.65,0,87.28,87.28,87.28,87.28,1.02
2/22/2017,79.75,79.75,79.75,79.75,-0.5,55.84,56.74,57.01,55.64,-1.45,2.592,2.584,2.64,2.522,1.09,101.22,101.4,101.72,101.17,-0.15,806,806,806,806,3.6,0.7702,0.7675,0.7716,0.7666,0.36,5.41,5.41,5.41,5.41,0.37,6.65,6.65,6.65,6.65,0,87.48,87.48,87.48,87.48,0.23
2/23/2017,79.8,79.8,79.8,79.8,0.06,56.58,56.2,57.26,56.18,1.33,2.617,2.598,2.704,2.569,0.96,101.05,101.38,101.44,100.87,-0.17,856,856,856,856,6.2,0.7713,0.7703,0.7743,0.7664,0.14,5.7,5.7,5.7,5.7,5.36,6.65,6.65,6.65,6.65,0,87.41,87.41,87.41,87.41,-0.08
2/24/2017,80,80,80,80,0.25,55.99,56.4,56.66,55.74,-1.04,2.627,2.62,2.67,2.587,0.38,101.09,100.95,101.17,100.66,0.04,875,875,875,875,2.22,0.7669,0.7716,0.7723,0.7663,-0.57,5.73,5.73,5.73,5.73,0.53,6.65,6.65,6.65,6.65,0,87.57,87.57,87.57,87.57,0.18
2/27/2017,83.5,83.5,83.5,83.5,4.38,55.93,55.96,56.77,55.86,-0.11,2.693,2.715,2.721,2.659,2.51,101.13,101.11,101.27,100.69,0.04,878,878,878,878,0.34,0.7671,0.7669,0.771,0.7662,0.03,5.53,5.53,5.53,5.53,-3.49,6.65,6.65,6.65,6.65,0,87.89,87.89,87.89,87.89,0.37
2/28/2017,83.45,83.45,83.45,83.45,-0.06,55.59,56.02,56.15,55.23,-0.61,2.774,2.691,2.788,2.653,3.01,101.12,101.21,101.4,100.78,-0.01,859,859,859,859,-2.16,0.7657,0.7673,0.7696,0.7644,-0.18,5.57,5.57,5.57,5.57,0.72,6.65,6.65,6.65,6.65,0,88.07,88.07,88.07,88.07,0.2
3/1/2017,82.75,82.9,82.9,82.5,-0.84,56.36,56.45,57.05,56.24,1.39,2.799,2.77,2.828,2.743,0.9,101.78,101.43,101.97,101.23,0.65,871,871,871,871,1.4,0.7674,0.7657,0.7702,0.7635,0.22,6.26,6.26,6.26,6.26,12.39,6.65,6.65,6.65,6.65,0,87.62,86.8,87.65,86.8,-0.51
3/2/2017,82.2,82.4,82.4,82.25,-0.66,55.08,56.31,56.44,55.03,-2.27,2.804,2.791,2.835,2.73,0.18,102.2,101.92,102.26,101.78,0.41,904,904,904,904,3.79,0.7571,0.7676,0.7685,0.7555,-1.34,5.81,5.81,5.81,5.81,-7.19,6.65,6.65,6.65,6.65,0,88.56,88.56,88.56,88.56,1.07
3/3/2017,80.95,80.95,80.95,80.95,-1.52,55.9,55.18,55.95,55.09,1.49,2.827,2.816,2.84,2.775,0.82,101.54,102.13,102.17,101.34,-0.65,939,939,939,939,3.87,0.7594,0.7573,0.7599,0.7542,0.3,5.94,5.94,5.94,5.94,2.24,6.65,6.65,6.65,6.65,0,87.57,86.58,86.58,86.58,-1.12
3/6/2017,80.2,80.35,80.35,80.35,-0.93,56.01,55.8,56.25,55.32,0.2,2.901,2.911,2.952,2.857,2.62,101.64,101.4,101.75,101.22,0.1,979,979,979,979,4.26,0.7576,0.7582,0.7612,0.7569,-0.24,5.83,5.83,5.83,5.83,-1.85,6.65,6.65,6.65,6.65,0,86.73,86.04,86.04,85.86,-0.96
3/7/2017,79.25,79.25,79.25,79.25,-1.18,55.92,55.95,56.65,55.56,-0.16,2.824,2.872,2.89,2.815,-2.65,101.81,101.68,101.91,101.53,0.17,1033,1033,1033,1033,5.52,0.7584,0.7579,0.7634,0.7575,0.11,5.72,5.72,5.72,5.72,-1.89,6.65,6.65,6.65,6.65,0,86.89,85.91,85.91,85.9,0.18
3/8/2017,78.65,78.65,78.65,78.65,-0.76,53.11,55.63,55.77,52.93,-5.03,2.901,2.835,2.949,2.833,2.73,102.07,101.79,102.19,101.71,0.26,1045,1045,1045,1045,1.16,0.7526,0.7588,0.7611,0.7523,-0.76,5.58,5.58,5.58,5.58,-2.45,6.65,6.65,6.65,6.65,0,86.55,86.55,86.55,86.55,-0.39
3/9/2017,78.2,78.2,78.2,78.2,-0.57,52.19,53.49,53.86,51.5,-1.73,2.974,2.913,2.99,2.889,2.52,101.85,102.11,102.25,101.7,-0.22,1064,1064,1064,1064,1.82,0.7504,0.7528,0.7536,0.749,-0.29,5.46,5.46,5.46,5.46,-2.15,6.65,6.65,6.65,6.65,0,86.35,84.45,84.45,84.42,-0.23
3/10/2017,78.75,78.75,78.75,78.75,0.7,51.37,52.33,53.02,51.14,-1.57,3.008,2.987,3.043,2.966,1.14,101.25,101.99,102,101.17,-0.59,1086,1086,1086,1086,2.07,0.754,0.7506,0.7559,0.7496,0.48,5.51,5.51,5.51,5.51,0.92,6.65,6.65,6.65,6.65,0,86.44,84.8,84.8,84.8,0.1
3/13/2017,81.1,81.1,81.1,81.1,2.98,51.35,51.49,51.7,50.85,-0.04,3.043,3.083,3.089,2.99,1.16,101.31,101.31,101.39,101.01,0.06,1099,1099,1099,1099,1.2,0.7567,0.7543,0.7595,0.7531,0.36,5.5,5.5,5.5,5.5,-0.18,6.65,6.65,6.65,6.65,0,87.51,87.51,87.51,87.51,1.24
3/14/2017,80.9,80.9,80.9,80.9,-0.25,50.92,51.34,51.86,50.25,-0.84,2.938,3.018,3.063,2.927,-3.45,101.7,101.4,101.79,101.34,0.38,1112,1112,1112,1112,1.18,0.7558,0.7571,0.7582,0.7539,-0.12,5.45,5.45,5.45,5.45,-0.91,6.65,6.65,6.65,6.65,0,88.04,88.04,88.04,88.04,0.61
3/15/2017,81.65,81.75,81.75,81.7,0.93,51.81,51.5,52.15,51.36,1.75,2.981,2.949,3.006,2.923,1.46,100.74,101.71,101.72,100.49,-0.94,1147,1147,1147,1147,3.15,0.7707,0.756,0.7722,0.7554,1.97,5.54,5.54,5.54,5.54,1.65,6.65,6.65,6.65,6.65,0,89.03,89.03,89.03,89.03,1.12
3/16/2017,81.1,81.35,81.35,81.25,-0.67,51.74,52.08,52.65,51.5,-0.14,2.902,2.974,2.976,2.888,-2.65,100.36,100.56,100.75,100.21,-0.38,1172,1172,1172,1172,2.18,0.7677,0.7709,0.7719,0.7661,-0.39,5.49,5.49,5.49,5.49,-0.9,6.2,6.2,6.2,6.2,-6.77,89.5,89.5,89.5,89.5,0.53
3/17/2017,81.3,81.3,81.3,81.3,0.25,51.76,51.74,52.18,51.53,0.04,2.948,2.908,2.965,2.882,1.59,100.3,100.24,100.47,100.14,-0.06,1196,1196,1196,1196,2.05,0.7698,0.7677,0.772,0.7662,0.27,5.48,5.48,5.48,5.48,-0.18,6.2,6.2,6.2,6.2,0,89.47,89.62,89.62,89.62,-0.03
3/20/2017,80.9,80.9,80.9,80.9,-0.49,51.62,51.8,51.94,51.01,-0.27,3.041,2.913,3.085,2.902,3.15,100.41,100.36,100.45,100.02,0.11,1205,1205,1205,1205,0.75,0.7729,0.7704,0.775,0.7685,0.4,5.33,5.33,5.33,5.33,-2.74,6.2,6.2,6.2,6.2,0,89.42,89.42,89.42,89.42,-0.06
3/21/2017,80.55,80.55,80.55,80.55,-0.43,50.96,51.7,52.22,50.73,-1.28,3.093,3.08,3.113,3.033,1.71,99.81,100.37,100.47,99.66,-0.6,1200,1200,1200,1200,-0.41,0.7688,0.7732,0.7752,0.7682,-0.53,5.28,5.28,5.28,5.28,-0.94,6.2,6.2,6.2,6.2,0,88.99,88.99,88.99,88.99,-0.48
3/22/2017,80.4,80.4,80.4,80.4,-0.19,50.64,50.86,50.98,49.71,-0.63,3.011,3.082,3.095,3.007,-2.65,99.68,99.69,99.93,99.55,-0.13,1190,1190,1190,1190,-0.83,0.7676,0.7691,0.7693,0.7638,-0.16,5.31,5.31,5.31,5.31,0.57,6.2,6.2,6.2,6.2,0,88.59,88.59,88.59,88.59,-0.45
3/23/2017,80.95,80.95,80.95,80.95,0.68,50.56,50.83,51.1,50.25,-0.16,3.051,3.02,3.063,2.986,1.33,99.76,99.75,99.87,99.63,0.08,1196,1196,1196,1196,0.5,0.7626,0.7677,0.7682,0.7621,-0.65,5.32,5.32,5.32,5.32,0.19,6.2,6.2,6.2,6.2,0,88.51,88.51,88.51,88.51,-0.09
3/24/2017,80.95,80.95,80.95,80.95,0,50.8,50.64,51.06,50.4,0.47,3.076,3.05,3.092,3.016,0.82,99.63,99.77,100,99.53,-0.13,1240,1240,1240,1240,3.68,0.7622,0.7627,0.7643,0.7603,-0.05,5.11,5.11,5.11,5.11,-3.95,6.2,6.2,6.2,6.2,0,88.35,88.35,88.35,88.35,-0.18
3/27/2017,80.95,80.95,80.95,80.95,0,50.75,51.03,51.1,50.03,-0.1,3.052,3.119,3.133,3.043,-0.78,99.17,99.47,99.53,98.86,-0.46,1282,1282,1282,1282,3.39,0.7615,0.7619,0.7651,0.7607,-0.09,4.97,4.97,4.97,4.97,-2.74,6.2,6.2,6.2,6.2,0,87.91,87.91,87.91,87.91,-0.5
3/28/2017,80.75,80.75,80.75,80.75,-0.25,51.33,50.77,51.87,50.77,1.14,3.096,3.046,3.104,3.011,1.44,99.71,99.22,99.79,99.11,0.54,1333,1333,1333,1333,3.98,0.7633,0.7617,0.7656,0.7586,0.24,5.08,5.08,5.08,5.08,2.21,6.2,6.2,6.2,6.2,0,87.63,87.63,87.63,87.63,-0.32
3/29/2017,80.75,80.75,80.75,80.75,0,52.42,51.43,52.48,51.36,2.12,3.175,3.089,3.183,3.082,2.55,100,99.7,100.13,99.67,0.29,1338,1338,1338,1338,0.38,0.7667,0.7634,0.7677,0.7629,0.45,5.11,5.11,5.11,5.11,0.59,6.2,6.2,6.2,6.2,0,87.44,87.44,87.44,87.44,-0.22
3/30/2017,80.7,80.7,80.7,80.7,-0.06,52.96,52.39,53.1,52.03,1.03,3.191,3.21,3.237,3.141,0.5,100.41,99.96,100.6,99.92,0.41,1324,1324,1324,1324,-1.05,0.764,0.7669,0.7682,0.7637,-0.35,5.27,5.27,5.27,5.27,3.13,6.2,6.2,6.2,6.2,0,87.19,87.19,87.19,87.19,-0.29
3/31/2017,80.75,80.75,80.75,80.75,0.06,52.83,52.83,53.45,52.35,-0.25,3.19,3.199,3.242,3.163,-0.03,100.35,100.49,100.65,100.25,-0.06,1297,1297,1297,1297,-2.04,0.7628,0.7641,0.7665,0.7622,-0.16,5.04,5.04,5.04,5.04,-4.36,6.2,6.2,6.2,6.2,0,86.84,86.84,86.84,86.84,-0.4
4/3/2017,89.5,89.5,89.5,89.5,10.84,53.12,53.62,53.74,53.03,0.55,3.128,3.217,3.239,3.125,-1.94,100.54,100.5,100.69,100.37,0.19,1282,1282,1282,1282,-1.16,0.7601,0.762,0.7644,0.759,-0.35,5.21,5.21,5.21,5.21,3.37,6.2,6.2,6.2,6.2,0,78.45,78.45,78.45,78.45,-9.66
4/4/2017,89.75,90.4,90.4,90.4,0.28,54.17,53.18,54.38,52.73,1.98,3.293,3.145,3.301,3.121,5.27,100.54,100.49,100.73,100.42,0,1255,1255,1255,1255,-2.11,0.7563,0.7605,0.7616,0.7544,-0.5,4.98,4.98,4.98,4.98,-4.41,6.2,6.2,6.2,6.2,0,79.36,79.36,79.36,79.36,1.16
4/5/2017,89.45,89.45,89.45,89.45,-0.33,54.36,54.22,55.09,53.97,0.35,3.266,3.293,3.347,3.254,-0.82,100.56,100.52,100.85,100.41,0.02,1223,1223,1223,1223,-2.55,0.7566,0.7565,0.759,0.7559,0.04,5.18,5.18,5.18,5.18,4.02,6.2,6.2,6.2,6.2,0,79.44,79.44,79.44,79.44,0.1
4/6/2017,89.65,89.65,89.65,89.65,0.22,54.89,54.13,55,54.02,0.97,3.331,3.269,3.337,3.235,1.99,100.67,100.5,100.77,100.38,0.11,1215,1215,1215,1215,-0.65,0.7545,0.757,0.7579,0.7531,-0.28,5.43,5.43,5.43,5.43,4.83,6.2,6.2,6.2,6.2,0,78.92,78.92,78.92,78.92,-0.65
4/7/2017,88.2,88.2,88.2,88.2,-1.62,55.24,54.88,56.08,54.57,0.64,3.261,3.307,3.34,3.246,-2.1,101.18,100.73,101.26,100.52,0.51,1223,1223,1223,1223,0.66,0.7495,0.7545,0.7551,0.7493,-0.66,5.25,5.25,5.25,5.25,-3.31,6.2,6.2,6.2,6.2,0,76.91,76.91,76.91,76.91,-2.55
4/10/2017,86.75,86.75,86.75,86.75,-1.64,55.98,55.19,56.05,55.19,1.34,3.238,3.24,3.293,3.228,-0.71,101.02,101.18,101.34,100.94,-0.16,1231,1231,1231,1231,0.65,0.75,0.7502,0.7511,0.7474,0.07,5.15,5.15,5.15,5.15,-1.9,6.2,6.2,6.2,6.2,0,75.28,75.28,75.28,75.28,-2.12
4/11/2017,84.85,84.85,84.85,84.85,-2.19,56.23,56.08,56.3,55.45,0.45,3.15,3.243,3.268,3.141,-2.72,100.71,100.97,101.08,100.58,-0.31,1262,1262,1262,1262,2.52,0.7496,0.75,0.7517,0.7473,-0.05,5.24,5.24,5.24,5.24,1.75,6.2,6.2,6.2,6.2,0,74.89,74.89,74.89,74.89,-0.52
4/12/2017,84.55,84.55,84.55,84.55,-0.35,55.86,56.28,56.65,55.5,-0.66,3.187,3.168,3.197,3.132,1.17,100.78,100.73,100.82,100.09,0.07,1282,1282,1282,1282,1.58,0.752,0.7499,0.7531,0.7472,0.32,5.31,5.31,5.31,5.31,1.34,6.2,6.2,6.2,6.2,0,73.43,73.43,73.43,73.43,-1.95
4/13/2017,84.15,84.15,84.15,84.15,-0.47,55.89,55.66,56.06,55.56,0.05,3.227,3.182,3.243,3.149,1.26,100.56,100.16,100.6,100.01,-0.22,1296,1296,1296,1296,1.09,0.7567,0.7523,0.7597,0.7517,0.63,5.32,5.32,5.32,5.32,0.19,6.2,6.2,6.2,6.2,0,73.02,73.02,73.02,73.02,-0.56
4/17/2017,84.15,84.15,84.15,84.15,0,55.36,55.55,55.98,55.29,-0.95,3.163,3.229,3.249,3.158,-1.98,100.29,100.49,100.47,100,-0.27,1296,1296,1296,1296,1.09,0.7586,0.757,0.7613,0.7567,0.18,5.32,5.32,5.32,5.32,0.19,6.1,6.1,6.1,6.1,-1.61,72.08,72.08,72.08,72.08,-1.29
4/18/2017,84.35,84.35,84.35,84.35,0.24,54.89,55.39,55.48,54.61,-0.85,3.145,3.164,3.182,3.114,-0.57,99.5,100.34,100.4,99.47,-0.79,1294,1294,1294,1294,-0.15,0.756,0.7586,0.7598,0.7533,-0.34,5.24,5.24,5.24,5.24,-1.5,6.1,6.1,6.1,6.1,0,70.74,70.74,70.74,70.74,-1.86
4/19/2017,84.1,84.1,84.1,84.1,-0.3,52.93,54.78,55.2,52.58,-3.57,3.185,3.15,3.223,3.143,1.27,99.74,99.51,99.89,99.51,0.24,1278,1278,1278,1278,-1.24,0.7494,0.7561,0.7565,0.7491,-0.87,5.22,5.22,5.22,5.22,-0.38,6.1,6.1,6.1,6.1,0,70.95,70.95,70.95,70.95,0.3
4/20/2017,84.15,84.15,84.15,84.15,0.06,52.99,53.09,53.55,52.68,0.11,3.159,3.191,3.219,3.134,-0.82,99.78,99.78,99.85,99.37,0.04,1243,1243,1243,1243,-2.74,0.7526,0.7497,0.7549,0.7491,0.43,5.12,5.12,5.12,5.12,-1.92,6.1,6.1,6.1,6.1,0,70.89,70.89,70.89,70.89,-0.08
4/21/2017,84.2,84.2,84.2,84.2,0.06,51.96,53,53.29,51.57,-1.94,3.101,3.168,3.185,3.082,-1.84,99.98,99.83,100.03,99.65,0.2,1195,1195,1195,1195,-3.86,0.7542,0.7527,0.7549,0.7514,0.21,4.94,4.94,4.94,4.94,-3.52,6.1,6.1,6.1,6.1,0,70.93,70.93,70.93,70.93,0.06
4/24/2017,83.9,83.9,83.9,83.9,-0.36,51.6,52.11,52.57,51.42,-0.69,3.066,3.094,3.149,3.031,-1.13,99.09,98.97,99.33,98.91,-0.89,1170,1170,1170,1170,-2.09,0.7566,0.7569,0.7594,0.7536,0.32,5.02,5.02,5.02,5.02,1.62,6.1,6.1,6.1,6.1,0,70.67,70.67,70.67,70.67,-0.37
4/25/2017,83.85,83.85,83.85,83.85,-0.06,52.1,51.6,52.39,51.3,0.97,3.043,3.064,3.083,3.022,-0.75,98.78,99.05,99.22,98.69,-0.31,1154,1154,1154,1154,-1.37,0.7535,0.7571,0.7575,0.7519,-0.41,4.87,4.87,4.87,4.87,-2.99,6.1,6.1,6.1,6.1,0,70.44,70.44,70.44,70.44,-0.33
4/26/2017,83.8,83.8,83.8,83.8,-0.06,51.82,51.81,52.46,51.38,-0.54,3.142,3.052,3.17,3.031,3.25,99.05,98.85,99.33,98.73,0.27,1147,1147,1147,1147,-0.61,0.7472,0.7535,0.7555,0.7454,-0.84,4.98,4.98,4.98,4.98,2.26,6.1,6.1,6.1,6.1,0,70.26,70.26,70.26,70.26,-0.26
4/27/2017,84.8,84.8,84.8,84.8,1.19,51.44,51.57,51.76,50.45,-0.73,3.239,3.255,3.266,3.207,3.09,99.08,98.95,99.33,98.81,0.03,1134,1134,1134,1134,-1.13,0.7461,0.7475,0.7494,0.7439,-0.15,4.93,4.93,4.93,4.93,-1,6.1,6.1,6.1,6.1,0,70.1,70.1,70.1,70.1,-0.23
4/28/2017,83.55,83.55,83.55,83.55,-1.47,51.73,51.58,52.12,51.31,0.56,3.276,3.24,3.298,3.229,1.14,99.05,99.17,99.25,98.72,-0.03,1109,1109,1109,1109,-2.2,0.7484,0.7466,0.7494,0.7446,0.31,4.94,4.94,4.94,4.94,0.2,6.1,6.1,6.1,6.1,0,69.97,69.97,69.97,69.97,-0.19
5/1/2017,79.4,79.4,79.4,79.4,-4.97,51.52,51.88,51.97,51.22,-0.41,3.215,3.249,3.313,3.198,-1.86,99.08,98.93,99.21,98.89,0.03,1109,1109,1109,1109,-2.2,0.7523,0.746,0.7542,0.746,0.52,4.57,4.57,4.57,4.57,-7.49,6.1,6.1,6.1,6.1,0,68,68,68,68,-2.82
5/2/2017,79,79,79,79,-0.5,50.46,51.39,52.16,50.14,-2.06,3.195,3.231,3.273,3.178,-0.62,98.98,99.07,99.22,98.92,-0.1,1073,1073,1073,1073,-3.25,0.7535,0.7527,0.7557,0.7509,0.16,4.81,4.81,4.81,4.81,5.25,6.1,6.1,6.1,6.1,0,68.72,68.72,68.72,68.72,1.06
5/3/2017,78,78,78,78,-1.27,50.79,50.99,51.14,50.2,0.65,3.228,3.185,3.233,3.175,1.03,99.21,98.92,99.39,98.89,0.23,1034,1034,1034,1034,-3.63,0.7421,0.7536,0.7548,0.7418,-1.51,4.77,4.77,4.77,4.77,-0.83,6.1,6.1,6.1,6.1,0,67.33,67.33,67.33,67.33,-2.02
5/4/2017,78,78,78,78,0,48.38,50.59,50.73,48.16,-4.75,3.186,3.22,3.254,3.165,-1.3,98.8,99.35,99.46,98.71,-0.41,1004,1004,1004,1004,-2.9,0.7407,0.7421,0.7433,0.7382,-0.19,4.87,4.87,4.87,4.87,2.1,6.1,6.1,6.1,6.1,0,63.88,63.88,63.88,63.88,-5.12
5/5/2017,78,78,78,78,0,49.1,48.45,49.63,46.64,1.49,3.266,3.199,3.282,3.183,2.51,98.65,98.77,98.97,98.54,-0.15,994,994,994,994,-1,0.7418,0.7409,0.7429,0.7367,0.15,4.94,4.94,4.94,4.94,1.44,6.1,6.1,6.1,6.1,0,62.49,62.49,62.49,62.49,-2.18
5/8/2017,74.2,74.2,74.2,74.2,-4.87,49.34,49.27,49.92,48.48,0.49,3.172,3.243,3.265,3.14,-2.88,99.06,98.79,99.19,98.6,0.42,1001,1001,1001,1001,0.7,0.7386,0.7411,0.7427,0.7376,-0.43,4.79,4.79,4.79,4.79,-3.04,6.1,6.1,6.1,6.1,0,60.72,60.72,60.72,60.72,-2.83
5/9/2017,73.85,73.85,73.85,73.85,-0.47,48.73,49.44,49.72,48.39,-1.24,3.227,3.178,3.246,3.173,1.73,99.66,99.14,99.69,99.08,0.61,1007,1007,1007,1007,0.6,0.7344,0.7387,0.7401,0.7328,-0.57,4.89,4.89,4.89,4.89,2.09,6.1,6.1,6.1,6.1,0,61.37,61.37,61.37,61.37,1.07
5/10/2017,74.1,74.1,74.1,74.1,0.34,50.22,48.95,50.63,48.81,3.06,3.292,3.214,3.349,3.202,2.01,99.67,99.48,99.72,99.36,0.01,1005,1005,1005,1005,-0.2,0.7363,0.7345,0.7396,0.7337,0.26,4.82,4.82,4.82,4.82,-1.43,6.1,6.1,6.1,6.1,0,62.63,62.63,62.63,62.63,2.05
5/11/2017,73.3,73.6,73.6,73.6,-1.08,50.77,50.28,51.16,50.25,1.1,3.376,3.278,3.388,3.273,2.55,99.62,99.66,99.89,99.49,-0.05,1012,1012,1012,1012,0.7,0.7376,0.7368,0.7386,0.7332,0.18,4.72,4.72,4.72,4.72,-2.07,6.1,6.1,6.1,6.1,0,62.01,62.01,62.01,62.01,-0.99
5/12/2017,73.6,73.6,73.6,73.6,0.41,50.84,50.76,51.09,50.33,0.14,3.424,3.368,3.431,3.35,1.42,99.25,99.63,99.7,99.16,-0.37,1014,1014,1014,1014,0.2,0.7385,0.7379,0.7423,0.7367,0.12,4.83,4.83,4.83,4.83,2.33,6.1,6.1,6.1,6.1,0,61.45,61.45,61.45,61.45,-0.9
5/15/2017,73.3,73.3,73.3,73.3,-0.41,51.82,50.89,52.63,50.74,1.93,3.349,3.387,3.408,3.334,-2.19,98.91,99.15,99.26,98.79,-0.34,994,994,994,994,-1.97,0.7412,0.739,0.7448,0.7384,0.37,4.76,4.76,4.76,4.76,-1.45,6.1,6.1,6.1,6.1,0,61.2,61.2,61.2,61.2,-0.41
5/16/2017,73.25,73.25,73.25,73.25,-0.07,51.65,51.88,52.36,51.1,-0.33,3.23,3.359,3.369,3.216,-3.55,98.11,98.88,98.89,98.08,-0.81,980,980,980,980,-1.41,0.7426,0.7413,0.744,0.7393,0.19,4.91,4.91,4.91,4.91,3.15,6.05,6.05,6.05,6.05,-0.82,61.48,61.48,61.48,61.48,0.46
5/17/2017,73.8,73.8,73.8,73.8,0.75,52.21,51.2,52.61,51.04,1.08,3.192,3.231,3.269,3.165,-1.18,97.58,98.09,98.13,97.33,-0.54,960,960,960,960,-2.04,0.7431,0.7426,0.7446,0.7387,0.07,4.95,4.95,4.95,4.95,0.81,6.05,6.05,6.05,6.05,0,62.04,62.04,62.04,62.04,0.91
5/18/2017,74.05,74.05,74.05,74.05,0.34,52.51,52.19,52.74,51.11,0.57,3.182,3.209,3.242,3.161,-0.31,97.88,97.44,98.07,97.37,0.31,957,957,957,957,-0.31,0.7416,0.7431,0.7469,0.7407,-0.2,5.13,5.13,5.13,5.13,3.64,6.05,6.05,6.05,6.05,0,61.51,61.51,61.51,61.51,-0.85
5/19/2017,74.25,74.25,74.25,74.25,0.27,53.61,52.57,53.82,52.55,2.09,3.256,3.184,3.27,3.181,2.33,97.14,97.85,97.85,97.08,-0.76,956,956,956,956,-0.1,0.7459,0.7418,0.7471,0.7406,0.58,5.22,5.22,5.22,5.22,1.75,6.05,6.05,6.05,6.05,0,61.91,61.91,61.91,61.91,0.65
5/22/2017,74.8,74.65,74.65,74.65,0.74,53.87,53.85,54.37,53.66,0.48,3.424,3.393,3.428,3.374,5.16,96.98,97.22,97.44,96.8,-0.16,954,954,954,954,-0.21,0.7475,0.7455,0.7491,0.7432,0.21,5.29,5.29,5.29,5.29,1.34,6.05,6.05,6.05,6.05,0,61.94,61.94,61.94,61.94,0.05
5/23/2017,74.35,74.35,74.35,74.35,-0.6,54.15,53.87,54.43,53.2,0.52,3.312,3.422,3.426,3.303,-3.27,97.35,96.95,97.42,96.8,0.38,949,949,949,949,-0.52,0.7474,0.7478,0.752,0.7465,-0.01,5.13,5.13,5.13,5.13,-3.02,6.05,6.05,6.05,6.05,0,61.9,61.9,61.9,61.9,-0.06
5/24/2017,74.45,74.45,74.45,74.45,0.13,53.96,54.14,54.62,53.66,-0.35,3.3,3.328,3.345,3.269,-0.36,97.24,97.34,97.47,97.03,-0.11,934,934,934,934,-1.58,0.7502,0.7478,0.751,0.7441,0.37,5.3,5.3,5.3,5.3,3.31,5.56,5.56,5.56,5.56,-8.1,61.5,61.5,61.5,61.5,-0.65
5/25/2017,74.45,74.45,74.45,74.45,0,51.46,54.15,54.67,51.03,-4.63,3.275,3.294,3.351,3.24,-0.76,97.25,97.07,97.28,96.88,0.01,918,918,918,918,-1.71,0.7452,0.7504,0.7517,0.7449,-0.67,5.37,5.37,5.37,5.37,1.32,5.525,5.525,5.525,5.525,-0.63,61.4,61.4,61.4,61.4,-0.16
5/26/2017,74.45,74.45,74.45,74.45,0,52.15,51.38,52.3,50.71,1.34,3.31,3.282,3.328,3.254,1.07,97.44,97.23,97.55,97.04,0.2,912,912,912,912,-0.65,0.7446,0.7454,0.7464,0.7421,-0.08,5.58,5.58,5.58,5.58,3.91,5.495,5.495,5.495,5.495,-0.54,61.25,61.25,61.25,61.25,-0.24
5/29/2017,73.85,73.85,73.85,73.85,-0.81,52.29,52.24,52.61,51.86,0.27,3.201,3.236,3.245,3.192,-1.08,97.44,97.43,97.61,97.33,0,912,912,912,912,-0.65,0.7436,0.7432,0.7453,0.7426,-0.13,5.57,5.57,5.57,5.57,-0.18,5.495,5.495,5.495,5.495,-0.54,61.25,61.25,61.25,61.25,-0.24
5/30/2017,74.1,74.1,74.1,74.1,0.34,51.84,52.25,52.35,51.19,-0.86,3.181,3.292,3.292,3.177,-0.62,97.28,97.63,97.78,97.22,-0.16,900,900,900,900,-1.32,0.7464,0.744,0.7473,0.7415,0.38,5.53,5.53,5.53,5.53,-0.72,5.465,5.465,5.465,5.465,-0.55,60.93,60.93,60.93,60.93,-0.52
5/31/2017,73.45,73.45,73.45,73.45,-0.88,50.31,51.92,51.92,49.81,-2.95,3.109,3.19,3.205,3.1,-2.26,96.92,97.43,97.5,96.86,-0.37,878,878,878,878,-2.44,0.7429,0.7465,0.7478,0.7423,-0.47,5.35,5.35,5.35,5.35,-3.25,5.465,5.465,5.465,5.465,0,60.71,60.71,60.71,60.71,-0.36
6/1/2017,74.5,74,74,74,1.43,50.63,51.17,51.45,50.23,0.64,3.047,3.116,3.161,3.03,-1.99,97.2,96.99,97.32,96.9,0.29,850,850,850,850,-3.19,0.7372,0.7429,0.7456,0.7371,-0.77,5.45,5.45,5.45,5.45,1.87,5.45,5.45,5.45,5.45,-0.27,55.39,55.39,55.39,55.39,-8.76
6/2/2017,76,76,76,76,2.01,49.95,50.23,50.52,48.95,-1.34,3.041,3.087,3.087,3.03,-0.2,96.72,97.19,97.31,96.65,-0.49,830,830,830,830,-2.35,0.7441,0.7374,0.7449,0.7371,0.94,5.54,5.54,5.54,5.54,1.65,5.45,5.45,5.45,5.45,0,56.27,56.27,56.27,56.27,1.59
6/5/2017,75.9,75.9,75.9,75.9,-0.13,49.47,49.87,50.74,49.04,-0.96,3.024,3.057,3.087,2.98,-0.56,96.8,96.73,96.97,96.7,0.08,821,821,821,821,-1.08,0.7483,0.7431,0.7501,0.7414,0.56,5.55,5.55,5.55,5.55,0.18,5.48,5.48,5.48,5.48,0.55,55.49,55.49,55.49,55.49,-1.39
6/6/2017,76.95,76.95,76.95,76.95,1.38,50.12,49.57,50.3,49,1.31,3.076,3.025,3.097,3.014,1.72,96.64,96.79,96.8,96.52,-0.17,818,818,818,818,-0.37,0.7506,0.7487,0.7525,0.7456,0.31,5.35,5.35,5.35,5.35,-3.6,5.485,5.485,5.485,5.485,0.09,55.67,55.67,55.67,55.67,0.32
6/7/2017,78.45,78,78,78,1.95,48.06,49.97,50.14,47.96,-4.11,3.054,3.092,3.127,3.043,-0.72,96.75,96.54,96.98,96.51,0.11,821,821,821,821,0.37,0.7546,0.7508,0.7569,0.7499,0.53,5.26,5.26,5.26,5.26,-1.68,5.485,5.485,5.485,5.485,0,55.13,55.13,55.13,55.13,-0.97
6/8/2017,79.3,79.3,79.3,79.3,1.08,47.86,48.26,48.6,47.56,-0.42,3.062,3.051,3.096,3.01,0.26,96.92,96.7,97.23,96.59,0.18,824,824,824,824,0.37,0.7542,0.7551,0.7557,0.7524,-0.05,5.43,5.43,5.43,5.43,3.23,5.475,5.475,5.475,5.475,-0.18,54.9,54.9,54.9,54.9,-0.42
6/9/2017,79.45,79.45,79.45,79.45,0.19,48.15,47.79,48.56,47.4,0.61,3.071,3.061,3.096,3.061,0.29,97.27,97.18,97.5,97.14,0.36,849,849,849,849,3.03,0.7526,0.7548,0.7551,0.7518,-0.21,5.42,5.42,5.42,5.42,-0.18,5.475,5.475,5.475,5.475,0,54.52,54.52,54.52,54.52,-0.69
6/12/2017,79.45,79.45,79.45,79.45,0,48.29,48.06,49.15,48.01,0.29,3.054,3.064,3.116,3.031,-0.55,97.14,97.22,97.32,97.04,-0.13,870,870,870,870,2.47,0.7539,0.7529,0.755,0.752,0.17,5.3,5.3,5.3,5.3,-2.21,5.48,5.48,5.48,5.48,0.09,54.77,54.77,54.77,54.77,0.46
6/13/2017,80.85,80.85,80.85,80.85,1.76,48.72,48.32,48.82,47.87,0.89,2.989,3.054,3.092,2.978,-2.13,96.97,97.17,97.28,96.95,-0.18,870,870,870,870,0,0.7535,0.7541,0.7567,0.7523,-0.05,5.4,5.4,5.4,5.4,1.89,5.48,5.48,5.48,5.48,0,54.01,54.01,54.01,54.01,-1.39
6/14/2017,80.5,80.5,80.5,80.5,-0.43,47,48.18,48.69,46.74,-3.53,2.953,2.99,3.007,2.936,-1.2,96.94,97,97.12,96.32,-0.03,865,865,865,865,-0.57,0.7585,0.7538,0.7637,0.7531,0.66,5.32,5.32,5.32,5.32,-1.48,5.48,5.48,5.48,5.48,0,54.5,54.5,54.5,54.5,0.91
6/15/2017,80.8,80.8,80.8,80.8,0.37,46.92,46.8,47.2,46.7,-0.17,3.078,2.965,3.085,2.945,4.23,97.43,96.93,97.56,96.84,0.51,855,855,855,855,-1.16,0.7576,0.7582,0.7634,0.7567,-0.12,5.33,5.33,5.33,5.33,0.19,5.48,5.48,5.48,5.48,0,54.51,54.51,54.51,54.51,0.02
6/16/2017,80.85,80.85,80.85,80.85,0.06,47.37,46.82,47.61,46.81,0.96,3.06,3.076,3.102,3.042,-0.58,97.16,97.48,97.56,97.1,-0.28,851,851,851,851,-0.47,0.7616,0.7579,0.7632,0.7575,0.53,5.26,5.26,5.26,5.26,-1.31,5.45,5.45,5.45,5.45,-0.55,54.7,54.7,54.7,54.7,0.35
6/19/2017,81.2,81.2,81.2,81.2,0.43,47.13,47.5,48,47,-0.51,2.917,2.995,2.995,2.902,-4.67,97.55,97.1,97.58,97.05,0.4,848,848,848,848,-0.35,0.7594,0.7618,0.7632,0.7584,-0.29,5.31,5.31,5.31,5.31,0.95,5.45,5.45,5.45,5.45,0,54.8,54.8,54.8,54.8,0.18
6/20/2017,80.75,80.75,80.75,80.75,-0.55,46.25,47.19,47.44,45.68,-1.87,2.93,2.927,2.936,2.903,0.45,97.76,97.53,97.87,97.43,0.22,847,847,847,847,-0.12,0.7579,0.7601,0.7626,0.7569,-0.2,5.35,5.35,5.35,5.35,0.75,5.495,5.495,5.495,5.495,0.83,54.71,54.71,54.71,54.71,-0.16
6/21/2017,80.7,80.7,80.7,80.7,-0.06,45.05,46.14,46.86,44.6,-2.59,2.915,2.918,2.966,2.899,-0.51,97.56,97.73,97.8,97.52,-0.2,844,844,844,844,-0.35,0.755,0.7581,0.7589,0.7542,-0.38,5.26,5.26,5.26,5.26,-1.68,5.495,5.495,5.495,5.495,0,54.65,54.65,54.65,54.65,-0.11
6/22/2017,80.6,80.6,80.6,80.6,-0.12,45.41,45.06,45.98,44.78,0.8,2.915,2.921,2.98,2.875,0,97.59,97.55,97.65,97.43,0.03,855,855,855,855,1.3,0.7541,0.7554,0.7577,0.7534,-0.12,5.25,5.25,5.25,5.25,-0.19,5.495,5.495,5.495,5.495,0,54.66,54.66,54.66,54.66,0.02
6/23/2017,80.65,80.65,80.65,80.65,0.06,45.75,45.48,45.97,45.24,0.75,2.951,2.91,2.962,2.91,1.23,97.26,97.56,97.58,97.18,-0.34,870,870,870,870,1.75,0.7565,0.7542,0.7585,0.7536,0.32,5.25,5.25,5.25,5.25,0,5.495,5.495,5.495,5.495,0,54.73,54.73,54.73,54.73,0.13
6/26/2017,80.55,80.55,80.55,80.55,-0.12,46.04,45.82,46.42,45.26,0.63,3.049,3.003,3.073,2.993,3.32,97.43,97.24,97.47,97.11,0.17,884,884,884,884,1.61,0.7582,0.7567,0.7601,0.7557,0.22,5.16,5.16,5.16,5.16,-1.71,5.495,5.495,5.495,5.495,0,54.75,54.75,54.75,54.75,0.04
6/27/2017,80.6,80.6,80.6,80.6,0.06,46.92,46.1,47.3,46,1.91,3.064,3.067,3.084,3.038,0.49,96.39,97.43,97.45,96.34,-1.07,903,903,903,903,2.15,0.7582,0.7586,0.7626,0.7575,0,5.33,5.33,5.33,5.33,3.29,5.495,5.495,5.495,5.495,0,55.25,55.25,55.25,55.25,0.91
6/28/2017,80.65,80.65,80.65,80.65,0.06,47.54,46.54,47.7,46.54,1.32,3.094,3.052,3.117,3.047,0.98,96.01,96.43,96.62,95.97,-0.39,929,929,929,929,2.88,0.764,0.7584,0.7647,0.7576,0.76,5.33,5.33,5.33,5.33,0,5.495,5.495,5.495,5.495,0,55.7,55.7,55.7,55.7,0.81
6/29/2017,80.95,80.95,80.95,80.95,0.37,47.63,47.61,48.27,47.34,0.19,3.037,3.074,3.114,3.028,-1.84,95.63,96.04,96.05,95.53,-0.4,920,920,920,920,-0.97,0.7682,0.764,0.7689,0.7634,0.55,5.46,5.46,5.46,5.46,2.44,5.495,5.495,5.495,5.495,0,55.79,55.79,55.79,55.79,0.16
6/30/2017,81,81,81,81,0.06,48.77,47.6,49,47.6,2.39,3.031,3.036,3.044,2.972,-0.2,95.63,95.54,95.83,95.47,0,901,901,901,901,-2.07,0.7686,0.7684,0.7714,0.7666,0.05,5.42,5.42,5.42,5.42,-0.73,5.48,5.48,5.48,5.48,-0.27,56.01,56.01,56.01,56.01,0.39
7/3/2017,79.45,79.45,79.45,79.45,-1.91,49.99,49.41,50.01,48.81,2.5,2.953,2.953,3.048,2.935,-2.57,96.22,95.65,96.24,95.63,0.62,882,882,882,882,-2.11,0.766,0.7683,0.7697,0.7643,-0.34,5.53,5.53,5.53,5.53,2.03,5.49,5.49,5.49,5.49,0.18,65,65,65,65,16.05
7/4/2017,81.15,81.15,81.15,81.15,2.14,49.9,49.95,50.19,49.58,-0.18,2.984,2.959,2.993,2.95,1.05,96.22,96.16,96.33,96.05,0,871,871,871,871,-1.25,0.76,0.7661,0.7685,0.759,-0.78,5.51,5.51,5.51,5.51,-0.36,5.49,5.49,5.49,5.49,0.18,65,65,65,65,16.05
7/5/2017,83.05,83.05,83.05,83.05,2.34,48.07,50.02,50.11,47.29,-3.67,2.837,2.955,3.016,2.83,-4.93,96.29,96.19,96.51,96.07,0.07,847,847,847,847,-2.76,0.76,0.7601,0.7634,0.757,0,5.43,5.43,5.43,5.43,-1.45,5.465,5.465,5.465,5.465,-0.46,63.03,63.03,63.03,63.03,-3.03
7/6/2017,83.2,83.2,83.2,83.2,0.18,48.39,48.62,49.43,48.04,0.67,2.881,2.851,2.891,2.848,1.55,95.8,96.19,96.34,95.78,-0.51,829,829,829,829,-2.13,0.7585,0.7604,0.7617,0.7575,-0.2,5.63,5.63,5.63,5.63,3.68,5.445,5.445,5.445,5.445,-0.37,62.11,62.11,62.11,62.11,-1.46
7/7/2017,82.55,82.55,82.55,82.55,-0.78,46.98,48.05,48.05,46.55,-2.91,2.857,2.887,2.938,2.842,-0.83,96.01,95.8,96.15,95.75,0.22,822,822,822,822,-0.84,0.7605,0.7586,0.7626,0.7571,0.26,5.74,5.74,5.74,5.74,1.95,5.445,5.445,5.445,5.445,0,62.85,62.28,62.28,62.28,1.19
7/10/2017,82.35,82.35,82.35,82.35,-0.24,47.17,47.19,47.65,46.39,0.4,2.924,2.892,2.934,2.863,2.35,96.02,96.03,96.2,95.95,0.01,820,820,820,820,-0.24,0.7605,0.7605,0.7616,0.7585,0,5.8,5.8,5.8,5.8,1.05,5.445,5.445,5.445,5.445,0,63.11,63.11,63.11,63.11,0.41
7/11/2017,83.35,83.35,83.35,83.35,1.21,47.81,47.22,48.5,46.6,1.36,3.038,2.919,3.043,2.917,3.9,95.67,96.07,96.2,95.65,-0.36,830,830,830,830,1.22,0.7634,0.7607,0.7645,0.7602,0.38,5.73,5.73,5.73,5.73,-1.21,5.445,5.445,5.445,5.445,0,64.48,64.48,64.48,64.48,2.17
7/12/2017,83.2,83.2,83.2,83.2,-0.18,48.03,48.44,49.06,47.65,0.46,2.975,3.023,3.031,2.957,-2.07,95.76,95.71,95.98,95.51,0.09,859,859,859,859,3.49,0.7675,0.7637,0.7687,0.7633,0.54,5.88,5.88,5.88,5.88,2.62,5.445,5.445,5.445,5.445,0,64.09,64.09,64.09,64.09,-0.6
7/13/2017,83.8,83.8,83.8,83.8,0.72,48.68,47.88,48.79,47.47,1.35,2.948,2.985,3.007,2.934,-0.91,95.73,95.78,95.92,95.46,-0.03,888,888,888,888,3.38,0.7726,0.7678,0.7742,0.7674,0.66,5.76,5.76,5.76,5.76,-2.04,5.445,5.445,5.445,5.445,0,64.16,64.16,64.16,64.16,0.11
7/14/2017,83.95,83.95,83.95,83.95,0.18,49.17,48.63,49.35,48.41,1.01,2.971,2.95,2.984,2.917,0.78,95.15,95.8,95.83,95.09,-0.61,900,900,900,900,1.35,0.7828,0.7732,0.7837,0.7724,1.32,5.82,5.82,5.82,5.82,1.04,5.445,5.445,5.445,5.445,0,64.92,64.92,64.92,64.92,1.18
7/17/2017,84.3,84.3,84.3,84.3,0.42,48.68,49.29,49.5,48.56,-1,3.007,2.969,3.034,2.968,1.21,95.13,95.09,95.35,95.02,-0.02,912,912,912,912,1.33,0.7798,0.7821,0.7841,0.779,-0.38,5.82,5.82,5.82,5.82,0,5.575,5.575,5.575,5.575,2.39,65.99,65.99,65.99,65.99,1.65
7/18/2017,85.55,85.55,85.55,85.55,1.48,49.08,48.68,49.64,48.49,0.82,3.073,3.008,3.079,3.007,2.19,94.6,95.16,95.19,94.48,-0.56,932,932,932,932,2.19,0.7915,0.7802,0.7945,0.7785,1.5,5.85,5.85,5.85,5.85,0.52,5.575,5.575,5.575,5.575,0,65.74,65.74,65.74,65.74,-0.38
7/19/2017,85.85,85.85,85.85,85.85,0.35,49.93,48.89,50.03,48.82,1.73,3.055,3.066,3.084,3.05,-0.59,94.78,94.69,94.89,94.64,0.19,948,948,948,948,1.72,0.7949,0.7916,0.7962,0.7908,0.43,5.84,5.84,5.84,5.84,-0.17,5.575,5.575,5.575,5.575,0,65.99,65.99,65.99,65.99,0.38
7/20/2017,86.7,86.7,86.7,86.7,0.99,49.52,49.92,50.38,49.41,-0.82,3.033,3.058,3.101,3.008,-0.72,94.31,94.77,95.17,94.09,-0.5,964,964,964,964,1.69,0.7957,0.7952,0.7991,0.7896,0.1,5.75,5.75,5.75,5.75,-1.54,5.595,5.595,5.595,5.595,0.36,65.49,65.49,65.49,65.49,-0.76
7/21/2017,86.45,86.45,86.45,86.45,-0.29,48.31,49.53,49.85,48.05,-2.44,2.961,3.016,3.03,2.928,-2.37,93.86,94.3,94.36,93.85,-0.48,977,977,977,977,1.35,0.7911,0.7958,0.7962,0.7875,-0.58,5.6,5.6,5.6,5.6,-2.61,5.595,5.595,5.595,5.595,0,65.19,65.19,65.19,65.19,-0.46
7/24/2017,86.35,86.35,86.35,86.35,-0.12,48.82,48.24,49,47.94,1.06,2.882,2.921,2.942,2.866,-2.67,93.98,93.94,94.12,93.82,0.13,977,977,977,977,0,0.7922,0.7917,0.797,0.7898,0.14,5.64,5.64,5.64,5.64,0.71,5.615,5.615,5.615,5.615,0.36,65.39,65.39,65.39,65.39,0.31
7/25/2017,86.8,86.8,86.8,86.8,0.52,50.36,48.84,51.06,48.84,3.15,2.931,2.893,2.936,2.881,1.7,94.05,94.03,94.12,93.64,0.07,980,980,980,980,0.31,0.7936,0.792,0.7973,0.7901,0.18,5.67,5.67,5.67,5.67,0.53,5.615,5.615,5.615,5.615,0,65.59,65.59,65.59,65.59,0.31
7/26/2017,87.25,87.25,87.25,87.25,0.52,51.1,50.74,51.2,50.23,1.47,2.914,2.93,2.951,2.883,-0.58,93.67,94.09,94.28,93.37,-0.4,968,968,968,968,-1.22,0.8001,0.7937,0.8016,0.7877,0.82,5.76,5.76,5.76,5.76,1.59,5.65,5.65,5.65,5.65,0.62,65.54,65.54,65.54,65.54,-0.08
7/27/2017,87.3,87.3,87.3,87.3,0.06,51.52,51,51.67,50.58,0.82,2.967,2.922,2.99,2.898,1.82,93.86,93.46,94.1,93.15,0.2,942,942,942,942,-2.69,0.7963,0.8006,0.8068,0.7955,-0.47,5.65,5.65,5.65,5.65,-1.91,5.71,5.71,5.71,5.71,1.06,65.74,65.74,65.74,65.74,0.31
7/28/2017,87.2,87.2,87.2,87.2,-0.11,52.22,51.58,52.35,51.33,1.36,2.981,2.993,3.017,2.962,0.47,93.26,93.87,93.95,93.26,-0.64,933,933,933,933,-0.96,0.7986,0.7967,0.801,0.7935,0.29,5.69,5.69,5.69,5.69,0.71,5.74,5.74,5.74,5.74,0.53,65.87,65.87,65.87,65.87,0.2
7/31/2017,93.2,91.75,94,91.75,6.88,52.72,52.3,52.9,51.78,0.96,2.834,2.929,2.932,2.826,-4.93,92.86,93.36,93.53,92.78,-0.43,946,946,946,946,1.39,0.8002,0.7991,0.8007,0.7955,0.2,5.73,5.73,5.73,5.73,0.7,5.8,5.8,5.8,5.8,1.05,66.22,66.22,66.22,66.22,0.53
8/1/2017,94.7,94.7,94.7,94.7,1.61,51.94,52.86,53.08,51.08,-1.48,2.855,2.849,2.87,2.8,0.74,93.04,92.89,93.12,92.78,0.19,965,965,965,965,2.01,0.7967,0.8003,0.8045,0.7959,-0.44,5.8,5.8,5.8,5.8,1.22,5.775,5.775,5.775,5.775,-0.43,71.57,71.57,71.57,71.57,8.08
8/2/2017,95.05,95.05,95.05,95.05,0.37,52.44,51.57,52.49,51.36,0.96,2.851,2.846,2.876,2.824,-0.14,92.84,93.06,93.16,92.55,-0.21,993,993,993,993,2.9,0.7962,0.7969,0.7995,0.794,-0.06,5.93,5.93,5.93,5.93,2.24,5.775,5.775,5.775,5.775,0,72.06,72.06,72.06,72.06,0.68
8/3/2017,94.55,94.55,94.55,94.55,-0.53,52.02,52.31,52.87,51.78,-0.8,2.844,2.845,2.888,2.835,-0.25,92.84,92.9,93.04,92.68,0,1023,1023,1023,1023,3.02,0.7948,0.7968,0.7972,0.7913,-0.18,5.94,5.94,5.94,5.94,0.17,5.78,5.78,5.78,5.78,0.09,72.37,72.37,72.37,72.37,0.43
8/4/2017,95.35,95.35,95.35,95.35,0.85,52.46,51.99,52.55,51.48,0.85,2.817,2.833,2.84,2.799,-0.95,93.54,92.76,93.77,92.7,0.75,1032,1032,1032,1032,0.88,0.7922,0.795,0.7982,0.789,-0.33,5.86,5.86,5.86,5.86,-1.35,5.81,5.81,5.81,5.81,0.52,73.48,73.62,74.25,73.62,1.53
8/7/2017,95,95,95,95,-0.37,52.42,52.46,52.55,51.43,-0.08,2.84,2.805,2.849,2.805,0.82,93.43,93.51,93.54,93.3,-0.12,1036,1036,1036,1036,0.39,0.7911,0.7919,0.7951,0.7897,-0.14,5.77,5.77,5.77,5.77,-1.54,5.815,5.815,5.815,5.815,0.09,74.65,74.65,74.65,74.65,1.59
8/8/2017,94.05,94.05,94.05,94.05,-1,52.19,52.3,52.76,51.87,-0.44,2.86,2.838,2.867,2.819,0.7,93.65,93.44,93.88,93.24,0.24,1038,1038,1038,1038,0.19,0.7912,0.7913,0.7945,0.7886,0.01,5.77,5.77,5.77,5.77,0,5.845,5.845,5.845,5.845,0.52,75.37,75.37,75.37,75.37,0.96
8/9/2017,95.2,95.2,95.2,95.2,1.22,52.65,52.04,52.78,51.87,0.88,2.92,2.835,2.933,2.835,2.1,93.55,93.56,93.89,93.49,-0.11,1050,1050,1050,1050,1.16,0.7886,0.7914,0.7917,0.7854,-0.33,5.92,5.92,5.92,5.92,2.6,5.845,5.845,5.845,5.845,0,74.8,74.8,74.8,74.8,-0.76
8/10/2017,95.85,95.85,95.85,95.85,0.68,51.78,52.71,53.47,51.53,-1.65,3.017,2.916,3.027,2.911,3.32,93.4,93.5,93.81,93.32,-0.16,1092,1092,1092,1092,4,0.7874,0.7889,0.7913,0.7865,-0.15,5.96,5.96,5.96,5.96,0.68,5.85,5.85,5.85,5.85,0.09,74.88,74.88,74.88,74.88,0.11
8/11/2017,95.8,95.8,95.8,95.8,-0.05,51.94,51.82,52.12,51.14,0.31,3.009,3.009,3.021,2.992,-0.27,93.07,93.43,93.51,92.93,-0.35,1138,1138,1138,1138,4.21,0.7889,0.7875,0.7912,0.7838,0.19,5.99,5.99,5.99,5.99,0.5,5.85,5.85,5.85,5.85,0,73.76,73.76,73.76,73.76,-1.5
8/14/2017,95.45,95.45,95.45,95.45,-0.37,50.63,51.86,52.23,50.49,-2.52,2.989,3.03,3.042,2.952,-0.66,93.41,93.07,93.5,93.05,0.37,1155,1155,1155,1155,1.49,0.7849,0.7889,0.7921,0.7843,-0.51,6.12,6.12,6.12,6.12,2.17,5.855,5.855,5.855,5.855,0.09,73.45,73.45,73.45,73.45,-0.42
8/15/2017,94.95,94.95,94.95,94.95,-0.52,50.63,50.61,50.98,49.98,0,2.965,2.987,3,2.95,-0.8,93.85,93.46,94.14,93.44,0.47,1169,1169,1169,1169,1.21,0.7818,0.7852,0.7878,0.7807,-0.39,6.13,6.13,6.13,6.13,0.16,5.87,5.87,5.87,5.87,0.26,73.35,73.35,73.35,73.35,-0.14
8/16/2017,97.45,97.45,97.45,97.45,2.63,50.1,50.79,51.22,49.99,-1.05,2.925,2.95,2.962,2.915,-1.35,93.54,93.83,94.14,93.47,-0.33,1207,1207,1207,1207,3.25,0.7922,0.7822,0.7936,0.7815,1.33,6.39,6.39,6.39,6.39,4.24,6.275,6.275,6.275,6.275,6.9,73.36,73.36,73.36,73.36,0.01
8/17/2017,98.05,98.05,98.05,98.05,0.62,50.75,50.22,50.84,49.81,1.3,2.966,2.92,2.972,2.886,1.4,93.62,93.44,94.08,93.31,0.09,1247,1247,1247,1247,3.31,0.7884,0.7925,0.7965,0.7878,-0.48,6.41,6.41,6.41,6.41,0.31,6.25,6.25,6.25,6.25,-0.4,74.14,74.14,74.14,74.14,1.06
8/18/2017,98.3,98.3,98.3,98.3,0.25,52.41,50.61,52.64,50.54,3.27,2.93,2.951,2.964,2.921,-1.21,93.43,93.68,93.76,93.33,-0.2,1260,1260,1260,1260,1.04,0.7927,0.7885,0.7946,0.7868,0.55,6.41,6.41,6.41,6.41,0,6.25,6.25,6.25,6.25,0,74.4,74.4,74.4,74.4,0.35
8/21/2017,98.35,98.35,98.35,98.35,0.05,51.28,52.63,52.67,50.96,-2.16,2.992,2.929,3.014,2.903,2.12,93.09,93.45,93.58,93,-0.36,1266,1266,1266,1266,0.48,0.7935,0.7917,0.7953,0.791,0.1,6.34,6.34,6.34,6.34,-1.09,6.165,6.165,6.165,6.165,-1.36,74.39,74.39,74.39,74.39,-0.01
8/22/2017,98.4,98.4,98.4,98.4,0.05,51.58,51.37,51.93,51.08,0.59,2.968,2.992,3.035,2.953,-0.8,93.55,93.14,93.58,93.06,0.49,1249,1249,1249,1249,-1.34,0.7907,0.794,0.7953,0.7896,-0.35,6.37,6.37,6.37,6.37,0.47,6.145,6.145,6.145,6.145,-0.32,74.89,74.89,74.89,74.89,0.67
8/23/2017,98.35,98.35,98.35,98.35,-0.05,52.24,51.4,52.29,51.22,1.28,2.96,2.961,2.985,2.929,-0.27,93.15,93.51,93.63,93.13,-0.43,1222,1222,1222,1222,-2.16,0.7902,0.7911,0.7919,0.7881,-0.06,6.54,6.54,6.54,6.54,2.67,6.145,6.145,6.145,6.145,0,74.82,74.82,74.82,74.82,-0.09
8/24/2017,98.4,98.4,98.4,98.4,0.05,51.66,52.21,52.39,51.26,-1.11,2.982,2.956,3.015,2.95,0.74,93.28,93.16,93.38,93.14,0.14,1200,1200,1200,1200,-1.8,0.79,0.7904,0.7917,0.7866,-0.03,6.55,6.55,6.55,6.55,0.15,6.11,6.11,6.11,6.11,-0.57,74.99,74.99,74.99,74.99,0.23
8/25/2017,98.6,98.6,98.6,98.6,0.2,51.98,51.91,52.27,51.52,0.62,2.924,2.974,2.982,2.914,-1.95,92.74,93.27,93.44,92.42,-0.58,1209,1209,1209,1209,0.75,0.7933,0.7908,0.7956,0.7884,0.42,6.69,6.69,6.69,6.69,2.14,6.11,6.11,6.11,6.11,0,74.97,74.97,74.97,74.97,-0.03
8/28/2017,97.75,97.75,97.75,97.75,-0.86,51.42,52,52.44,51.07,-1.08,2.961,2.95,2.998,2.88,1.27,92.21,92.32,92.55,92.17,-0.57,1209,1209,1209,1209,0.75,0.7962,0.7932,0.7974,0.7915,0.37,6.7,6.7,6.7,6.7,0.15,6.11,6.11,6.11,6.11,0,75.03,75.03,75.03,75.03,0.08
8/29/2017,97.05,97.05,97.05,97.05,-0.72,51.66,51.54,51.79,50.98,0.47,2.983,2.959,2.99,2.934,0.74,92.25,92.22,92.47,91.62,0.04,1203,1203,1203,1203,-0.5,0.7947,0.7964,0.7985,0.7905,-0.19,6.64,6.64,6.64,6.64,-0.9,6.125,6.125,6.125,6.125,0.25,75.05,75.05,75.05,75.05,0.03
8/30/2017,97.4,97.4,97.4,97.4,0.36,50.73,51.65,51.69,50.52,-1.8,3.014,3.047,3.052,3.001,1.04,92.88,92.3,92.95,92.25,0.68,1181,1181,1181,1181,-1.83,0.7904,0.795,0.7997,0.789,-0.54,6.62,6.62,6.62,6.62,-0.3,6.175,6.175,6.175,6.175,0.82,75.08,75.08,75.08,75.08,0.04
8/31/2017,95.3,95.3,95.3,95.3,-2.16,52.86,50.53,52.9,50.49,4.2,3.102,3.021,3.108,2.983,2.92,92.67,92.85,93.35,92.56,-0.23,1184,1184,1184,1184,0.25,0.7946,0.7904,0.7951,0.787,0.53,6.54,6.54,6.54,6.54,-1.21,6.13,6.13,6.13,6.13,-0.73,75.11,75.11,75.11,75.11,0.04
9/1/2017,95.8,95.8,95.8,95.8,0.52,52.79,52.78,52.94,52.24,-0.13,3.136,3.086,3.152,3.066,1.1,92.81,92.61,92.93,92.1,0.15,1183,1183,1183,1183,-0.08,0.7967,0.7947,0.7995,0.7921,0.26,6.43,6.43,6.43,6.43,-1.68,6.13,6.13,6.13,6.13,0,77.77,77.77,77.77,77.77,3.54
9/4/2017,96.9,96.5,97,96.5,1.15,52.37,52.58,52.85,52.01,-0.8,3.021,3.042,3.06,3.018,-0.72,92.64,92.66,92.7,92.44,-0.18,1187,1187,1187,1187,0.34,0.7942,0.7933,0.7975,0.7932,-0.31,6.51,6.51,6.51,6.51,1.24,6.13,6.13,6.13,6.13,0,77.77,77.77,77.77,77.77,3.54
9/5/2017,97.8,97.8,97.8,97.8,0.93,53.36,52.26,53.62,52.13,1.89,3.044,3.093,3.129,3.037,0.76,92.25,92.6,92.73,92.18,-0.42,1215,1215,1215,1215,2.36,0.7995,0.7945,0.8029,0.7942,0.67,7,7,7,7,7.53,6.175,6.175,6.175,6.175,0.73,77.68,77.68,77.68,77.68,-0.12
9/6/2017,97.9,97.9,97.9,97.9,0.1,54.07,53.19,54.19,53.06,1.33,3.069,3.045,3.097,3.034,0.82,92.29,92.24,92.38,91.99,0.04,1250,1250,1250,1250,2.88,0.7999,0.7996,0.8022,0.7962,0.05,7.19,7.19,7.19,7.19,2.71,6.175,6.175,6.175,6.175,0,76.27,76.27,76.27,76.27,-1.82
9/7/2017,97.65,98,98,98,-0.26,54.33,54.08,54.48,53.75,0.48,3.053,3.075,3.095,3.04,-0.52,91.66,92.2,92.25,91.41,-0.68,1296,1296,1296,1296,3.68,0.8046,0.8001,0.805,0.7974,0.59,7.4,7.4,7.4,7.4,2.92,6.21,6.21,6.21,6.21,0.57,75.36,75.36,75.36,75.36,-1.19
9/8/2017,98.45,98.45,98.45,98.45,0.82,53.58,54.38,54.64,53.34,-1.38,2.965,3.045,3.048,2.957,-2.88,91.35,91.49,91.51,91.01,-0.34,1332,1332,1332,1332,2.78,0.8058,0.8047,0.8126,0.8042,0.15,7.56,7.56,7.56,7.56,2.16,6.235,6.235,6.235,6.235,0.4,74.71,74.71,74.71,74.71,-0.86
9/11/2017,99.55,99.55,99.55,99.55,1.12,53.69,53.64,53.93,52.87,0.21,3.019,2.984,3.022,2.972,1.82,91.9,91.44,91.98,91.42,0.6,1355,1355,1355,1355,1.73,0.8028,0.8068,0.8076,0.8018,-0.37,7.37,7.37,7.37,7.37,-2.51,6.27,6.27,6.27,6.27,0.56,74.78,74.78,74.78,74.78,0.09
9/12/2017,99.75,99.75,99.75,99.75,0.2,54.03,53.77,54.2,53.28,0.63,3.067,3.021,3.11,3.002,1.59,91.88,91.86,92.08,91.77,-0.02,1344,1344,1344,1344,-0.81,0.8018,0.8029,0.8051,0.7998,-0.12,7.36,7.36,7.36,7.36,-0.14,6.27,6.27,6.27,6.27,0,75.22,75.22,75.22,75.22,0.59
9/13/2017,100.3,101,101,101,0.55,54.89,53.99,54.92,53.82,1.59,3.118,3.062,3.137,3.062,1.66,92.52,91.88,92.53,91.71,0.7,1337,1337,1337,1337,-0.52,0.7984,0.8019,0.8046,0.797,-0.42,7.6,7.6,7.6,7.6,3.26,6.28,6.28,6.28,6.28,0.16,74.94,74.94,74.94,74.94,-0.37
9/14/2017,100,100,100,100,-0.3,55.22,54.81,55.66,54.63,0.6,3.127,3.112,3.159,3.093,0.29,92.12,92.35,92.66,91.97,-0.43,1361,1361,1361,1361,1.8,0.8005,0.7985,0.8018,0.7955,0.26,7.6,7.6,7.6,7.6,0,6.305,6.305,6.305,6.305,0.4,73.7,73.7,73.7,73.7,-1.65
9/15/2017,99.2,99.2,99.2,99.2,-0.8,55.42,55.11,55.57,54.61,0.36,3.085,3.126,3.133,3.068,-1.34,91.87,92,92.17,91.58,-0.27,1385,1385,1385,1385,1.76,0.8001,0.8005,0.8036,0.7985,-0.05,7.44,7.44,7.44,7.44,-2.11,6.315,6.315,6.315,6.315,0.16,73.5,73.5,73.5,73.5,-0.27
9/18/2017,98.25,98.25,98.25,98.25,-0.96,55.25,55.41,55.74,54.63,-0.31,3.195,3.11,3.207,3.11,3.57,92.05,91.95,92.21,91.8,0.2,1398,1398,1398,1398,0.94,0.796,0.8,0.8036,0.7938,-0.51,7.22,7.22,7.22,7.22,-2.96,7.65,7.65,7.65,7.65,21.14,73.84,73.84,73.84,73.84,0.46
9/19/2017,98.2,98.2,98.2,98.2,-0.05,54.9,55.2,55.63,54.67,-0.63,3.175,3.196,3.214,3.168,-0.63,91.79,91.98,92.05,91.75,-0.28,1415,1415,1415,1415,1.22,0.8009,0.7961,0.802,0.7956,0.62,7.52,7.52,7.52,7.52,4.16,7.65,7.65,7.65,7.65,0,71.8,71.8,71.8,71.8,-2.76
9/20/2017,97.95,97.95,97.95,97.95,-0.25,55.93,55.09,56.11,55.02,1.88,3.149,3.171,3.203,3.136,-0.82,92.51,91.83,92.7,91.53,0.78,1449,1449,1449,1449,2.4,0.8031,0.8014,0.8104,0.7986,0.27,7.4,7.4,7.4,7.4,-1.6,7.695,7.695,7.695,7.695,0.59,71.96,71.96,71.96,71.96,0.22
9/21/2017,97.3,97.3,97.3,97.3,-0.66,56.09,55.93,56.18,55.46,0.29,3.007,3.141,3.149,3.003,-4.51,92.19,92.47,92.66,92.1,-0.35,1470,1470,1470,1470,1.45,0.7931,0.8031,0.8038,0.7916,-1.25,7.05,7.05,7.05,7.05,-4.73,7.695,7.695,7.695,7.695,0,72.06,72.06,72.06,72.06,0.14
9/22/2017,97.2,97.2,97.2,97.2,-0.1,56.42,56.16,56.47,55.89,0.59,3.021,3.026,3.037,3.008,0.47,92.17,92.18,92.22,91.78,-0.02,1502,1502,1502,1502,2.18,0.7962,0.7935,0.7988,0.7908,0.39,7.14,7.14,7.14,7.14,1.28,7.775,7.775,7.775,7.775,1.04,71.55,72,72,70.15,-0.71
9/25/2017,96.95,96.95,96.95,96.95,-0.26,58.43,56.46,58.66,56.23,3.56,2.988,3,3.049,2.979,-1.09,92.65,92.42,92.72,92.21,0.52,1503,1503,1503,1503,0.07,0.7934,0.7963,0.7978,0.7926,-0.35,7.78,7.78,7.78,7.78,8.96,7.815,7.815,7.815,7.815,0.51,70.5,70.5,70.5,70.5,-1.47
9/26/2017,97,97,97,97,0.05,57.92,58.55,58.88,57.22,-0.87,3,2.995,3.025,2.974,0.4,92.97,92.6,93.29,92.55,0.35,1476,1476,1476,1476,-1.8,0.7886,0.7936,0.795,0.7858,-0.6,7.51,7.51,7.51,7.51,-3.47,8.025,8.025,8.025,8.025,2.69,70.94,70.94,70.94,70.94,0.62
9/27/2017,97.25,97.25,97.25,97.25,0.26,57.57,58.11,58.34,57.25,-0.6,3.061,3.005,3.089,3,2.03,93.36,93.04,93.61,93,0.42,1429,1429,1429,1429,-3.18,0.7848,0.7886,0.789,0.7835,-0.48,7.46,7.46,7.46,7.46,-0.67,8.025,8.025,8.025,8.025,0,70.56,70.56,70.56,70.56,-0.54
9/28/2017,97.1,97.1,97.1,97.1,-0.15,57.16,57.39,58.28,56.56,-0.71,3.184,3.223,3.239,3.168,4.02,93.08,93.47,93.67,93.07,-0.3,1391,1391,1391,1391,-2.66,0.7856,0.7851,0.7861,0.7798,0.1,7.48,7.48,7.48,7.48,0.27,8.055,8.055,8.055,8.055,0.37,70,70,70,70,-0.79
9/29/2017,97.25,97.25,97.25,97.25,0.15,56.79,57.29,57.43,56.44,-0.65,3.181,3.192,3.21,3.161,-0.09,93.08,93.17,93.27,92.95,0,1356,1356,1356,1356,-2.52,0.7833,0.7856,0.7861,0.7817,-0.29,7.59,7.59,7.59,7.59,1.47,8.165,8.165,8.165,8.165,1.37,69.77,69.77,69.77,69.77,-0.33
10/2/2017,95.9,95.9,95.9,95.9,-1.39,55.89,56.54,56.55,55.31,-1.58,3.106,3.188,3.199,3.078,-2.36,93.56,93.22,93.66,93.12,0.52,1328,1328,1328,1328,-2.06,0.7825,0.7841,0.785,0.7795,-0.1,7.46,7.46,7.46,7.46,-1.71,8.17,8.17,8.17,8.17,0.06,62.43,62.43,62.43,62.43,-10.52
10/3/2017,97,97,97,97,1.15,55.78,55.81,56.13,55.45,-0.2,3.085,3.11,3.119,3.068,-0.68,93.57,93.6,93.92,93.43,0.01,1308,1308,1308,1308,-1.51,0.7834,0.7828,0.784,0.7785,0.12,7.52,7.52,7.52,7.52,0.8,8.215,8.215,8.215,8.215,0.55,62.86,62.86,62.86,62.86,0.69
10/4/2017,99,97,98.4,97,2.06,55.6,55.4,55.97,55.19,-0.32,3.122,3.097,3.159,3.089,1.2,93.46,93.57,93.58,93.26,-0.12,1320,1320,1320,1320,0.92,0.7863,0.7836,0.7877,0.7829,0.37,7.44,7.44,7.44,7.44,-1.06,8.215,8.215,8.215,8.215,0,62.95,62.95,62.95,62.95,0.14
10/5/2017,98.65,98.65,98.65,98.65,-0.35,56.71,55.55,56.94,55.49,2,3.103,3.125,3.167,3.076,-0.61,93.96,93.48,93.99,93.41,0.53,1382,1382,1382,1382,4.7,0.7794,0.7863,0.7867,0.7786,-0.88,7.42,7.42,7.42,7.42,-0.27,8.23,8.23,8.23,8.23,0.18,62.84,62.84,62.84,62.84,-0.17
10/6/2017,97.35,97.35,97.35,97.35,-1.32,55.62,56.99,57.28,55.13,-1.92,3.046,3.079,3.093,3.035,-1.84,93.8,93.92,94.27,93.77,-0.17,1405,1405,1405,1405,1.66,0.7769,0.7795,0.78,0.7732,-0.32,7.52,7.52,7.52,7.52,1.35,8.245,8.245,8.245,8.245,0.18,63.27,63.27,63.27,63.27,0.68
10/9/2017,96.65,96.65,96.65,96.65,-0.72,55.79,55.5,55.98,55.06,0.31,3.018,3.047,3.068,3.013,-0.92,93.67,93.77,93.84,93.62,-0.14,1411,1411,1411,1411,0.43,0.7752,0.775,0.7784,0.7746,-0.22,7.48,7.48,7.48,7.48,-0.53,8.27,8.27,8.27,8.27,0.3,61.26,61.26,61.26,61.26,-3.18
10/10/2017,95.35,95.35,95.35,95.35,-1.35,56.61,55.78,56.91,55.73,1.47,3.071,3.022,3.073,3.014,1.76,93.29,93.73,93.74,93.14,-0.41,1418,1418,1418,1418,0.5,0.7776,0.7752,0.7798,0.7749,0.31,7.87,7.87,7.87,7.87,5.21,8.27,8.27,8.27,8.27,0,60.18,60.18,60.18,60.18,-1.76
10/11/2017,96.05,96.05,96.05,96.05,0.73,56.94,56.56,57.09,56.51,0.58,3.066,3.066,3.133,3.057,-0.16,93.02,93.25,93.37,92.9,-0.29,1433,1433,1433,1433,1.06,0.7787,0.7778,0.7811,0.777,0.14,7.85,7.85,7.85,7.85,-0.25,8.27,8.27,8.27,8.27,0,59.26,59.26,59.26,59.26,-1.53
10/12/2017,95.15,95.15,95.15,95.15,-0.94,56.25,56.74,56.83,55.88,-1.21,3.144,3.081,3.165,3.068,2.54,93.06,92.95,93.23,92.8,0.04,1458,1458,1458,1458,1.74,0.7819,0.7788,0.7837,0.7785,0.41,7.87,7.87,7.87,7.87,0.25,8.27,8.27,8.27,8.27,0,59.83,59.83,59.83,59.83,0.96
10/13/2017,95.75,95.75,95.75,95.75,0.63,57.17,56.44,57.57,56.34,1.64,3.16,3.149,3.185,3.142,0.51,93.09,93.09,93.24,92.75,0.03,1485,1485,1485,1485,1.85,0.7888,0.7822,0.7898,0.7817,0.88,7.78,7.78,7.78,7.78,-1.14,8.27,8.27,8.27,8.27,0,60.63,60.63,60.63,60.63,1.34
10/16/2017,96.15,96.15,96.15,96.15,0.42,57.82,57.28,58.47,57.12,1.14,3.108,3.122,3.141,3.071,-1.65,93.31,93.08,93.36,93.08,0.24,1523,1523,1523,1523,2.56,0.785,0.7877,0.7892,0.7842,-0.48,7.78,7.78,7.78,7.78,0,8.95,8.95,8.95,8.95,8.22,61.16,61.16,61.16,61.16,0.87
10/17/2017,96.15,96.15,96.15,96.15,0,57.88,57.78,58.35,57.18,0.1,3.128,3.119,3.182,3.095,0.64,93.51,93.31,93.73,93.28,0.21,1552,1552,1552,1552,1.9,0.7843,0.7851,0.7862,0.7817,-0.09,7.84,7.84,7.84,7.84,0.77,8.95,8.95,8.95,8.95,0,60.89,60.89,60.89,60.89,-0.44
10/18/2017,97.1,97.1,97.1,97.1,0.99,58.15,58.16,58.54,57.74,0.47,3.065,3.097,3.113,3.059,-2.01,93.36,93.48,93.8,93.36,-0.16,1566,1566,1566,1566,0.9,0.7844,0.7846,0.7859,0.7818,0.01,8.24,8.24,8.24,8.24,5.1,8.95,8.95,8.95,8.95,0,61.1,61.1,61.1,61.1,0.34
10/19/2017,96.75,96.75,96.75,96.75,-0.36,57.23,58.24,58.3,57.02,-1.58,3.086,3.081,3.111,3.012,0.69,93.16,93.42,93.55,93.06,-0.21,1582,1582,1582,1582,1.02,0.7879,0.7847,0.7885,0.784,0.45,8.08,8.08,8.08,8.08,-1.94,8.905,8.905,8.905,8.905,-0.5,60.39,60.39,60.39,60.39,-1.16
10/20/2017,97.15,97.15,97.15,97.15,0.41,57.75,57.32,57.94,56.6,0.91,3.113,3.091,3.128,3.065,0.87,93.7,93.16,93.78,93.12,0.58,1578,1578,1578,1578,-0.25,0.7818,0.7876,0.7884,0.7807,-0.77,8,8,8,8,-0.99,8.86,8.86,8.86,8.86,-0.51,60.69,60.69,60.69,60.69,0.5
10/23/2017,96.55,96.5,96.5,96.5,-0.62,57.37,57.95,58.05,57.27,-0.66,3.156,3.18,3.198,3.127,1.38,93.94,93.82,94.02,93.68,0.26,1586,1586,1586,1586,0.51,0.7805,0.7814,0.7836,0.7795,-0.17,7.87,7.87,7.87,7.87,-1.63,8.82,8.82,8.82,8.82,-0.45,60.7,60.7,60.7,60.7,0.02
10/24/2017,97.2,97.2,97.2,97.2,0.67,58.33,57.41,58.57,57.04,1.67,3.135,3.139,3.165,3.117,-0.67,93.77,93.83,93.99,93.68,-0.18,1588,1588,1588,1588,0.13,0.7775,0.7807,0.7826,0.777,-0.38,7.91,7.91,7.91,7.91,0.51,8.82,8.82,8.82,8.82,0,60.73,60.73,60.73,60.73,0.05
10/25/2017,97.15,97.15,97.15,97.15,-0.05,58.44,58.44,58.74,57.85,0.19,3.082,3.153,3.156,3.076,-1.69,93.71,93.94,94.01,93.61,-0.06,1573,1573,1573,1573,-0.94,0.7703,0.7776,0.7786,0.7689,-0.93,7.84,7.84,7.84,7.84,-0.88,8.785,8.785,8.785,8.785,-0.4,60.72,60.72,60.72,60.72,-0.02
10/26/2017,97.1,97.1,97.1,97.1,-0.05,59.3,58.42,59.55,58.05,1.47,3.051,3.094,3.103,3.036,-1.01,94.61,93.63,94.72,93.48,0.96,1555,1555,1555,1555,-1.14,0.766,0.7704,0.772,0.7655,-0.56,7.64,7.64,7.64,7.64,-2.55,8.85,8.85,8.85,8.85,0.74,60.67,60.67,60.67,60.67,-0.08
10/27/2017,97.45,97.45,97.45,97.45,0.36,60.44,59.37,60.65,58.82,1.92,2.964,3.052,3.054,2.946,-2.85,94.92,94.72,95.15,94.73,0.33,1546,1546,1546,1546,-0.58,0.7676,0.766,0.7681,0.7624,0.21,7.61,7.61,7.61,7.61,-0.39,8.995,8.995,8.995,8.995,1.64,60.53,60.53,60.53,60.53,-0.23
10/30/2017,99.4,98.75,99.5,98.75,2,60.9,60.66,61,60.14,0.76,3.1,3.081,3.139,3.075,4.59,94.56,94.83,94.9,94.44,-0.38,1534,1534,1534,1534,-0.78,0.7687,0.767,0.7693,0.7655,0.14,7.58,7.58,7.58,7.58,-0.39,8.995,8.995,8.995,8.995,0,60.4,60.4,60.4,60.4,-0.21
10/31/2017,99.9,99.9,99.9,99.9,0.5,61.37,60.86,61.41,60.53,0.77,3.026,3.125,3.133,3.016,-2.39,94.55,94.54,94.7,94.45,-0.01,1522,1522,1522,1522,-0.78,0.7655,0.7688,0.77,0.7639,-0.42,7.81,7.81,7.81,7.81,3.03,9.025,9.025,9.025,9.025,0.33,60.31,60.31,60.31,60.31,-0.15
11/1/2017,100,100,100,100,0.1,60.49,61.07,61.7,60,-1.43,3.017,3.034,3.055,2.983,-0.3,94.81,94.55,94.85,94.51,0.27,1496,1496,1496,1496,-1.71,0.7675,0.7657,0.7697,0.7647,0.26,7.95,7.95,7.95,7.95,1.79,9.025,9.025,9.025,9.025,0,58.62,58.62,58.62,58.62,-2.8
11/2/2017,100.2,100.2,100.2,100.2,0.2,60.62,60.5,60.86,60.02,0.21,3.051,3.019,3.076,3.005,1.13,94.69,94.8,94.8,94.41,-0.13,1482,1482,1482,1482,-0.94,0.7712,0.7675,0.7731,0.7672,0.48,8.1,8.1,8.1,8.1,1.89,9.125,9.125,9.125,9.125,1.11,59.45,59.45,59.45,59.45,1.42
11/3/2017,99,99,99,99,-1.2,62.07,60.88,62.23,60.6,2.39,3.097,3.052,3.109,3.049,1.51,94.94,94.73,95.02,94.41,0.26,1476,1476,1476,1476,-0.4,0.765,0.7713,0.7719,0.7638,-0.8,8.32,8.32,8.32,8.32,2.72,9.125,9.125,9.125,9.125,0,59.56,59.56,59.56,59.56,0.19
11/6/2017,98.75,98.75,98.75,98.75,-0.25,64.27,62.27,64.44,62.08,3.54,3.232,3.18,3.242,3.154,4.36,94.76,94.87,95.08,94.69,-0.19,1473,1473,1473,1473,-0.2,0.769,0.7653,0.7693,0.7637,0.52,8.36,8.36,8.36,8.36,0.48,9.125,9.125,9.125,9.125,0,62.74,62.74,62.74,62.74,5.34
11/7/2017,98.5,98.5,98.5,98.5,-0.25,63.69,64.12,64.65,63.5,-0.9,3.251,3.222,3.272,3.188,0.59,94.91,94.72,95.15,94.7,0.16,1477,1477,1477,1477,0.27,0.7644,0.7691,0.7702,0.7626,-0.6,8.22,8.22,8.22,8.22,-1.67,9.125,9.125,9.125,9.125,0,61.59,61.59,61.59,61.59,-1.83
11/8/2017,98,98,98,98,-0.51,63.49,63.69,64.64,62.95,-0.31,3.272,3.25,3.285,3.213,0.65,94.87,94.8,94.97,94.78,-0.04,1486,1486,1486,1486,0.61,0.7675,0.7643,0.7686,0.7638,0.41,8.18,8.18,8.18,8.18,-0.49,9.13,9.13,9.13,9.13,0.05,62.59,62.59,62.59,62.59,1.62
11/9/2017,97.7,97.7,97.7,97.7,-0.31,63.93,63.52,64.25,63.26,0.69,3.297,3.258,3.311,3.256,0.76,94.44,94.88,94.96,94.42,-0.45,1481,1481,1481,1481,-0.34,0.7678,0.7677,0.7695,0.7648,0.04,8.01,8.01,8.01,8.01,-2.08,9.13,9.13,9.13,9.13,0,61.41,61.41,61.41,61.41,-1.89
11/10/2017,97.65,97.65,97.65,97.65,-0.05,63.52,63.8,64.27,63.35,-0.64,3.306,3.303,3.318,3.272,0.27,94.39,94.5,94.65,94.26,-0.05,1464,1464,1464,1464,-1.15,0.7661,0.768,0.7696,0.7653,-0.22,7.86,7.86,7.86,7.86,-1.87,9.18,9.18,9.18,9.18,0.55,61.79,61.79,61.79,61.79,0.62
11/13/2017,97.8,97.8,97.8,97.8,0.15,63.16,63.68,63.77,62.61,-0.57,3.262,3.291,3.321,3.225,-1.33,94.49,94.42,94.64,94.4,0.11,1445,1445,1445,1445,-1.3,0.7621,0.7656,0.7672,0.7615,-0.52,7.81,7.81,7.81,7.81,-0.64,9.19,9.19,9.19,9.19,0.11,61.99,61.99,61.99,61.99,0.32
11/14/2017,97.6,97.6,97.6,97.6,-0.2,62.21,63.06,63.17,61.21,-1.5,3.203,3.239,3.245,3.163,-1.81,93.83,94.52,94.54,93.75,-0.7,1405,1405,1405,1405,-2.77,0.7629,0.7623,0.7651,0.7609,0.1,7.85,7.85,7.85,7.85,0.51,9.19,9.19,9.19,9.19,0,61.79,61.79,61.79,61.79,-0.32
11/15/2017,97.55,97.55,97.55,97.55,-0.05,61.87,61.55,62.13,61.3,-0.55,3.179,3.184,3.244,3.151,-0.75,93.81,93.86,93.93,93.4,-0.02,1374,1374,1374,1374,-2.21,0.7587,0.7631,0.7634,0.7572,-0.55,8.15,8.15,8.15,8.15,3.82,9.185,9.185,9.185,9.185,-0.05,61.22,61.22,61.22,61.22,-0.92
11/16/2017,96.75,96.75,96.75,96.75,-0.82,61.36,61.88,62.15,61.25,-0.82,3.153,3.187,3.203,3.147,-0.82,93.93,93.84,94,93.77,0.13,1361,1361,1361,1361,-0.95,0.7587,0.759,0.761,0.757,0,7.95,7.95,7.95,7.95,-2.45,9.675,9.675,9.675,9.675,5.33,61.6,61.6,61.6,61.6,0.62
11/17/2017,96.55,96.55,96.55,96.55,-0.21,62.72,61.41,62.92,61.08,2.22,3.191,3.171,3.221,3.159,1.21,93.66,93.87,93.93,93.51,-0.29,1371,1371,1371,1371,0.73,0.7565,0.7588,0.761,0.7535,-0.29,7.93,7.93,7.93,7.93,-0.25,9.675,9.675,9.675,9.675,0,61.49,61.49,61.49,61.49,-0.18
11/20/2017,96.25,96.25,96.25,96.25,-0.31,62.22,62.8,62.8,61.44,-0.8,3.14,3.165,3.179,3.125,-1.6,94.08,93.71,94.1,93.58,0.45,1385,1385,1385,1385,1.02,0.7549,0.7563,0.7575,0.7543,-0.21,7.9,7.9,7.9,7.9,-0.38,9.675,9.675,9.675,9.675,0,61.77,61.77,61.77,61.77,0.46
11/21/2017,95.9,95.9,95.9,95.9,-0.36,62.57,62.1,62.87,62.07,0.56,3.11,3.126,3.157,3.106,-0.96,93.95,94.04,94.17,93.88,-0.14,1396,1396,1396,1396,0.79,0.7578,0.755,0.7591,0.7531,0.38,7.85,7.85,7.85,7.85,-0.63,9.695,9.695,9.695,9.695,0.21,62.05,62.05,62.05,62.05,0.45
11/22/2017,96.2,96.2,96.2,96.2,0.31,63.32,62.78,63.43,62.62,1.2,3.059,3.11,3.12,3.049,-1.64,93.22,93.93,93.96,93.21,-0.78,1413,1413,1413,1413,1.22,0.7616,0.7578,0.7625,0.7554,0.5,7.83,7.83,7.83,7.83,-0.25,9.695,9.695,9.695,9.695,0,62.99,62.99,62.99,62.99,1.51
11/23/2017,96.1,96.1,96.1,96.1,-0.1,63.55,63.24,63.57,62.88,0.36,2.904,2.971,2.986,2.891,-5.07,93.22,93.3,93.31,93.07,0,1445,1445,1445,1445,2.26,0.7622,0.7616,0.764,0.7602,0.08,8.12,8.12,8.12,8.12,3.7,9.695,9.695,9.695,9.695,0,62.99,62.99,62.99,62.99,1.51
11/24/2017,96.55,96.55,96.55,96.55,0.47,63.86,63.35,63.95,63.28,0.49,2.916,3.056,3.081,2.903,0.41,92.78,93.12,93.25,92.67,-0.47,1458,1458,1458,1458,0.9,0.7612,0.7625,0.7634,0.7606,-0.13,8.21,8.21,8.21,8.21,1.11,9.77,9.77,9.77,9.77,0.77,62.55,62.55,62.55,62.55,-0.7
11/27/2017,95.05,95.05,95.05,95.05,-1.55,63.84,63.8,63.99,63.1,-0.03,3.017,3.013,3.038,2.971,3.46,92.9,92.73,92.98,92.5,0.13,1477,1477,1477,1477,1.3,0.7601,0.7621,0.7646,0.7592,-0.14,8.15,8.15,8.15,8.15,-0.73,9.805,9.805,9.805,9.805,0.36,63.09,63.09,63.09,63.09,0.86
11/28/2017,96.4,96,97,96,1.42,63.61,63.78,63.89,63.1,-0.36,3.128,3.04,3.154,3.028,3.68,93.27,92.89,93.34,92.83,0.4,1506,1506,1506,1506,1.96,0.7594,0.7603,0.7622,0.7587,-0.09,8.04,8.04,8.04,8.04,-1.35,9.805,9.805,9.805,9.805,0,63.14,63.14,63.14,63.14,0.08
11/29/2017,96.8,97,97,97,0.41,63.11,63.3,64.07,62.5,-0.79,3.179,3.133,3.21,3.129,1.63,93.16,93.22,93.44,92.99,-0.12,1536,1536,1536,1536,1.99,0.757,0.7597,0.7609,0.7552,-0.32,8.14,8.14,8.14,8.14,1.24,9.835,9.835,9.835,9.835,0.31,63.15,63.15,63.15,63.15,0.02
11/30/2017,96.8,96.8,96.8,96.8,0,63.57,63.28,64.21,63.21,0.73,3.032,3.176,3.193,3.017,-4.62,93.05,93.26,93.5,92.73,-0.12,1578,1578,1578,1578,2.73,0.7566,0.7572,0.7595,0.7555,-0.05,7.97,7.97,7.97,7.97,-2.09,9.81,9.81,9.81,9.81,-0.25,63.36,63.36,63.36,63.36,0.33
12/1/2017,96.95,96.95,96.95,96.95,0.15,63.73,62.74,64.32,62.59,0.25,3.063,3.035,3.118,3.035,1.02,92.89,93.03,93.25,92.6,-0.17,1626,1626,1626,1626,3.04,0.7609,0.7568,0.764,0.755,0.57,8.13,8.13,8.13,8.13,2.01,9.815,9.815,9.815,9.815,0.05,70.43,70.43,70.43,70.43,11.16
12/4/2017,97.3,97.7,97.7,97.7,0.36,62.45,63.5,63.68,62.31,-2.01,2.988,3.077,3.124,2.956,-2.45,93.19,93.17,93.36,93.07,0.32,1662,1662,1662,1662,2.21,0.7598,0.7612,0.7618,0.7578,-0.14,8,8,8,8,-1.6,9.835,9.835,9.835,9.835,0.2,71.02,71.02,71.02,71.02,0.84
12/5/2017,96.55,96.55,96.55,96.55,-0.77,62.86,62.45,63.15,62.12,0.66,2.92,2.983,3,2.881,-2.28,93.38,93.08,93.49,93.03,0.2,1666,1666,1666,1666,0.24,0.7604,0.7598,0.7655,0.7595,0.08,7.87,7.87,7.87,7.87,-1.63,9.84,9.84,9.84,9.84,0.05,69.88,69.88,69.88,69.88,-1.61
12/6/2017,97.1,97.1,97.1,97.1,0.57,61.22,62.64,62.93,61.13,-2.61,2.924,2.912,2.965,2.891,0.14,93.61,93.31,93.65,93.17,0.25,1670,1670,1670,1670,0.24,0.7563,0.7607,0.7618,0.7558,-0.54,7.72,7.72,7.72,7.72,-1.91,9.855,9.855,9.855,9.855,0.15,67.46,67.46,67.46,67.46,-3.46
12/7/2017,97.25,97.25,97.25,97.25,0.15,62.2,61.3,62.26,61.15,1.6,2.782,2.909,2.924,2.769,-4.86,93.8,93.54,93.8,93.51,0.2,1679,1679,1679,1679,0.54,0.7511,0.7564,0.7571,0.7504,-0.69,7.79,7.79,7.79,7.79,0.91,9.89,9.89,9.89,9.89,0.36,67.41,67.41,67.41,67.41,-0.07
12/8/2017,97.55,97.55,97.55,97.55,0.31,63.4,62.08,63.64,62.01,1.93,2.792,2.79,2.837,2.774,0.36,93.9,93.79,94.09,93.77,0.11,1702,1702,1702,1702,1.37,0.7504,0.7511,0.7534,0.75,-0.09,7.58,7.58,7.58,7.58,-2.7,9.89,9.89,9.89,9.89,0,68.47,68.47,68.47,68.47,1.57
12/11/2017,98.05,98.05,98.05,98.05,0.51,64.69,63.29,64.93,62.99,2.03,2.847,2.862,2.862,2.808,1.97,93.87,93.93,93.98,93.67,-0.03,1727,1727,1727,1727,1.47,0.7524,0.7512,0.7546,0.7502,0.27,7.64,7.64,7.64,7.64,0.79,9.9,9.9,9.9,9.9,0.1,68.61,68.61,68.61,68.61,0.2
12/12/2017,98.65,98.65,98.65,98.65,0.61,63.34,64.66,65.83,63.07,-2.09,2.694,2.818,2.861,2.692,-5.37,94.1,93.91,94.22,93.76,0.25,1743,1743,1743,1743,0.93,0.7557,0.7526,0.7582,0.7518,0.44,7.61,7.69,7.69,7.69,-0.39,9.915,9.915,9.915,9.915,0.15,68.97,68.97,68.97,68.97,0.52
12/13/2017,99.65,99.65,99.65,99.65,1.01,62.44,63.8,64.32,62.36,-1.42,2.732,2.714,2.763,2.669,1.41,93.43,94.06,94.11,93.39,-0.71,1730,1730,1730,1730,-0.75,0.7636,0.7558,0.7641,0.7551,1.05,7.55,7.55,7.55,7.55,-0.79,9.93,9.93,9.93,9.93,0.15,69.34,69.34,69.34,69.34,0.54
12/14/2017,99.7,99.7,99.7,99.7,0.05,63.31,62.81,63.5,62.01,1.39,2.704,2.72,2.734,2.658,-1.02,93.49,93.41,93.76,93.28,0.06,1668,1668,1668,1668,-3.58,0.7665,0.7637,0.7681,0.7627,0.38,7.56,7.56,7.56,7.56,0.13,9.96,9.96,9.96,9.96,0.3,68.99,68.99,68.99,68.99,-0.5
12/15/2017,100,100,100,100,0.3,63.23,63.39,63.68,63.08,-0.13,2.635,2.7,2.746,2.602,-2.55,93.93,93.65,94,93.41,0.47,1619,1619,1619,1619,-2.94,0.7644,0.7666,0.7696,0.7636,-0.27,7.65,7.65,7.65,7.65,1.19,9.965,9.965,9.965,9.965,0.05,69.09,69.09,69.09,69.09,0.14
12/18/2017,100.15,100.15,100.15,100.15,0.15,63.41,63.36,63.91,63,0.28,2.755,2.67,2.789,2.656,4.55,93.69,93.98,94.03,93.38,-0.26,1588,1588,1588,1588,-1.91,0.7661,0.7646,0.7679,0.764,0.22,7.86,7.86,7.86,7.86,2.75,10.8,10.8,10.8,10.8,8.38,70.47,70.47,70.47,70.47,2
12/19/2017,100.3,100.3,100.3,100.3,0.15,63.8,63.41,63.91,63.3,0.62,2.697,2.747,2.775,2.693,-2.11,93.44,93.71,93.76,93.43,-0.27,1547,1547,1547,1547,-2.58,0.7664,0.7664,0.7685,0.7645,0.04,7.97,7.97,7.97,7.97,1.4,10.845,10.845,10.845,10.845,0.42,70.4,70.4,70.4,70.4,-0.1
12/20/2017,100.25,100.25,100.25,100.25,-0.05,64.56,63.83,64.6,63.67,1.19,2.636,2.725,2.758,2.612,-2.26,93.31,93.5,93.53,93.16,-0.14,1476,1476,1476,1476,-4.59,0.7666,0.7664,0.7681,0.765,0.03,8.24,8.24,8.24,8.24,3.39,10.96,10.96,10.96,10.96,1.06,70.45,70.45,70.45,70.45,0.07
12/21/2017,100.2,100.2,100.2,100.2,-0.05,64.9,64.49,64.93,64.2,0.53,2.592,2.65,2.66,2.562,-1.67,93.28,93.31,93.5,93.23,-0.03,1430,1430,1430,1430,-3.12,0.77,0.7667,0.7709,0.7653,0.44,8.45,8.45,8.45,8.45,2.55,11.045,11.045,11.045,11.045,0.78,70.71,70.71,70.71,70.71,0.37
12/22/2017,100.2,100.2,100.2,100.2,0,65.25,64.63,65.28,64.38,0.54,2.658,2.612,2.676,2.583,2.55,93.35,93.37,93.56,93.31,0.08,1366,1366,1366,1366,-4.48,0.7715,0.7702,0.7722,0.7699,0.19,8.62,8.62,8.62,8.62,2.01,11.045,11.045,11.045,11.045,0,70.87,70.87,70.87,70.87,0.23
12/26/2017,100.2,100.2,100.2,100.2,0,67.02,65.2,67.1,65,2.71,2.654,2.681,2.766,2.635,-2.89,93.26,93.25,93.4,93.2,-0.1,1366,1366,1366,1366,-4.48,0.7727,0.7714,0.7731,0.7712,0.16,8.62,8.62,8.62,8.62,2.01,11.045,11.045,11.045,11.045,0,71.01,71.01,71.01,71.01,0.2
12/27/2017,100.2,100.2,100.2,100.2,0,66.44,66.76,66.94,66.03,-0.87,2.732,2.646,2.753,2.612,2.94,93.03,93.3,93.31,92.96,-0.25,1366,1366,1366,1366,-4.48,0.7767,0.7727,0.778,0.7723,0.52,8.6,8.6,8.6,8.6,-0.23,11.135,11.135,11.135,11.135,0.81,71.12,71.12,71.12,71.12,0.15
12/28/2017,101.2,101.2,101.2,101.2,1,66.72,66.43,66.85,66.23,0.42,2.878,2.714,2.903,2.7,5.34,92.6,93,93.02,92.57,-0.46,1366,1366,1366,1366,-4.48,0.7796,0.7767,0.7811,0.7764,0.37,8.64,8.64,8.64,8.64,0.47,11.135,11.135,11.135,11.135,0,71.28,71.28,71.28,71.28,0.22
12/29/2017,100.8,100.8,100.8,100.8,-0.4,66.87,66.15,66.98,66.15,0.22,2.906,2.886,2.956,2.873,0.97,92.12,92.67,92.67,92.08,-0.52,1366,1366,1366,1366,-4.48,0.7801,0.7795,0.7826,0.7787,0.06,8.6,8.6,8.6,8.6,-0.46,11.17,11.17,11.17,11.17,0.31,71.28,71.28,71.28,71.28,0
1/2/2018,102.65,102.65,102.65,102.65,1.84,66.57,66.55,67.29,66.24,-0.45,2.973,2.972,3.035,2.874,-3.54,91.87,92.24,92.25,91.75,-0.41,1230,1230,1230,1230,-9.96,0.7829,0.7805,0.7846,0.7794,0.33,8.22,8.22,8.22,8.22,-4.42,11.155,11.155,11.155,11.155,-0.13,73.9,73.9,73.9,73.9,3.68
1/3/2018,103.8,103.8,103.8,103.8,1.12,67.84,66.54,68.03,66.4,1.91,2.931,2.96,2.974,2.885,-1.41,92.16,91.82,92.26,91.81,0.32,1262,1262,1262,1262,2.6,0.7835,0.783,0.7846,0.7804,0.08,8.24,8.24,8.24,8.24,0.24,11.175,11.175,11.175,11.175,0.18,73.43,73.43,73.43,73.43,-0.64
1/4/2018,104.95,105,105,105,1.11,68.07,67.89,68.27,67.62,0.34,2.813,2.935,2.992,2.776,-4.03,91.85,92.22,92.26,91.8,-0.34,1341,1341,1341,1341,6.26,0.7863,0.7837,0.7868,0.7813,0.36,8.18,8.18,8.18,8.18,-0.73,11.17,11.17,11.17,11.17,-0.04,74.61,74.61,74.61,74.61,1.61
1/5/2018,105.3,105.25,105.5,105,0.33,67.62,67.97,68.11,67.26,-0.66,2.745,2.809,2.817,2.693,-2.42,91.95,91.87,92.1,91.78,0.11,1371,1371,1371,1371,2.24,0.7862,0.7862,0.7876,0.7834,-0.01,8.19,8.19,8.19,8.19,0.12,11.17,11.17,11.17,11.17,0,75.39,75.39,75.39,75.39,1.05
1/8/2018,106.75,105.9,107,105.9,1.38,67.78,67.8,67.99,67.44,0.24,2.772,2.761,2.812,2.721,0.98,92.36,92.06,92.4,91.88,0.45,1385,1385,1385,1385,1.02,0.784,0.7851,0.7874,0.7826,-0.28,8.07,8.07,8.07,8.07,-1.47,11.17,11.17,11.17,11.17,0,76.99,76.99,76.99,76.99,2.12
1/9/2018,107,107,107,107,0.23,68.82,68,69.29,67.7,1.53,2.852,2.77,2.892,2.755,2.89,92.53,92.34,92.64,92.21,0.18,1395,1395,1395,1395,0.72,0.7823,0.7842,0.7866,0.7806,-0.22,8.19,8.19,8.19,8.19,1.49,11.18,11.18,11.18,11.18,0.09,77.62,77.62,77.62,77.62,0.82
1/10/2018,106.55,106.55,106.55,106.55,-0.42,69.2,69.12,69.37,68.75,0.55,2.822,2.882,2.906,2.788,-1.05,92.33,92.57,92.57,91.92,-0.22,1366,1366,1366,1366,-2.08,0.7842,0.7823,0.7868,0.7807,0.24,8.28,8.28,8.28,8.28,1.1,11.185,11.185,11.185,11.185,0.04,77.4,77.4,77.4,77.4,-0.28
1/11/2018,106.1,106.1,106.1,106.1,-0.42,69.26,69.15,70.05,69,0.09,2.925,2.819,2.957,2.801,3.65,91.85,92.33,92.55,91.79,-0.52,1303,1303,1303,1303,-4.61,0.789,0.7843,0.7896,0.7837,0.61,8.21,8.21,8.21,8.21,-0.85,11.215,11.215,11.215,11.215,0.27,77.72,77.72,77.72,77.72,0.41
1/12/2018,105.85,105.85,105.85,105.85,-0.24,69.87,69.15,69.93,68.59,0.88,2.993,2.954,2.996,2.911,2.32,90.97,91.85,91.88,90.9,-0.96,1279,1279,1279,1279,-1.84,0.7912,0.7891,0.7917,0.7847,0.28,8.26,8.26,8.26,8.26,0.61,11.23,11.23,11.23,11.23,0.13,77.37,77.37,77.37,77.37,-0.45
1/15/2018,106.4,106.4,106.4,106.4,0.52,70.26,69.88,70.37,69.55,0.56,3.133,3.117,3.175,3.107,0.55,90.97,90.94,90.94,90.28,0,1264,1264,1264,1264,-1.17,0.7963,0.7906,0.798,0.7896,0.64,8.2,8.2,8.2,8.2,-0.73,11.23,11.23,11.23,11.23,0.13,77.37,77.37,77.37,77.37,-0.45
1/16/2018,106.45,107,107.05,106.55,0.05,69.15,70.05,70.13,68.83,-1.58,2.962,2.94,2.975,2.872,-5.46,90.39,90.44,90.82,90.34,-0.64,1221,1221,1221,1221,-3.4,0.796,0.7965,0.7976,0.7937,-0.04,8.45,8.45,8.45,8.45,3.05,10.45,10.45,10.45,10.45,-6.95,76.51,76.51,76.51,76.51,-1.11
1/17/2018,106.55,106.55,106.55,106.55,0.09,69.38,69.35,69.59,68.55,0.33,3.024,2.964,3.038,2.929,2.09,90.54,90.41,91,90.11,0.17,1164,1164,1164,1164,-4.67,0.7969,0.796,0.8024,0.7939,0.11,8.58,8.58,8.58,8.58,1.54,10.5,10.5,10.5,10.5,0.48,76.27,76.27,76.27,76.27,-0.31
1/18/2018,106.75,106.75,106.75,106.75,0.19,69.31,69.53,69.63,68.8,-0.1,2.988,3.029,3.07,2.905,-1.19,90.5,90.78,90.98,90.41,-0.04,1139,1139,1139,1139,-2.15,0.7998,0.797,0.8008,0.7941,0.36,8.89,8.89,8.89,8.89,3.61,10.545,10.545,10.545,10.545,0.43,76.18,76.18,76.18,76.18,-0.12
1/19/2018,106.75,106.75,106.75,106.75,0,68.61,69.01,69.08,68.28,-1.01,2.941,2.988,2.998,2.926,-1.57,90.57,90.5,90.7,90.16,0.08,1125,1125,1125,1125,-1.23,0.799,0.8002,0.804,0.7984,-0.1,9.25,9.25,9.25,9.25,4.05,10.545,10.545,10.545,10.545,0,76.68,76.68,76.68,76.68,0.66
1/22/2018,106.5,106.5,106.5,106.5,-0.23,69.03,68.8,69.51,68.39,0.61,2.931,2.98,2.99,2.907,-0.34,90.4,90.44,90.7,90.35,-0.19,1129,1129,1129,1129,0.36,0.8017,0.7994,0.8029,0.7978,0.34,9.31,9.31,9.31,9.31,0.65,10.525,10.525,10.525,10.525,-0.19,76.6,76.6,76.6,76.6,-0.1
1/23/2018,106.5,106.5,106.5,106.5,0,69.96,69.17,70.24,69.12,1.35,3.039,2.949,3.129,2.944,3.68,90.12,90.39,90.59,90.06,-0.31,1157,1157,1157,1157,2.48,0.7996,0.8016,0.8031,0.7956,-0.26,9.57,9.57,9.57,9.57,2.79,9.995,9.995,9.995,9.995,-5.04,75.96,75.96,75.96,75.96,-0.84
1/24/2018,106.95,106.95,106.95,106.95,0.42,70.53,69.97,70.94,69.54,0.81,3.08,3.09,3.132,3.024,1.35,89.21,90,90.11,89.16,-1.01,1200,1200,1200,1200,3.72,0.8061,0.8002,0.8084,0.7992,0.81,10.02,10.02,10.02,10.02,4.7,9.89,9.89,9.89,9.89,-1.05,76.21,76.21,76.21,76.21,0.33
1/25/2018,106.5,106.5,106.5,106.5,-0.42,70.42,70.95,71.28,69.97,-0.16,3.099,3.051,3.169,3.045,0.62,89.39,89.32,89.58,88.44,0.2,1217,1217,1217,1217,1.42,0.8028,0.8061,0.812,0.8011,-0.41,9.82,9.82,9.82,9.82,-2,9.94,9.94,9.94,9.94,0.51,76.21,76.21,76.21,76.21,0
1/26/2018,106.5,106.5,106.5,106.5,0,70.52,70.07,70.83,70.05,0.14,3.175,3.105,3.197,3.072,2.45,89.07,89.4,89.4,88.72,-0.36,1219,1219,1219,1219,0.16,0.8109,0.8026,0.8137,0.8004,1.01,9.67,9.67,9.67,9.67,-1.53,10.04,10.04,10.04,10.04,1.01,76.21,76.21,76.21,76.21,0
1/29/2018,109,109,109.65,109,2.35,69.46,70.47,70.64,69.07,-1.5,3.167,3.08,3.188,3.038,-0.25,89.31,89.11,89.62,89.01,0.27,1214,1214,1214,1214,-0.41,0.8092,0.812,0.8124,0.8074,-0.21,9.58,9.58,9.58,9.58,-0.93,10.185,10.185,10.185,10.185,1.44,76.1,76.1,76.1,76.1,-0.14
1/30/2018,107.15,108.5,108.5,107.75,-1.7,69.02,69.3,69.39,68.4,-0.63,2.965,2.949,2.983,2.941,-6.38,89.16,89.36,89.64,88.91,-0.17,1191,1191,1191,1191,-1.89,0.8082,0.8095,0.8115,0.8042,-0.12,9.46,9.46,9.46,9.46,-1.25,10.305,10.305,10.305,10.305,1.18,75.99,75.99,75.99,75.99,-0.14
1/31/2018,104.35,104.35,104.35,104.35,-2.61,69.05,68.43,69.15,68.33,0.04,2.86,2.965,2.965,2.833,-3.54,89.13,89.1,89.3,88.78,-0.03,1152,1152,1152,1152,-3.27,0.8054,0.8085,0.8118,0.8034,-0.35,9.85,9.85,9.85,9.85,4.12,10.345,10.345,10.345,10.345,0.39,75.86,75.86,75.86,75.86,-0.17
2/1/2018,104.4,104.4,104.4,104.4,0.05,69.65,69,69.97,68.81,0.87,2.793,2.84,2.849,2.771,-2.34,88.67,89.04,89.33,88.56,-0.52,1114,1114,1114,1114,-3.3,0.8038,0.8056,0.8069,0.7987,-0.2,9.85,9.85,9.85,9.85,0,10.345,10.345,10.345,10.345,0,71.99,71.99,71.99,71.99,-5.1
2/2/2018,104.75,104.75,104.75,104.75,0.34,68.58,70,70.02,67.96,-1.54,2.792,2.813,2.834,2.784,-0.04,89.19,88.64,89.42,88.59,0.59,1095,1095,1095,1095,-1.71,0.792,0.804,0.8045,0.7918,-1.47,9.53,9.53,9.53,9.53,-3.25,10.345,10.345,10.345,10.345,0,72.94,72.94,72.94,72.94,1.32
2/5/2018,104.55,104.55,104.55,104.55,-0.19,67.62,68.15,68.46,66.9,-1.4,2.726,2.786,2.809,2.715,-2.36,89.55,89.35,89.7,89.02,0.4,1082,1082,1082,1082,-1.19,0.7877,0.7928,0.7955,0.7874,-0.54,9.63,9.63,9.63,9.63,1.05,10.415,10.415,10.415,10.415,0.68,74.34,74.34,74.34,74.34,1.92
2/6/2018,104,104.4,104.4,104.4,-0.53,66.86,67.02,67.6,66.53,-1.12,2.723,2.747,2.754,2.681,-0.11,89.58,89.66,90.03,89.37,0.03,1095,1095,1095,1095,1.2,0.7905,0.7878,0.7912,0.7834,0.36,9.36,9.36,9.36,9.36,-2.8,10.475,10.475,10.475,10.475,0.58,74.43,74.43,74.43,74.43,0.12
2/7/2018,102.75,102.75,102.75,102.75,-1.2,65.51,67.2,67.72,65.16,-2.02,2.692,2.732,2.748,2.675,-1.14,90.25,89.63,90.4,89.47,0.75,1097,1097,1097,1097,0.18,0.7821,0.7906,0.7911,0.7816,-1.06,9.56,9.56,9.56,9.56,2.14,10.475,10.475,10.475,10.475,0,75.2,74.55,74.55,74.55,1.03
2/8/2018,100.9,100.9,100.9,100.9,-1.8,64.81,65.28,65.6,64.1,-1.07,2.685,2.692,2.73,2.674,-0.26,90.23,90.27,90.57,90.01,-0.02,1106,1106,1106,1106,0.82,0.7779,0.7824,0.7845,0.7775,-0.54,9.69,9.69,9.69,9.69,1.36,10.475,10.475,10.475,10.475,0,75.69,75.69,75.69,75.69,0.65
2/9/2018,101.15,101.15,101.15,101.15,0.25,62.79,64.44,64.64,61.77,-3.12,2.597,2.66,2.695,2.588,-3.28,90.44,90.25,90.56,90.12,0.23,1125,1125,1125,1125,1.72,0.7812,0.7781,0.7832,0.7758,0.42,9.79,9.79,9.79,9.79,1.03,10.475,10.475,10.475,10.475,0,74.89,74.89,74.89,74.89,-1.06
2/12/2018,101.65,101.65,101.65,101.65,0.49,62.59,62.5,64.4,62.5,-0.32,2.579,2.574,2.625,2.565,-0.69,90.21,90.35,90.43,90.07,-0.25,1123,1123,1123,1123,-0.18,0.7858,0.781,0.7865,0.7799,0.59,10.05,10.05,10.05,10.05,2.66,10.455,10.455,10.455,10.455,-0.19,75.65,75.65,75.65,75.65,1.01
2/13/2018,102.65,102.65,102.65,102.65,0.98,62.72,62.85,63.1,61.76,0.21,2.623,2.59,2.653,2.59,1.71,89.7,90.09,90.18,89.61,-0.57,1114,1114,1114,1114,-0.8,0.7859,0.7863,0.7877,0.7827,0.01,10.52,10.52,10.52,10.52,4.68,10.45,10.45,10.45,10.45,-0.05,76.49,76.49,76.49,76.49,1.11
2/14/2018,104.4,104.4,104.4,104.4,1.7,64.36,62.84,64.58,61.95,2.61,2.63,2.636,2.65,2.589,0.27,89.12,89.69,90.12,88.94,-0.65,1095,1095,1095,1095,-1.71,0.7923,0.7861,0.7936,0.7773,0.81,10.22,10.22,10.22,10.22,-2.85,10.45,10.45,10.45,10.45,0,76.67,76.67,76.67,76.67,0.24
2/15/2018,104.15,104.15,104.15,104.15,-0.24,64.33,64.44,65.15,63.12,-0.05,2.62,2.646,2.661,2.58,-0.38,88.59,88.96,89,88.54,-0.59,1089,1089,1089,1089,-0.55,0.7943,0.7925,0.7968,0.7891,0.25,10.16,10.16,10.16,10.16,-0.59,10.45,10.45,10.45,10.45,0,76.76,76.76,76.76,76.76,0.12
2/16/2018,104.7,104.7,104.7,104.7,0.53,64.84,64.66,65.22,64.19,0.79,2.598,2.621,2.625,2.588,-0.84,89.1,88.57,89.23,88.25,0.58,1084,1084,1084,1084,-0.46,0.791,0.7946,0.799,0.7892,-0.42,10.13,10.13,10.13,10.13,-0.3,8,8,8,8,-23.44,76.89,76.89,76.89,76.89,0.17
2/19/2018,105.3,105.3,105.3,105.3,0.57,65.67,64.96,65.9,64.84,1.28,2.606,2.582,2.618,2.562,0.93,89.1,89.1,89.44,88.95,0,1087,1087,1087,1087,0.28,0.7911,0.7913,0.7937,0.7897,0.01,10.5,10.5,10.5,10.5,3.65,8,8,8,8,-23.44,76.89,76.89,76.89,76.89,0.17
2/20/2018,105.25,105.25,105.25,105.25,-0.05,65.25,65.64,65.81,64.78,-0.64,2.649,2.608,2.677,2.602,1.65,89.72,89.24,89.8,89.22,0.7,1117,1117,1117,1117,2.76,0.7881,0.7913,0.7935,0.7873,-0.38,10.34,10.34,10.34,10.34,-1.52,8.235,8.235,8.235,8.235,2.94,76.97,76.97,76.97,76.97,0.1
2/21/2018,105.55,105.55,105.55,105.55,0.29,65.42,65.05,65.53,64.4,0.26,2.681,2.668,2.701,2.593,1.21,90,89.71,90.16,89.59,0.31,1146,1146,1146,1146,2.6,0.7803,0.7884,0.7903,0.7802,-0.99,10.18,10.18,10.18,10.18,-1.55,8.3,8.3,8.3,8.3,0.79,77.18,77.18,77.18,77.18,0.27
2/22/2018,105.65,105.65,105.65,105.65,0.09,66.39,64.91,66.56,64.62,1.48,2.676,2.679,2.696,2.652,-0.19,89.74,90.16,90.23,89.64,-0.29,1167,1167,1167,1167,1.83,0.7845,0.7804,0.7861,0.779,0.54,10.34,10.34,10.34,10.34,1.57,8.295,8.295,8.295,8.295,-0.06,77.06,77.06,77.06,77.06,-0.16
2/23/2018,105.1,105.1,105.1,105.1,-0.52,67.31,66.3,67.37,65.79,1.39,2.657,2.661,2.674,2.612,-0.71,89.88,89.78,90.06,89.76,0.16,1185,1185,1185,1185,1.54,0.7842,0.7846,0.7849,0.7804,-0.04,10.43,10.43,10.43,10.43,0.87,8.295,8.295,8.295,8.295,0,77.11,77.11,77.11,77.11,0.06
2/26/2018,104.6,107.15,107.15,105,-0.48,67.5,67.29,67.9,66.72,0.28,2.686,2.67,2.723,2.642,1.09,89.85,89.96,90.05,89.5,-0.03,1191,1191,1191,1191,0.51,0.7854,0.7842,0.7895,0.7825,0.15,10.25,10.25,10.25,10.25,-1.73,8.27,8.27,8.27,8.27,-0.3,77.44,77.44,77.44,77.44,0.43
2/27/2018,104.3,103.5,104,103.5,-0.29,66.63,67.57,67.61,66.32,-1.29,2.712,2.704,2.728,2.661,0.97,90.36,89.8,90.5,89.69,0.57,1188,1188,1188,1188,-0.25,0.7789,0.7857,0.787,0.7782,-0.83,10.77,10.77,10.77,10.77,5.07,8.425,8.425,8.425,8.425,1.87,77.37,77.37,77.37,77.37,-0.09
2/28/2018,104.25,103.9,104,103.75,-0.05,65.78,66.41,66.87,65.43,-1.28,2.696,2.72,2.737,2.689,-0.59,90.61,90.41,90.7,90.31,0.28,1192,1192,1192,1192,0.34,0.7761,0.7789,0.7821,0.7759,-0.36,10.73,10.73,10.73,10.73,-0.37,8.35,8.35,8.35,8.35,-0.89,77.46,77.46,77.46,77.46,0.12
3/1/2018,102.9,102.9,102.9,102.9,-1.29,63.83,64.57,65.04,63.19,-2.96,2.729,2.701,2.756,2.672,1.22,90.32,90.67,90.93,90.21,-0.32,1196,1196,1196,1196,0.34,0.7754,0.7762,0.7771,0.7712,-0.09,10.62,10.62,10.62,10.62,-1.03,8.35,8.35,8.35,8.35,0,78.42,78.42,78.42,78.42,1.24
3/2/2018,102.9,103,103,103,0,64.37,64.07,64.64,63.2,0.85,2.727,2.724,2.756,2.716,-0.07,89.94,90.25,90.29,89.88,-0.42,1207,1207,1207,1207,0.92,0.7762,0.7757,0.7776,0.7736,0.1,10.77,10.77,10.77,10.77,1.41,8.37,8.37,8.37,8.37,0.24,76.36,76.52,76.52,76.52,-2.63
3/5/2018,102,102,102,102,-0.87,65.54,64.65,65.88,64.1,1.82,2.738,2.753,2.754,2.709,0.4,90.08,89.83,90.22,89.83,0.16,1210,1210,1210,1210,0.25,0.7764,0.7768,0.778,0.7725,0.03,10.99,10.99,10.99,10.99,2.04,8.505,8.505,8.505,8.505,1.61,75.36,75.36,75.36,75.36,-1.31
3/6/2018,101.5,101.5,101.5,101.5,-0.49,65.79,65.74,66.16,65.3,0.38,2.778,2.743,2.785,2.738,1.46,89.62,89.96,90.06,89.43,-0.51,1212,1212,1212,1212,0.17,0.7827,0.7766,0.7844,0.7755,0.81,11.1,11.1,11.1,11.1,1,8.495,8.495,8.495,8.495,-0.12,75.54,75.54,75.54,75.54,0.24
3/7/2018,99.75,101,101,100,-1.72,64.34,65.23,65.8,63.83,-2.2,2.806,2.782,2.815,2.773,1.01,89.64,89.51,89.78,89.41,0.02,1191,1191,1191,1191,-1.73,0.7823,0.783,0.7832,0.7771,-0.05,11.27,11.27,11.27,11.27,1.53,8.45,8.45,8.45,8.45,-0.53,74.51,74.51,74.51,74.51,-1.36
3/8/2018,99.95,100,100,100,0.2,63.61,64.51,64.56,63.43,-1.13,2.787,2.813,2.819,2.767,-0.68,90.18,89.59,90.23,89.44,0.6,1197,1197,1197,1197,0.5,0.7789,0.7826,0.784,0.7771,-0.43,11.75,11.75,11.75,11.75,4.26,8.46,8.46,8.46,8.46,0.12,73.01,73.01,73.01,73.01,-2.01
3/9/2018,99.4,99.4,99.4,99.4,-0.55,65.49,63.93,65.63,63.69,2.96,2.759,2.773,2.78,2.739,-1,90.09,90.2,90.36,90,-0.1,1201,1201,1201,1201,0.33,0.7849,0.7792,0.7855,0.7776,0.77,11.79,11.79,11.79,11.79,0.34,8.46,8.46,8.46,8.46,0,72.01,72.01,72.01,72.01,-1.37
3/12/2018,98,99,99,98.25,-1.41,64.95,65.5,65.86,64.18,-0.82,2.8,2.757,2.826,2.74,1.49,89.89,90.11,90.19,89.84,-0.22,1192,1192,1192,1192,-0.75,0.7872,0.7853,0.7881,0.7844,0.29,11.76,11.76,11.76,11.76,-0.25,8.46,8.46,8.46,8.46,0,71.41,71.41,71.41,71.41,-0.83
3/13/2018,98,98,98.05,97.9,0,64.64,64.92,65.68,64.05,-0.48,2.809,2.806,2.831,2.797,0.32,89.66,89.91,90.11,89.59,-0.26,1179,1179,1179,1179,-1.09,0.7857,0.7873,0.7899,0.7845,-0.19,12.11,12.11,12.11,12.11,2.98,8.425,8.425,8.425,8.425,-0.41,72.33,72.33,72.33,72.33,1.29
3/14/2018,97.7,97,97,97,-0.31,64.89,64.73,65.21,64.06,0.39,2.759,2.811,2.82,2.737,-1.78,89.7,89.7,89.89,89.56,0.04,1169,1169,1169,1169,-0.85,0.7877,0.786,0.7917,0.785,0.25,11.79,11.79,11.79,11.79,-2.64,8.405,8.405,8.405,8.405,-0.24,72.76,72.76,72.76,72.76,0.59
3/15/2018,97.85,97.85,97.85,97.85,0.15,65.12,64.9,65.38,64.61,0.35,2.712,2.767,2.775,2.696,-1.7,90.14,89.75,90.17,89.62,0.49,1150,1150,1150,1150,-1.63,0.7798,0.7878,0.7887,0.7793,-1,11.74,11.74,11.74,11.74,-0.42,8.395,8.395,8.395,8.395,-0.12,73.01,73.01,73.01,73.01,0.34
3/16/2018,97.15,97.15,97.15,97.15,-0.72,66.21,65.07,66.42,64.88,1.67,2.716,2.716,2.729,2.698,0.15,90.23,90.14,90.38,89.89,0.1,1143,1143,1143,1143,-0.61,0.7715,0.7799,0.7806,0.7709,-1.06,11.73,11.73,11.73,11.73,-0.09,7.48,7.48,7.48,7.48,-10.9,72.66,72.66,72.66,72.66,-0.48
3/19/2018,96.75,96.75,96.75,96.75,-0.41,66.05,66.01,66.39,65.39,-0.24,2.678,2.713,2.736,2.668,-1.4,89.77,90.2,90.34,89.76,-0.51,1136,1136,1136,1136,-0.61,0.7717,0.7721,0.7728,0.7686,0.03,11.62,11.62,11.62,11.62,-0.94,7.505,7.505,7.505,7.505,0.33,71.84,71.84,71.84,71.84,-1.13
3/20/2018,97.35,97.35,97.35,97.35,0.62,67.42,66.15,67.88,66.15,2.07,2.704,2.693,2.72,2.675,0.97,90.37,89.88,90.44,89.85,0.67,1122,1122,1122,1122,-1.23,0.7682,0.7718,0.7723,0.7677,-0.45,12.11,12.11,12.11,12.11,4.22,7.43,7.43,7.43,7.43,-1,71.63,71.63,71.63,71.63,-0.29
3/21/2018,97.15,97.15,97.15,97.15,-0.21,69.47,67.61,69.86,67.48,3.04,2.667,2.704,2.735,2.664,-1.37,89.78,90.41,90.4,89.63,-0.65,1117,1117,1117,1117,-0.45,0.7765,0.7684,0.7781,0.7671,1.08,13.27,13.27,13.27,13.27,9.58,7.3,7.3,7.3,7.3,-1.75,71.55,71.55,71.55,71.55,-0.11
3/22/2018,96.7,96.9,96.9,96.9,-0.46,68.91,69.63,69.7,68.58,-0.81,2.656,2.68,2.699,2.65,-0.41,89.86,89.65,89.96,89.4,0.09,1117,1117,1117,1117,0,0.7691,0.7766,0.7785,0.7687,-0.95,12.96,12.96,12.96,12.96,-2.34,7.235,7.235,7.235,7.235,-0.89,70.96,70.96,70.96,70.96,-0.82
3/23/2018,96.75,96.75,96.75,96.75,0.05,70.45,69.11,70.57,68.87,2.23,2.633,2.659,2.666,2.622,-0.87,89.48,89.67,89.74,89.4,-0.42,1122,1122,1122,1122,0.45,0.7696,0.7693,0.7745,0.7687,0.07,13.23,13.23,13.23,13.23,2.08,7.155,7.155,7.155,7.155,-1.11,70.26,70.26,70.26,70.26,-0.99
3/26/2018,96.6,96.6,96.6,96.6,-0.16,70.12,70.43,71.05,69.67,-0.47,2.657,2.627,2.68,2.61,0.91,89.03,89.47,89.52,88.98,-0.5,1126,1126,1126,1126,0.36,0.7746,0.771,0.7752,0.7693,0.65,13.61,13.61,13.61,13.61,2.87,7.155,7.155,7.155,7.155,0,70.51,70.51,70.51,70.51,0.36
3/27/2018,96.9,96.9,96.9,96.9,0.31,70.11,70.13,71.03,69.45,-0.01,2.714,2.67,2.721,2.66,2.15,89.33,89.02,89.63,88.94,0.34,1117,1117,1117,1117,-0.8,0.7677,0.7747,0.7759,0.7674,-0.89,14.38,14.38,14.38,14.38,5.66,7.225,7.225,7.225,7.225,0.98,70.35,70.35,70.35,70.35,-0.23
3/28/2018,96.65,96.65,96.65,96.65,-0.26,69.53,69.72,70.25,68.78,-0.83,2.751,2.769,2.78,2.74,1.36,90.06,89.32,90.15,89.25,0.82,1080,1080,1080,1080,-3.31,0.7659,0.768,0.7704,0.7653,-0.23,13.75,13.75,13.75,13.75,-4.38,7.22,7.22,7.22,7.22,-0.07,69.86,69.86,69.86,69.86,-0.7
3/29/2018,96.4,96.4,96.4,96.4,-0.26,70.27,69.86,70.44,69.1,1.06,2.778,2.753,2.81,2.752,0.98,90.15,90.11,90.18,89.9,0.1,1055,1055,1055,1055,-2.31,0.7677,0.7662,0.7691,0.7642,0.24,14.04,14.04,14.04,14.04,2.11,7.21,7.21,7.21,7.21,-0.14,69.7,69.7,69.7,69.7,-0.23
4/2/2018,92.25,92.25,92.25,92.25,-4.3,67.64,69.32,70.04,67.49,-3.74,2.732,2.777,2.802,2.698,-1.66,90.05,89.97,90.15,89.82,0.09,1055,1055,1055,1055,-2.31,0.7662,0.7689,0.77,0.7649,-0.21,14.04,14.04,14.04,14.04,2.11,7.185,7.185,7.185,7.185,-0.35,66.22,66.22,66.22,66.22,-4.99
4/3/2018,92,93.4,93.4,93.25,-0.27,68.12,67.63,68.46,67.62,0.71,2.745,2.734,2.755,2.719,0.48,90.2,90.02,90.28,89.85,0.17,1016,1016,1016,1016,-3.7,0.7683,0.7662,0.7709,0.7651,0.27,14.06,14.06,14.06,14.06,0.14,7.145,7.145,7.145,7.145,-0.56,64.35,64.35,64.35,64.35,-2.82
4/4/2018,93.55,93.55,93.55,93.55,1.68,68.02,68.15,68.28,66.69,-0.15,2.766,2.744,2.792,2.725,0.77,90.14,90.16,90.23,89.92,-0.07,977,977,977,977,-3.84,0.7716,0.7684,0.7723,0.7662,0.43,13.83,13.83,13.83,13.83,-1.64,7.145,7.145,7.145,7.145,0,62.94,62.94,62.94,62.94,-2.19
4/5/2018,94.15,94.15,94.15,94.15,0.64,68.33,68.36,68.93,67.73,0.46,2.729,2.764,2.764,2.702,-1.34,90.46,90.09,90.59,90.07,0.36,953,953,953,953,-2.46,0.7684,0.7717,0.7728,0.7673,-0.41,13.41,13.41,13.41,13.41,-3.04,7.155,7.155,7.155,7.155,0.14,62.67,62.67,62.67,62.67,-0.43
4/6/2018,93.9,93.9,93.9,93.9,-0.27,67.11,68.09,68.62,66.86,-1.79,2.747,2.732,2.768,2.729,0.66,90.11,90.38,90.6,90.07,-0.39,948,948,948,948,-0.52,0.7675,0.7682,0.7701,0.7656,-0.12,13.76,13.76,13.76,13.76,2.61,7.2,7.2,7.2,7.2,0.63,63.34,63.34,63.34,63.34,1.07
4/9/2018,94.2,94.2,94.2,94.2,0.32,68.65,67.1,68.8,67,2.29,2.731,2.729,2.741,2.684,-0.58,89.84,90.07,90.27,89.82,-0.3,952,952,952,952,0.42,0.7697,0.7676,0.7713,0.7651,0.29,14.11,14.11,14.11,14.11,2.54,7.155,7.155,7.155,7.155,-0.62,63.92,63.92,63.92,63.92,0.92
4/10/2018,93.5,93.5,93.5,93.5,-0.74,71.04,68.46,71.34,68.46,3.48,2.694,2.737,2.761,2.682,-1.35,89.59,89.83,89.97,89.54,-0.28,974,974,974,974,2.31,0.7759,0.77,0.777,0.7693,0.81,14.16,14.16,14.16,14.16,0.35,7.175,7.175,7.175,7.175,0.28,65.29,65.29,65.29,65.29,2.14
4/11/2018,93.65,93.65,93.65,93.65,0.16,72.06,71.03,73.09,70.57,1.44,2.709,2.699,2.723,2.66,0.56,89.57,89.58,89.67,89.36,-0.02,979,979,979,979,0.51,0.7754,0.7763,0.7775,0.7738,-0.06,14.24,14.24,14.24,14.24,0.56,7.175,7.175,7.175,7.175,0,64.28,64.28,64.28,64.28,-1.55
4/12/2018,93.65,93.65,93.65,93.65,0,72.02,72.09,72.49,71.1,-0.06,2.717,2.709,2.731,2.684,0.3,89.75,89.52,89.96,89.44,0.2,993,993,993,993,1.43,0.7754,0.7755,0.7773,0.7737,0,14.44,14.44,14.44,14.44,1.4,7.175,7.175,7.175,7.175,0,64.19,64.19,64.19,64.19,-0.14
4/13/2018,93.4,93.4,93.4,93.4,-0.27,72.58,71.94,72.88,71.56,0.78,2.764,2.72,2.787,2.706,1.73,89.8,89.76,89.88,89.66,0.06,1014,1014,1014,1014,2.11,0.7766,0.7756,0.7811,0.7752,0.15,14.84,14.84,14.84,14.84,2.77,7.18,7.18,7.18,7.18,0.07,64.62,64.62,64.62,64.62,0.67
4/16/2018,93,93,93,93,-0.43,71.42,72.7,72.85,71.11,-1.6,2.784,2.78,2.806,2.769,0.72,89.42,89.77,89.85,89.39,-0.42,1025,1025,1025,1025,1.08,0.7778,0.7769,0.7785,0.7752,0.15,14.92,14.92,14.92,14.92,0.54,7.6,7.6,7.6,7.6,5.85,64.11,64.11,64.11,64.11,-0.79
4/17/2018,92.05,92.7,92.7,92.7,-1.02,71.58,71.65,71.89,70.83,0.22,2.77,2.778,2.792,2.743,-0.5,89.52,89.41,89.67,89.23,0.11,1052,1052,1052,1052,2.63,0.7764,0.778,0.7793,0.7759,-0.18,14.68,14.68,14.68,14.68,-1.61,7.625,7.625,7.625,7.625,0.33,64.27,64.27,64.27,64.27,0.25
4/18/2018,92.65,92.65,92.65,92.65,0.65,73.48,71.72,73.93,71.66,2.65,2.768,2.772,2.818,2.763,-0.07,89.62,89.5,89.78,89.45,0.11,1124,1124,1124,1124,6.84,0.7782,0.7768,0.7798,0.7744,0.23,14.84,14.84,14.84,14.84,1.09,7.685,7.685,7.685,7.685,0.79,64.69,64.69,64.69,64.69,0.65
4/19/2018,93.75,93.75,93.75,93.75,1.19,73.78,73.72,74.75,73.46,0.41,2.695,2.775,2.777,2.693,-2.64,89.94,89.62,89.95,89.5,0.36,1201,1201,1201,1201,6.85,0.7728,0.7786,0.7814,0.7717,-0.69,14.42,14.42,14.42,14.42,-2.83,7.75,7.75,7.75,7.75,0.85,65.49,65.49,65.49,65.49,1.24
4/20/2018,93.45,93.45,93.45,93.45,-0.32,74.06,73.94,74.2,72.83,0.38,2.767,2.71,2.773,2.691,2.67,90.32,89.9,90.48,89.89,0.42,1281,1281,1281,1281,6.66,0.7672,0.7731,0.7734,0.7654,-0.72,14.02,14.02,14.02,14.02,-2.77,7.725,7.725,7.725,7.725,-0.32,65.05,65.05,65.05,65.05,-0.67
4/23/2018,93.35,93.3,93.3,93.3,-0.11,74.71,73.77,75.1,73.13,0.88,2.775,2.77,2.783,2.737,0.29,90.95,90.35,90.98,90.32,0.7,1306,1306,1306,1306,1.95,0.7604,0.7669,0.7684,0.7599,-0.89,13.87,13.87,13.87,13.87,-1.07,7.72,7.72,7.72,7.72,-0.06,65.19,65.19,65.19,65.19,0.22
4/24/2018,93.25,93.25,93.25,93.25,-0.11,73.86,75.09,75.47,73.68,-1.14,2.813,2.779,2.815,2.761,1.37,90.77,90.92,91.08,90.71,-0.2,1330,1330,1330,1330,1.84,0.7603,0.7605,0.7622,0.7578,-0.01,14.22,14.22,14.22,14.22,2.52,8,8,8,8,3.63,65.25,65.25,65.25,65.25,0.09
4/25/2018,93.45,93.45,93.45,93.45,0.21,74,74,74.19,73.17,0.19,2.807,2.813,2.825,2.784,-0.21,91.17,90.76,91.26,90.75,0.44,1376,1376,1376,1376,3.46,0.7563,0.7604,0.7608,0.7551,-0.53,14.26,14.26,14.26,14.26,0.28,7.9,7.9,7.9,7.9,-1.25,65.22,65.22,65.22,65.22,-0.05
4/26/2018,93.5,93.5,93.5,93.5,0.05,74.74,74.23,74.97,74.11,1,2.839,2.812,2.844,2.799,1.14,91.56,91.21,91.64,90.96,0.43,1375,1375,1375,1375,-0.07,0.7555,0.7564,0.7591,0.7546,-0.11,14.51,14.51,14.51,14.51,1.75,7.9,7.9,7.9,7.9,0,65.29,65.29,65.29,65.29,0.11
4/27/2018,93.65,93.65,93.65,93.65,0.16,74.64,74.72,75.03,74.35,-0.13,2.811,2.863,2.868,2.808,-0.99,91.54,91.56,91.99,91.49,-0.02,1361,1361,1361,1361,-1.02,0.7581,0.7555,0.7585,0.7532,0.34,14.58,14.58,14.58,14.58,0.48,7.955,7.955,7.955,7.955,0.7,65.27,65.27,65.27,65.27,-0.03
4/30/2018,99.4,99.4,99.4,99.4,6.14,75.17,74.62,75.41,73.47,0.71,2.8,2.805,2.817,2.769,-0.39,91.84,91.53,91.92,91.48,0.33,1341,1341,1341,1341,-1.47,0.7531,0.7575,0.7585,0.7524,-0.66,14.6,14.6,14.6,14.6,0.14,7.98,7.98,7.98,7.98,0.31,65.27,65.27,65.27,65.27,0
5/1/2018,102.05,101.45,101.45,101.3,2.67,73.13,74.65,74.98,72.74,-2.71,2.837,2.8,2.854,2.795,1.32,92.45,91.81,92.57,91.8,0.66,1327,1327,1327,1327,-1.04,0.7489,0.7531,0.7548,0.7472,-0.56,14.41,14.41,14.41,14.41,-1.3,7.98,7.98,7.98,7.98,0,65.49,65.49,65.49,65.49,0.34
5/2/2018,101,101,101,101,-1.03,73.36,73.28,73.63,72.38,0.31,2.791,2.842,2.845,2.783,-1.62,92.51,92.47,92.83,92.22,0.06,1346,1346,1346,1346,1.43,0.7494,0.749,0.7539,0.7474,0.07,14.08,14.08,14.08,14.08,-2.29,7.98,7.98,7.98,7.98,0,67.44,67.44,67.44,67.44,2.98
5/3/2018,100.1,100.1,100.1,100.1,-0.89,73.62,73.07,74.09,72.47,0.35,2.759,2.795,2.81,2.739,-1.15,92.41,92.72,92.76,92.34,-0.11,1376,1376,1376,1376,2.23,0.7529,0.7494,0.7544,0.7484,0.47,13.98,13.98,13.98,13.98,-0.71,7.94,7.94,7.94,7.94,-0.5,66.72,66.72,66.72,66.72,-1.07
5/4/2018,100.55,100.55,100.55,100.55,0.45,74.87,73.74,75.08,73.24,1.7,2.741,2.762,2.772,2.734,-0.65,92.57,92.43,92.9,92.35,0.17,1384,1384,1384,1384,0.58,0.754,0.7532,0.7562,0.7491,0.15,14.04,14.04,14.04,14.04,0.43,7.94,7.94,7.94,7.94,0,66.98,66.98,66.98,66.98,0.39
5/7/2018,100.55,100.55,100.55,100.55,0,76.17,75,76.34,74.83,1.74,2.767,2.74,2.797,2.722,0.95,92.75,92.57,92.97,92.45,0.19,1384,1384,1384,1384,0.58,0.7516,0.7527,0.7546,0.7492,-0.32,14.65,14.65,14.65,14.65,4.34,7.94,7.94,7.94,7.94,0,66.69,66.69,66.69,66.69,-0.43
5/8/2018,101,101,101,101,0.45,74.85,75.6,76.18,73.1,-1.73,2.76,2.761,2.797,2.735,-0.25,93.12,92.73,93.28,92.65,0.4,1432,1432,1432,1432,3.47,0.745,0.7522,0.753,0.7433,-0.88,14.63,14.63,14.63,14.63,-0.14,7.94,7.94,7.94,7.94,0,66.99,66.99,66.99,66.99,0.45
5/9/2018,100.7,100.7,100.7,100.7,-0.3,77.21,76.19,77.43,76.08,3.15,2.76,2.767,2.785,2.753,0,93.04,93.05,93.42,92.84,-0.09,1465,1465,1465,1465,2.3,0.7462,0.7455,0.7474,0.7412,0.16,15.05,15.05,15.05,15.05,2.87,7.95,7.95,7.95,7.95,0.13,66.2,66.2,66.2,66.2,-1.18
5/10/2018,101.5,101.5,101.5,101.5,0.79,77.47,77.44,78,76.51,0.34,2.828,2.759,2.833,2.732,2.46,92.65,93.08,93.16,92.54,-0.42,1453,1453,1453,1453,-0.82,0.7532,0.7465,0.7541,0.745,0.94,15.66,15.66,15.66,15.66,4.05,7.95,7.95,7.95,7.95,0,66.49,66.49,66.49,66.49,0.44
5/11/2018,101.75,101.75,101.75,101.75,0.25,77.12,77.55,77.6,76.95,-0.45,2.825,2.823,2.836,2.809,-0.11,92.54,92.69,92.84,92.37,-0.12,1472,1472,1472,1472,1.31,0.7542,0.7533,0.7568,0.7521,0.13,15.68,15.68,15.68,15.68,0.13,7.97,7.97,7.97,7.97,0.25,67.49,67.49,67.49,67.49,1.5
5/14/2018,102.5,102.5,102.5,102.5,0.74,78.23,77.05,78.53,76.55,1.44,2.859,2.841,2.862,2.817,1.2,92.59,92.55,92.69,92.24,0.05,1476,1476,1476,1476,0.27,0.7525,0.7543,0.7566,0.7524,-0.23,15.7,15.7,15.7,15.7,0.13,7.97,7.97,7.97,7.97,0,67.59,67.59,67.59,67.59,0.15
5/15/2018,104.25,104.25,104.25,104.25,1.71,78.43,78.42,79.47,77.9,0.26,2.854,2.85,2.878,2.844,-0.17,93.22,92.65,93.46,92.61,0.68,1468,1468,1468,1468,-0.54,0.7471,0.7526,0.7539,0.7447,-0.72,15.38,15.38,15.38,15.38,-2.04,7.97,7.97,7.97,7.97,0,67.58,67.58,67.58,67.58,-0.01
5/16/2018,104.6,104.6,104.6,104.6,0.34,79.28,78.1,79.35,77.61,1.08,2.837,2.846,2.862,2.83,-0.6,93.39,93.31,93.63,93.14,0.18,1403,1403,1403,1403,-4.43,0.7514,0.7472,0.7524,0.7447,0.58,16.25,16.25,16.25,16.25,5.66,8.6,8.6,8.6,8.6,7.9,67.3,67.3,67.3,67.3,-0.41
5/17/2018,104.15,104.15,104.15,104.15,-0.43,79.3,79.26,80.5,79.12,0.03,2.886,2.838,2.89,2.804,1.73,93.47,93.26,93.56,93.12,0.09,1305,1305,1305,1305,-6.99,0.7509,0.7516,0.7549,0.7497,-0.07,16.39,16.39,16.39,16.39,0.86,8.875,8.875,8.875,8.875,3.2,67.26,67.26,67.26,67.26,-0.06
5/18/2018,104.35,104.35,104.35,104.35,0.19,78.51,79.46,79.87,78.33,-1,2.879,2.883,2.901,2.865,-0.24,93.64,93.5,93.83,93.34,0.18,1273,1273,1273,1273,-2.45,0.7511,0.7513,0.753,0.7488,0.03,16.38,16.39,16.39,16.39,-0.06,9.105,9.105,9.105,9.105,2.59,67.03,67.03,67.03,67.03,-0.34
5/21/2018,104.6,104.6,104.6,104.6,0.24,79.22,78.61,79.59,78.1,0.9,2.85,2.859,2.879,2.845,-1.01,93.68,93.69,94.06,93.51,0.04,1239,1239,1239,1239,-2.67,0.7581,0.7525,0.7588,0.7502,0.93,16.68,16.68,16.68,16.68,1.83,9.255,9.255,9.255,9.255,1.65,66.85,66.85,66.85,66.85,-0.27
5/22/2018,105.2,105.2,105.2,105.2,0.57,79.57,79.36,80.49,79.16,0.44,2.936,2.867,2.942,2.854,3.02,93.61,93.54,93.73,93.29,-0.07,1199,1199,1199,1199,-3.23,0.7575,0.7583,0.7607,0.7565,-0.08,17.08,17.08,17.08,17.08,2.4,9.495,9.495,9.495,9.495,2.59,66.51,66.51,66.51,66.51,-0.51
5/23/2018,104.75,104.75,104.75,104.75,-0.43,79.8,79.47,79.85,78.21,0.29,2.955,2.928,2.974,2.926,0.65,94,93.55,94.19,93.51,0.42,1162,1162,1162,1162,-3.09,0.7559,0.7576,0.7584,0.7522,-0.21,17.15,17.15,17.15,17.15,0.41,9.325,9.325,9.325,9.325,-1.79,66.35,66.35,66.35,66.35,-0.24
5/24/2018,104.7,104.7,104.7,104.7,-0.05,78.79,79.65,79.78,78.57,-1.27,2.971,2.959,2.976,2.942,0.54,93.76,93.9,93.98,93.61,-0.26,1109,1109,1109,1109,-4.56,0.7574,0.7561,0.7584,0.7541,0.2,17.45,17.45,17.45,17.45,1.75,9.3,9.3,9.3,9.3,-0.27,66.36,66.36,66.36,66.36,0.02
5/25/2018,105.45,105.45,105.45,105.45,0.72,76.44,78.82,78.88,76.01,-2.98,2.963,2.964,2.994,2.942,-0.27,94.19,93.8,94.3,93.75,0.46,1077,1077,1077,1077,-2.89,0.7548,0.7576,0.7592,0.7541,-0.34,17.17,17.17,17.17,17.17,-1.6,9.29,9.29,9.29,9.29,-0.11,66.26,66.26,66.26,66.26,-0.15
5/28/2018,107.35,107.35,107.35,107.35,1.8,75.3,76.11,76.17,74.49,-1.49,2.975,2.964,3.001,2.94,0.4,94.19,94.25,94.5,93.86,0,1077,1077,1077,1077,-2.89,0.7544,0.755,0.7583,0.754,-0.05,17.47,17.47,17.47,17.47,1.75,9.29,9.29,9.29,9.29,-0.11,66.26,66.26,66.26,66.26,-0.15
5/29/2018,106.85,106.75,107,106.75,-0.47,75.39,75.82,76.2,74.54,0.12,2.903,2.974,3,2.864,-2.42,94.83,94.41,95.03,94.28,0.68,1057,1057,1057,1057,-1.86,0.7504,0.7546,0.7554,0.7497,-0.53,17.47,17.47,17.47,17.47,0,9.325,9.325,9.325,9.325,0.38,66.27,66.27,66.27,66.27,0.02
5/30/2018,108.65,106.65,108.75,106.65,1.68,77.5,75.37,77.73,74.81,2.8,2.905,2.924,2.926,2.888,0.07,94.15,94.82,94.97,94.04,-0.72,1042,1042,1042,1042,-1.42,0.7575,0.7505,0.7585,0.7475,0.95,17.02,17.02,17.02,17.02,-2.58,9.325,9.325,9.325,9.325,0,66.02,66.02,66.02,66.02,-0.38
5/31/2018,110.15,109,110.5,109,1.38,77.59,77.37,78.75,77.04,0.12,2.965,2.911,3,2.909,2.07,93.98,94.07,94.25,93.72,-0.18,1090,1090,1090,1090,4.61,0.7567,0.7579,0.7595,0.7552,-0.11,16.16,16.16,16.16,16.16,-5.05,9.325,9.325,9.325,9.325,0,65.95,65.95,65.95,65.95,-0.11
6/1/2018,111.05,112,112.5,112,0.82,76.79,77.71,77.95,76.35,-1.03,2.976,2.965,2.996,2.947,0.37,94.19,93.95,94.45,93.88,0.22,1156,1156,1156,1156,6.06,0.7566,0.7569,0.7575,0.7514,-0.01,16.55,16.55,16.55,16.55,2.41,9.37,9.37,9.37,9.37,0.48,64.53,64.53,64.53,64.53,-2.15
6/4/2018,113.3,112.85,114,112.85,2.03,75.29,76.66,76.95,75.2,-1.95,2.943,2.988,2.994,2.937,-1.11,94.02,94.16,94.19,93.66,-0.18,1193,1193,1193,1193,3.2,0.7643,0.7564,0.7668,0.7555,1.02,17.42,17.42,17.42,17.42,5.26,9.415,9.415,9.415,9.415,0.48,64.56,64.56,64.56,64.56,0.05
6/5/2018,113,112.5,113,112.5,-0.26,75.38,75.4,75.74,73.81,0.12,2.907,2.936,2.945,2.889,-1.22,93.9,94.06,94.32,93.78,-0.13,1249,1249,1249,1249,4.69,0.7615,0.7652,0.7657,0.7594,-0.37,17.11,17.11,17.11,17.11,-1.78,9.46,9.46,9.46,9.46,0.48,64.78,64.78,64.78,64.78,0.34
6/6/2018,112.8,112.8,112.8,112.8,-0.18,75.36,75.19,76.25,74.46,-0.03,2.909,2.906,2.929,2.89,0.07,93.66,93.88,93.89,93.42,-0.26,1340,1340,1340,1340,7.29,0.7666,0.7616,0.7678,0.7612,0.67,17.31,17.31,17.31,17.31,1.17,9.445,9.445,9.445,9.445,-0.16,65.17,65.17,65.17,65.17,0.6
6/7/2018,114.1,114.1,114.1,114.1,1.15,77.32,75.88,77.45,75.44,2.6,2.939,2.914,2.994,2.91,1.03,93.4,93.58,93.59,93.21,-0.28,1395,1395,1395,1395,4.1,0.7625,0.7667,0.7675,0.7612,-0.53,17.37,17.37,17.37,17.37,0.35,9.5,9.5,9.5,9.5,0.58,65.17,65.17,65.17,65.17,0
6/8/2018,113.85,113.85,113.85,113.85,-0.22,76.46,77.39,77.61,76.12,-1.11,2.894,2.941,2.942,2.883,-1.53,93.55,93.44,93.82,93.39,0.16,1391,1391,1391,1391,-0.29,0.7599,0.7624,0.7629,0.756,-0.34,17.2,17.2,17.2,17.2,-0.98,9.51,9.51,9.51,9.51,0.11,64.74,64.74,64.74,64.74,-0.66
6/11/2018,114.35,114.35,114.35,114.35,0.44,76.46,76.3,76.84,75.52,0,2.941,2.932,2.966,2.917,1.62,93.58,93.54,93.68,93.37,0.03,1387,1387,1387,1387,-0.29,0.7609,0.7608,0.7623,0.7567,0.13,16.96,16.96,16.96,16.96,-1.4,9.53,9.53,9.53,9.53,0.21,65.18,65.18,65.18,65.18,0.68
6/12/2018,115.55,115.55,115.55,115.55,1.05,75.88,76.5,77.07,75.43,-0.76,2.929,2.947,2.974,2.912,-0.41,93.8,93.67,93.91,93.47,0.24,1390,1390,1390,1390,0.22,0.7571,0.7612,0.7625,0.7565,-0.5,16.61,16.61,16.61,16.61,-2.06,9.54,9.54,9.54,9.54,0.1,65.4,65.4,65.4,65.4,0.34
6/13/2018,116,116,116,116,0.39,76.74,75.4,76.87,75.26,1.13,2.948,2.932,2.965,2.909,0.65,93.71,93.83,94.03,93.52,-0.1,1404,1404,1404,1404,1.01,0.7576,0.7571,0.7611,0.7529,0.07,16.77,16.77,16.77,16.77,0.96,9.57,9.57,9.57,9.57,0.31,65.34,65.34,65.34,65.34,-0.09
6/14/2018,115.5,116,116,116,-0.43,75.94,76.56,76.92,75.76,-1.04,2.958,2.946,2.966,2.92,0.34,94.77,93.5,94.93,93.19,1.13,1433,1433,1433,1433,2.07,0.7478,0.7579,0.7584,0.7474,-1.29,16.34,16.34,16.34,16.34,-2.56,9.615,9.615,9.615,9.615,0.47,65.56,65.56,65.56,65.56,0.34
6/15/2018,115,115,115,115,-0.43,73.44,75.98,76.06,73,-3.29,3.015,2.962,3.027,2.959,1.93,94.79,94.91,95.13,94.65,0.02,1445,1445,1445,1445,0.84,0.744,0.7479,0.7482,0.7438,-0.51,15.98,15.98,15.98,15.98,-2.2,9.615,9.615,9.615,9.615,0,65.39,65.39,65.39,65.39,-0.26
6/18/2018,115.9,115.9,115.9,115.9,0.78,75.34,73.06,75.49,72.45,2.59,2.951,3.039,3.043,2.947,-2.12,94.8,94.79,95.05,94.7,0.01,1442,1442,1442,1442,-0.21,0.7421,0.7456,0.7459,0.7413,-0.26,16.05,16.05,16.05,16.05,0.44,11.15,11.15,11.15,11.15,15.96,65.3,65.3,65.3,65.3,-0.14
6/19/2018,115.35,115.35,115.35,115.35,-0.47,75.08,75.24,75.55,74.45,-0.35,2.904,2.953,2.956,2.891,-1.59,95.08,94.63,95.3,94.53,0.3,1419,1419,1419,1419,-1.6,0.7381,0.7424,0.7429,0.7346,-0.54,15.69,15.69,15.69,15.69,-2.24,10.955,10.955,10.955,10.955,-1.75,65.01,65.01,65.01,65.01,-0.44
6/20/2018,114.45,114.45,114.45,114.45,-0.78,74.74,75.2,75.86,74.1,-0.45,2.965,2.924,2.968,2.917,2.1,95.06,94.97,95.3,94.92,-0.02,1373,1373,1373,1373,-3.24,0.7367,0.7381,0.741,0.7366,-0.19,15.98,15.98,15.98,15.98,1.85,10.95,10.95,10.95,10.95,-0.05,65.01,65.01,65.01,65.01,0
6/21/2018,114,114,114,114,-0.39,73.05,74.46,74.69,72.93,-2.26,2.972,2.969,3.006,2.945,0.24,94.74,95.13,95.53,94.68,-0.34,1347,1347,1347,1347,-1.89,0.7379,0.7368,0.7395,0.7344,0.16,16.31,16.31,16.31,16.31,2.07,10.91,10.91,10.91,10.91,-0.37,64.93,64.93,64.93,64.93,-0.12
6/22/2018,114.05,114.05,114.05,114.05,0.04,75.55,73.24,75.83,73.24,3.42,2.945,2.976,2.986,2.924,-0.91,94.52,94.86,94.88,94.43,-0.23,1341,1341,1341,1341,-0.45,0.7439,0.7378,0.7445,0.7373,0.81,16.61,16.61,16.61,16.61,1.84,10.655,10.655,10.655,10.655,-2.34,64.89,64.89,64.89,64.89,-0.06
6/25/2018,114.5,114.5,114.5,114.5,0.39,74.73,74.8,75.13,73.74,-1.09,2.921,2.923,2.94,2.896,-0.81,94.28,94.5,94.7,94.21,-0.25,1333,1333,1333,1333,-0.6,0.7413,0.7444,0.7446,0.7395,-0.35,16.54,16.54,16.54,16.54,-0.42,10.205,10.205,10.205,10.205,-4.22,64.88,64.88,64.88,64.88,-0.02
6/26/2018,114.75,114.75,114.75,114.75,0.22,76.31,74.74,76.72,74.13,2.11,2.931,2.93,2.947,2.902,0.34,94.66,94.29,94.77,94.17,0.4,1323,1323,1323,1323,-0.75,0.7393,0.7413,0.7425,0.7379,-0.27,16.55,16.55,16.55,16.55,0.06,10.175,10.175,10.175,10.175,-0.29,64.91,64.91,64.91,64.91,0.05
6/27/2018,114.4,114.4,114.4,114.4,-0.31,77.62,76.54,78.16,76.28,1.72,2.981,2.943,2.998,2.941,1.71,95.27,94.67,95.42,94.53,0.64,1309,1309,1309,1309,-1.06,0.734,0.7394,0.7409,0.7324,-0.72,16.78,16.78,16.78,16.78,1.39,10.5,10.5,10.5,10.5,3.19,64.85,64.85,64.85,64.85,-0.09
6/28/2018,114.4,114.4,114.4,114.4,0,77.85,77.5,78.42,77.09,0.3,2.919,2.956,2.992,2.908,-2.08,95.39,95.27,95.53,95.09,0.13,1329,1329,1329,1329,1.53,0.7352,0.7342,0.7364,0.7329,0.16,16.52,16.52,16.52,16.52,-1.55,10.5,10.5,10.5,10.5,0,64.81,64.81,64.81,64.81,-0.06
6/29/2018,114.4,114.4,114.4,114.4,0,79.44,77.79,79.7,77.45,2.04,2.901,2.931,2.931,2.889,-0.62,94.64,95.3,95.32,94.47,-0.79,1385,1385,1385,1385,4.21,0.7402,0.7352,0.7411,0.7334,0.68,16.51,16.51,16.51,16.51,-0.06,10.605,10.605,10.605,10.605,1,64.8,64.8,64.8,64.8,-0.02
7/2/2018,115,115.7,115.7,115.7,0.52,77.3,78.55,78.95,77.16,-2.69,2.844,2.895,2.896,2.834,-1.96,95.03,94.63,95.14,94.53,0.41,1422,1422,1422,1422,2.67,0.7339,0.7396,0.7416,0.731,-0.85,16.62,16.62,16.62,16.62,0.67,10.575,10.575,10.575,10.575,-0.28,64.13,64.13,64.13,64.13,-1.03
7/3/2018,115.35,116,116,116,0.3,77.76,77.4,78.55,76.67,0.6,2.846,2.841,2.878,2.83,0.07,94.67,94.84,94.98,94.56,-0.38,1476,1476,1476,1476,3.8,0.7385,0.734,0.7406,0.7313,0.63,16.65,16.65,16.65,16.65,0.18,10.51,10.51,10.51,10.51,-0.61,64.09,64.09,64.09,64.09,-0.06
7/4/2018,116.5,116.5,116.5,116.5,1,78.24,77.89,78.28,77.61,0.62,2.841,2.849,2.893,2.822,-0.18,94.67,94.52,94.71,94.4,0,1567,1567,1567,1567,6.17,0.738,0.7384,0.7426,0.7373,-0.07,17.07,17.07,17.07,17.07,2.52,10.51,10.51,10.51,10.51,-0.61,64.09,64.09,64.09,64.09,-0.06
7/5/2018,116.6,116.2,116.2,116.2,0.09,77.39,78.14,78.5,77.3,-1.09,2.812,2.835,2.868,2.799,-1.02,94.47,94.51,94.59,94.18,-0.21,1612,1612,1612,1612,2.87,0.7386,0.7383,0.741,0.7361,0.08,17.25,17.25,17.25,17.25,1.05,10.53,10.53,10.53,10.53,0.19,63.06,63.06,63.06,63.06,-1.61
7/6/2018,116.1,116.1,116.1,116.1,-0.43,77.11,77.57,77.68,76.36,-0.36,2.826,2.805,2.833,2.799,0.5,94.04,94.36,94.49,93.92,-0.46,1622,1622,1622,1622,0.62,0.7431,0.7387,0.7446,0.7376,0.61,17.28,17.28,17.28,17.28,0.17,10.53,10.53,10.53,10.53,0,62.99,62.99,62.99,62.99,-0.11
7/9/2018,116.1,116.1,116.1,116.1,0,78.07,77.21,78.31,77.04,1.24,2.796,2.809,2.833,2.788,-1.06,94.08,93.97,94.21,93.71,0.04,1609,1609,1609,1609,-0.8,0.7466,0.7431,0.7485,0.7425,0.47,17.58,17.58,17.58,17.58,1.74,10.53,10.53,10.53,10.53,0,63.13,63.13,63.13,63.13,0.22
7/10/2018,117.45,117.45,117.45,117.45,1.16,78.86,78.25,79.51,78.15,1.01,2.758,2.798,2.804,2.753,-1.36,94.15,94.06,94.47,94.02,0.07,1555,1555,1555,1555,-3.36,0.7458,0.7468,0.7486,0.7429,-0.11,17.67,17.67,17.67,17.67,0.51,10.51,10.51,10.51,10.51,-0.19,63.19,63.19,63.19,63.19,0.1
7/11/2018,117.9,117.9,117.9,117.9,0.38,73.4,78.78,78.83,73.04,-6.92,2.797,2.757,2.799,2.751,1.41,94.72,94.2,94.77,94.09,0.61,1586,1586,1586,1586,1.99,0.7365,0.7461,0.7462,0.7363,-1.25,17.95,17.95,17.95,17.95,1.58,10.48,10.48,10.48,10.48,-0.29,63.18,63.18,63.18,63.18,-0.02
7/12/2018,118.05,118.05,118.05,118.05,0.13,74.45,74.17,75.1,72.67,1.43,2.766,2.787,2.796,2.759,-1.11,94.81,94.7,94.94,94.64,0.1,1632,1632,1632,1632,2.9,0.7406,0.7367,0.7421,0.7359,0.56,17.72,17.72,17.72,17.72,-1.28,10.47,10.47,10.47,10.47,-0.1,63.21,63.21,63.21,63.21,0.05
7/13/2018,117.7,117.7,117.7,117.7,-0.3,75.33,74.34,75.93,73.22,1.18,2.724,2.773,2.784,2.723,-1.52,94.75,94.89,95.24,94.67,-0.06,1666,1666,1666,1666,2.08,0.7423,0.7408,0.7426,0.7367,0.23,17.69,17.69,17.69,17.69,-0.17,10.455,10.455,10.455,10.455,-0.14,63.24,63.24,63.24,63.24,0.05
7/16/2018,118.25,118.25,118.25,118.25,0.47,71.84,74.92,75.37,71.52,-4.63,2.73,2.741,2.749,2.709,0.22,94.51,94.69,94.77,94.41,-0.25,1695,1695,1695,1695,1.74,0.7418,0.7407,0.7444,0.7406,-0.07,17.59,17.59,17.59,17.59,-0.57,9.405,9.405,9.405,9.405,-10.04,63.33,63.33,63.33,63.33,0.14
7/17/2018,118.7,118.7,118.7,118.7,0.38,72.16,72.01,72.78,71.35,0.45,2.707,2.738,2.756,2.701,-0.84,94.94,94.55,95.06,94.3,0.45,1721,1721,1721,1721,1.53,0.7386,0.742,0.744,0.7376,-0.43,17.74,17.74,17.74,17.74,0.85,9.45,9.45,9.45,9.45,0.48,63.1,63.1,63.1,63.1,-0.36
7/18/2018,119.6,119.6,119.6,119.6,0.76,72.9,71.74,73.28,71.19,1.03,2.689,2.709,2.718,2.688,-0.66,95.08,95.03,95.41,94.96,0.15,1688,1688,1688,1688,-1.92,0.7397,0.7389,0.7409,0.7342,0.15,18.11,18.11,18.11,18.11,2.09,9.545,9.545,9.545,9.545,1.01,63.3,63.3,63.3,63.3,0.32
7/19/2018,119.3,119.3,119.3,119.3,-0.25,72.58,73.06,73.79,71.83,-0.44,2.736,2.703,2.743,2.671,1.75,95.15,95.08,95.65,94.93,0.07,1657,1657,1657,1657,-1.84,0.7358,0.7398,0.7443,0.7322,-0.53,18.56,18.56,18.56,18.56,2.48,9.405,9.405,9.405,9.405,-1.47,63.58,63.58,63.58,63.58,0.44
7/20/2018,117.7,117.7,117.7,117.7,-1.34,73.07,72.65,73.47,72.26,0.68,2.728,2.736,2.752,2.724,-0.29,94.45,95.13,95.28,94.36,-0.74,1689,1689,1689,1689,1.93,0.7421,0.7356,0.7433,0.7318,0.86,18.77,18.77,18.77,18.77,1.13,9.575,9.575,9.575,9.575,1.81,63.61,63.61,63.61,63.61,0.05
7/23/2018,118.65,118.65,118.65,118.65,0.81,73.06,73.22,74.5,72.52,-0.01,2.695,2.705,2.711,2.688,-1.21,94.67,94.43,94.72,94.21,0.23,1718,1718,1718,1718,1.72,0.7379,0.7411,0.744,0.7371,-0.57,19.09,19.16,19.16,19.16,1.7,9.67,9.67,9.67,9.67,0.99,63.73,63.73,63.73,63.73,0.19
7/24/2018,119.3,119.3,119.3,119.3,0.55,73.44,72.91,74,72.68,0.52,2.719,2.697,2.727,2.685,0.89,94.61,94.67,94.86,94.4,-0.06,1774,1774,1774,1774,3.26,0.742,0.7383,0.7435,0.7359,0.56,19.01,19.01,19.01,19.01,-0.42,9.69,9.69,9.69,9.69,0.21,63.83,63.83,63.83,63.83,0.16
7/25/2018,119.9,119.9,119.9,119.9,0.5,73.93,73.7,74.6,73.07,0.67,2.755,2.723,2.762,2.721,1.32,94.36,94.59,94.67,94.14,-0.26,1772,1772,1772,1772,-0.11,0.7453,0.7425,0.7466,0.7391,0.44,19.28,19.28,19.28,19.28,1.42,9.7,9.7,9.7,9.7,0.1,63.87,63.87,63.87,63.87,0.06
7/26/2018,119.9,119.9,119.9,119.9,0,74.54,74.37,74.83,73.77,0.83,2.762,2.755,2.779,2.749,0.25,94.75,94.16,94.8,94.08,0.41,1708,1708,1708,1708,-3.61,0.7376,0.7455,0.7465,0.7371,-1.03,19.23,19.23,19.23,19.23,-0.26,9.665,9.665,9.665,9.665,-0.36,63.93,63.93,63.93,63.93,0.09
7/27/2018,119.9,119.9,119.9,119.9,0,74.29,74.5,74.85,73.83,-0.34,2.782,2.758,2.797,2.757,0.72,94.67,94.76,94.91,94.63,-0.08,1676,1676,1676,1676,-1.87,0.74,0.7376,0.7416,0.7369,0.33,19.09,19.09,19.09,19.09,-0.73,9.665,9.665,9.665,9.665,0,64.08,64.08,64.08,64.08,0.23
7/30/2018,115.55,115.2,115.2,115.2,-3.63,74.97,74.31,75.27,74.14,0.92,2.817,2.815,2.832,2.786,1.26,94.32,94.66,94.76,94.26,-0.37,1703,1703,1703,1703,1.61,0.7404,0.7389,0.7414,0.7386,0.05,18.99,18.99,18.99,18.99,-0.52,9.8,9.8,9.8,9.8,1.4,64.2,64.2,64.2,64.2,0.19
7/31/2018,117.55,116,116,116,1.73,74.25,74.93,75.1,74.14,-0.96,2.798,2.823,2.847,2.79,-0.67,94.49,94.33,94.57,94.16,0.18,1747,1747,1747,1747,2.58,0.7426,0.7408,0.7442,0.7403,0.3,19.34,19.34,19.34,19.34,1.84,9.795,9.795,9.795,9.795,-0.05,64.35,64.35,64.35,64.35,0.23
8/1/2018,117.8,118.1,118.1,118.1,0.21,72.39,74.07,74.12,72.13,-2.51,2.77,2.794,2.803,2.756,-1,94.62,94.56,94.71,94.49,0.14,1760,1760,1760,1760,0.74,0.7403,0.7427,0.7431,0.739,-0.31,19.69,19.69,19.69,19.69,1.81,9.76,9.76,9.76,9.76,-0.36,66.66,66.66,66.66,66.66,3.59
8/2/2018,117.35,117.35,117.35,117.35,-0.38,73.45,72.42,73.75,71.84,1.46,2.822,2.756,2.833,2.751,1.88,95.16,94.63,95.19,94.61,0.57,1756,1756,1756,1756,-0.23,0.7358,0.7406,0.7413,0.7354,-0.61,19.53,19.53,19.53,19.53,-0.81,9.8,9.8,9.8,9.8,0.41,66.86,66.86,66.86,66.86,0.3
8/3/2018,117.45,117.5,117.5,117.5,0.09,73.21,73.37,73.73,72.48,-0.33,2.862,2.822,2.87,2.821,1.42,95.14,95.18,95.37,94.98,-0.02,1773,1773,1773,1773,0.97,0.7399,0.7361,0.7413,0.7347,0.56,19.53,19.62,19.62,19.56,0,9.81,9.81,9.81,9.81,0.1,68.24,68.24,68.24,68.24,2.06
8/6/2018,116.8,116.5,116.5,116.5,-0.55,73.75,73.21,74.47,73.08,0.74,2.866,2.862,2.875,2.835,0.14,95.36,95.2,95.52,95.2,0.23,1773,1773,1773,1773,0,0.7386,0.7406,0.741,0.7373,-0.18,19.42,19.42,19.42,19.42,-0.56,9.81,9.81,9.81,9.81,0,69.08,69.08,69.08,69.08,1.23
8/7/2018,116,116,116,116,-0.68,74.65,73.61,74.9,73.57,1.22,2.9,2.871,2.904,2.864,1.19,95.22,95.34,95.37,94.99,-0.15,1732,1732,1732,1732,-2.31,0.742,0.7387,0.7441,0.7381,0.46,19.36,19.36,19.36,19.36,-0.31,9.815,9.815,9.815,9.815,0.05,69.35,69.35,69.35,69.35,0.39
8/8/2018,115.9,116,116,116,-0.09,72.28,74.64,74.87,71.65,-3.17,2.955,2.898,2.957,2.891,1.9,95.05,95.14,95.42,94.99,-0.18,1704,1704,1704,1704,-1.62,0.7431,0.742,0.7441,0.7382,0.15,19.22,19.22,19.22,19.22,-0.72,9.825,9.825,9.825,9.825,0.1,68.81,68.81,68.81,68.81,-0.78
8/9/2018,116.3,116.3,116.3,116.3,0.35,72.07,72.16,72.89,71.86,-0.29,2.959,2.959,2.964,2.937,0.14,95.5,95.1,95.62,95.03,0.47,1694,1694,1694,1694,-0.59,0.737,0.7434,0.7454,0.7371,-0.82,19.42,19.42,19.42,19.42,1.04,9.825,9.825,9.825,9.825,0,68.94,68.94,68.94,68.94,0.19
8/10/2018,116.65,116.65,116.65,116.65,0.3,72.81,71.97,73.14,71.4,1.03,2.949,2.95,2.959,2.922,-0.34,96.36,95.64,96.45,95.53,0.9,1691,1691,1691,1691,-0.18,0.7301,0.7372,0.7382,0.728,-0.94,19.73,19.73,19.73,19.73,1.6,9.83,9.83,9.83,9.83,0.05,68.58,68.58,68.58,68.58,-0.52
8/13/2018,117.5,117.5,117.5,117.5,0.73,72.61,73,73.09,71.04,-0.27,2.936,2.941,2.95,2.905,-0.44,96.39,96.32,96.52,96.16,0.03,1709,1709,1709,1709,1.06,0.7268,0.7291,0.7302,0.7249,-0.45,19.9,19.81,19.92,19.81,0.86,9.86,9.86,9.86,9.86,0.31,68.55,68.55,68.55,68.55,-0.04
8/14/2018,118.4,118.4,118.4,118.4,0.77,72.46,72.82,73.93,72.16,-0.21,2.966,2.934,2.979,2.931,1.02,96.73,96.33,96.79,96.14,0.35,1725,1725,1725,1725,0.94,0.7244,0.727,0.7285,0.7223,-0.33,20,19.88,19.99,19.88,0.5,9.865,9.865,9.865,9.865,0.05,67.96,67.96,67.96,67.96,-0.86
8/15/2018,118.15,118.15,118.15,118.15,-0.21,70.76,72.22,72.44,70.3,-2.35,2.948,2.96,2.969,2.94,-0.61,96.7,96.66,96.98,96.65,-0.03,1727,1727,1727,1727,0.12,0.7237,0.7247,0.7249,0.7202,-0.1,19.95,19.95,19.95,19.95,-0.25,9.87,9.87,9.87,9.87,0.05,67.72,67.72,67.72,67.72,-0.35
8/16/2018,118.1,118.1,118.1,118.1,-0.04,71.43,70.65,71.52,70.4,0.95,2.913,2.948,2.955,2.898,-1.19,96.64,96.72,96.77,96.32,-0.06,1720,1720,1720,1720,-0.41,0.7259,0.7239,0.7289,0.7221,0.3,19.86,20.08,20.08,20.02,-0.45,11.055,11.055,11.055,11.055,12.01,67.59,67.59,67.59,67.59,-0.19
8/17/2018,118,118,118,118,-0.08,71.83,71.35,72.49,71.25,0.56,2.949,2.913,2.97,2.913,1.24,96.1,96.61,96.66,96.09,-0.56,1723,1723,1723,1723,0.17,0.731,0.7262,0.7322,0.7252,0.7,20.04,20.09,20.09,20.03,0.91,11.275,11.275,11.275,11.275,1.99,67.99,67.99,67.99,67.99,0.59
8/20/2018,117.65,117.65,117.65,117.65,-0.3,72.21,71.77,72.75,71.42,0.53,2.932,2.94,2.948,2.905,-0.58,95.9,96.13,96.4,95.73,-0.21,1727,1727,1727,1727,0.23,0.7339,0.7311,0.7345,0.7294,0.4,20.44,20.14,20.43,20.14,2,11.4,11.4,11.4,11.4,1.11,67.95,67.95,67.95,67.95,-0.06
8/21/2018,117.55,117.55,117.55,117.55,-0.08,72.63,72.15,72.95,72.05,0.58,2.964,2.944,2.974,2.94,1.09,95.26,95.74,95.75,95.08,-0.67,1736,1736,1736,1736,0.52,0.7369,0.734,0.7383,0.7332,0.41,21.31,21.34,21.34,21.34,4.26,11.375,11.375,11.375,11.375,-0.22,67.65,67.65,67.65,67.65,-0.44
8/22/2018,117.5,117.5,117.5,117.5,-0.04,74.78,72.76,75,72.7,2.96,2.944,2.97,2.974,2.941,-0.67,95.15,95.21,95.38,94.93,-0.12,1735,1735,1735,1735,-0.06,0.7346,0.7372,0.7372,0.7333,-0.31,21.82,21.83,21.87,21.74,2.39,11.4,11.4,11.4,11.4,0.22,67.69,67.69,67.69,67.69,0.06
8/23/2018,117.15,117.15,117.15,117.15,-0.3,74.73,74.72,74.87,74.21,-0.07,2.953,2.944,2.969,2.926,0.31,95.67,95.17,95.71,95.15,0.55,1709,1709,1709,1709,-1.5,0.7243,0.735,0.7354,0.724,-1.4,22.47,22.68,22.68,22.43,2.98,11.505,11.505,11.505,11.505,0.92,67.54,67.54,67.54,67.54,-0.22
8/24/2018,117.9,117.9,117.9,117.9,0.64,75.82,74.73,76.42,74.68,1.46,2.913,2.967,2.967,2.904,-1.35,95.15,95.64,95.69,95.03,-0.54,1697,1697,1697,1697,-0.7,0.7324,0.7244,0.7346,0.7237,1.12,22.83,22.58,22.58,22.3,1.6,11.585,11.585,11.585,11.585,0.7,67.48,67.48,67.48,67.48,-0.09
8/27/2018,118.9,118.9,118.9,118.9,0.85,76.21,75.54,76.34,75.39,0.51,2.869,2.9,2.912,2.864,-1.51,94.78,95.17,95.3,94.69,-0.39,1697,1697,1697,1697,-0.7,0.735,0.732,0.7358,0.7307,0.35,23.45,23.45,23.45,23.45,2.72,11.58,11.58,11.58,11.58,-0.04,67.42,67.42,67.42,67.42,-0.09
8/28/2018,117.5,117.5,117.5,117.5,-1.18,75.95,76.34,76.97,75.73,-0.34,2.845,2.868,2.873,2.833,-0.84,94.72,94.77,94.91,94.43,-0.06,1684,1684,1684,1684,-0.77,0.7337,0.7352,0.7364,0.7321,-0.18,22.86,23.14,23.14,22.87,-2.52,11.575,11.575,11.575,11.575,-0.04,67.35,67.35,67.35,67.35,-0.1
8/29/2018,117.65,117.65,117.65,117.65,0.13,77.14,75.99,77.42,75.67,1.57,2.863,2.854,2.876,2.83,0.63,94.6,94.73,94.93,94.53,-0.13,1661,1661,1661,1661,-1.37,0.7308,0.7338,0.7351,0.7274,-0.4,23.19,23.19,23.19,23.19,1.44,11.675,11.675,11.675,11.675,0.86,67.28,67.28,67.28,67.28,-0.1
8/30/2018,117.5,117.5,117.5,117.5,-0.13,77.77,77.33,78.03,77.18,0.82,2.901,2.899,2.914,2.869,1.33,94.72,94.53,94.9,94.47,0.13,1614,1614,1614,1614,-2.83,0.7263,0.7311,0.7316,0.7248,-0.62,23.29,23.15,23.65,23.15,0.43,11.66,11.66,11.66,11.66,-0.13,67.21,67.21,67.21,67.21,-0.1
8/31/2018,118,118,118,118,0.43,77.42,77.53,77.79,77,-0.45,2.939,2.908,2.954,2.908,1.31,95.14,94.7,95.22,94.55,0.44,1579,1579,1579,1579,-2.17,0.719,0.7266,0.7269,0.7175,-1.01,23.2,23.2,23.2,23.2,-0.39,11.615,11.615,11.615,11.615,-0.39,67.16,67.16,67.16,67.16,-0.07
9/3/2018,116.25,116.25,116.25,116.25,-1.48,78.15,77.69,78.44,77.3,0.94,2.865,2.896,2.896,2.82,-1.1,95.14,95.19,95.22,95.01,0,1557,1557,1557,1557,-1.39,0.7211,0.7197,0.7225,0.7166,0.29,22.28,22.28,22.28,22.28,-3.97,11.615,11.615,11.615,11.615,-0.39,67.16,67.16,67.16,67.16,-0.07
9/4/2018,115.35,115.35,115.35,115.35,-0.77,78.17,78.19,79.72,77.44,0.03,2.842,2.926,2.926,2.831,-0.8,95.44,95.14,95.74,95.14,0.32,1513,1513,1513,1513,-2.83,0.7177,0.7213,0.7237,0.7157,-0.47,22.25,22.22,22.22,22.21,-0.13,11.605,11.605,11.605,11.605,-0.09,66.64,66.64,66.64,66.64,-0.77
9/5/2018,114.8,114.9,115,114.9,-0.48,77.27,77.82,78.09,76.91,-1.15,2.813,2.837,2.861,2.804,-1.02,95.18,95.4,95.66,95.08,-0.27,1477,1477,1477,1477,-2.38,0.7189,0.7177,0.722,0.7144,0.17,22.44,22.44,22.44,22.44,0.85,11.53,11.53,11.53,11.53,-0.65,67.22,67.22,67.22,67.22,0.87
9/6/2018,114.8,114.8,114.8,114.8,0,76.5,77.02,77.77,75.64,-1,2.791,2.81,2.815,2.783,-0.78,95.02,95.1,95.21,94.93,-0.17,1484,1484,1484,1484,0.47,0.7201,0.7189,0.7212,0.7165,0.17,23.57,23.57,23.57,23.57,5.04,11.52,11.52,11.52,11.52,-0.09,68.13,68.13,68.13,68.13,1.35
9/7/2018,114.55,114.75,114.75,114.75,-0.22,76.83,76.69,77.1,75.88,0.43,2.79,2.793,2.802,2.778,-0.04,95.36,95.02,95.46,94.87,0.36,1490,1490,1490,1490,0.4,0.7106,0.7205,0.7207,0.7098,-1.32,25.33,25.33,25.33,25.33,7.47,11.52,11.52,11.52,11.52,0,68.07,68.07,68.07,68.07,-0.09
9/10/2018,115.3,115,115.25,115,0.65,77.37,77.08,77.92,76.9,0.7,2.808,2.786,2.82,2.764,0.65,95.15,95.43,95.56,95.03,-0.22,1482,1482,1482,1482,-0.54,0.7114,0.7116,0.7133,0.7097,0.11,27.42,27.42,27.42,27.42,8.25,11.51,11.51,11.51,11.51,-0.09,68.17,68.17,68.17,68.17,0.15
9/11/2018,115.65,115.65,115.65,115.65,0.3,79.06,77.38,79.54,77.36,2.18,2.827,2.812,2.832,2.787,0.68,95.25,95.15,95.35,94.88,0.11,1439,1439,1439,1439,-2.9,0.7122,0.7115,0.713,0.7084,0.11,26.66,26.51,26.51,26.49,-2.77,11.5,11.5,11.5,11.5,-0.09,67.78,67.78,67.78,67.78,-0.57
9/12/2018,115.05,115.05,115.05,115.05,-0.52,79.74,79.42,80.13,78.75,0.86,2.82,2.83,2.859,2.811,-0.25,94.8,95.1,95.28,94.73,-0.47,1411,1411,1411,1411,-1.95,0.7168,0.7125,0.7184,0.7092,0.65,25.37,25.66,25.66,25.66,-4.84,11.475,11.475,11.475,11.475,-0.22,67.98,67.98,67.98,67.98,0.3
9/13/2018,115.3,115.3,115.3,115.3,0.22,78.18,79.6,79.71,77.87,-1.96,2.8,2.815,2.844,2.795,-0.71,94.52,94.83,94.97,94.43,-0.3,1382,1382,1382,1382,-2.06,0.7192,0.7168,0.7231,0.7165,0.33,21.29,23,23,23,-16.08,11.465,11.465,11.465,11.465,-0.09,68.31,68.31,68.31,68.31,0.49
9/14/2018,115.4,115.4,115.4,115.4,0.09,78.09,78.45,78.94,77.37,-0.12,2.751,2.797,2.802,2.747,-1.75,94.93,94.55,95,94.36,0.43,1366,1366,1366,1366,-1.16,0.715,0.7193,0.7218,0.715,-0.58,22.42,22.42,22.42,22.42,5.31,11.455,11.455,11.455,11.455,-0.09,68.43,68.43,68.43,68.43,0.18
9/17/2018,114.6,114.6,114.6,114.6,-0.69,78.05,78.07,78.9,77.73,-0.05,2.779,2.762,2.795,2.756,1.02,94.5,94.93,94.98,94.44,-0.45,1357,1357,1357,1357,-0.66,0.718,0.7152,0.7198,0.7141,0.42,23.46,23.46,23.46,23.46,4.64,11.805,11.805,11.805,11.805,3.06,68.57,68.57,68.57,68.57,0.2
9/18/2018,114.15,114.15,114.15,114.15,-0.39,79.03,77.78,79.73,77.46,1.26,2.896,2.78,2.899,2.777,4.21,94.64,94.61,94.73,94.31,0.15,1356,1356,1356,1356,-0.07,0.7218,0.7181,0.7225,0.7143,0.53,22.83,22.83,22.83,22.83,-2.69,11.55,11.55,11.55,11.55,-2.16,68.59,68.59,68.59,68.59,0.03
9/19/2018,114.5,114.5,114.5,114.5,0.31,79.4,78.97,79.5,78.51,0.47,2.882,2.893,2.908,2.872,-0.48,94.54,94.54,94.73,94.32,-0.11,1373,1373,1373,1373,1.25,0.7263,0.7218,0.7277,0.7212,0.62,24.09,22.43,22.43,22.43,5.52,11.6,11.6,11.6,11.6,0.43,68.67,68.67,68.67,68.67,0.12
9/20/2018,113.15,113.15,113.15,113.15,-1.18,78.7,79.44,79.83,78.51,-0.88,2.964,2.882,2.975,2.875,2.85,93.91,94.55,94.56,93.83,-0.67,1396,1396,1396,1396,1.68,0.7289,0.7262,0.7294,0.7253,0.36,24.72,24.72,24.72,24.72,2.62,11.605,11.605,11.605,11.605,0.04,68.67,68.67,68.67,68.67,0
9/21/2018,113.45,113.45,113.45,113.45,0.27,78.8,78.67,80.12,78.23,0.13,2.974,2.952,2.982,2.931,0.34,94.22,93.89,94.33,93.81,0.33,1413,1413,1413,1413,1.22,0.7289,0.7292,0.7305,0.7262,0,24.88,24.88,24.88,24.88,0.65,11.595,11.595,11.595,11.595,-0.09,68.69,68.69,68.69,68.69,0.03
9/24/2018,113.75,113.75,113.75,113.75,0.26,81.2,78.97,81.48,78.97,3.05,3.029,2.979,3.038,2.95,1.85,94.19,94.23,94.37,93.84,-0.03,1434,1434,1434,1434,1.49,0.7252,0.7272,0.7283,0.7248,-0.51,25.29,25.29,25.29,25.29,1.65,11.595,11.595,11.595,11.595,0,68.68,68.68,68.68,68.68,-0.01
9/25/2018,113.7,113.7,113.7,113.7,-0.04,81.87,81.35,82.55,81.17,0.83,3.058,3.033,3.062,3.013,0.96,94.13,94.25,94.37,94.01,-0.06,1450,1450,1450,1450,1.12,0.725,0.7252,0.7265,0.7235,-0.03,24.27,24.27,24.27,24.27,-4.03,11.545,11.545,11.545,11.545,-0.43,68.62,68.62,68.62,68.62,-0.09
9/26/2018,113.7,113.7,113.7,113.7,0,81.34,81.45,82.22,81.1,-0.65,2.98,3.049,3.062,2.966,-2.55,94.19,94.17,94.4,93.95,0.06,1503,1503,1503,1503,3.66,0.7256,0.7251,0.7316,0.724,0.08,23.42,23.42,23.42,23.42,-3.5,11.55,11.55,11.55,11.55,0.04,68.66,68.66,68.66,68.66,0.06
9/27/2018,113.7,113.7,113.7,113.7,0,81.72,81.8,82.44,81.32,0.47,3.135,3.059,3.186,3.047,5.2,94.89,94.25,95.01,94.21,0.74,1524,1524,1524,1524,1.4,0.7206,0.7258,0.7271,0.7204,-0.69,24,24,24,24,2.48,11.475,11.475,11.475,11.475,-0.65,68.69,68.69,68.69,68.69,0.04
9/28/2018,113.85,113.85,113.85,113.85,0.13,82.72,81.63,82.87,81.6,1.22,3.091,3.139,3.14,3.063,-1.4,95.13,95.02,95.37,94.92,0.25,1540,1540,1540,1540,1.05,0.7228,0.7208,0.7243,0.7201,0.31,24.63,24.63,24.63,24.63,2.62,11.365,11.365,11.365,11.365,-0.96,68.73,68.73,68.73,68.73,0.06
10/1/2018,114.6,114,114,114,0.66,84.98,82.79,85.45,82.55,2.73,3.172,3.094,3.193,3.085,2.62,95.3,95.11,95.37,95,0.18,1555,1555,1555,1555,0.97,0.7223,0.7232,0.7234,0.7205,-0.07,24.96,24.42,24.42,24.42,1.34,11.335,11.335,11.335,11.335,-0.26,68.4,68.4,68.4,68.4,-0.48
10/2/2018,114.05,114.05,114.05,114.05,-0.48,84.8,84.95,85.38,84.31,-0.21,3.239,3.225,3.268,3.187,2.11,95.51,95.3,95.74,95.26,0.22,1570,1570,1570,1570,0.96,0.7186,0.7226,0.7239,0.7162,-0.51,24.76,25.38,25.38,25.33,-0.8,11.3,11.3,11.3,11.3,-0.31,68.84,68.84,68.84,68.84,0.64
10/3/2018,113.9,113.9,113.9,113.9,-0.13,86.29,84.79,86.74,84.01,1.76,3.297,3.25,3.326,3.228,1.79,95.76,95.46,96.12,95.26,0.26,1574,1574,1574,1574,0.25,0.7102,0.7189,0.7198,0.7101,-1.17,24.96,24.81,24.81,24.67,0.81,11.325,11.325,11.325,11.325,0.22,69.08,69.08,69.08,69.08,0.35
10/4/2018,113.75,113.75,113.75,113.75,-0.13,84.58,85.99,86.43,84.14,-1.98,3.221,3.309,3.317,3.198,-2.31,95.75,96.05,96.12,95.55,-0.01,1554,1554,1554,1554,-1.27,0.7072,0.7104,0.7115,0.7064,-0.42,25.18,25.18,25.18,25.18,0.88,11.295,11.295,11.295,11.295,-0.26,68.51,68.51,68.51,68.51,-0.83
10/5/2018,113.65,113.65,113.65,113.65,-0.09,84.16,84.89,85.12,83.92,-0.5,3.188,3.242,3.274,3.161,-1.02,95.62,95.76,95.94,95.52,-0.14,1536,1536,1536,1536,-1.16,0.7051,0.7075,0.7089,0.7041,-0.3,26.1,26.1,26.1,26.1,3.65,11.265,11.265,11.265,11.265,-0.27,69.24,69.24,69.24,69.24,1.07
10/8/2018,112.75,112.75,112.75,112.75,-0.79,83.91,84.17,84.31,82.66,-0.3,3.289,3.225,3.324,3.218,3.17,95.76,95.62,96.03,95.59,0.15,1530,1530,1530,1530,-0.39,0.7076,0.7053,0.7083,0.7041,0.35,26.48,26.48,26.48,26.48,1.46,11.105,11.105,11.105,11.105,-1.42,69.29,69.29,69.29,69.29,0.07
10/9/2018,110.95,110.95,110.95,110.95,-1.6,85,83.91,85.45,83.73,1.3,3.298,3.299,3.384,3.273,0.27,95.67,95.75,96.16,95.64,-0.09,1503,1503,1503,1503,-1.76,0.7102,0.7079,0.7107,0.7053,0.37,25.33,26.18,26.2,25.54,-4.34,11.205,11.205,11.205,11.205,0.9,70.09,70.09,70.09,70.09,1.15
10/10/2018,109.85,109.85,109.85,109.85,-0.99,83.09,84.98,85.17,82.26,-2.25,3.332,3.345,3.409,3.305,1.03,95.51,95.59,95.79,95.38,-0.17,1493,1493,1493,1493,-0.67,0.706,0.7103,0.7131,0.7043,-0.59,23.65,23.84,23.84,23.84,-6.63,11.21,11.21,11.21,11.21,0.04,70.39,70.39,70.39,70.39,0.43
10/11/2018,108.7,108.7,108.7,108.7,-1.05,80.26,82.47,82.63,79.8,-3.41,3.279,3.323,3.337,3.228,-1.59,95.02,95.43,95.43,94.99,-0.51,1515,1515,1515,1515,1.47,0.7123,0.7054,0.7131,0.7045,0.89,23.88,22.55,23.88,22.55,0.97,11.16,11.16,11.16,11.16,-0.45,70.24,70.24,70.24,70.24,-0.21
10/12/2018,109.2,109.2,109.2,109.2,0.46,80.43,80.28,81.48,79.23,0.21,3.226,3.303,3.344,3.202,-1.62,95.22,95.04,95.37,94.95,0.21,1579,1579,1579,1579,4.22,0.7117,0.7123,0.7141,0.7101,-0.08,24.21,24.21,24.25,24.18,1.38,11.12,11.12,11.12,11.12,-0.36,70.49,70.49,70.49,70.49,0.36
10/15/2018,109.25,109.25,109.25,109.25,0.05,80.78,81,81.92,79.85,0.44,3.31,3.28,3.33,3.236,2.6,95.06,95.35,95.37,94.95,-0.17,1584,1584,1584,1584,0.32,0.713,0.7113,0.715,0.7098,0.18,22.09,23.72,23.76,22.79,-8.76,11.115,11.115,11.115,11.115,-0.04,70.56,70.56,70.56,70.56,0.1
10/16/2018,109.1,109.1,109.1,109.1,-0.14,81.41,80.88,81.75,79.8,0.78,3.301,3.323,3.377,3.278,-0.27,95.05,95.05,95.2,94.79,-0.01,1578,1578,1578,1578,-0.38,0.714,0.7129,0.7152,0.7111,0.14,22.53,22.36,22.61,22.36,1.99,10.795,10.795,10.795,10.795,-2.88,70.58,70.58,70.58,70.58,0.03
10/17/2018,109.15,109.15,109.15,109.15,0.05,80.05,81.74,81.85,79.17,-1.67,3.369,3.328,3.384,3.3,2.06,95.58,95.09,95.66,95.06,0.56,1554,1554,1554,1554,-1.52,0.7108,0.7141,0.7161,0.7105,-0.45,22.27,22.61,22.61,22.07,-1.15,10.65,10.65,10.65,10.65,-1.34,71.4,71.4,71.4,71.4,1.16
10/18/2018,109.75,109.75,109.75,109.75,0.55,79.29,80.23,80.31,78.69,-0.95,3.25,3.367,3.367,3.244,-3.53,95.9,95.66,95.99,95.49,0.33,1565,1565,1565,1565,0.71,0.7099,0.7108,0.7152,0.7096,-0.13,22.62,21.75,22.65,21.45,1.57,10.73,10.73,10.73,10.73,0.75,71.4,71.4,71.4,71.4,0
10/19/2018,110,110,110,110,0.23,79.78,79.44,80.88,79.22,0.62,3.309,3.275,3.318,3.219,1.82,95.71,95.95,96.09,95.54,-0.2,1576,1576,1576,1576,0.7,0.712,0.7099,0.7151,0.7089,0.3,22.64,22.64,22.64,22.64,0.09,10.92,10.92,10.92,10.92,1.77,71.4,71.4,71.4,71.4,0
10/22/2018,110.1,110.1,110.1,110.1,0.09,79.83,80.11,80.41,78.99,0.06,3.214,3.289,3.304,3.201,-2.87,96.01,95.66,96.09,95.47,0.31,1579,1579,1579,1579,0.19,0.7079,0.7111,0.7129,0.7075,-0.58,21.92,22.17,22.49,22.12,-3.18,10.855,10.855,10.855,10.855,-0.6,71.71,71.71,71.71,71.71,0.43
10/23/2018,109.5,109.5,109.5,109.5,-0.54,76.44,80.04,80.12,75.88,-4.25,3.283,3.21,3.308,3.183,2.15,95.96,96.03,96.16,95.81,-0.05,1577,1577,1577,1577,-0.13,0.7084,0.7081,0.7091,0.7054,0.07,21.8,21.63,21.63,21.63,-0.55,10.575,10.575,10.575,10.575,-2.58,71.79,71.79,71.79,71.79,0.11
10/24/2018,109.75,109.75,109.75,109.75,0.23,76.17,76.35,77.57,75.11,-0.35,3.227,3.284,3.314,3.215,-1.71,96.43,95.92,96.53,95.91,0.49,1546,1546,1546,1546,-1.97,0.7058,0.7086,0.7108,0.7058,-0.37,21.9,21.77,22.03,21.77,0.46,10.395,10.395,10.395,10.395,-1.7,72.05,72.05,72.05,72.05,0.36
10/25/2018,109.75,109.75,109.75,109.75,0,76.89,75.67,77.08,75.35,0.95,3.256,3.241,3.286,3.202,0.9,96.68,96.36,96.73,96.21,0.26,1516,1516,1516,1516,-1.94,0.7079,0.7059,0.7101,0.7056,0.3,21.41,21.47,21.47,21.47,-2.24,10.375,10.375,10.375,10.375,-0.19,72.22,72.22,72.22,72.22,0.24
10/26/2018,109.65,109.65,109.65,109.65,-0.09,77.62,76.6,77.91,75.77,0.95,3.225,3.228,3.25,3.146,-0.95,96.36,96.59,96.86,96.29,-0.33,1519,1519,1519,1519,0.2,0.7094,0.7081,0.7106,0.702,0.21,20.59,20.59,20.59,20.59,-3.83,10.6,10.6,10.6,10.6,2.17,72.41,72.41,72.41,72.41,0.26
10/29/2018,108,108,108,108,-1.5,77.34,77.64,78.03,76.55,-0.36,3.198,3.187,3.203,3.133,-0.84,96.58,96.44,96.7,96.35,0.23,1522,1522,1522,1522,0.2,0.7055,0.7087,0.711,0.705,-0.55,18.91,19.88,19.88,19.27,-8.16,10.58,10.58,10.58,10.58,-0.19,72.58,72.58,72.58,72.58,0.23
10/30/2018,107.5,107.5,107.5,107.5,-0.46,75.91,76.82,77.32,75.09,-1.85,3.244,3.243,3.337,3.224,1.44,97.01,96.66,97.02,96.62,0.45,1513,1513,1513,1513,-0.59,0.7105,0.7058,0.7124,0.7053,0.71,18.13,18.91,18.91,17.51,-4.12,10.575,10.575,10.575,10.575,-0.05,72.7,72.7,72.7,72.7,0.17
10/31/2018,105.2,105.2,105.2,105.2,-2.14,75.47,76.28,76.92,75.42,-0.58,3.302,3.266,3.335,3.253,1.79,97.13,96.99,97.2,96.88,0.12,1490,1490,1490,1490,-1.52,0.7073,0.7106,0.7108,0.7067,-0.45,18.49,18.35,18.35,17.9,1.99,10.475,10.475,10.475,10.475,-0.95,72.81,72.81,72.81,72.81,0.15
11/1/2018,102.85,104,104,103.5,-2.23,72.89,74.69,74.99,72.56,-3.42,3.275,3.324,3.358,3.255,-0.82,96.28,97.08,97.11,96.2,-0.88,1470,1470,1470,1470,-1.34,0.7205,0.7073,0.7213,0.7071,1.87,17.62,17.62,17.62,17.62,-4.71,10.435,10.435,10.435,10.435,-0.38,72.99,72.99,72.99,72.99,0.25
11/2/2018,103.4,103.75,103.75,103.75,0.53,72.83,72.75,73.5,72.16,-0.08,3.31,3.28,3.335,3.203,1.07,96.54,96.31,96.59,95.99,0.27,1457,1457,1457,1457,-0.88,0.7197,0.7206,0.726,0.7181,-0.11,19.18,18.3,19.37,18.3,8.85,10.565,10.565,10.565,10.565,1.25,72.92,72.92,72.92,72.92,-0.1
11/5/2018,103.9,103.9,103.9,103.9,0.48,73.17,72.85,74.13,72.26,0.47,3.575,3.487,3.585,3.446,8.01,96.28,96.44,96.68,96.25,-0.27,1428,1428,1428,1428,-1.99,0.7209,0.72,0.7219,0.7181,0.17,19.31,19.31,19.31,19.31,0.68,10.56,10.56,10.56,10.56,-0.05,73.9,73.9,73.9,73.9,1.34
11/6/2018,103.5,103.5,103.5,103.5,-0.38,72.13,72.85,73.28,71.18,-1.42,3.583,3.56,3.594,3.527,0.22,96.32,96.33,96.45,96.14,0.04,1395,1395,1395,1395,-2.31,0.7246,0.7211,0.7248,0.7204,0.51,19.69,19.69,19.69,19.69,1.97,10.56,10.56,10.56,10.56,0,74.18,74.18,74.18,74.18,0.38
11/7/2018,105.45,105.45,105.45,105.45,1.88,72.07,71.66,73.55,71.36,-0.08,3.569,3.56,3.579,3.512,-0.39,96,95.99,96.46,95.68,-0.33,1304,1304,1304,1304,-6.52,0.7274,0.7249,0.7301,0.7212,0.39,20.77,20.39,20.39,20.39,5.49,10.505,10.505,10.505,10.505,-0.52,74.18,74.18,74.18,74.18,0
11/8/2018,105.35,105.25,105.75,105.25,-0.09,70.65,72.1,73.08,70.56,-1.97,3.553,3.546,3.582,3.517,-0.45,96.72,96.19,96.74,96.07,0.75,1231,1231,1231,1231,-5.6,0.7256,0.728,0.7304,0.7246,-0.25,21.75,21.75,21.75,21.75,4.72,10.5,10.5,10.5,10.5,-0.05,75.01,75.01,75.01,75.01,1.12
11/9/2018,105.9,105.5,105.5,105.5,0.52,70.18,70.87,70.99,69.13,-0.67,3.721,3.562,3.827,3.561,4.73,96.91,96.63,97.01,96.62,0.2,1147,1147,1147,1147,-6.82,0.7224,0.7255,0.7272,0.7218,-0.44,21.65,21.65,21.65,21.65,-0.46,10.485,10.485,10.485,10.485,-0.14,75.58,75.58,75.58,75.58,0.76
11/12/2018,105.85,105.85,105.85,105.85,-0.05,70.12,70.69,71.88,68.87,-0.09,3.8,3.747,3.964,3.747,2.12,97.54,97.05,97.69,96.97,0.65,1125,1125,1125,1125,-1.92,0.7172,0.7224,0.7239,0.7171,-0.72,22.7,22.79,22.79,22.79,4.85,10.49,10.49,10.49,10.49,0.05,75.27,75.27,75.27,75.27,-0.41
11/13/2018,105.5,105.5,105.5,105.5,-0.33,65.47,69.13,69.68,64.61,-6.63,4.147,3.954,4.155,3.916,9.13,97.3,97.6,97.66,96.94,-0.25,1064,1064,1064,1064,-5.42,0.7217,0.7173,0.7226,0.7163,0.63,22.26,22.26,22.26,22.26,-1.94,10.49,10.49,10.49,10.49,0,74.98,74.98,74.98,74.98,-0.39
11/14/2018,103.35,103.35,103.35,103.35,-2.04,66.12,65.62,67.63,65.02,0.99,4.898,4.111,4.964,4.088,18.11,96.8,97.03,97.41,96.75,-0.51,1009,1009,1009,1009,-5.17,0.7234,0.7219,0.7254,0.7187,0.24,21.78,21.87,21.87,21.87,-2.16,10.485,10.485,10.485,10.485,-0.05,74.81,74.81,74.81,74.81,-0.23
11/15/2018,104.15,104.15,104.15,104.15,0.77,66.62,66.12,67.42,65.77,0.76,4.043,4.736,4.838,3.898,-17.46,96.93,97.01,97.39,96.77,0.13,1020,1020,1020,1020,1.09,0.7276,0.7231,0.73,0.7228,0.58,21.13,21.13,21.13,21.13,-2.98,10.48,10.48,10.48,10.48,-0.05,74.95,74.95,74.95,74.95,0.19
11/16/2018,102.5,102.5,102.5,102.5,-1.58,66.76,66.68,68.38,66.06,0.21,4.291,3.917,4.412,3.917,6.13,96.47,97.05,97.06,96.4,-0.47,1031,1031,1031,1031,1.08,0.7334,0.7277,0.7339,0.7249,0.8,21.31,21.92,21.92,21.92,0.85,10.77,10.77,10.77,10.77,2.77,75.08,75.08,75.08,75.08,0.17
11/19/2018,102.95,102.95,102.95,102.95,0.44,66.79,66.99,67.64,65.27,0.04,4.712,4.592,4.803,4.457,9.81,96.19,96.43,96.57,96.12,-0.29,1023,1023,1023,1023,-0.78,0.7293,0.7326,0.7333,0.7276,-0.56,21.08,21.08,21.08,21.08,-1.08,10.4,10.4,10.4,10.4,-3.44,75.3,75.3,75.3,75.3,0.29
11/20/2018,102.3,102.3,102.3,102.3,-0.63,62.53,66.9,66.9,61.71,-6.38,4.521,4.591,4.674,4.264,-4.05,96.84,96.2,96.89,96.04,0.68,1003,1003,1003,1003,-1.96,0.7213,0.7294,0.7302,0.7212,-1.1,21.62,21.62,21.62,21.62,2.56,10.2,10.2,10.2,10.2,-1.92,74.88,74.88,74.88,74.88,-0.56
11/21/2018,102.45,102.45,102.45,102.45,0.15,63.48,62.6,64.48,62.56,1.52,4.477,4.53,4.875,4.438,-0.97,96.71,96.82,96.87,96.5,-0.13,1008,1008,1008,1008,0.5,0.7261,0.7213,0.7279,0.7202,0.67,22.69,21.9,22.35,21.9,4.95,10.13,10.13,10.13,10.13,-0.69,74.86,74.86,74.86,74.86,-0.03
11/22/2018,102.4,102.4,102.4,102.4,-0.05,62.6,63.6,63.81,62.27,-1.39,4.268,4.485,4.53,4.119,-4.67,96.71,96.72,96.72,96.32,0,1018,1018,1018,1018,0.99,0.7254,0.7263,0.727,0.7233,-0.1,23.14,23.14,23.14,23.14,1.98,10.13,10.13,10.13,10.13,-0.69,74.86,74.86,74.86,74.86,-0.03
11/23/2018,101.75,101.75,101.75,101.75,-0.63,58.8,62.58,62.79,58.41,-6.07,4.355,4.502,4.598,4.151,2.04,96.92,96.51,96.98,96.4,0.22,1093,1093,1093,1093,7.37,0.7234,0.7254,0.7259,0.7218,-0.28,22.4,23.32,23.32,23.32,-3.2,10.35,10.35,10.35,10.35,2.17,74.21,74.21,74.21,74.21,-0.87
11/26/2018,101.4,101.4,101.4,101.4,-0.34,60.48,58.98,61.13,58.6,2.86,4.299,4.114,4.326,4.038,-1.29,97.07,96.93,97.1,96.66,0.15,1217,1217,1217,1217,11.34,0.722,0.7232,0.7278,0.7212,-0.19,22.02,22.02,22.02,22.02,-1.7,10.165,10.165,10.165,10.165,-1.79,73.58,73.58,73.58,73.58,-0.85
11/27/2018,101.55,101.55,101.55,101.55,0.15,60.21,60.39,61.4,58.92,-0.45,4.292,4.266,4.346,4.142,-0.16,97.37,97.03,97.5,96.97,0.31,1339,1339,1339,1339,10.02,0.7223,0.7221,0.7271,0.7198,0.04,21.82,21.82,21.82,21.82,-0.91,9.98,9.98,9.98,9.98,-1.82,73.14,73.14,73.14,73.14,-0.6
11/28/2018,101.55,101.55,101.55,101.55,0,58.76,60.63,61.27,58.55,-2.41,4.699,4.219,4.728,4.209,9.48,96.79,97.37,97.54,96.69,-0.6,1330,1330,1330,1330,-0.67,0.7304,0.7226,0.7329,0.7221,1.12,21.5,21.5,21.5,21.5,-1.47,9.89,9.89,9.89,9.89,-0.9,72.92,72.92,72.92,72.92,-0.3
11/29/2018,101.55,101.55,101.55,101.55,0,59.51,59.12,60.37,57.5,1.28,4.482,4.5,4.522,4.312,-4.62,96.78,96.84,97,96.63,-0.01,1281,1281,1281,1281,-3.68,0.7318,0.7305,0.7346,0.7293,0.19,22.23,22.23,22.23,22.23,3.4,9.885,9.885,9.885,9.885,-0.05,72.6,72.6,72.6,72.6,-0.44
11/30/2018,101.7,101.7,101.7,101.7,0.15,58.71,59.28,59.93,58.25,-1.34,4.419,4.45,4.6,4.29,-1.41,97.27,96.76,97.31,96.71,0.51,1231,1231,1231,1231,-3.9,0.7315,0.7319,0.7328,0.7284,-0.04,22.7,22.7,22.7,22.7,2.11,9.805,9.805,9.805,9.805,-0.81,72.28,72.28,72.28,72.28,-0.44
12/3/2018,102.45,102.45,102.45,102.45,0.74,61.69,59.98,62.6,59.85,5.08,4.157,4.31,4.344,4.091,-5.93,97.04,97.13,97.16,96.71,-0.24,1203,1203,1203,1203,-2.27,0.7355,0.7368,0.7394,0.7345,0.55,22.85,22.85,22.85,22.85,0.66,9.805,9.805,9.805,9.805,0,65.57,65.57,65.57,65.57,-9.28
12/4/2018,102.85,102.85,102.85,102.85,0.39,62.08,61.9,63.58,61.24,0.63,4.305,4.199,4.408,4.18,3.56,96.97,96.94,97.13,96.38,-0.07,1237,1237,1237,1237,2.83,0.7337,0.7358,0.7394,0.7326,-0.24,22.99,22.85,22.9,22.74,0.61,9.75,9.75,9.75,9.75,-0.56,66.83,66.83,66.83,66.83,1.92
12/5/2018,102.65,102.65,102.65,102.65,-0.19,61.56,61.35,63.29,60.8,-0.84,4.33,4.367,4.489,4.27,0.58,97.07,97.01,97.2,96.83,0.1,1296,1296,1296,1296,4.77,0.7268,0.7337,0.7357,0.7259,-0.94,22.03,22.83,22.83,22.25,-4.18,9.67,9.67,9.67,9.67,-0.82,67.55,67.55,67.55,67.55,1.08
12/6/2018,102.55,102.55,102.55,102.55,-0.1,60.06,61.36,61.97,58.36,-2.44,4.217,4.311,4.35,4.145,-2.61,96.81,97.01,97.2,96.55,-0.27,1339,1339,1339,1339,3.32,0.7235,0.7271,0.7275,0.7192,-0.45,22.36,22.36,22.36,22.36,1.5,9.535,9.535,9.535,9.535,-1.4,66,66,66,66,-2.29
12/7/2018,102.55,102.55,102.55,102.55,0,61.67,60.25,63.73,59.1,2.68,4.378,4.231,4.463,4.127,3.82,96.51,96.8,96.92,96.51,-0.31,1372,1372,1372,1372,2.46,0.7199,0.7238,0.7243,0.7198,-0.5,22.6,22.6,22.6,22.6,1.07,9.52,9.52,9.52,9.52,-0.16,66.76,66.77,66.81,66.77,1.15
12/10/2018,102.65,102.65,102.65,102.65,0.1,59.97,61.34,62.33,59.61,-2.76,4.36,4.47,4.533,4.278,-0.41,97.22,96.72,97.24,96.36,0.74,1385,1385,1385,1385,0.95,0.7189,0.7192,0.7229,0.7169,-0.14,23.22,23.22,23.22,23.22,2.74,9.5,9.5,9.5,9.5,-0.21,66.51,66.51,66.51,66.51,-0.37
12/11/2018,102.15,102.15,102.15,102.15,-0.49,60.2,59.91,61.1,59.58,0.38,4.258,4.313,4.395,4.21,-2.34,97.39,97.18,97.55,96.87,0.17,1364,1364,1364,1364,-1.52,0.7206,0.7191,0.7226,0.7184,0.24,22.52,22.52,22.52,22.52,-3.01,9.495,9.495,9.495,9.495,-0.05,66.74,66.74,66.74,66.74,0.35
12/12/2018,101.65,101.65,101.65,101.65,-0.49,60.15,60.67,61.43,59.98,-0.08,4.035,4.229,4.275,3.984,-5.24,97.04,97.38,97.49,96.89,-0.36,1353,1353,1353,1353,-0.81,0.7219,0.7207,0.724,0.7198,0.18,23.81,23.81,23.81,23.81,5.73,9.495,9.495,9.495,9.495,0,66.82,66.82,66.82,66.82,0.12
12/13/2018,102.15,102.2,102.2,102.2,0.49,61.45,60.29,62.02,59.33,2.16,4.027,4.001,4.185,3.959,-0.2,97.06,97.04,97.29,96.88,0.02,1365,1365,1365,1365,0.89,0.7226,0.722,0.7249,0.7211,0.1,24.65,24.65,24.65,24.65,3.53,9.495,9.495,9.495,9.495,0,67.26,67.26,67.26,67.26,0.66
12/14/2018,102.3,102.3,102.3,102.3,0.15,60.28,61.53,61.58,59.92,-1.9,3.753,3.976,3.998,3.718,-6.8,97.44,97.09,97.71,97.08,0.39,1401,1401,1401,1401,2.64,0.7176,0.7229,0.7231,0.7151,-0.69,25.76,25,25.5,25,4.5,9.5,9.5,9.5,9.5,0.05,67.89,67.89,67.89,67.89,0.94
12/17/2018,101.85,102,102,101.6,-0.44,59.61,60.25,61.21,58.64,-1.11,3.453,3.552,3.659,3.433,-7.99,97.1,97.43,97.46,97.05,-0.35,1406,1406,1406,1406,0.36,0.7172,0.7182,0.7189,0.7167,-0.06,26.69,26.69,26.69,26.69,3.61,9.6,9.6,9.6,9.6,1.05,68.12,68.12,68.12,68.12,0.34
12/18/2018,101.5,101.5,101.5,101.5,-0.34,56.26,59,59.24,55.89,-5.62,3.742,3.488,3.752,3.482,8.37,97.1,97.13,97.17,96.7,0,1395,1395,1395,1395,-0.78,0.718,0.7181,0.7205,0.7164,0.11,26.42,26.45,26.45,26.45,-1.01,9.255,9.255,9.255,9.255,-3.59,68.49,68.49,68.49,68.49,0.54
12/19/2018,101.6,101.6,101.6,101.6,0.1,57.24,56.51,58.11,56.04,1.74,3.653,3.729,3.794,3.475,-2.38,97.03,96.91,97.1,96.55,-0.07,1378,1378,1378,1378,-1.22,0.7107,0.7181,0.7202,0.7087,-1.02,26.67,27.03,27.03,26.76,0.95,9.295,9.295,9.295,9.295,0.43,68.69,68.69,68.69,68.69,0.29
12/20/2018,101.65,101.65,101.65,101.65,0.05,54.35,56.49,56.75,54.28,-5.05,3.526,3.65,3.821,3.514,-3.48,96.28,96.99,97.04,96.17,-0.77,1318,1318,1318,1318,-4.35,0.7109,0.7109,0.715,0.7085,0.03,26.53,26.53,26.53,26.53,-0.52,9.125,9.125,9.125,9.125,-1.83,69.12,69.12,69.12,69.12,0.63
12/21/2018,101.7,101.7,101.7,101.7,0.05,53.82,54.97,55.33,52.79,-0.98,3.75,3.633,3.762,3.537,6.35,96.96,96.39,97.05,96.25,0.71,1279,1279,1279,1279,-2.96,0.7032,0.7111,0.7125,0.703,-1.08,26.97,26.97,26.97,26.97,1.66,9.1,9.1,9.1,9.1,-0.27,68.99,68.99,68.99,68.99,-0.19
12/24/2018,101,101,101,101,-0.69,50.47,53.49,54.66,50.36,-6.22,3.423,3.684,3.773,3.41,-8.72,96.55,96.94,96.94,96.38,-0.42,1271,1271,1271,1271,-0.63,0.7057,0.7037,0.7071,0.7032,0.36,27.25,27.39,27.41,27.39,1.04,9.1,9.1,9.1,9.1,0,68.79,68.79,68.79,68.79,-0.29
12/26/2018,101,101,101,101,0,54.47,50.84,55.29,49.93,7.93,3.458,3.399,3.551,3.252,-0.92,97.05,96.58,97.12,96.53,0.52,1271,1271,1271,1271,-0.63,0.7065,0.7039,0.7072,0.7031,0.4,27.25,27.39,27.41,27.39,1.04,9.095,9.095,9.095,9.095,-0.05,68.83,68.83,68.83,68.83,0.06
12/27/2018,101.55,101.55,101.55,101.55,0.54,52.16,54.65,54.67,51.94,-4.24,3.546,3.424,3.554,3.359,2.54,96.48,96.92,96.94,96.41,-0.59,1271,1271,1271,1271,-0.63,0.7033,0.7068,0.7079,0.7016,-0.45,27.08,26.93,26.93,26.93,-0.62,9.03,9.03,9.03,9.03,-0.71,69,69,69,69,0.25
12/28/2018,101.9,101.9,101.9,101.9,0.34,52.2,53.44,53.8,51.6,0.08,3.148,3.325,3.332,3.126,-11.22,96.4,96.51,96.52,96.19,-0.08,1271,1271,1271,1271,-0.63,0.7041,0.7034,0.7071,0.7026,0.11,27.02,27.02,27.02,27.02,-0.22,9.025,9.025,9.025,9.025,-0.06,69.2,69.2,69.2,69.2,0.29
12/31/2018,102.05,102.05,102.05,102.05,0.15,53.8,53,54.82,52.66,3.07,2.851,3.028,3.028,2.841,-9.43,96.17,96.4,96.51,96,-0.24,1271,1271,1271,1271,-0.63,0.7049,0.7051,0.7073,0.7031,0.11,27.06,27.06,27.06,27.06,0.15,8.995,8.995,8.995,8.995,-0.33,69.2,69.2,69.2,69.2,0
1/2/2019,101.1,101.1,101.1,101.1,-0.93,54.91,54.12,56.56,52.51,2.06,2.829,2.844,2.926,2.821,-5.13,96.82,96.14,96.96,95.82,0.68,1282,1282,1282,1282,0.87,0.6984,0.7053,0.7055,0.6981,-0.96,27.37,27.37,27.37,27.37,1.15,8.97,8.97,8.97,8.97,-0.28,71.06,71.06,71.06,71.06,2.69
1/3/2019,99.6,99.6,99.6,99.6,-1.48,55.95,54.29,56.3,53.93,1.89,2.812,2.849,2.886,2.771,-0.6,96.31,96.72,96.75,96.21,-0.53,1267,1267,1267,1267,-1.17,0.7005,0.6985,0.7021,0.6743,0.3,25.28,25.28,25.28,25.28,-7.64,8.945,8.945,8.945,8.945,-0.28,72.23,72.23,72.23,72.23,1.65
1/4/2019,99.5,99.5,99.5,99.5,-0.1,57.06,55.67,58.31,55.34,1.98,2.905,2.791,2.909,2.778,3.31,96.18,96.28,96.61,96.05,-0.13,1260,1260,1260,1260,-0.55,0.7112,0.7006,0.7126,0.6993,1.53,25.66,25.45,25.77,25.41,1.5,8.885,8.885,8.885,8.885,-0.67,73.09,73.09,73.09,73.09,1.19
1/7/2019,99.05,99.05,99.05,99.05,-0.45,57.33,57.41,58.93,57.26,0.47,2.847,2.832,2.886,2.793,-2,95.67,96.16,96.16,95.64,-0.53,1247,1247,1247,1247,-1.03,0.7147,0.7116,0.7151,0.7109,0.49,24.22,24.23,24.23,24.22,-5.61,8.83,8.83,8.83,8.83,-0.62,74.15,74.15,74.15,74.15,1.45
1/8/2019,97.8,97.8,97.8,97.8,-1.26,58.72,57.64,58.87,57.13,2.42,2.835,2.864,2.932,2.829,-0.42,95.9,95.69,96.03,95.68,0.24,1262,1262,1262,1262,1.2,0.7139,0.7149,0.7151,0.7116,-0.11,24.78,24.78,24.78,24.78,2.31,8.82,8.82,8.82,8.82,-0.11,74.21,74.21,74.21,74.21,0.08
1/9/2019,98.1,98.1,98.1,98.1,0.31,61.44,59.15,61.69,59.05,4.63,2.84,2.876,2.887,2.817,0.18,95.22,95.81,95.92,95.12,-0.71,1238,1238,1238,1238,-1.9,0.717,0.7141,0.7195,0.7133,0.43,23.93,24.88,24.88,24.07,-3.43,8.725,8.725,8.725,8.725,-1.08,74.06,74.06,74.06,74.06,-0.2
1/10/2019,97.85,97.85,97.85,97.85,-0.25,61.68,61.15,61.91,60.44,0.39,2.813,2.851,2.909,2.809,-0.95,95.54,95.16,95.62,95.03,0.34,1189,1189,1189,1189,-3.96,0.7185,0.7171,0.7199,0.7145,0.21,23.96,23.95,23.95,23.95,0.13,8.795,8.795,8.795,8.795,0.8,73.98,73.98,73.98,73.98,-0.11
1/11/2019,98.05,98.05,98.05,98.05,0.2,60.48,61.19,62.49,60.08,-1.95,2.945,2.842,3.002,2.841,4.69,95.67,95.44,95.76,95.19,0.14,1169,1169,1169,1169,-1.68,0.7215,0.7185,0.7237,0.7181,0.42,24.52,24.69,24.69,24.51,2.34,8.79,8.79,8.79,8.79,-0.06,74.22,74.22,74.22,74.22,0.32
1/14/2019,97.35,97.35,97.35,97.35,-0.71,58.99,60.62,61.04,58.9,-2.46,3.289,3.125,3.306,3.073,11.68,95.61,95.65,95.72,95.48,-0.06,1147,1147,1147,1147,-1.88,0.7195,0.7205,0.7219,0.7175,-0.28,24.33,24.33,24.33,24.33,-0.77,8.79,8.79,8.79,8.79,0,74.21,74.21,74.21,74.21,-0.01
1/15/2019,98.7,98.7,98.7,98.7,1.39,60.64,59.36,60.86,59.11,2.8,3.249,3.326,3.373,3.2,-1.22,96.04,95.57,96.26,95.47,0.45,1096,1096,1096,1096,-4.45,0.72,0.7196,0.7227,0.7179,0.07,24.4,24.32,24.32,24.32,0.29,8.785,8.785,8.785,8.785,-0.06,74.31,74.31,74.31,74.31,0.13
1/16/2019,99.7,99.7,99.7,99.7,1.01,61.32,60.42,61.45,60.03,1.12,3.147,3.218,3.406,3.117,-3.14,96.06,95.94,96.18,95.86,0.02,1055,1055,1055,1055,-3.74,0.7166,0.7202,0.7213,0.7161,-0.47,25.18,24.83,24.83,24.83,3.2,8.075,8.075,8.075,8.075,-8.08,74.43,74.43,74.43,74.43,0.16
1/17/2019,100.3,100.3,100.3,100.3,0.6,61.18,61.05,61.54,60.04,-0.23,3.174,3.18,3.307,3.144,0.86,96.06,96.07,96.26,95.98,0,1077,1077,1077,1077,2.09,0.7191,0.7168,0.7223,0.7146,0.35,25.39,25.63,25.63,25.6,0.83,8.305,8.305,8.305,8.305,2.85,74.51,74.51,74.51,74.51,0.11
1/18/2019,99.75,99.75,99.75,99.75,-0.55,62.7,61.33,63,61.32,2.48,3.239,3.196,3.248,3.04,2.05,96.34,96.07,96.39,96.01,0.29,1112,1112,1112,1112,3.25,0.7167,0.7193,0.7215,0.7161,-0.33,26.63,26.63,26.63,26.63,4.88,8.35,8.35,8.35,8.35,0.54,75.15,75.15,75.15,75.15,0.86
1/21/2019,99.35,99.35,99.35,99.35,-0.4,62.74,62.74,63.15,62.25,0.06,3.32,3.322,3.357,3.232,-0.09,96.34,96.35,96.43,96.2,0,1092,1092,1092,1092,-1.8,0.7158,0.7166,0.7189,0.7139,-0.13,26.25,26.28,26.28,26.28,-1.43,8.35,8.35,8.35,8.35,0.54,75.15,75.15,75.15,75.15,0.86
1/22/2019,99.2,99.2,99.2,99.2,-0.15,61.5,62.59,62.71,60.57,-1.98,2.972,3.12,3.145,2.961,-10.48,96.3,96.34,96.48,96.22,-0.04,1036,1036,1036,1036,-5.13,0.7122,0.716,0.7162,0.7115,-0.5,26.94,26.58,26.58,26.56,2.63,8.145,8.145,8.145,8.145,-2.46,74.55,74.55,74.55,74.55,-0.8
1/23/2019,99.2,99.2,99.2,99.2,0,61.14,61.37,62.33,60.21,-0.59,2.922,2.989,3.062,2.897,-1.68,96.12,96.31,96.37,96.05,-0.19,982,982,982,982,-5.21,0.7141,0.7124,0.7146,0.7116,0.27,26.47,26.47,26.47,26.47,-1.74,8.15,8.15,8.15,8.15,0.06,74.58,74.58,74.58,74.58,0.04
1/24/2019,99,99,99,99,-0.2,61.09,61.02,61.51,60.41,-0.08,2.998,2.955,3.051,2.926,2.6,96.6,96.07,96.68,96.04,0.5,939,939,939,939,-4.38,0.7094,0.7143,0.7168,0.708,-0.66,25.85,26.2,26.6,26.07,-2.34,8.025,8.025,8.025,8.025,-1.53,74.61,74.61,74.61,74.61,0.04
1/25/2019,98.75,98.75,98.75,98.75,-0.25,61.64,61.13,61.92,60.7,0.9,3.072,3.042,3.09,2.946,2.47,95.79,96.49,96.53,95.74,-0.84,905,905,905,905,-3.62,0.7182,0.7098,0.7187,0.7075,1.24,25.68,25.4,25.62,25.28,-0.66,7.795,7.795,7.795,7.795,-2.87,74.64,74.64,74.64,74.64,0.04
1/28/2019,99.45,99.45,99.45,99.45,0.71,59.93,61.49,61.69,59.49,-2.77,2.873,2.888,2.922,2.84,-6.48,95.75,95.79,95.92,95.64,-0.04,852,852,852,852,-5.86,0.7165,0.7187,0.7205,0.716,-0.24,24.5,25.06,25.09,25,-4.6,7.695,7.695,7.695,7.695,-1.28,75.3,75.3,75.3,75.3,0.88
1/29/2019,99.2,99,99.1,98.7,-0.25,61.32,59.87,61.79,59.75,2.32,2.903,2.893,2.923,2.802,1.04,95.82,95.74,95.87,95.62,0.07,797,797,797,797,-6.46,0.7153,0.7166,0.7178,0.7138,-0.17,25.08,24.45,24.74,24.45,2.37,7.505,7.505,7.505,7.505,-2.47,75.49,75.49,75.49,75.49,0.25
1/30/2019,99.3,99.3,99.3,99.3,0.1,61.65,61.26,62.67,61.04,0.54,2.808,2.842,2.848,2.803,-3.27,95.34,95.79,95.98,95.25,-0.5,721,721,721,721,-9.54,0.7246,0.7155,0.7274,0.7149,1.3,24.72,24.85,24.85,24.52,-1.44,7.365,7.365,7.365,7.365,-1.87,75.6,75.6,75.6,75.6,0.15
1/31/2019,99,99,99,99,-0.3,61.89,61.97,62.32,61.57,0.39,2.765,2.822,2.834,2.76,-1.53,95.58,95.35,95.62,95.16,0.25,668,668,668,668,-7.35,0.7272,0.7247,0.7297,0.7241,0.36,23.9,24.45,24.45,24.45,-3.32,7.35,7.35,7.35,7.35,-0.2,76.03,76.03,76.03,76.03,0.57
2/1/2019,98.35,98.5,98.5,98.5,-0.66,62.75,61.06,62.97,60.46,1.39,2.699,2.789,2.792,2.695,-2.39,95.58,95.55,95.66,95.4,0,645,645,645,645,-3.44,0.7249,0.7276,0.7286,0.7235,-0.32,23.55,23.55,23.55,23.55,-1.46,7.2,7.2,7.2,7.2,-2.04,86.93,86.93,86.93,86.93,14.34
2/4/2019,98.2,98,98,97.7,-0.15,62.51,62.83,63.63,61.28,-0.38,2.642,2.685,2.703,2.641,-2.11,95.85,95.6,95.92,95.57,0.28,634,634,634,634,-1.71,0.7224,0.7246,0.7256,0.721,-0.34,24.63,23.08,23.28,23.08,4.59,7.3,7.3,7.3,7.3,1.39,86.53,86.53,86.53,86.53,-0.46
2/5/2019,98.3,98.6,98.6,98.6,0.1,61.98,62.64,63.02,61.72,-0.85,2.65,2.644,2.687,2.627,0.3,96.07,95.83,96.12,95.81,0.23,629,629,629,629,-0.79,0.7234,0.7226,0.7266,0.7192,0.14,24.74,24.74,24.74,24.74,0.45,7.3,7.3,7.3,7.3,0,88.16,88.16,88.16,88.16,1.88
2/6/2019,98.3,98.25,98.25,98.25,0,62.69,62.06,62.8,61.05,1.15,2.657,2.676,2.703,2.645,0.26,96.39,96.06,96.42,96.04,0.33,629,629,629,629,0,0.7103,0.7234,0.7247,0.7103,-1.81,25.24,25.24,25.24,25.24,2.02,7.3,7.3,7.3,7.3,0,88.98,88.98,88.98,88.98,0.93
2/7/2019,97.8,97.8,97.8,97.8,-0.51,61.63,62.5,62.91,60.6,-1.69,2.572,2.668,2.68,2.565,-3.2,96.51,96.39,96.67,96.38,0.12,610,610,610,610,-3.02,0.7099,0.7106,0.7119,0.7088,-0.06,25.02,24.88,25.05,24.88,-0.87,7.31,7.31,7.31,7.31,0.14,92.29,92.29,92.29,92.29,3.72
2/8/2019,97.2,97.2,97.2,97.2,-0.61,62.1,61.66,62.36,61.04,0.76,2.604,2.59,2.636,2.573,1.24,96.64,96.6,96.69,96.45,0.13,601,601,601,601,-1.48,0.7088,0.7101,0.7107,0.706,-0.15,23.91,23.91,23.91,23.91,-4.44,7.31,7.31,7.31,7.31,0,92.13,92.13,92.13,92.13,-0.17
2/11/2019,96.7,96.7,96.7,96.7,-0.51,61.51,62.11,62.34,60.9,-0.95,2.659,2.642,2.73,2.642,2.11,97.06,96.66,97.12,96.62,0.43,595,595,595,595,-1,0.7059,0.7088,0.7111,0.7056,-0.41,23.97,23.97,23.97,23.97,0.25,7.295,7.295,7.295,7.295,-0.21,90.82,90.82,90.82,90.82,-1.42
2/12/2019,95.65,95.5,95.5,95.5,-1.09,62.42,61.59,63.34,61.59,1.48,2.705,2.663,2.71,2.635,1.73,96.71,97.06,97.2,96.65,-0.36,598,598,598,598,0.5,0.7093,0.7063,0.7104,0.7052,0.48,22.25,22.3,22.3,22.3,-7.18,7.295,7.295,7.295,7.295,0,88.44,88.44,88.44,88.44,-2.62
2/13/2019,95.7,95.7,95.7,95.7,0.05,63.61,62.7,63.98,62.69,1.91,2.621,2.689,2.689,2.601,-3.11,97.13,96.73,97.26,96.63,0.43,608,608,608,608,1.67,0.7088,0.7092,0.7138,0.7085,-0.07,22.51,21.86,21.86,21.74,1.17,7.28,7.28,7.28,7.28,-0.21,88.02,88.02,88.02,88.02,-0.47
2/14/2019,94.95,94.95,94.95,94.95,-0.78,64.57,63.69,64.81,63.25,1.51,2.61,2.638,2.651,2.602,-0.42,96.98,97.14,97.28,96.95,-0.15,628,628,628,628,3.29,0.7105,0.7089,0.7133,0.7072,0.24,21.37,22.6,22.6,22.6,-5.06,7.28,7.28,7.28,7.28,0,88.35,88.35,88.35,88.35,0.37
2/15/2019,94.85,94.85,94.85,94.85,-0.11,66.25,64.86,66.39,64.42,2.6,2.656,2.611,2.663,2.589,1.76,96.9,97.06,97.37,96.83,-0.08,639,639,639,639,1.75,0.7139,0.7106,0.715,0.7079,0.48,22.04,22.04,22.04,22.04,3.14,7.28,7.28,7.28,7.28,0,88.56,88.56,88.56,88.56,0.24
2/18/2019,95,95,95,95,0.16,66.5,66.39,66.83,65.9,0.38,2.646,2.619,2.663,2.602,1.07,96.9,96.81,96.9,96.65,0,643,643,643,643,0.63,0.713,0.714,0.7162,0.7124,-0.13,21.6,21.6,21.6,21.6,-2,7.28,7.28,7.28,7.28,0,88.56,88.56,88.56,88.56,0.24
2/19/2019,95.2,95.2,95.2,95.2,0.21,66.45,66.44,66.65,65.58,-0.08,2.697,2.65,2.7,2.63,1.93,96.52,96.81,97.08,96.43,-0.39,635,635,635,635,-1.24,0.7163,0.7131,0.7175,0.7102,0.46,21.81,22.2,22.2,22.2,0.97,6.495,6.495,6.495,6.495,-10.78,88.53,88.53,88.53,88.53,-0.03
2/20/2019,95.2,95.2,95.2,95.2,0,67.08,66.3,67.38,65.63,0.95,2.669,2.693,2.718,2.664,-1.04,96.45,96.53,96.65,96.29,-0.07,622,622,622,622,-2.05,0.7163,0.7166,0.7184,0.714,0,22.04,22,22,21.84,1.05,6.45,6.45,6.45,6.45,-0.69,88.46,88.46,88.46,88.46,-0.08
2/21/2019,95.2,95.2,95.2,95.2,0,67.07,67.05,67.31,66.69,-0.01,2.724,2.679,2.731,2.673,2.06,96.61,96.49,96.66,96.36,0.17,630,630,630,630,1.29,0.7092,0.7164,0.7209,0.707,-0.99,20.32,20.32,20.32,20.32,-7.8,6.25,6.25,6.25,6.25,-3.1,88.03,86.99,86.99,86.99,-0.49
2/22/2019,95.05,95.05,95.05,95.05,-0.16,67.12,66.96,67.73,66.87,0.07,2.739,2.728,2.747,2.698,0.55,96.51,96.59,96.78,96.42,-0.1,634,634,634,634,0.63,0.7127,0.7091,0.7151,0.7083,0.49,20.43,20.23,20.37,20.23,0.54,6.23,6.23,6.23,6.23,-0.32,88.16,88.16,88.16,88.16,0.15
2/25/2019,93.7,93.5,93.5,93.5,-1.42,64.76,66.97,67.47,64.54,-3.52,2.815,2.772,2.821,2.75,2.77,96.41,96.52,96.6,96.32,-0.1,637,637,637,637,0.47,0.7165,0.7126,0.7186,0.7121,0.53,20.65,20.63,20.76,20.55,1.08,6.155,6.155,6.155,6.155,-1.2,87.94,87.94,87.94,87.94,-0.25
2/26/2019,94.8,94.8,94.8,94.8,1.17,65.21,64.79,65.74,64.32,0.69,2.796,2.818,2.849,2.76,-0.67,96,96.39,96.46,95.95,-0.43,649,649,649,649,1.88,0.7186,0.7167,0.7196,0.7141,0.29,21.08,21.08,21.08,21.08,2.08,6.155,6.155,6.155,6.155,0,87.7,87.7,87.7,87.7,-0.27
2/27/2019,94.9,94.9,94.9,94.9,0.11,66.39,65.64,66.7,65.27,1.81,2.813,2.782,2.824,2.75,0.61,96.15,96.06,96.19,95.88,0.16,651,651,651,651,0.31,0.7138,0.7186,0.72,0.7127,-0.67,22.7,22.7,22.7,22.7,7.69,6.15,6.15,6.15,6.15,-0.08,87.47,87.47,87.47,87.47,-0.26
2/28/2019,96.05,96.05,96.05,96.05,1.21,66.03,66.38,66.38,65.67,-0.54,2.823,2.822,2.848,2.799,0.36,96.16,96.09,96.28,95.82,0.01,658,658,658,658,1.08,0.7094,0.7139,0.7168,0.709,-0.62,23.13,23.13,23.13,23.13,1.89,6.125,6.125,6.125,6.125,-0.41,87.33,87.33,87.33,87.33,-0.16
3/1/2019,97,97,97,97,0.99,65.07,66.48,67.14,64.59,-1.45,2.863,2.815,2.872,2.795,1.42,96.53,96.22,96.55,96.07,0.38,664,664,664,664,0.91,0.708,0.7094,0.7123,0.7069,-0.2,23.73,23.73,23.73,23.73,2.59,6.12,6.12,6.12,6.12,-0.08,85.98,85.98,85.98,85.98,-1.55
3/4/2019,98.15,97.6,98,97.6,1.19,65.67,64.97,66.34,64.93,0.92,2.857,2.852,2.887,2.828,-0.21,96.68,96.34,96.82,96.33,0.16,669,669,669,669,0.75,0.7092,0.7082,0.7121,0.7074,0.17,24.6,24.6,24.6,24.6,3.67,6.065,6.065,6.065,6.065,-0.9,85.42,85.42,85.42,85.42,-0.65
3/5/2019,98.05,97.95,97.95,97.7,-0.1,65.86,65.46,66.23,65.04,0.29,2.884,2.857,2.892,2.846,0.95,96.87,96.67,97.01,96.66,0.2,663,663,663,663,-0.9,0.7082,0.7092,0.7098,0.7058,-0.14,24.42,24.5,24.5,24.3,-0.73,6.045,6.045,6.045,6.045,-0.33,86.51,86.51,86.51,86.51,1.28
3/6/2019,97.45,98,98,97.5,-0.61,65.99,65.49,66.18,65.22,0.2,2.85,2.888,2.895,2.835,-1.18,96.87,96.9,96.99,96.78,0,664,664,664,664,0.15,0.7032,0.7084,0.7094,0.702,-0.71,23.6,24.33,24.37,24.22,-3.36,6.035,6.035,6.035,6.035,-0.17,85.79,85.79,85.79,85.79,-0.83
3/7/2019,97.6,97.25,97.25,97.25,0.15,66.3,65.88,67,65.75,0.47,2.872,2.854,2.878,2.822,0.77,97.67,96.83,97.71,96.81,0.83,657,657,657,657,-1.05,0.7013,0.7032,0.7052,0.7004,-0.27,24.76,23.75,23.75,23.75,4.92,6,6,6,6,-0.58,86.76,86.76,86.76,86.76,1.13
3/8/2019,95.55,97,97,95.6,-2.1,65.74,66.08,66.09,64.02,-0.84,2.87,2.865,2.896,2.865,-0.07,97.31,97.61,97.64,97.25,-0.37,649,649,649,649,-1.22,0.7045,0.7015,0.7054,0.7002,0.46,24.52,24.97,24.97,24.3,-0.97,5.985,5.985,5.985,5.985,-0.25,85.15,85.15,85.15,85.15,-1.86
3/11/2019,94.55,94.55,94.55,94.55,-1.05,66.58,65.76,66.75,65.63,1.28,2.785,2.841,2.849,2.78,-2.96,97.22,97.39,97.45,96.92,-0.09,645,645,645,645,-0.62,0.7069,0.7044,0.7079,0.7025,0.34,23.78,23.8,23.8,23.7,-3.02,5.975,5.975,5.975,5.975,-0.17,84.53,84.53,84.53,84.53,-0.73
3/12/2019,95.05,95.05,95.05,95.05,0.53,66.67,66.7,67.39,66.34,0.14,2.797,2.792,2.81,2.765,0.43,96.94,97.05,97.28,96.86,-0.29,647,647,647,647,0.31,0.708,0.7071,0.7094,0.7057,0.16,23.8,23.8,23.8,23.8,0.08,5.975,5.975,5.975,5.975,0,85.31,85.31,85.31,85.31,0.92
3/13/2019,94.5,94.5,94.5,94.5,-0.58,67.55,66.91,67.76,66.7,1.32,2.834,2.803,2.85,2.779,1.32,96.55,97.01,97.02,96.39,-0.4,654,654,654,654,1.08,0.7093,0.7082,0.71,0.7049,0.18,23.72,23.48,23.69,23.46,-0.34,5.955,5.955,5.955,5.955,-0.33,85.01,85.01,85.01,85.01,-0.35
3/14/2019,94.6,94.6,94.6,94.6,0.11,67.23,67.65,68.14,67.03,-0.47,2.86,2.847,2.864,2.837,0.92,96.78,96.49,96.82,96.47,0.24,677,677,677,677,3.52,0.7064,0.7094,0.7099,0.7041,-0.41,24.2,24.2,24.2,24.2,2.02,5.945,5.945,5.945,5.945,-0.17,85.98,85.98,85.98,85.98,1.14
3/15/2019,93.85,93.85,93.85,93.85,-0.79,67.16,67.18,67.71,66.13,-0.1,2.802,2.848,2.86,2.798,-2.03,96.59,96.72,96.79,96.49,-0.2,730,730,730,730,7.83,0.7087,0.7064,0.7099,0.706,0.33,23.92,24.28,24.28,24.28,-1.16,5.945,5.945,5.945,5.945,0,86.12,86.12,86.12,86.12,0.16
3/18/2019,93.8,93.8,93.8,93.8,-0.05,67.54,67.14,67.69,66.69,0.57,2.856,2.797,2.862,2.783,1.93,96.52,96.56,96.63,96.38,-0.07,721,721,721,721,-1.23,0.7102,0.7081,0.7121,0.7076,0.21,23.22,23.22,23.22,23.22,-2.93,5.155,5.155,5.155,5.155,-13.29,86.28,86.28,86.28,86.28,0.19
3/19/2019,93.45,93.45,93.45,93.45,-0.37,67.61,67.49,68.2,67.13,0.1,2.872,2.854,2.897,2.839,0.56,96.38,96.51,96.52,96.29,-0.15,712,712,712,712,-1.25,0.7087,0.7104,0.7112,0.7084,-0.21,22.53,22.53,22.53,22.53,-2.97,5,5,5,5,-3.01,86.23,86.23,86.23,86.23,-0.06
3/20/2019,93.55,93.55,93.55,93.55,0.11,68.5,67.66,68.57,67.19,1.32,2.825,2.862,2.87,2.817,-1.64,95.76,96.4,96.57,95.74,-0.64,709,709,709,709,-0.42,0.7115,0.7086,0.7151,0.7056,0.4,23.02,22.45,23.15,22.45,2.17,4.95,4.95,4.95,4.95,-1,85.41,85.41,85.41,85.41,-0.95
3/21/2019,93.5,93.5,93.5,93.5,-0.05,67.86,68.38,68.69,67.59,-0.93,2.827,2.838,2.846,2.801,0.07,96.5,95.91,96.62,95.84,0.77,695,695,695,695,-1.97,0.7111,0.7116,0.7169,0.7089,-0.06,22.28,22.95,22.95,22.27,-3.21,4.73,4.73,4.73,4.73,-4.44,85.65,85.65,85.65,85.65,0.28
3/22/2019,93.3,93.3,93.3,93.3,-0.21,67.03,67.76,67.98,66.2,-1.22,2.767,2.825,2.826,2.73,-2.12,96.65,96.32,96.81,96.21,0.16,690,690,690,690,-0.72,0.7082,0.7112,0.7121,0.7075,-0.41,21.99,22.07,22.19,21.92,-1.3,4.62,4.62,4.62,4.62,-2.33,85.89,85.89,85.89,85.89,0.28
3/25/2019,93.55,93.55,93.55,93.55,0.27,67.21,67,67.65,66.36,0.27,2.774,2.735,2.786,2.72,0.25,96.57,96.64,96.68,96.41,-0.08,689,689,689,689,-0.14,0.7111,0.7079,0.7118,0.7065,0.41,22.23,21.95,21.95,21.95,1.09,4.6,4.6,4.6,4.6,-0.43,85.82,85.82,85.82,85.82,-0.08
3/26/2019,93.2,93.2,93.2,93.2,-0.37,67.97,67.36,68.23,67.24,1.13,2.751,2.775,2.788,2.746,-0.83,96.74,96.5,96.84,96.45,0.18,683,683,683,683,-0.87,0.7134,0.7112,0.7149,0.7106,0.32,22.84,22.84,22.84,22.84,2.74,4.6,4.6,4.6,4.6,0,85.8,85.8,85.8,85.8,-0.02
3/27/2019,93.5,93.5,93.5,93.5,0.32,67.83,67.9,68.35,67.19,-0.21,2.719,2.749,2.75,2.69,-1.16,96.77,96.75,96.98,96.68,0.03,690,690,690,690,1.02,0.7084,0.7134,0.7143,0.7067,-0.7,23.15,23.05,23.34,22.98,1.36,4.6,4.6,4.6,4.6,0,85.72,85.72,85.72,85.72,-0.09
3/28/2019,92.95,92.95,92.95,92.95,-0.59,67.82,67.75,68,66.54,-0.01,2.761,2.774,2.803,2.758,1.54,97.2,96.97,97.3,96.82,0.44,692,692,692,692,0.29,0.7075,0.7085,0.7108,0.7063,-0.13,23.55,23.63,23.63,23.63,1.73,4.595,4.595,4.595,4.595,-0.11,85.64,85.64,85.64,85.64,-0.09
3/29/2019,92.75,92.75,92.75,92.75,-0.22,68.39,68.01,68.89,67.81,0.84,2.713,2.767,2.774,2.708,-1.74,97.28,97.2,97.34,97,0.08,689,689,689,689,-0.43,0.7094,0.7077,0.7106,0.7071,0.27,22.82,22.88,22.88,22.88,-3.1,4.6,4.6,4.6,4.6,0.11,85.7,85.7,85.7,85.7,0.07
4/1/2019,82.5,82.5,82.5,82.5,-11.05,69.01,67.58,69.22,67.58,0.91,2.749,2.715,2.774,2.707,1.33,97.23,97.18,97.39,97.03,-0.05,685,685,685,685,-0.58,0.7111,0.7116,0.7133,0.7102,0.24,23.16,22.46,22.91,22.46,1.49,4.58,4.58,4.58,4.58,-0.43,87.52,87.52,87.52,87.52,2.12
4/2/2019,81.1,81.1,81.1,81.1,-1.7,69.37,69.22,69.58,68.69,0.52,2.722,2.742,2.759,2.716,-0.98,97.36,97.33,97.52,97.27,0.13,674,674,674,674,-1.61,0.707,0.7112,0.7131,0.7051,-0.58,23.25,23.25,23.25,23.25,0.39,4.58,4.58,4.58,4.58,0,89.5,89.5,89.5,89.5,2.26
4/3/2019,79,79,79,79,-2.59,69.31,69.47,69.96,68.8,-0.09,2.715,2.731,2.733,2.7,-0.26,97.09,97.3,97.32,96.96,-0.28,672,672,672,672,-0.3,0.7112,0.7071,0.7131,0.7053,0.59,24.45,23.99,24.15,23.99,5.16,4.58,4.58,4.58,4.58,0,92.15,92.15,92.15,92.15,2.96
4/4/2019,77.7,77.7,77.7,77.7,-1.65,69.4,69.44,70.03,68.87,0.13,2.686,2.715,2.723,2.679,-1.07,97.31,97.04,97.34,97.02,0.23,699,699,699,699,4.02,0.7111,0.7113,0.7129,0.7097,-0.01,25.72,25.51,25.51,25.51,5.19,4.6,4.6,4.6,4.6,0.44,92.53,92.53,92.53,92.53,0.41
4/5/2019,78.85,78.85,78.85,78.85,1.48,70.34,69.13,70.48,68.92,1.35,2.706,2.686,2.72,2.675,0.74,97.39,97.3,97.47,97.19,0.08,711,711,711,711,1.72,0.7105,0.7112,0.7132,0.7091,-0.08,25.9,25.6,25.6,25.6,0.7,4.65,4.65,4.65,4.65,1.09,91.81,91.81,91.81,91.81,-0.78
4/8/2019,80.4,80.4,80.4,80.4,1.97,71.1,70.56,71.19,70.43,1.08,2.748,2.702,2.763,2.702,1.55,97.05,97.39,97.4,96.98,-0.35,714,714,714,714,0.42,0.7126,0.7101,0.7133,0.7087,0.3,25.58,25.99,25.99,25.99,-1.24,4.6,4.6,4.6,4.6,-1.08,93.63,93.63,93.63,93.63,1.98
4/9/2019,81.2,81.2,81.2,81.2,1,70.61,71.19,71.34,70.3,-0.69,2.739,2.752,2.763,2.722,-0.33,97.01,97.08,97.08,96.86,-0.04,725,725,725,725,1.54,0.7122,0.7127,0.7153,0.7118,-0.06,26.84,26.87,26.87,26.87,4.93,4.625,4.625,4.625,4.625,0.54,92.72,92.72,92.72,92.72,-0.97
4/10/2019,82.2,81.5,82,81.5,1.23,71.73,70.82,71.78,70.57,1.59,2.742,2.749,2.768,2.726,0.11,96.95,96.99,97.22,96.85,-0.06,734,734,734,734,1.24,0.717,0.7123,0.7176,0.7109,0.67,27.41,27.51,27.63,27.51,2.12,4.705,4.705,4.705,4.705,1.73,92.6,92.6,92.6,92.6,-0.13
4/11/2019,84.15,82,82,82,2.37,70.83,71.56,71.68,70.57,-1.25,2.708,2.744,2.752,2.697,-1.24,97.18,96.89,97.19,96.88,0.24,728,728,728,728,-0.82,0.7123,0.7171,0.7173,0.7115,-0.66,28.58,27.84,27.84,27.84,4.27,4.73,4.73,4.73,4.73,0.53,93.6,93.6,93.6,93.6,1.08
4/12/2019,84.2,84.2,84.2,84.2,0.06,71.55,70.95,71.87,70.9,1.02,2.704,2.714,2.728,2.693,-0.15,96.97,97.14,97.18,96.75,-0.22,726,726,726,726,-0.27,0.7171,0.7124,0.7193,0.7115,0.67,27.82,28.11,28.11,27.63,-2.66,4.775,4.775,4.775,4.775,0.95,93.79,93.79,93.79,93.79,0.2
4/15/2019,84.35,84.35,84.35,84.35,0.18,71.18,71.55,71.6,70.78,-0.52,2.633,2.689,2.695,2.63,-2.63,96.94,96.92,96.96,96.79,-0.03,738,738,738,738,1.65,0.7173,0.7173,0.7185,0.7163,0.03,28.05,28.33,28.36,28.25,0.83,4.775,4.775,4.775,4.775,0,93.97,93.97,93.97,93.97,0.19
4/16/2019,84.1,84.1,84.1,84.1,-0.3,71.72,71.21,71.95,70.74,0.76,2.617,2.634,2.638,2.615,-0.61,97.04,96.93,97.09,96.88,0.1,749,749,749,749,1.49,0.7175,0.7174,0.7181,0.7139,0.03,28.25,27.84,28.11,27.84,0.71,5.715,5.715,5.715,5.715,19.69,93.44,93.44,93.44,93.44,-0.56
4/17/2019,84.6,84.6,84.6,84.6,0.59,71.62,71.83,72.27,71.45,-0.14,2.559,2.615,2.626,2.546,-2.22,97.01,97.07,97.12,96.82,-0.03,767,767,767,767,2.4,0.7178,0.7175,0.7207,0.7152,0.04,28.71,28.71,28.71,28.71,1.63,5.625,5.625,5.625,5.625,-1.57,92.96,92.96,92.96,92.96,-0.51
4/18/2019,84.45,84.45,84.45,84.45,-0.18,71.97,71.63,72.04,71.2,0.49,2.535,2.549,2.561,2.525,-0.94,97.47,97.01,97.48,96.96,0.47,790,790,790,790,3,0.715,0.7179,0.72,0.7135,-0.39,28.14,28.14,28.14,28.14,-1.99,5.42,5.42,5.42,5.42,-3.64,92.91,92.91,92.91,92.91,-0.05
4/22/2019,84.45,84.45,84.45,84.45,0,74.04,71.93,74.52,71.86,2.88,2.558,2.535,2.578,2.531,0.91,97.29,97.38,97.41,97.26,-0.09,790,790,790,790,3,0.7133,0.715,0.7161,0.7128,-0.27,28.14,28.14,28.14,28.14,-1.99,5.42,5.42,5.42,5.42,0,93.2,93.2,93.2,93.2,0.31
4/23/2019,84.6,84.6,84.6,84.6,0.18,74.51,74.38,74.73,73.99,0.63,2.499,2.565,2.57,2.491,-2.31,97.64,97.28,97.78,97.28,0.36,821,821,821,821,3.92,0.7101,0.7134,0.7141,0.708,-0.45,28.8,28.8,28.8,28.8,2.35,5.33,5.33,5.33,5.33,-1.66,93.29,93.29,93.29,93.29,0.1
4/24/2019,84.65,84.65,84.65,84.65,0.06,74.57,74.27,74.73,74.02,0.08,2.5,2.495,2.528,2.494,0.04,98.17,97.59,98.19,97.59,0.54,850,850,850,850,3.53,0.7015,0.7102,0.7104,0.7004,-1.21,28.66,28.66,28.66,28.66,-0.49,5.33,5.33,5.33,5.33,0,92.95,92.95,92.95,92.95,-0.36
4/25/2019,85.45,85.45,85.45,85.45,0.95,74.35,74.46,75.6,74,-0.3,2.548,2.51,2.558,2.477,1.92,98.2,98.1,98.32,97.99,0.03,869,869,869,869,2.24,0.7013,0.7015,0.7024,0.6987,-0.03,28.54,28.54,28.54,28.54,-0.42,5.4,5.4,5.4,5.4,1.31,93.14,93.14,93.14,93.14,0.2
4/26/2019,85.2,85.2,85.2,85.2,-0.29,72.15,74.2,74.42,71.3,-2.96,2.58,2.533,2.605,2.517,1.26,98.01,98.12,98.33,97.85,-0.19,889,889,889,889,2.3,0.7039,0.7017,0.7063,0.7007,0.37,27.09,27.09,27.09,27.09,-5.08,5.46,5.46,5.46,5.46,1.11,93.16,93.16,93.16,93.16,0.02
4/29/2019,86.9,86.75,86.75,86.5,2,72.04,71.56,72.5,71.06,-0.15,2.64,2.629,2.646,2.6,2.33,97.86,98.03,98.1,97.83,-0.15,913,913,913,913,2.7,0.7055,0.7043,0.7062,0.703,0.23,27.55,27.55,27.55,27.55,1.7,5.51,5.51,5.51,5.51,0.92,93.17,93.17,93.17,93.17,0.01
4/30/2019,87.3,86.5,87.1,86.5,0.46,72.8,71.94,73.27,71.73,1.05,2.617,2.637,2.659,2.612,-0.87,97.48,97.84,97.89,97.44,-0.39,1011,1011,1011,1011,10.73,0.7048,0.7057,0.7071,0.703,-0.1,27.43,27.11,27.53,27.11,-0.44,5.55,5.55,5.55,5.55,0.73,93.24,93.24,93.24,93.24,0.08
5/1/2019,87.2,87,87,87,-0.11,72.18,71.73,72.36,71.3,-0.85,2.658,2.613,2.664,2.604,1.57,97.69,97.53,97.73,97.15,0.22,1031,1031,1031,1031,1.98,0.7013,0.705,0.7063,0.7006,-0.5,26.89,26.89,26.89,26.89,-1.97,5.5,5.5,5.5,5.5,-0.9,93.65,93.65,93.65,93.65,0.44
5/2/2019,87.2,86.5,87.25,86.5,0,70.75,72,72.22,69.68,-1.98,2.624,2.654,2.657,2.603,-1.28,97.83,97.63,97.85,97.51,0.14,1032,1032,1032,1032,0.1,0.7,0.7015,0.703,0.6994,-0.19,25.79,25.83,25.83,25.83,-4.09,5.575,5.575,5.575,5.575,1.36,93.6,93.6,93.6,93.6,-0.05
5/3/2019,87.6,87.3,87.3,87.3,0.46,70.85,70.48,71.54,69.95,0.14,2.6,2.623,2.644,2.587,-0.91,97.52,97.83,98.1,97.41,-0.32,985,985,985,985,-4.55,0.7023,0.7003,0.7026,0.6984,0.33,26.29,25.69,26.1,25.69,1.94,5.62,5.62,5.62,5.62,0.81,93.81,93.81,93.81,93.81,0.22
5/6/2019,86.95,86.95,86.95,86.95,-0.74,71.24,70.59,71.79,68.79,0.55,2.56,2.6,2.607,2.551,-1.54,97.52,97.56,97.7,97.46,0,985,985,985,985,-4.55,0.6989,0.6984,0.7004,0.6962,-0.48,26.42,26.42,26.42,26.42,0.49,5.615,5.615,5.615,5.615,-0.09,93.51,93.51,93.51,93.51,-0.32
5/7/2019,87,86.75,86.75,86.5,0.06,69.88,71.15,71.33,69.38,-1.91,2.573,2.553,2.59,2.55,0.51,97.63,97.52,97.74,97.38,0.11,936,936,936,936,-4.97,0.7011,0.699,0.7049,0.6981,0.31,27.47,26.8,26.8,26.8,3.97,5.56,5.56,5.56,5.56,-0.98,94.75,94.75,94.75,94.75,1.33
5/8/2019,87.2,86.75,87,86.75,0.23,70.37,69.88,70.7,69.33,0.7,2.646,2.577,2.652,2.572,2.84,97.62,97.57,97.68,97.42,-0.01,940,940,940,940,0.43,0.6988,0.7013,0.7028,0.6985,-0.33,27.99,27.65,27.65,27.58,1.89,5.545,5.545,5.545,5.545,-0.27,94.19,94.19,94.19,94.19,-0.59
5/9/2019,86.25,86.75,86.75,86.45,-1.09,70.39,70.23,70.65,69.4,0.03,2.631,2.64,2.643,2.599,-0.57,97.37,97.58,97.7,97.24,-0.26,974,974,974,974,3.62,0.6988,0.6989,0.7,0.6964,0,27.57,27.57,27.57,27.57,-1.5,5.565,5.565,5.565,5.565,0.36,94.24,94.24,94.24,94.24,0.05
5/10/2019,86.15,86.1,86.1,86.1,-0.12,70.62,70.45,71.23,70.18,0.33,2.655,2.626,2.682,2.608,0.91,97.33,97.43,97.45,97.13,-0.04,1013,1013,1013,1013,4,0.7,0.6989,0.702,0.6979,0.17,26.62,27.12,27.15,27.12,-3.45,5.54,5.54,5.54,5.54,-0.45,95.08,95.08,95.08,95.08,0.89
5/13/2019,85.55,85.5,85.6,85.5,-0.7,70.23,70.83,72.58,69.72,-0.55,2.653,2.65,2.683,2.633,-0.08,97.32,97.3,97.38,97.03,-0.01,1026,1026,1026,1026,1.28,0.6943,0.7001,0.7007,0.694,-0.81,26.03,26.6,26.6,26.6,-2.22,5.525,5.525,5.525,5.525,-0.27,94.38,94.38,94.38,94.38,-0.74
5/14/2019,84.8,85,85,84.65,-0.88,71.24,70.02,71.65,69.93,1.44,2.689,2.655,2.697,2.652,1.36,97.53,97.32,97.56,97.27,0.22,1043,1043,1043,1043,1.66,0.6941,0.6945,0.6961,0.6934,-0.03,26.87,26.87,26.87,26.87,3.23,5.515,5.515,5.515,5.515,-0.18,93.88,93.88,93.88,93.88,-0.53
5/15/2019,84.45,84.45,84.45,84.45,-0.41,71.77,70.9,72.25,70.42,0.74,2.634,2.68,2.7,2.628,-2.05,97.57,97.53,97.7,97.44,0.04,1032,1032,1032,1032,-1.05,0.6927,0.6944,0.6949,0.6914,-0.2,26.96,26.96,26.96,26.96,0.33,5.51,5.51,5.51,5.51,-0.09,94.82,94.82,94.82,94.82,1
5/16/2019,84.15,84.15,84.15,84.15,-0.36,72.62,72.05,73.36,71.82,1.18,2.674,2.637,2.678,2.621,1.52,97.86,97.54,97.88,97.44,0.3,1032,1032,1032,1032,0,0.6892,0.6928,0.6935,0.6886,-0.51,26.56,26.56,26.56,26.56,-1.48,5.205,5.205,5.205,5.205,-5.54,96.13,96.13,96.13,96.13,1.38
5/17/2019,84.1,84.1,84.1,84.1,-0.06,72.21,72.82,73.23,71.79,-0.56,2.664,2.671,2.694,2.652,-0.37,98,97.83,98.03,97.77,0.14,1040,1040,1040,1040,0.78,0.6868,0.6893,0.6899,0.6864,-0.35,25.96,26.53,26.54,26.53,-2.26,4.93,4.93,4.93,4.93,-5.28,96.34,96.34,96.34,96.34,0.22
5/20/2019,83.85,83.85,83.85,83.85,-0.3,71.97,72.5,73.4,71.6,-0.33,2.699,2.659,2.731,2.659,1.31,97.93,97.96,98.04,97.88,-0.07,1041,1041,1041,1041,0.1,0.6906,0.6927,0.694,0.6888,0.55,26.16,26.16,26.16,26.16,0.77,4.975,4.975,4.975,4.975,0.91,96.38,96.38,96.38,96.38,0.04
5/21/2019,83.85,83.85,83.85,83.85,0,72.18,72.15,72.52,71.63,0.29,2.641,2.694,2.694,2.636,-2.15,98.06,97.92,98.13,97.82,0.13,1049,1049,1049,1049,0.77,0.6883,0.6908,0.693,0.6865,-0.33,26.35,26.18,26.18,26.18,0.73,4.795,4.795,4.795,4.795,-3.62,96.56,96.56,96.56,96.56,0.19
5/22/2019,84,84,84,84,0.18,70.99,71.91,72.04,70.42,-1.65,2.559,2.644,2.651,2.555,-3.1,98.04,98.02,98.12,97.89,-0.02,1059,1059,1059,1059,0.95,0.688,0.6884,0.6898,0.687,-0.04,27.34,27.34,27.34,27.34,3.76,4.72,4.72,4.72,4.72,-1.56,97.04,97.04,97.04,97.04,0.5
5/23/2019,83.75,83.75,83.75,83.75,-0.3,67.76,70.86,70.97,67.02,-4.55,2.592,2.567,2.601,2.554,1.29,97.86,98.06,98.37,97.81,-0.18,1068,1068,1068,1068,0.85,0.6899,0.6881,0.6902,0.6864,0.28,27.03,27.08,27.08,27.08,-1.13,4.725,4.725,4.725,4.725,0.11,97.31,97.31,97.31,97.31,0.28
5/24/2019,83.65,83.65,83.65,83.65,-0.12,68.69,67.99,69.3,67.33,1.37,2.611,2.593,2.62,2.556,0.73,97.61,97.83,97.91,97.55,-0.26,1066,1066,1066,1066,-0.19,0.6923,0.6901,0.6936,0.688,0.35,26.44,26.62,26.62,26.6,-2.18,4.725,4.725,4.725,4.725,0,98.14,98.14,98.14,98.14,0.85
5/27/2019,83.65,83.65,83.65,83.65,0,70.11,69.15,70.23,68.53,2.07,2.584,2.609,2.622,2.564,-1,97.61,97.57,97.79,97.55,0,1066,1066,1066,1066,-0.19,0.6917,0.693,0.6941,0.6912,-0.09,26.61,26.02,26.64,26.02,0.64,4.725,4.725,4.725,4.725,0,98.14,98.14,98.14,98.14,0.85
5/28/2019,83.3,83.3,83.3,83.3,-0.42,70.11,69.99,70.59,69.58,0,2.584,2.605,2.622,2.544,0,97.95,97.74,97.98,97.7,0.35,1082,1082,1082,1082,1.5,0.6922,0.6921,0.6937,0.6915,0.07,26.46,26.58,26.65,26.2,-0.56,4.705,4.705,4.705,4.705,-0.42,98.38,98.38,98.38,98.38,0.24
5/29/2019,83.45,83.45,83.45,83.45,0.18,69.45,70.1,70.1,68.08,-0.94,2.624,2.584,2.646,2.58,1.55,98.14,97.92,98.21,97.86,0.19,1107,1107,1107,1107,2.31,0.6917,0.6923,0.6933,0.6903,-0.07,26.51,26.55,26.94,26.55,0.19,4.72,4.72,4.72,4.72,0.32,98.59,98.59,98.59,98.59,0.21
5/30/2019,83.4,83.4,83.4,83.4,-0.06,66.87,69.68,69.96,66.31,-3.71,2.557,2.621,2.638,2.546,-2.55,98.14,98.13,98.28,98.09,0,1097,1097,1097,1097,-0.9,0.6911,0.6918,0.6938,0.6898,-0.09,26.28,26.5,26.5,26.4,-0.87,4.6,4.6,4.6,4.6,-2.54,98.72,98.72,98.72,98.72,0.13
5/31/2019,83.4,83.4,83.4,83.4,0,64.49,66.24,66.28,64.37,-3.56,2.46,2.568,2.581,2.454,-3.79,97.75,98.15,98.17,97.61,-0.4,1096,1096,1096,1096,-0.09,0.6938,0.6914,0.6946,0.69,0.39,25.45,25.68,25.68,25.68,-3.16,4.65,4.65,4.65,4.65,1.09,98.76,98.76,98.76,98.76,0.04
6/3/2019,73.25,75.3,75.3,73,-12.17,61.28,61.64,62.84,60.55,-4.98,2.403,2.445,2.479,2.387,-2.32,97.14,97.64,97.8,97.11,-0.62,1103,1103,1103,1103,0.64,0.6976,0.6934,0.6984,0.6924,0.55,24.74,25.1,25.37,24.98,-2.79,4.54,4.54,4.54,4.54,-2.37,96.28,96.28,96.28,96.28,-2.51
6/4/2019,73.35,73.35,73.35,73.35,0.14,61.97,61,62.12,60.21,1.13,2.419,2.417,2.444,2.386,0.67,97.07,97.21,97.33,97,-0.07,1122,1122,1122,1122,1.72,0.699,0.6977,0.7006,0.6957,0.2,25.58,25.24,25.63,25.22,3.4,4.535,4.535,4.535,4.535,-0.11,98.39,98.39,98.39,98.39,2.19
6/5/2019,72.85,73.25,73.25,73.2,-0.68,60.63,61.58,62.27,59.45,-2.16,2.38,2.42,2.429,2.359,-1.61,97.32,97.12,97.37,96.75,0.26,1141,1141,1141,1141,1.69,0.6969,0.6991,0.7009,0.6961,-0.3,25.28,25.28,25.28,25.28,-1.17,4.475,4.475,4.475,4.475,-1.32,98.32,98.32,98.32,98.32,-0.07
6/6/2019,73,72.5,73.25,72.5,0.21,61.67,60.4,62.43,60.22,1.72,2.324,2.371,2.393,2.307,-2.35,97.04,97.29,97.35,96.78,-0.29,1138,1138,1138,1138,-0.26,0.6976,0.697,0.6995,0.6962,0.1,25.09,25.4,25.4,25.4,-0.75,4.475,4.475,4.475,4.475,0,97.76,97.76,97.76,97.76,-0.57
6/7/2019,72.8,73.2,73.2,73.2,-0.27,63.29,62.4,63.59,61.77,2.63,2.331,2.337,2.349,2.305,0.3,96.54,97.01,97.18,96.46,-0.52,1138,1138,1138,1138,0,0.6998,0.6977,0.7024,0.6963,0.32,25.66,25.7,25.7,25.7,2.27,4.475,4.475,4.475,4.475,0,97.78,97.78,97.78,97.78,0.02
6/10/2019,73.5,72.8,72.8,72.8,0.96,62.29,63.58,64.1,62.05,-1.58,2.35,2.334,2.357,2.321,0.82,96.76,96.64,96.94,96.63,0.23,1125,1125,1125,1125,-1.14,0.6961,0.7007,0.7024,0.6956,-0.53,26.36,26.36,26.36,26.36,2.73,4.475,4.475,4.475,4.475,0,99.26,99.26,99.26,99.26,1.51
6/11/2019,74.15,74.15,74.15,74.15,0.88,62.29,62.3,62.87,62.01,0,2.393,2.355,2.401,2.329,1.83,96.69,96.75,96.88,96.64,-0.07,1105,1105,1105,1105,-1.78,0.696,0.6965,0.6968,0.6946,-0.01,26.11,26.11,26.11,26.11,-0.95,4.495,4.495,4.495,4.495,0.45,102.76,102.76,102.76,102.76,3.53
6/12/2019,71.95,72,72,71.9,-2.97,59.97,61.79,61.85,59.57,-3.72,2.381,2.397,2.4,2.361,-0.5,97,96.71,97.02,96.58,0.32,1080,1080,1080,1080,-2.26,0.6928,0.6962,0.6965,0.6924,-0.46,25.92,25.87,25.87,25.86,-0.73,4.505,4.505,4.505,4.505,0.22,102.99,102.99,102.99,102.99,0.22
6/13/2019,71.85,71.85,71.85,71.85,-0.14,61.31,59.94,62.64,59.78,2.23,2.322,2.373,2.379,2.317,-2.48,97.01,96.96,97.08,96.87,0.01,1062,1062,1062,1062,-1.67,0.6913,0.6928,0.6939,0.69,-0.22,26.05,26.09,26.09,26.09,0.5,4.505,4.505,4.505,4.505,0,106.29,106.29,106.29,106.29,3.2
6/14/2019,71.4,71.4,71.4,71.4,-0.63,62.01,61.25,62.57,60.74,1.14,2.381,2.323,2.393,2.322,2.54,97.57,97.01,97.58,96.94,0.58,1085,1085,1085,1085,2.17,0.6872,0.6915,0.692,0.686,-0.59,26.15,26.15,26.15,26.15,0.38,4.505,4.505,4.505,4.505,0,104.33,104.33,104.33,104.33,-1.84
6/17/2019,71.15,71.15,71.15,71.15,-0.35,60.94,62.07,62.37,60.74,-1.73,2.373,2.383,2.413,2.349,-0.34,97.56,97.52,97.6,97.34,-0.01,1093,1093,1093,1093,0.74,0.6852,0.687,0.6886,0.6848,-0.29,26.12,26.15,26.19,26.06,-0.11,4.585,4.585,4.585,4.585,1.78,104.17,104.17,104.17,104.17,-0.15
6/18/2019,70.8,70.8,70.8,70.8,-0.49,62.14,60.93,62.84,60.25,1.97,2.311,2.361,2.386,2.3,-2.61,97.64,97.53,97.77,97.37,0.08,1135,1135,1135,1135,3.84,0.6876,0.6853,0.6884,0.683,0.35,26.22,26.07,26.41,26.06,0.38,4.555,4.555,4.555,4.555,-0.65,105.79,105.79,105.79,105.79,1.56
6/19/2019,70.6,70.6,70.6,70.6,-0.28,61.82,62.4,62.55,61.4,-0.51,2.263,2.31,2.341,2.255,-2.08,97.12,97.63,97.68,97.09,-0.53,1179,1179,1179,1179,3.88,0.6881,0.6877,0.691,0.6854,0.07,26.07,26.42,26.42,26.39,-0.57,4.55,4.55,4.55,4.55,-0.11,106.2,106.2,106.2,106.2,0.39
6/20/2019,70.5,70.5,70.5,70.5,-0.14,64.45,62.45,64.82,62.4,4.25,2.166,2.265,2.281,2.134,-4.29,96.63,97.17,97.2,96.57,-0.5,1194,1194,1194,1194,1.27,0.6922,0.6881,0.6937,0.6878,0.6,26.2,25.99,25.99,25.99,0.5,4.615,4.615,4.615,4.615,1.43,107.21,107.21,107.21,107.21,0.95
6/21/2019,71.3,71.3,71.3,71.3,1.13,65.2,64.86,65.76,64,1.16,2.169,2.191,2.202,2.158,0.14,96.22,96.62,96.71,96.09,-0.42,1239,1239,1239,1239,3.77,0.6923,0.6922,0.6939,0.6902,0.01,26.42,26.17,26.17,26.13,0.84,4.595,4.595,4.595,4.595,-0.43,107.54,107.54,107.54,107.54,0.31
6/24/2019,70.6,70.6,70.6,70.6,-0.98,64.86,65.5,65.79,64.08,-0.52,2.284,2.174,2.298,2.174,5.3,95.98,96.18,96.2,95.97,-0.25,1258,1258,1258,1258,1.53,0.6961,0.6928,0.697,0.6925,0.55,27.53,26.71,27.26,26.71,4.2,4.765,4.765,4.765,4.765,3.7,108.99,108.99,108.99,108.99,1.35
6/25/2019,70.95,70.95,70.95,70.95,0.5,65.05,64.89,65.98,64.17,0.29,2.286,2.279,2.296,2.235,0.09,96.14,96,96.36,95.84,0.17,1280,1280,1280,1280,1.75,0.6957,0.6962,0.698,0.6942,-0.06,27.64,27.92,27.92,27.4,0.4,4.75,4.75,4.75,4.75,-0.31,107.93,107.93,107.93,107.93,-0.97
6/26/2019,70.9,70.9,70.9,70.9,-0.07,66.49,65.8,66.85,65.6,2.21,2.268,2.263,2.305,2.256,-0.79,96.21,96.18,96.34,96.07,0.07,1317,1317,1317,1317,2.89,0.6983,0.6959,0.6996,0.6952,0.37,28.65,28.37,28.65,28.37,3.65,4.8,4.8,4.8,4.8,1.05,109.19,109.19,109.19,109.19,1.17
6/27/2019,71,71,71,71,0.14,66.55,66.05,66.82,65.63,0.09,2.298,2.246,2.313,2.241,1.32,96.19,96.17,96.39,96.14,-0.02,1340,1340,1340,1340,1.75,0.7008,0.6986,0.701,0.6983,0.36,28.15,28.64,28.64,28.37,-1.75,4.705,4.705,4.705,4.705,-1.98,108.72,108.72,108.72,108.72,-0.43
6/28/2019,70.9,70.9,70.9,70.9,-0.14,66.55,66.51,66.84,66.08,0,2.282,2.294,2.338,2.275,-0.7,96.13,96.19,96.3,96.02,-0.06,1354,1354,1354,1354,1.04,0.702,0.7009,0.7025,0.6997,0.17,27.5,27.5,27.5,27.5,-2.31,4.75,4.75,4.75,4.75,0.96,109.18,109.18,109.18,109.18,0.42
7/1/2019,68,68,68,68,-4.09,65.06,65.05,66.75,64.22,-2.24,2.242,2.3,2.306,2.193,-1.75,96.84,96.25,96.87,96.25,0.74,1381,1381,1381,1381,1.99,0.6965,0.7024,0.7038,0.6955,-0.78,28.17,28.1,28.16,28.1,2.44,4.6,4.6,4.6,4.6,-3.16,119.45,119.45,119.45,119.45,9.41
7/2/2019,70,70,70,70,2.94,62.4,64.8,65.51,62.22,-4.09,2.217,2.242,2.271,2.209,-1.12,96.73,96.81,96.88,96.6,-0.11,1446,1446,1446,1446,4.71,0.6994,0.6966,0.7002,0.6957,0.42,27.98,28.44,28.44,28.44,-0.67,4.6,4.6,4.6,4.6,0,123.19,123.19,123.19,123.19,3.13
7/3/2019,72.75,72.75,72.75,72.75,3.93,63.82,62.9,64.01,62.09,2.28,2.263,2.217,2.267,2.214,2.07,96.77,96.73,96.87,96.59,0.04,1549,1549,1549,1549,7.12,0.7028,0.6995,0.7041,0.6984,0.49,27.78,27.91,27.91,27.74,-0.71,4.58,4.58,4.58,4.58,-0.43,123.16,123.16,123.16,123.16,-0.02
7/4/2019,77,77,77,77,5.84,63.3,63.88,64.07,62.95,-0.81,2.285,2.288,2.3,2.264,0.97,96.77,96.71,96.81,96.66,0,1700,1700,1700,1700,9.75,0.7019,0.703,0.7049,0.7014,-0.13,27.28,27.84,27.86,27.26,-1.8,4.58,4.58,4.58,4.58,-0.43,123.16,123.16,123.16,123.16,-0.02
7/5/2019,76.2,76.2,76.2,76.2,-1.04,64.23,63.27,64.52,62.91,1.47,2.389,2.26,2.412,2.237,4.55,97.29,96.72,97.44,96.72,0.54,1740,1740,1740,1740,2.35,0.6979,0.7021,0.703,0.6956,-0.57,27.67,27.2,27.59,27.1,1.43,4.51,4.51,4.51,4.51,-1.53,117.1,117.1,117.1,117.1,-4.92
7/8/2019,75.2,75.2,75.2,75.2,-1.31,64.11,64.34,65.14,63.79,-0.19,2.384,2.431,2.437,2.346,-0.21,97.38,97.23,97.42,97.16,0.09,1725,1725,1725,1725,-0.86,0.697,0.6978,0.6996,0.6966,-0.13,28.16,28.22,28.22,28.15,1.77,4.51,4.51,4.51,4.51,0,119.17,119.17,119.17,119.17,1.77
7/9/2019,74.9,74.9,74.9,74.9,-0.4,64.16,63.81,64.75,63.76,0.08,2.416,2.382,2.423,2.347,1.34,97.49,97.38,97.59,97.36,0.11,1759,1759,1759,1759,1.97,0.6927,0.6972,0.6977,0.692,-0.62,27.9,28.08,28.32,27.97,-0.92,4.52,4.52,4.52,4.52,0.22,121.35,121.35,121.35,121.35,1.83
7/10/2019,75.45,75.45,75.45,75.45,0.73,67.01,64.78,67.12,64.63,4.44,2.433,2.42,2.476,2.407,0.7,97.1,97.51,97.55,97.03,-0.4,1777,1777,1777,1777,1.02,0.6957,0.6928,0.697,0.6909,0.43,29.65,28.46,28.85,28.45,6.27,4.515,4.515,4.515,4.515,-0.11,120.84,120.84,120.84,120.84,-0.42
7/11/2019,75.05,75.05,75.05,75.05,-0.53,66.52,66.81,67.65,66.43,-0.73,2.401,2.428,2.472,2.377,-1.32,97.05,97.06,97.15,96.8,-0.05,1816,1816,1816,1816,2.19,0.6973,0.6958,0.699,0.6953,0.23,29.71,29.54,29.54,29.52,0.2,4.525,4.525,4.525,4.525,0.22,120.32,120.32,120.32,120.32,-0.43
7/12/2019,74.6,75,75,75,-0.6,66.72,66.83,67.29,66.51,0.3,2.434,2.394,2.458,2.385,1.37,96.81,97.08,97.12,96.72,-0.25,1865,1865,1865,1865,2.7,0.7017,0.6975,0.7026,0.697,0.63,30.26,29.67,29.94,29.67,1.85,4.545,4.545,4.545,4.545,0.44,120.25,120.25,120.25,120.25,-0.06
7/15/2019,74.35,74.35,74.35,74.35,-0.34,66.48,66.87,67.47,66.11,-0.36,2.386,2.442,2.444,2.359,-1.97,96.93,96.84,96.97,96.75,0.12,1928,1928,1928,1928,3.38,0.7039,0.701,0.7041,0.7005,0.31,30.56,30.66,31.02,30.55,0.99,4.55,4.55,4.55,4.55,0.11,121.18,121.18,121.18,121.18,0.77
7/16/2019,73.3,73.3,73.3,73.3,-1.41,64.35,66.31,67.09,63.82,-3.2,2.286,2.372,2.385,2.277,-4.19,97.39,96.92,97.44,96.92,0.47,2011,2011,2011,2011,4.3,0.7012,0.704,0.7046,0.7009,-0.38,29.98,30.88,30.88,30.64,-1.9,4.93,4.93,4.93,4.93,8.35,121.19,121.19,121.19,121.19,0.01
7/17/2019,74.3,74.3,74.3,74.3,1.36,63.66,64.44,65.28,63.22,-1.07,2.278,2.296,2.32,2.263,-0.35,97.22,97.36,97.44,97.16,-0.17,2064,2064,2064,2064,2.64,0.7009,0.7013,0.7026,0.6995,-0.04,29.98,30.07,30.07,29.97,0,4.76,4.76,4.76,4.76,-3.45,121.14,121.14,121.14,121.14,-0.04
7/18/2019,73.85,73.85,73.85,73.85,-0.61,61.93,63.52,64.46,61.29,-2.72,2.263,2.283,2.326,2.242,-0.66,96.79,97.19,97.26,96.67,-0.44,2130,2130,2130,2130,3.2,0.7075,0.701,0.7078,0.7005,0.94,29.28,29.28,29.28,29.28,-2.33,4.69,4.69,4.69,4.69,-1.47,120.87,120.87,120.87,120.87,-0.22
7/19/2019,74.1,74.1,74.1,74.1,0.34,62.47,62.5,63.37,61.83,0.87,2.228,2.267,2.276,2.217,-1.55,97.15,96.82,97.29,96.76,0.37,2170,2170,2170,2170,1.88,0.7042,0.7076,0.7084,0.7037,-0.47,30.38,29.47,29.82,29.47,3.76,4.715,4.715,4.715,4.715,0.53,120.99,120.99,120.99,120.99,0.1
7/22/2019,74.5,74.85,74.85,74.85,0.54,63.26,63.05,64.03,62.77,1.26,2.293,2.22,2.302,2.211,2.92,97.26,97.14,97.3,97.13,0.11,2191,2191,2191,2191,0.97,0.7034,0.7045,0.7059,0.703,-0.11,30.5,30.6,30.68,30.15,0.39,4.535,4.535,4.535,4.535,-3.82,120.01,120.01,120.01,120.01,-0.81
7/23/2019,73.85,74,74,74,-0.87,63.83,63.26,64.46,62.66,0.9,2.275,2.3,2.305,2.264,-0.78,97.7,97.3,97.74,97.3,0.45,2165,2165,2165,2165,-1.19,0.7004,0.7035,0.7037,0.6996,-0.43,31.33,30.49,30.49,30.49,2.72,4.525,4.525,4.525,4.525,-0.22,120.42,120.42,120.42,120.42,0.34
7/24/2019,74.2,74.2,74.2,74.2,0.47,63.18,64.13,64.66,62.59,-1.02,2.202,2.264,2.273,2.192,-3.21,97.73,97.72,97.81,97.55,0.03,2014,2014,2014,2014,-6.97,0.6976,0.7006,0.701,0.6971,-0.4,30.7,30.7,30.7,30.7,-2.01,4.45,4.45,4.45,4.45,-1.66,120.25,120.25,120.25,120.25,-0.14
7/25/2019,74.4,74.4,74.4,74.4,0.27,63.39,63.21,64.23,63.01,0.33,2.227,2.213,2.248,2.206,1.14,97.82,97.69,97.92,97.5,0.09,1947,1947,1947,1947,-3.33,0.695,0.6977,0.6986,0.6941,-0.37,30.51,30.7,31.22,30.7,-0.62,4.445,4.445,4.445,4.445,-0.11,120.09,120.09,120.09,120.09,-0.13
7/26/2019,74.25,74.25,74.25,74.25,-0.2,63.46,63.28,63.96,63.01,0.11,2.15,2.22,2.225,2.147,-3.46,98.01,97.79,98.09,97.76,0.19,1937,1937,1937,1937,-0.51,0.6908,0.6951,0.6957,0.6901,-0.6,29.75,29.75,29.75,29.75,-2.49,4.38,4.38,4.38,4.38,-1.46,120.11,120.11,120.11,120.11,0.02
7/29/2019,71.6,72.25,72.25,71.5,-3.57,63.71,63.32,63.9,62.92,0.39,2.116,2.154,2.164,2.101,-1.58,98.04,97.99,98.17,97.9,0.03,1922,1922,1922,1922,-0.77,0.6901,0.6917,0.6924,0.6894,-0.1,29.85,29.85,29.85,29.85,0.34,4.325,4.325,4.325,4.325,-1.26,120.02,120.02,120.02,120.02,-0.07
7/30/2019,69.65,71.3,71.3,69.45,-2.72,64.72,63.91,65.14,63.9,1.59,2.16,2.135,2.165,2.13,2.08,98.05,98.07,98.21,98.02,0.01,1899,1899,1899,1899,-1.2,0.6871,0.6902,0.6909,0.6868,-0.43,29.29,29.5,29.62,29.44,-1.88,4.28,4.28,4.28,4.28,-1.04,120.09,120.09,120.09,120.09,0.06
7/31/2019,69.45,69.3,69.3,69.3,-0.29,65.17,64.95,65.42,64.95,0.7,2.25,2.16,2.287,2.151,4.17,98.52,98.03,98.68,98,0.48,1868,1868,1868,1868,-1.63,0.6844,0.6872,0.6901,0.6832,-0.39,29.38,29.63,29.63,29.63,0.31,4.275,4.275,4.275,4.275,-0.12,120.02,120.02,120.02,120.02,-0.06
8/1/2019,69.45,68.9,68.9,68.9,0,60.5,64.09,64.54,60.02,-7.17,2.212,2.257,2.338,2.177,-1.69,98.37,98.59,98.93,98.27,-0.15,1812,1812,1812,1812,-3,0.6799,0.6845,0.6869,0.6795,-0.66,30.83,29.46,30.5,29.46,4.94,4.29,4.29,4.29,4.29,0.35,112.02,112.02,112.02,112.02,-6.67
8/2/2019,69.15,69.15,69.15,69.15,-0.43,61.89,61.16,62.95,60.98,2.3,2.13,2.184,2.211,2.089,-3.71,98.07,98.41,98.45,98.05,-0.3,1788,1788,1788,1788,-1.32,0.6799,0.6801,0.682,0.6763,0,30.61,30.73,30.73,30.43,-0.71,4.275,4.275,4.275,4.275,-0.35,106.51,106.51,106.51,106.51,-4.92
8/5/2019,68.9,68.9,68.9,68.9,-0.36,59.81,61.46,61.56,59.66,-3.36,2.083,2.091,2.122,2.045,-2.21,97.52,98.11,98.14,97.38,-0.56,1774,1774,1774,1774,-0.78,0.6756,0.6799,0.6806,0.6748,-0.63,30.04,30.04,30.04,30.04,-1.86,4.305,4.305,4.305,4.305,0.7,100.34,100.34,100.34,100.34,-5.79
8/6/2019,68.05,68.1,68.35,67.9,-1.23,58.94,59.56,60.56,58.55,-1.45,2.124,2.104,2.145,2.09,1.97,97.63,97.25,97.77,97.21,0.11,1734,1734,1734,1734,-2.25,0.676,0.6756,0.6803,0.6749,0.06,29.7,30.05,30.05,30.05,-1.13,4.305,4.305,4.305,4.305,0,99.51,99.51,99.51,99.51,-0.83
8/7/2019,67.75,67.5,67.5,67.5,-0.44,56.23,58.68,59.23,55.88,-4.6,2.099,2.121,2.158,2.09,-1.18,97.54,97.56,97.85,97.31,-0.09,1712,1712,1712,1712,-1.27,0.6755,0.6761,0.6784,0.6677,-0.07,29.56,29.64,30.15,29.55,-0.47,4.315,4.315,4.315,4.315,0.23,96.56,96.56,96.56,96.56,-2.96
8/8/2019,67.8,67.8,67.8,67.8,0.07,57.38,57.48,58.01,56.77,2.05,2.146,2.103,2.169,2.103,2.24,97.62,97.6,97.74,97.43,0.08,1720,1720,1720,1720,0.47,0.68,0.6757,0.6823,0.6746,0.67,29.78,29.42,29.42,29.42,0.74,4.315,4.315,4.315,4.315,0,97.37,97.37,97.37,97.37,0.84
8/9/2019,67.85,67.85,67.85,67.85,0.07,58.53,57.74,59.1,57.11,2,2.133,2.14,2.159,2.084,-0.61,97.49,97.57,97.64,97.03,-0.13,1748,1748,1748,1748,1.63,0.6787,0.6801,0.682,0.6778,-0.19,29.36,29.36,29.36,29.36,-1.41,4.315,4.315,4.315,4.315,0,93.61,93.61,93.61,93.61,-3.86
8/12/2019,67.3,67.3,67.3,67.3,-0.81,58.57,58.3,58.88,57.88,0.07,2.117,2.135,2.167,2.106,-0.75,97.38,97.53,97.74,97.32,-0.11,1774,1774,1774,1774,1.49,0.6752,0.6789,0.6797,0.6744,-0.52,27.91,29.34,29.34,28,-4.94,4.315,4.315,4.315,4.315,0,95.01,95.01,95.01,95.01,1.5
8/13/2019,67.15,67.15,67.15,67.15,-0.22,61.3,58.47,61.5,58,4.66,2.159,2.119,2.184,2.101,1.98,97.81,97.48,97.85,97.32,0.44,1864,1864,1864,1864,5.07,0.68,0.6753,0.682,0.6746,0.71,28.3,28.05,28.2,28.05,1.4,4.315,4.315,4.315,4.315,0,95.11,95.11,95.11,95.11,0.11
8/14/2019,66.85,66.85,66.85,66.85,-0.45,59.48,61.07,61.08,58.21,-2.97,2.154,2.173,2.213,2.133,-0.23,97.99,97.8,98.05,97.67,0.18,1950,1950,1950,1950,4.61,0.6747,0.6801,0.6809,0.6735,-0.78,28.12,27.9,27.9,27.8,-0.64,4.32,4.32,4.32,4.32,0.12,95.71,95.71,95.71,95.71,0.63
8/15/2019,66.35,66.35,66.35,66.35,-0.75,58.23,59.07,59.42,57.67,-2.1,2.237,2.167,2.273,2.148,3.85,98.14,97.95,98.24,97.82,0.15,2047,2047,2047,2047,4.97,0.6775,0.6748,0.6791,0.6745,0.41,27.2,27.6,27.6,27.3,-3.27,4.32,4.32,4.32,4.32,0,93.76,93.76,93.76,93.76,-2.04
8/16/2019,66.3,66.3,66.3,66.3,-0.08,58.64,58.41,59.5,58.28,0.7,2.207,2.225,2.23,2.175,-1.34,98.14,98.13,98.34,98.11,0,2088,2088,2088,2088,2,0.678,0.6775,0.6797,0.6769,0.07,27.15,27.47,27.56,27.36,-0.18,4.725,4.725,4.725,4.725,9.37,93.61,93.61,93.61,93.61,-0.16
8/19/2019,66.35,66.35,66.35,66.35,0.08,59.74,58.72,59.92,58.64,1.88,2.213,2.171,2.221,2.139,0.27,98.35,98.17,98.39,98.13,0.21,2067,2067,2067,2067,-1.01,0.6762,0.6783,0.6801,0.6761,-0.27,27.73,27.73,27.73,27.73,2.14,4.68,4.68,4.68,4.68,-0.95,94.36,94.36,94.36,94.36,0.8
8/20/2019,65.95,65.95,65.95,65.95,-0.6,60.03,59.68,60.32,58.95,0.49,2.219,2.204,2.23,2.188,0.27,98.19,98.36,98.45,98.12,-0.16,2059,2059,2059,2059,-0.39,0.6776,0.6765,0.6797,0.6753,0.21,27.42,27.91,27.91,27.91,-1.12,4.7,4.7,4.7,4.7,0.43,94.02,94.02,94.02,94.02,-0.36
8/21/2019,65.45,65.45,65.45,65.45,-0.76,60.3,60.11,61.41,60.07,0.45,2.177,2.217,2.238,2.162,-1.89,98.3,98.17,98.33,97.95,0.11,2061,2061,2061,2061,0.1,0.678,0.6778,0.6801,0.6772,0.06,27.17,27.36,27.36,27.36,-0.91,4.695,4.695,4.695,4.695,-0.11,92.01,92.01,92.01,92.01,-2.14
8/22/2019,65.35,65.35,65.35,65.35,-0.15,59.92,60.43,60.89,59.47,-0.63,2.163,2.177,2.2,2.148,-0.64,98.17,98.25,98.39,98.08,-0.13,2118,2118,2118,2118,2.77,0.6756,0.6781,0.6788,0.675,-0.35,26.81,27,27,27,-1.32,4.59,4.59,4.59,4.59,-2.24,92.73,92.73,92.73,92.73,0.78
8/23/2019,65.75,65.75,65.75,65.75,0.61,59.34,60.11,60.29,58.3,-0.97,2.156,2.154,2.17,2.126,-0.32,97.64,98.19,98.45,97.17,-0.54,2168,2168,2168,2168,2.36,0.6754,0.6757,0.6779,0.6736,-0.03,26.24,26.61,26.61,25.92,-2.13,4.57,4.57,4.57,4.57,-0.44,92.88,92.88,92.88,92.88,0.16
8/26/2019,65.75,65.75,65.75,65.75,0,58.7,58.35,60.17,58.24,-1.08,2.233,2.171,2.241,2.16,3.57,98.08,97.59,98.09,97.48,0.45,2168,2168,2168,2168,2.36,0.6774,0.6734,0.6789,0.6689,0.3,26.97,26.97,26.97,26.97,2.78,4.57,4.57,4.57,4.57,0,92.45,92.45,92.45,92.45,-0.46
8/27/2019,65.4,65.4,65.4,65.4,-0.53,59.51,58.8,60.17,58.51,1.38,2.192,2.229,2.235,2.175,-1.84,98,98.05,98.05,97.86,-0.08,2213,2213,2213,2213,2.08,0.6751,0.6775,0.6782,0.6745,-0.34,26.53,26.53,26.53,26.53,-1.63,4.56,4.56,4.56,4.56,-0.22,92.06,92.06,92.06,92.06,-0.42
8/28/2019,65.6,65.6,65.6,65.6,0.31,60.49,60.04,61,59.8,1.65,2.222,2.192,2.27,2.187,1.37,98.21,98.01,98.26,98,0.21,2267,2267,2267,2267,2.44,0.6733,0.6752,0.6763,0.6732,-0.27,27.11,26.71,26.86,26.71,2.19,4.575,4.575,4.575,4.575,0.33,91.63,91.63,91.63,91.63,-0.47
8/29/2019,65.3,65.3,65.3,65.3,-0.46,61.08,60.48,61.19,59.98,0.98,2.342,2.29,2.356,2.271,5.4,98.51,98.19,98.55,98.16,0.31,2277,2277,2277,2277,0.44,0.6724,0.6734,0.6755,0.6716,-0.13,27.55,27.6,27.6,27.6,1.62,4.65,4.65,4.65,4.65,1.64,91.16,91.16,91.16,91.16,-0.51
8/30/2019,65.75,65.75,65.75,65.75,0.69,60.43,60.98,61.17,60.25,-1.06,2.324,2.337,2.346,2.305,-0.77,98.92,98.43,99.02,98.41,0.42,2378,2378,2378,2378,4.44,0.6736,0.673,0.6742,0.6706,0.18,27.37,27.37,27.37,27.37,-0.65,4.67,4.67,4.67,4.67,0.43,90.91,90.91,90.91,90.91,-0.27
9/2/2019,65.05,65.05,65.05,65.05,-1.06,58.66,58.8,59.26,58.1,-2.93,2.312,2.274,2.343,2.268,1.63,98.92,98.83,99.13,98.81,0,2442,2442,2442,2442,2.69,0.6713,0.6722,0.6737,0.6709,-0.34,26.22,26.94,26.94,26.14,-4.2,4.67,4.67,4.67,4.67,0.43,90.91,90.91,90.91,90.91,-0.27
9/3/2019,66.5,65.25,66.5,65.25,2.23,58.26,58.54,58.87,57.23,-0.68,2.397,2.337,2.403,2.311,3.68,99,99.08,99.37,98.92,0.08,2501,2501,2501,2501,2.42,0.6757,0.6718,0.6765,0.6687,0.66,26.21,26,26,26,-0.04,4.56,4.56,4.56,4.56,-2.36,89.55,89.55,89.55,89.55,-1.5
9/4/2019,66.35,66.2,66.5,66.1,-0.23,60.7,58.17,60.96,58.13,4.19,2.492,2.391,2.503,2.384,3.96,98.45,98.96,98.97,98.39,-0.56,2518,2518,2518,2518,0.68,0.6796,0.6758,0.6802,0.6754,0.58,26.47,26.47,26.47,26.47,0.99,4.45,4.45,4.45,4.45,-2.41,91.57,91.57,91.57,91.57,2.26
9/5/2019,66.9,66.75,66.75,66.75,0.83,60.95,60.49,62.4,60.25,0.41,2.491,2.487,2.517,2.441,-0.04,98.41,98.4,98.53,98.08,-0.04,2499,2499,2499,2499,-0.75,0.6813,0.6797,0.6832,0.6793,0.25,26.48,26.73,26.73,26.26,0.04,4.475,4.475,4.475,4.475,0.56,90.72,90.72,90.72,90.72,-0.93
9/6/2019,66.25,66.25,66.25,66.25,-0.97,61.54,60.81,61.88,59.4,0.97,2.551,2.495,2.556,2.456,2.41,98.39,98.42,98.52,98.01,-0.02,2462,2462,2462,2462,-1.48,0.6846,0.6815,0.6863,0.6806,0.48,26.05,26.43,26.43,25.9,-1.62,4.475,4.475,4.475,4.475,0,89.44,89.44,89.44,89.44,-1.41
9/9/2019,65.55,65.55,65.55,65.55,-1.06,62.59,61.6,63,61.57,1.71,2.625,2.592,2.646,2.548,2.9,98.28,98.42,98.51,98.14,-0.11,2422,2422,2422,2422,-1.62,0.6861,0.6839,0.6878,0.6836,0.22,25.97,26.16,26.16,25.95,-0.31,4.505,4.505,4.505,4.505,0.67,91.23,91.23,91.23,91.23,2
9/10/2019,65.8,65.5,66.4,65.4,0.38,62.38,62.82,63.78,62.17,-0.34,2.62,2.643,2.685,2.612,-0.19,98.33,98.33,98.46,98.26,0.05,2393,2393,2393,2393,-1.2,0.6859,0.6862,0.6872,0.6847,-0.03,27.69,26.28,26.71,26.28,6.62,4.525,4.525,4.525,4.525,0.44,91.37,91.37,91.37,91.37,0.15
9/11/2019,65.35,65.35,65.35,65.35,-0.68,60.81,62.88,63.27,60.52,-2.52,2.589,2.622,2.641,2.571,-1.18,98.64,98.33,98.75,97.86,0.32,2366,2366,2366,2366,-1.13,0.6861,0.6861,0.6886,0.6847,0.03,27.27,27.59,28.34,27.19,-1.52,4.57,4.57,4.57,4.57,0.99,92.34,92.34,92.34,92.34,1.06
9/12/2019,65.5,65.5,65.5,65.5,0.23,60.38,61.16,61.39,58.92,-0.71,2.605,2.583,2.616,2.551,0.62,98.31,98.63,99.1,98.19,-0.33,2331,2331,2331,2331,-1.48,0.6866,0.6862,0.6896,0.6859,0.07,27.42,27.76,27.79,27.62,0.55,4.57,4.57,4.57,4.57,0,94.14,94.14,94.14,94.14,1.95
9/13/2019,65.7,66.15,66.15,66.15,0.31,60.22,60.45,60.81,59.6,-0.26,2.653,2.605,2.675,2.586,1.84,98.26,98.41,98.43,97.86,-0.05,2312,2312,2312,2312,-0.82,0.6877,0.6866,0.6891,0.6858,0.16,27.38,27.44,27.68,27.22,-0.15,4.585,4.585,4.585,4.585,0.33,94.77,94.77,94.77,94.77,0.67
9/16/2019,66.15,66,66.25,66,0.68,69.02,66.45,71.95,64.75,14.61,2.725,2.725,2.738,2.677,2.71,98.61,98.12,98.71,98.03,0.36,2311,2311,2311,2311,-0.04,0.6864,0.6881,0.6888,0.6853,-0.19,28.07,27.92,28.1,27.63,2.52,6.535,6.535,6.535,6.535,42.53,94.37,94.37,94.37,94.37,-0.42
9/17/2019,65.6,66.25,66.25,66,-0.83,64.55,68.15,69.26,63.55,-6.48,2.7,2.729,2.745,2.673,-0.92,98.26,98.65,98.74,98.19,-0.35,2283,2283,2283,2283,-1.21,0.6864,0.6865,0.6872,0.6829,0,27.24,27.79,27.85,27.7,-2.96,6.135,6.135,6.135,6.135,-6.12,94.03,94.03,94.03,94.03,-0.36
9/18/2019,65.35,65.35,65.35,65.35,-0.38,63.6,64.23,64.99,63.04,-1.47,2.665,2.695,2.726,2.629,-1.3,98.56,98.21,98.69,98.19,0.31,2266,2266,2266,2266,-0.74,0.6827,0.6866,0.687,0.6812,-0.54,26.47,26.61,26.75,26.34,-2.83,5.895,5.895,5.895,5.895,-3.91,93.97,93.97,93.97,93.97,-0.06
9/19/2019,65.55,65.55,65.55,65.55,0.31,64.4,63.51,65.57,63.46,1.26,2.569,2.665,2.665,2.563,-3.6,98.27,98.57,98.62,98.2,-0.29,2192,2192,2192,2192,-3.27,0.6789,0.6828,0.6834,0.6779,-0.56,26.98,26.4,26.88,26.31,1.93,5.825,5.825,5.825,5.825,-1.19,93.46,93.46,93.46,93.46,-0.54
9/20/2019,65.45,65.45,65.45,65.45,-0.15,64.28,65,65.28,64.05,-0.19,2.555,2.58,2.604,2.532,-0.54,98.51,98.34,98.64,98.14,0.24,2131,2131,2131,2131,-2.78,0.6768,0.6793,0.681,0.6759,-0.31,27.59,27.3,27.69,27.3,2.26,5.995,5.995,5.995,5.995,2.92,93.38,93.38,93.38,93.38,-0.09
9/23/2019,65.35,65.35,65.35,65.35,-0.15,64.77,65.23,65.5,63.53,0.76,2.555,2.54,2.569,2.511,0,98.6,98.51,98.83,98.45,0.09,2108,2108,2108,2108,-1.08,0.6773,0.6771,0.6783,0.6763,0.07,26.84,27.01,27.01,26.73,-2.72,5.75,5.75,5.75,5.75,-4.09,93.49,93.49,93.49,93.49,0.12
9/24/2019,65.2,65.2,65.2,65.2,-0.23,63.1,64.4,64.6,62.3,-2.58,2.525,2.557,2.617,2.515,-1.17,98.34,98.64,98.7,98.29,-0.26,2116,2116,2116,2116,0.38,0.6799,0.6774,0.6807,0.6764,0.38,26.58,26.68,26.88,26.67,-0.97,5.69,5.69,5.69,5.69,-1.04,93.21,93.21,93.21,93.21,-0.3
9/25/2019,65.4,65.4,65.4,65.4,0.31,62.39,62.44,62.81,61.23,-1.13,2.518,2.524,2.536,2.472,-0.28,99.04,98.38,99.06,98.36,0.71,2053,2053,2053,2053,-2.98,0.675,0.6801,0.6805,0.6738,-0.72,26.26,26.38,26.4,26.17,-1.2,5.6,5.6,5.6,5.6,-1.58,92.97,92.97,92.97,92.97,-0.26
9/26/2019,65.15,65.15,65.15,65.15,-0.38,62.74,62.58,62.92,61.45,0.56,2.443,2.524,2.562,2.412,-2.98,99.13,98.96,99.28,98.84,0.09,1963,1963,1963,1963,-4.38,0.6748,0.6752,0.6783,0.6745,-0.03,26.69,26.61,26.61,26.29,1.64,5.705,5.705,5.705,5.705,1.88,92.95,92.95,92.95,92.95,-0.02
9/27/2019,65.55,65.55,65.55,65.55,0.61,61.91,62.48,62.75,60.76,-1.32,2.565,2.596,2.599,2.539,4.99,99.11,99.19,99.31,98.99,-0.02,1857,1857,1857,1857,-5.4,0.6765,0.6748,0.6781,0.6743,0.25,26.34,26.59,26.59,26.25,-1.31,5.75,5.75,5.75,5.75,0.79,92.89,92.89,92.89,92.89,-0.06
9/30/2019,70.05,68.15,68.3,68.15,6.86,60.78,62.24,62.24,60.73,-1.83,2.504,2.543,2.555,2.498,-2.38,99.38,99.12,99.46,99.05,0.27,1823,1823,1823,1823,-1.83,0.6749,0.6766,0.6771,0.674,-0.24,25.76,26.14,26.17,25.78,-2.2,5.69,5.69,5.69,5.69,-1.04,92.91,92.91,92.91,92.91,0.02
10/1/2019,67.4,68,68,67.5,-3.78,58.89,59.38,60.1,58.41,-3.11,2.48,2.503,2.509,2.466,-0.96,99.13,99.4,99.67,99.07,-0.25,1809,1809,1809,1809,-0.77,0.6702,0.675,0.6776,0.6671,-0.7,26.05,25.51,26.11,25.51,1.13,5.76,5.76,5.76,5.76,1.23,92.16,92.16,92.16,92.16,-0.81
10/2/2019,66.25,66.75,66.75,66.75,-1.71,57.69,59.25,59.5,57.22,-2.04,2.451,2.481,2.501,2.449,-1.17,99.02,99.16,99.42,98.96,-0.11,1803,1803,1803,1803,-0.33,0.6703,0.6705,0.672,0.667,0.01,25.2,25.73,25.81,25.62,-3.26,5.705,5.705,5.705,5.705,-0.95,92.26,92.26,92.26,92.26,0.11
10/3/2019,64.8,65.25,65.25,65.25,-2.19,57.71,57.54,57.99,56.15,0.03,2.5,2.455,2.524,2.4,2,98.86,99.03,99.19,98.64,-0.16,1757,1757,1757,1757,-2.55,0.6741,0.6706,0.6755,0.6702,0.57,24.17,24.98,24.98,24.1,-4.09,5.75,5.75,5.75,5.75,0.79,92.26,92.26,92.26,92.26,0
10/4/2019,65.2,65.2,65.2,65.2,0.62,58.37,57.69,58.96,57.67,1.14,2.524,2.508,2.568,2.446,0.96,98.81,98.87,99,98.73,-0.05,1767,1767,1767,1767,0.57,0.6768,0.6743,0.6776,0.6738,0.4,23.91,24.24,24.5,24.2,-1.08,5.725,5.725,5.725,5.725,-0.43,92.18,92.18,92.18,92.18,-0.09
10/7/2019,66.45,66.25,66.25,66.25,1.92,58.35,58.02,59.68,58.02,-0.03,2.5,2.506,2.52,2.477,-0.95,98.97,98.82,99,98.74,0.16,1770,1770,1770,1770,0.17,0.6731,0.6769,0.6772,0.6728,-0.55,24.35,23.83,24.28,23.83,1.84,5.75,5.75,5.75,5.75,0.44,92.55,92.55,92.55,92.55,0.4
10/8/2019,66.9,66.9,66.9,66.9,0.68,58.24,58.47,58.92,57.38,-0.19,2.491,2.485,2.525,2.471,-0.36,99.13,98.98,99.25,98.85,0.16,1801,1801,1801,1801,1.75,0.6728,0.6733,0.6759,0.6722,-0.04,23.5,24.4,24.47,23.96,-3.49,5.8,5.8,5.8,5.8,0.87,93.53,93.53,93.53,93.53,1.06
10/9/2019,67.45,67.5,67.5,67.5,0.82,58.32,58.02,59.35,57.91,0.14,2.436,2.488,2.504,2.432,-2.21,99.12,99.09,99.16,98.9,-0.01,1873,1873,1873,1873,4,0.6723,0.6728,0.6751,0.6722,-0.07,23.6,23.1,23.6,23.1,0.43,5.795,5.795,5.795,5.795,-0.09,91.59,91.59,91.59,91.59,-2.07
10/10/2019,67.4,67.4,67.4,67.4,-0.07,59.1,58.04,59.6,57.8,1.34,2.417,2.438,2.457,2.405,-0.78,98.7,98.98,99.07,98.62,-0.42,1929,1929,1929,1929,2.99,0.6761,0.6726,0.6776,0.6709,0.57,24.18,23.68,23.81,23.58,2.46,5.82,5.82,5.82,5.82,0.43,93.01,93.01,93.01,93.01,1.55
10/11/2019,66.4,66.95,66.95,66.95,-1.48,60.51,59.53,60.69,59.21,2.39,2.457,2.405,2.467,2.388,1.65,98.3,98.7,98.74,98.2,-0.41,1924,1924,1924,1924,-0.26,0.6787,0.6761,0.6812,0.6752,0.38,25.36,24.75,24.84,24.75,4.88,5.82,5.82,5.82,5.82,0,92.86,92.86,92.86,92.86,-0.16
10/14/2019,66.52,66.52,66.52,66.52,0.18,59.35,60.69,60.73,58.5,-1.92,2.498,2.469,2.527,2.457,1.67,98.45,98.36,98.53,98.34,0.15,1916,1916,1916,1916,-0.42,0.6774,0.6785,0.6802,0.675,-0.19,25.06,24.82,24.82,24.82,-1.18,5.825,5.825,5.825,5.825,0.09,92.23,92.23,92.23,92.23,-0.68
10/15/2019,66.9,66.9,66.9,66.9,0.57,58.74,59.3,59.68,58,-1.03,2.532,2.495,2.537,2.485,1.36,98.29,98.45,98.64,98.21,-0.16,1898,1898,1898,1898,-0.94,0.6752,0.6774,0.6789,0.6742,-0.32,26.64,25.5,25.65,25.3,6.3,5.825,5.825,5.825,5.825,0,92.62,92.62,92.62,92.62,0.42
10/16/2019,67.3,67.3,67.3,67.3,0.6,59.42,58.9,59.75,58.36,1.16,2.495,2.532,2.564,2.474,-1.46,98,98.32,98.42,97.9,-0.3,1897,1897,1897,1897,-0.05,0.6756,0.6753,0.6767,0.6722,0.06,27.23,26.59,26.71,26.25,2.21,6.99,6.99,6.99,6.99,20,91.4,91.4,91.4,91.4,-1.32
10/17/2019,67.55,67.55,67.55,67.55,0.37,59.91,58.99,60.04,58.69,0.82,2.516,2.485,2.54,2.479,0.84,97.61,97.99,98.11,97.5,-0.4,1861,1861,1861,1861,-1.9,0.6823,0.6758,0.6835,0.6752,0.99,27,26.7,26.7,26.6,-0.84,7.04,7.04,7.04,7.04,0.72,90.01,90.01,90.01,90.01,-1.52
10/18/2019,67.5,67.5,67.5,67.5,-0.07,59.42,59.78,60.29,59.01,-0.82,2.517,2.518,2.551,2.488,0.04,97.28,97.6,97.66,97.14,-0.34,1855,1855,1855,1855,-0.32,0.6855,0.6824,0.6858,0.682,0.47,26.8,26.55,26.98,26.5,-0.74,6.925,6.925,6.925,6.925,-1.63,90.76,90.76,90.76,90.76,0.83
10/21/2019,67.6,67.6,67.6,67.6,0.15,58.96,59.23,59.55,58.26,-0.77,2.441,2.524,2.524,2.413,-3.02,97.33,97.34,97.4,97.15,0.05,1846,1846,1846,1846,-0.49,0.6866,0.6856,0.6882,0.684,0.16,26.83,26.83,26.83,26.83,0.11,6.855,6.855,6.855,6.855,-1.01,90.58,90.58,90.58,90.58,-0.2
10/22/2019,67.45,67.45,67.45,67.45,-0.22,59.7,59.05,60.26,58.75,1.26,2.449,2.436,2.478,2.436,0.33,97.53,97.31,97.57,97.26,0.21,1806,1806,1806,1806,-2.17,0.6855,0.6868,0.6884,0.6849,-0.16,26.52,26.6,26.6,26.56,-1.16,6.73,6.73,6.73,6.73,-1.82,90.53,90.53,90.53,90.53,-0.06
10/23/2019,67,67,67,67,-0.67,61.17,59.48,61.3,58.85,2.46,2.427,2.442,2.46,2.415,-0.9,97.49,97.49,97.65,97.42,-0.04,1779,1779,1779,1779,-1.5,0.6853,0.6855,0.6864,0.6833,-0.03,25.59,26,26.17,25.93,-3.51,6.615,6.615,6.615,6.615,-1.71,90.45,90.45,90.45,90.45,-0.09
10/24/2019,67.25,67.25,67.25,67.25,0.37,61.67,60.99,61.9,60.64,0.82,2.465,2.424,2.477,2.416,1.57,97.63,97.46,97.78,97.28,0.14,1785,1785,1785,1785,0.34,0.6817,0.6854,0.6859,0.681,-0.53,26.28,25.55,25.98,25.55,2.7,6.57,6.57,6.57,6.57,-0.68,90.11,90.11,90.11,90.11,-0.38
10/25/2019,67.65,67.65,67.65,67.65,0.59,62.02,61.5,62.11,60.93,0.57,2.459,2.477,2.48,2.432,-0.24,97.83,97.69,97.9,97.57,0.2,1801,1801,1801,1801,0.9,0.6822,0.682,0.6838,0.6808,0.07,25.8,25.92,25.92,25.92,-1.83,6.44,6.44,6.44,6.44,-1.98,90.22,90.22,90.22,90.22,0.12
10/28/2019,66.85,67,67,66.6,-1.18,61.57,62.04,62.34,61.19,-0.73,2.555,2.505,2.588,2.499,3.9,97.76,97.85,97.89,97.67,-0.07,1803,1803,1803,1803,0.11,0.6838,0.6824,0.6847,0.681,0.23,25.93,25.66,25.91,25.56,0.5,6.325,6.325,6.325,6.325,-1.79,90.23,90.23,90.23,90.23,0.01
10/29/2019,66.95,66.95,66.95,66.95,0.15,61.59,61.61,61.98,60.66,0.03,2.639,2.562,2.704,2.555,3.29,97.69,97.75,97.93,97.61,-0.07,1802,1802,1802,1802,-0.06,0.6864,0.6839,0.6873,0.6834,0.38,26.25,26.19,26.45,26.18,1.23,6.3,6.3,6.3,6.3,-0.4,90.03,90.03,90.03,90.03,-0.22
10/30/2019,66.95,67,67,67,0,60.61,61.6,61.93,60.45,-1.59,2.781,2.72,2.809,2.708,5.38,97.65,97.67,98,97.45,-0.04,1782,1782,1782,1782,-1.11,0.6902,0.6864,0.6906,0.6848,0.55,26.76,26.31,26.63,26.31,1.94,6.155,6.155,6.155,6.155,-2.3,89.8,89.8,89.8,89.8,-0.26
10/31/2019,66.9,67.1,67.1,67.1,-0.07,60.23,60.57,61.13,60.07,-0.63,2.732,2.777,2.826,2.705,-1.76,97.35,97.44,97.45,97.22,-0.31,1731,1731,1731,1731,-2.86,0.6893,0.6904,0.693,0.6882,-0.13,26.35,26.74,26.74,26.44,-1.53,6.24,6.24,6.24,6.24,1.38,89.55,89.55,89.55,89.55,-0.28
11/1/2019,67.25,67.25,67.25,67.25,0.52,61.69,59.45,61.82,59.4,2.42,2.802,2.738,2.81,2.676,2.56,97.24,97.3,97.45,97.11,-0.11,1697,1697,1697,1697,-1.96,0.6913,0.6894,0.6922,0.6883,0.29,26.02,26.64,26.64,26.64,-1.25,6.325,6.325,6.325,6.325,1.36,83.55,83.55,83.55,83.55,-6.7
11/4/2019,67.35,67.35,67.35,67.35,0.15,62.13,61.8,62.78,61.28,0.71,2.898,2.876,2.92,2.862,3.43,97.5,97.22,97.58,97.17,0.27,1675,1675,1675,1675,-1.3,0.6883,0.6909,0.6927,0.6876,-0.43,26.37,25.81,25.88,25.71,1.35,6.3,6.3,6.3,6.3,-0.4,82.85,82.85,82.85,82.85,-0.84
11/5/2019,67.15,67.15,67.15,67.15,-0.3,62.96,62.04,63.19,61.85,1.34,2.94,2.896,2.98,2.896,1.45,97.98,97.55,98.01,97.47,0.49,1656,1656,1656,1656,-1.13,0.6893,0.6884,0.693,0.6876,0.15,26.24,26.67,26.67,26.64,-0.49,6.215,6.215,6.215,6.215,-1.35,82.85,82.85,82.85,82.85,0
11/6/2019,66.55,66.55,66.55,66.55,-0.89,61.74,62.78,63.32,61.59,-1.94,2.907,2.952,2.969,2.899,-1.12,97.95,97.94,97.98,97.78,-0.03,1533,1533,1533,1533,-7.43,0.6882,0.6894,0.6909,0.6868,-0.16,25.52,25.87,26.06,25.87,-2.74,6.155,6.155,6.155,6.155,-0.97,82.98,82.98,82.98,82.98,0.16
11/7/2019,66.45,66.5,66.5,66.5,-0.15,62.29,61.73,62.89,61.65,0.89,2.859,2.907,2.95,2.829,-1.65,98.14,97.95,98.23,97.82,0.19,1428,1428,1428,1428,-6.85,0.6897,0.6884,0.6915,0.6861,0.22,25.65,25.7,25.7,25.7,0.51,6.095,6.095,6.095,6.095,-0.97,82.55,82.55,82.55,82.55,-0.52
11/8/2019,66.8,66.25,66.25,66.25,0.53,62.51,62.29,62.7,60.66,0.35,2.873,2.871,2.905,2.839,0.49,98.35,98.14,98.4,98.1,0.21,1378,1378,1378,1378,-3.5,0.6859,0.6898,0.6907,0.6847,-0.55,25.56,25.35,25.78,25.35,-0.35,6.135,6.135,6.135,6.135,0.66,80.36,80.36,80.36,80.36,-2.65
11/11/2019,66.95,66.95,66.95,66.95,0.22,62.18,62.6,62.76,61.57,-0.53,2.728,2.802,2.806,2.706,-5.05,98.2,98.37,98.38,98.13,-0.15,1345,1345,1345,1345,-2.39,0.6849,0.687,0.6872,0.6846,-0.15,25.65,25.85,25.89,25.82,0.35,6.08,6.08,6.08,6.08,-0.9,80.3,80.3,80.3,80.3,-0.07
11/12/2019,66.55,66.55,66.55,66.55,-0.6,62.06,62.11,62.85,61.82,-0.19,2.714,2.725,2.769,2.696,-0.51,98.31,98.21,98.42,98.21,0.11,1354,1354,1354,1354,0.67,0.684,0.6851,0.6859,0.683,-0.13,24.83,25.76,25.76,24.57,-3.2,6.02,6.02,6.02,6.02,-0.99,81.36,81.36,81.36,81.36,1.32
11/13/2019,66.7,66.7,66.7,66.7,0.23,62.37,61.85,62.74,61.22,0.5,2.692,2.716,2.76,2.66,-0.81,98.37,98.33,98.45,98.29,0.06,1365,1365,1365,1365,0.81,0.6837,0.6841,0.6859,0.682,-0.04,25.1,24.85,25.06,24.8,1.09,6.08,6.08,6.08,6.08,1,81.26,81.26,81.26,81.26,-0.12
11/14/2019,66.7,66.8,66.8,66.8,0,62.28,62.61,63.21,62.15,-0.14,2.719,2.754,2.777,2.705,1,98.16,98.34,98.42,98.11,-0.21,1364,1364,1364,1364,-0.07,0.6786,0.6838,0.6843,0.6768,-0.75,24.67,24.7,24.73,24.7,-1.71,6.08,6.08,6.08,6.08,0,82.52,82.52,82.52,82.52,1.55
11/15/2019,67.15,67.15,67.15,67.15,0.67,63.3,62.47,63.65,61.7,1.64,2.75,2.711,2.785,2.682,1.14,98,98.17,98.23,97.96,-0.16,1357,1357,1357,1357,-0.51,0.6819,0.6787,0.6825,0.6779,0.49,24.57,24.17,24.4,24.17,-0.41,6.08,6.08,6.08,6.08,0,82.8,82.8,82.8,82.8,0.34
11/18/2019,67.5,67.5,67.5,67.5,0.52,62.44,63.36,63.57,61.94,-1.36,2.63,2.715,2.715,2.603,-4.36,97.79,97.98,97.98,97.68,-0.21,1338,1338,1338,1338,-1.4,0.6808,0.6812,0.6825,0.6798,-0.16,24.13,24.18,24.19,24.15,-1.79,5.95,5.95,5.95,5.95,-2.14,82.93,82.93,82.93,82.93,0.16
11/19/2019,67.4,67.4,67.4,67.4,-0.15,60.91,62.28,62.57,60.7,-2.45,2.576,2.608,2.626,2.57,-2.05,97.86,97.81,97.89,97.75,0.07,1304,1304,1304,1304,-2.54,0.6825,0.6813,0.6836,0.6784,0.25,24.17,24.18,24.58,24.18,0.17,5.905,5.905,5.905,5.905,-0.76,83.19,83.19,83.19,83.19,0.31
11/20/2019,67.45,67.45,67.45,67.45,0.07,62.4,60.94,62.8,60.3,2.45,2.611,2.581,2.631,2.572,1.36,97.93,97.84,98.04,97.84,0.07,1260,1260,1260,1260,-3.37,0.6802,0.6826,0.6833,0.6789,-0.34,24.75,24.08,24.4,24.08,2.4,5.95,5.95,5.95,5.95,0.76,83.35,83.35,83.35,83.35,0.19
11/21/2019,67.55,67.55,67.55,67.55,0.15,63.97,62.22,64.03,61.92,2.52,2.622,2.614,2.641,2.574,0.42,97.99,97.86,98.03,97.73,0.06,1255,1255,1255,1255,-0.4,0.6784,0.6803,0.6816,0.6783,-0.26,24.66,24.68,24.84,24.68,-0.36,5.885,5.885,5.885,5.885,-1.09,83.55,83.55,83.55,83.55,0.24
11/22/2019,67.9,67.9,67.9,67.9,0.52,63.39,63.62,64.27,62.98,-0.91,2.71,2.635,2.724,2.601,3.36,98.27,97.93,98.31,97.84,0.29,1284,1284,1284,1284,2.31,0.6786,0.6786,0.6805,0.678,0.03,25.31,25.31,25.31,25.31,2.64,5.925,5.925,5.925,5.925,0.68,83.79,83.79,83.79,83.79,0.29
11/25/2019,66.75,66.75,66.75,66.75,-1.69,63.65,63.6,63.8,62.97,0.41,2.584,2.738,2.743,2.564,-4.65,98.32,98.27,98.38,98.17,0.05,1351,1351,1351,1351,5.22,0.6777,0.6793,0.6802,0.6767,-0.13,25.16,25.02,25.2,25.02,-0.59,5.85,5.85,5.85,5.85,-1.27,84.29,84.29,84.29,84.29,0.6
11/26/2019,67.4,67.4,67.4,67.4,0.97,64.27,63.7,64.32,63.44,0.97,2.533,2.58,2.583,2.5,-1.97,98.25,98.33,98.38,98.23,-0.07,1426,1426,1426,1426,5.55,0.6787,0.6779,0.6797,0.6768,0.15,25.11,25,25.17,24.93,-0.2,5.78,5.78,5.78,5.78,-1.2,84.35,84.35,84.35,84.35,0.07
11/27/2019,67.75,67.75,67.75,67.75,0.52,64.06,64.02,64.6,63.51,-0.33,2.47,2.497,2.521,2.458,-2.49,98.37,98.3,98.44,98.28,0.12,1440,1440,1440,1440,0.98,0.6775,0.6788,0.6793,0.677,-0.18,25.84,25.53,25.75,25.53,2.91,5.725,5.725,5.725,5.725,-0.95,84.42,84.42,84.42,84.42,0.08
11/28/2019,67.45,67.45,67.45,67.45,-0.44,63.87,63.91,64,63.19,-0.3,2.463,2.495,2.513,2.454,-0.28,98.37,98.33,98.4,98.26,0,1467,1467,1467,1467,1.88,0.6768,0.6776,0.678,0.6759,-0.1,25.73,25.72,25.82,25.6,-0.43,5.725,5.725,5.725,5.725,-0.95,84.42,84.42,84.42,84.42,0.08
11/29/2019,67.85,67.85,67.85,67.85,0.59,62.43,63.77,63.86,62.36,-2.25,2.262,2.466,2.481,2.253,-8.16,98.27,98.34,98.54,98.22,-0.1,1528,1528,1528,1528,4.16,0.6764,0.6771,0.6781,0.6753,-0.06,25.94,25.85,25.88,25.73,0.82,5.63,5.63,5.63,5.63,-1.66,84.68,84.68,84.68,84.68,0.31
12/2/2019,67.6,67.75,67.75,67.5,-0.37,60.92,60.73,62.09,60.72,-2.42,2.308,2.31,2.343,2.271,2.03,97.86,98.27,98.38,97.81,-0.42,1568,1568,1568,1568,2.62,0.6817,0.6761,0.6826,0.6755,0.78,25.06,25.7,25.7,25.16,-3.39,5.6,5.6,5.6,5.6,-0.53,88.11,88.11,88.11,88.11,4.05
12/3/2019,67.4,67.4,67.4,67.4,-0.3,60.82,61.05,61.58,60.3,-0.16,2.405,2.322,2.468,2.318,4.2,97.74,97.89,97.94,97.64,-0.12,1606,1606,1606,1606,2.42,0.6846,0.6818,0.6864,0.6814,0.43,24.74,25.23,25.23,24.9,-1.28,5.635,5.635,5.635,5.635,0.63,87.65,87.65,87.65,87.65,-0.52
12/4/2019,66.8,67.1,67.1,67,-0.89,63,61.08,63.51,61,3.58,2.374,2.417,2.427,2.34,-1.29,97.65,97.71,97.79,97.43,-0.09,1599,1599,1599,1599,-0.44,0.6849,0.6847,0.6857,0.6812,0.04,25.48,24.58,25.53,24.58,2.99,5.635,5.635,5.635,5.635,0,88.27,88.27,88.27,88.27,0.71
12/5/2019,66.55,66.55,66.55,66.55,-0.37,63.39,62.97,63.91,62.75,0.62,2.398,2.376,2.43,2.368,1.01,97.41,97.59,97.59,97.36,-0.25,1575,1575,1575,1575,-1.5,0.6833,0.6849,0.6857,0.682,-0.23,25.43,25.42,25.49,25.14,-0.2,5.635,5.635,5.635,5.635,0,88.34,88.34,88.34,88.34,0.08
12/6/2019,66.4,66.4,66.4,66.4,-0.23,64.39,63.41,64.88,62.83,1.58,2.319,2.39,2.409,2.313,-3.29,97.7,97.38,97.84,97.36,0.3,1558,1558,1558,1558,-1.08,0.6838,0.6833,0.6859,0.6822,0.07,25.68,25.39,25.7,25.35,0.98,5.615,5.615,5.615,5.615,-0.35,88.56,88.56,88.56,88.56,0.25
12/9/2019,66.2,66.25,66.3,66,-0.3,64.25,64.29,64.5,63.61,-0.22,2.234,2.208,2.258,2.169,-3.67,97.64,97.68,97.72,97.56,-0.06,1551,1551,1551,1551,-0.45,0.6822,0.6833,0.6842,0.6819,-0.23,25.87,25.33,25.96,25.19,0.74,5.61,5.61,5.61,5.61,-0.09,92.04,92.04,92.04,92.04,3.93
12/10/2019,66,66,66,66,-0.3,64.34,64.03,64.69,63.78,0.14,2.263,2.258,2.279,2.219,1.3,97.41,97.65,97.66,97.4,-0.24,1528,1528,1528,1528,-1.48,0.6809,0.6823,0.6839,0.6799,-0.19,25.68,25.69,25.74,25.69,-0.73,5.63,5.63,5.63,5.63,0.36,91.36,91.36,91.36,91.36,-0.74
12/11/2019,66.1,66.1,66.1,66.1,0.15,63.72,64,64.26,63.01,-0.96,2.243,2.263,2.292,2.24,-0.88,97.08,97.51,97.6,97.04,-0.34,1460,1460,1460,1460,-4.45,0.6874,0.6809,0.689,0.6804,0.95,25.19,25.83,25.83,25.36,-1.91,5.63,5.63,5.63,5.63,0,92.05,92.05,92.05,92.05,0.76
12/12/2019,66.5,66.15,66.15,66.15,0.61,64.2,63.9,64.85,63.87,0.75,2.32,2.247,2.341,2.244,3.43,97.4,97.08,97.52,96.59,0.33,1388,1388,1388,1388,-4.93,0.6908,0.6875,0.6915,0.6866,0.49,25.79,25.43,25.87,25.27,2.38,5.64,5.64,5.64,5.64,0.18,92.04,92.04,92.04,92.04,-0.01
12/13/2019,66.3,66.3,66.3,66.3,-0.3,65.22,64.56,65.79,64.5,1.59,2.282,2.327,2.328,2.241,-1.64,97.17,96.78,97.24,96.72,-0.24,1355,1355,1355,1355,-2.38,0.6875,0.6908,0.694,0.6863,-0.48,24.71,26.23,26.23,25,-4.19,5.645,5.645,5.645,5.645,0.09,92.27,92.27,92.27,92.27,0.25
12/16/2019,66.45,66.45,66.45,66.45,0.23,65.34,65.05,65.66,64.88,0.18,2.326,2.279,2.351,2.274,1.93,97.02,97.18,97.18,96.93,-0.15,1315,1315,1315,1315,-2.95,0.6884,0.689,0.69,0.6867,0.13,25.52,24.74,25.31,24.74,3.28,5.39,5.39,5.39,5.39,-4.52,92.1,92.1,92.1,92.1,-0.18
12/17/2019,65.9,65.9,65.9,65.9,-0.83,66.1,65.31,66.24,65.12,1.16,2.303,2.328,2.343,2.271,-0.99,97.22,97.14,97.3,97.03,0.21,1281,1281,1281,1281,-2.59,0.685,0.6885,0.6887,0.6837,-0.49,26.61,26.09,26.09,26.09,4.27,5.525,5.525,5.525,5.525,2.5,92.09,92.09,92.09,92.09,-0.01
12/18/2019,66.2,66.2,66.2,66.2,0.46,66.17,65.84,66.43,65.56,0.11,2.264,2.303,2.311,2.243,-1.69,97.4,97.23,97.47,97.22,0.19,1221,1221,1221,1221,-4.68,0.6852,0.6851,0.6866,0.6838,0.03,27.13,26.64,26.64,26.64,1.95,5.55,5.55,5.55,5.55,0.45,91.99,91.99,91.99,91.99,-0.11
12/19/2019,66.45,66.55,66.55,66.55,0.38,66.54,66.19,66.78,66.03,0.56,2.265,2.261,2.282,2.221,0.04,97.38,97.4,97.49,97.22,-0.02,1151,1151,1151,1151,-5.73,0.6884,0.6853,0.6889,0.6848,0.47,27.38,27.17,27.4,27.15,0.92,5.525,5.525,5.525,5.525,-0.45,92,92,92,92,0.01
12/20/2019,66.35,66.4,66.4,66.4,-0.15,66.14,66.56,66.72,65.7,-0.6,2.31,2.277,2.325,2.27,1.99,97.69,97.39,97.76,97.38,0.32,1123,1123,1123,1123,-2.43,0.6898,0.6887,0.6909,0.6882,0.2,27.21,26.57,27.04,26.57,-0.62,5.45,5.45,5.45,5.45,-1.36,91.74,91.74,91.74,91.74,-0.28
12/23/2019,65.8,65.8,65.8,65.8,-0.83,66.39,66.15,66.62,65.81,0.38,2.217,2.246,2.256,2.203,-4.03,97.66,97.67,97.82,97.58,-0.03,1103,1103,1103,1103,-1.78,0.6922,0.6896,0.693,0.6889,0.35,27.08,27.55,27.59,27.55,-0.48,5.3,5.3,5.3,5.3,-2.75,91.72,91.72,91.72,91.72,-0.02
12/24/2019,66.5,66.5,66.5,66.5,1.06,67.2,66.44,67.26,66.36,1.22,2.187,2.215,2.234,2.18,-1.35,97.65,97.66,97.8,97.61,-0.01,1090,1090,1090,1090,-1.18,0.692,0.6923,0.6931,0.6911,-0.03,26.62,26.62,26.62,26.62,-1.7,5.255,5.255,5.255,5.255,-0.85,91.7,91.7,91.7,91.7,-0.02
12/26/2019,66.5,66.5,66.5,66.5,0,67.92,67.27,67.99,67.22,1.07,2.285,2.207,2.29,2.207,2.19,97.53,97.62,97.71,97.49,-0.12,1090,1090,1090,1090,-1.18,0.6945,0.6924,0.695,0.6917,0.38,26.62,26.62,26.62,26.62,0,5.25,5.25,5.25,5.25,-0.1,91.61,91.61,91.61,91.61,-0.1
12/27/2019,66.55,66.55,66.55,66.55,0.08,68.16,67.91,68.33,67.57,0.35,2.231,2.273,2.275,2.167,-2.36,96.92,97.54,97.55,96.92,-0.63,1090,1090,1090,1090,-1.18,0.6977,0.6946,0.6989,0.694,0.46,27.25,27.25,27.25,27.25,2.37,5.225,5.225,5.225,5.225,-0.48,91.55,91.55,91.55,91.55,-0.07
12/30/2019,67.7,67.7,67.7,67.7,1.73,68.44,68.2,68.99,68.16,0.41,2.157,2.189,2.199,2.155,-3.32,96.74,97.02,97.02,96.61,-0.19,1090,1090,1090,1090,-1.18,0.6994,0.6978,0.7006,0.6968,0.24,25.63,26.77,26.77,25.75,-5.94,5.25,5.25,5.25,5.25,0.48,91.52,91.52,91.52,91.52,-0.03
12/31/2019,67.7,67.7,67.7,67.7,0,66,66.65,66.93,65.63,-3.57,2.158,2.16,2.177,2.126,0.05,96.39,96.73,96.73,96.36,-0.36,1090,1090,1090,1090,-1.18,0.7021,0.6995,0.7033,0.6993,0.39,25.18,25.67,25.67,25.67,-1.76,5.3,5.3,5.3,5.3,0.95,91.53,91.53,91.53,91.53,0.01
1/2/2020,67.9,67.5,67.5,67.5,0.3,66.25,66.41,66.58,65.72,0.38,2.093,2.152,2.158,2.088,-3.95,96.85,96.48,96.87,96.42,0.48,976,976,976,976,-10.46,0.6993,0.7018,0.7021,0.6977,-0.34,24.9,24.9,24.9,24.9,-1.11,5.25,5.25,5.25,5.25,-0.94,92.58,92.58,92.58,92.58,1.15
1/3/2020,67.5,67.25,67.5,67.25,-0.59,68.6,66.28,69.5,66.22,3.55,2.112,2.1,2.133,2.062,0.91,96.84,96.79,97.11,96.71,-0.01,907,907,907,907,-7.07,0.6951,0.6995,0.7,0.6929,-0.6,25.5,25.34,25.37,25.34,2.41,5.385,5.385,5.385,5.385,2.57,93.41,93.41,93.41,93.41,0.9
1/6/2020,67.25,67.3,67.3,67.3,-0.37,68.91,69.35,70.74,68.21,0.45,2.134,2.095,2.155,2.083,1.04,96.67,96.9,96.9,96.54,-0.18,844,844,844,844,-6.95,0.6939,0.695,0.6959,0.6924,-0.17,24.74,24.95,24.96,24.7,-2.98,5.315,5.315,5.315,5.315,-1.3,93.85,93.85,93.85,93.85,0.47
1/7/2020,67.15,67.2,67.2,67.2,-0.15,68.27,68.63,68.75,67.65,-0.93,2.153,2.144,2.166,2.103,0.89,97,96.65,97.09,96.62,0.34,791,791,791,791,-6.28,0.6868,0.694,0.6944,0.6858,-1.02,25.06,24.59,24.85,24.59,1.29,5.3,5.3,5.3,5.3,-0.28,93.73,93.73,93.73,93.73,-0.13
1/8/2020,67.1,67.5,67.5,67.5,-0.07,65.44,71.22,71.75,64.94,-4.15,2.134,2.148,2.164,2.103,-0.88,97.3,96.83,97.35,96.82,0.31,773,773,773,773,-2.28,0.6865,0.6869,0.6887,0.6848,-0.04,24.6,24.88,24.88,24.57,-1.84,5.31,5.31,5.31,5.31,0.19,94.61,94.61,94.61,94.61,0.94
1/9/2020,68.95,68.95,68.95,68.95,2.76,65.37,66,66.1,64.56,-0.11,2.148,2.138,2.154,2.092,0.66,97.45,97.27,97.56,97.25,0.15,772,772,772,772,-0.13,0.6857,0.6866,0.6882,0.6849,-0.12,25.2,24.84,25.2,24.84,2.44,5.3,5.3,5.3,5.3,-0.19,93.57,93.57,93.57,93.57,-1.1
1/10/2020,70.9,69.85,71.15,69.85,2.83,64.98,65.29,65.66,64.86,-0.6,2.168,2.148,2.184,2.121,0.93,97.36,97.43,97.58,97.3,-0.09,774,774,774,774,0.26,0.6901,0.6858,0.6913,0.6849,0.64,24.73,24.82,24.82,24.71,-1.87,5.3,5.3,5.3,5.3,0,93.56,93.56,93.56,93.56,-0.01
1/13/2020,72.25,72.35,72.35,72.35,1.9,64.2,65.13,65.27,63.92,-1.2,2.158,2.175,2.181,2.125,-0.46,97.34,97.35,97.53,97.31,-0.02,765,765,765,765,-1.16,0.6903,0.6897,0.6921,0.6883,0.03,24.66,24.55,24.73,24.55,-0.28,5.3,5.3,5.3,5.3,0,94.03,94.03,94.03,94.03,0.5
1/14/2020,70.8,70.8,70.8,70.8,-2.01,64.49,64.29,65.05,63.92,0.45,2.151,2.158,2.204,2.139,-0.32,97.37,97.36,97.56,97.33,0.03,763,763,763,763,-0.26,0.69,0.6903,0.691,0.6884,-0.04,24.37,24.28,24.33,24.2,-1.18,5.3,5.3,5.3,5.3,0,94.83,94.83,94.83,94.83,0.85
1/15/2020,70.5,70.5,70.5,70.5,-0.42,64,64.44,64.6,63.55,-0.76,2.083,2.146,2.152,2.08,-3.16,97.23,97.38,97.44,97.16,-0.14,768,768,768,768,0.66,0.6902,0.6901,0.6918,0.6877,0.03,25.04,24.95,25.08,24.82,2.75,5.295,5.295,5.295,5.295,-0.09,94.59,94.59,94.59,94.59,-0.25
1/16/2020,70.45,70.45,70.45,70.45,-0.07,64.62,64.26,64.97,63.9,0.97,2.046,2.097,2.124,2.038,-1.78,97.32,97.18,97.36,97.08,0.09,768,768,768,768,0,0.6898,0.6904,0.6935,0.6887,-0.06,25.37,25.44,25.44,25.12,1.32,4.18,4.18,4.18,4.18,-21.06,94.55,94.55,94.55,94.55,-0.04
1/17/2020,70,70,70,70,-0.64,64.85,64.69,65.6,64.48,0.36,1.985,2.046,2.048,1.977,-2.98,97.64,97.3,97.66,97.27,0.33,754,754,754,754,-1.82,0.6872,0.6898,0.6913,0.687,-0.38,25.97,25.46,25.81,25.46,2.36,4.13,4.13,4.13,4.13,-1.2,94.81,94.81,94.81,94.81,0.27
1/20/2020,69.9,69.9,69.9,69.9,-0.14,65.2,65.98,66,64.92,0.54,1.938,1.905,1.948,1.893,1.73,97.61,97.64,97.73,97.58,-0.03,729,729,729,729,-3.32,0.6872,0.6882,0.689,0.6854,0,25.7,25.81,26.1,25.7,-1.04,4.13,4.13,4.13,4.13,-1.2,94.81,94.81,94.81,94.81,0.27
1/21/2020,69.05,69.05,69.05,69.05,-1.22,64.59,65.26,65.35,64.06,-0.94,1.889,1.963,1.963,1.826,-2.53,97.53,97.63,97.66,97.39,-0.08,689,689,689,689,-5.49,0.6844,0.6874,0.6882,0.6841,-0.41,25.45,25.55,25.95,25.42,-0.97,4.075,4.075,4.075,4.075,-1.33,94.8,94.8,94.8,94.8,-0.01
1/22/2020,67.9,67.9,67.9,67.9,-1.67,63.21,64.57,64.58,62.62,-2.14,1.9,1.902,1.928,1.889,0.58,97.53,97.62,97.69,97.44,0,623,623,623,623,-9.58,0.6844,0.6845,0.6858,0.6826,0,25.55,25.82,26.08,25.52,0.39,4.02,4.02,4.02,4.02,-1.35,94.76,94.76,94.76,94.76,-0.04
1/23/2020,69.1,69.1,69.1,69.1,1.77,62.04,62.68,62.69,61.25,-1.85,1.904,1.908,1.957,1.897,0.21,97.69,97.48,97.8,97.43,0.16,576,576,576,576,-7.54,0.6846,0.6845,0.688,0.6829,0.03,25.21,25.34,25.34,24.88,-1.33,4,4,4,4,-0.5,94.4,94.4,94.4,94.4,-0.38
1/24/2020,69.1,69.1,69.1,69.1,0,60.69,62.01,62.46,60.25,-2.18,1.87,1.914,1.919,1.854,-1.79,97.85,97.72,97.95,97.67,0.16,557,557,557,557,-3.3,0.6828,0.6847,0.6859,0.6816,-0.26,24.87,25.33,25.33,24.8,-1.35,4,4,4,4,0,94.35,94.35,94.35,94.35,-0.05
1/27/2020,69.1,69.1,69.1,69.1,0,59.32,60.23,60.49,58.5,-2.26,1.878,1.91,1.953,1.865,0.43,97.96,97.88,98,97.78,0.11,546,546,546,546,-1.97,0.676,0.6817,0.6829,0.6751,-1,25.05,24.7,24.88,24.6,0.72,4,4,4,4,0,94.01,94.01,94.01,94.01,-0.36
1/28/2020,68.35,68.35,68.35,68.35,-1.09,59.51,59.03,60.12,58.5,0.32,1.908,1.878,1.927,1.86,1.6,98.02,97.95,98.16,97.9,0.06,539,539,539,539,-1.28,0.6762,0.6761,0.6767,0.6737,0.03,25.1,25.05,25.05,25.05,0.2,4,4,4,4,0,93.6,93.6,93.6,93.6,-0.44
1/29/2020,68.6,68.6,68.6,68.6,0.37,59.81,59.86,60.62,59.26,0.5,1.865,1.913,1.922,1.858,-2.25,97.99,97.95,98.19,97.94,-0.03,525,525,525,525,-2.6,0.6753,0.6762,0.6779,0.6735,-0.13,24.43,24.88,24.88,24.44,-2.67,3.9,3.9,3.9,3.9,-2.5,93.34,93.34,93.34,93.34,-0.28
1/30/2020,68.65,68.65,68.65,68.65,0.07,58.29,59.6,59.65,57.71,-2.54,1.872,1.915,1.926,1.864,0.38,97.87,98.03,98.07,97.79,-0.12,498,498,498,498,-5.14,0.6719,0.6754,0.6757,0.6699,-0.5,24.17,24.3,24.34,23.9,-1.06,3.875,3.875,3.875,3.875,-0.64,92.9,92.9,92.9,92.9,-0.47
1/31/2020,68.5,68.5,68.5,68.5,-0.22,58.16,59.3,59.45,57.94,-0.22,1.886,1.872,1.895,1.859,0.75,97.39,97.87,97.97,97.35,-0.49,487,487,487,487,-2.21,0.6691,0.6722,0.6731,0.6682,-0.42,24.31,24.13,24.13,23.95,0.58,4.02,4.02,4.02,4.02,3.74,92.44,92.44,92.44,92.44,-0.5
2/3/2020,66.3,66.3,66.3,66.3,-3.21,54.45,56.16,56.77,54.08,-6.38,1.862,1.895,1.924,1.857,-1.27,97.8,97.37,97.89,97.37,0.42,466,466,466,466,-4.31,0.6691,0.6691,0.6708,0.6681,0,23.63,24.15,24.15,23.42,-2.8,3.73,3.73,3.73,3.73,-7.21,78.33,78.33,78.33,78.33,-15.26
2/4/2020,68.55,68.55,68.55,68.55,3.39,53.96,54.33,55.65,53.69,-0.9,1.902,1.862,1.917,1.847,2.15,97.96,97.82,98.01,97.79,0.16,453,453,453,453,-2.79,0.6737,0.6692,0.6743,0.6678,0.69,23.78,23.69,23.87,23.35,0.63,3.7,3.7,3.7,3.7,-0.8,81.63,81.63,81.63,81.63,4.21
2/5/2020,69.3,69,69.5,69,1.09,55.28,54.05,56.46,54.05,2.45,1.887,1.902,1.909,1.857,-0.79,98.3,97.94,98.32,97.9,0.35,430,430,430,430,-5.08,0.6745,0.6739,0.6776,0.6723,0.12,24.19,23.49,24.26,23.49,1.72,3.6,3.6,3.6,3.6,-2.7,79.87,79.87,79.87,79.87,-2.16
2/6/2020,69.7,69.35,69.75,69.35,0.58,54.93,55.56,56.58,54.25,-0.63,1.887,1.891,1.927,1.857,0,98.5,98.29,98.57,98.21,0.2,431,431,431,431,0.23,0.673,0.6747,0.6766,0.6726,-0.22,23.98,24,24,23.63,-0.87,3.555,3.555,3.555,3.555,-1.25,80.96,80.96,80.96,80.96,1.36
2/7/2020,68.5,69.5,69.5,68.5,-1.72,54.47,55.14,55.4,54.21,-0.84,1.892,1.888,1.915,1.869,0.26,98.68,98.46,98.72,98.42,0.19,415,415,415,415,-3.71,0.6672,0.673,0.6738,0.6661,-0.86,23.75,23.83,24.01,23.7,-0.96,3.57,3.57,3.57,3.57,0.42,81.65,81.65,81.65,81.65,0.85
2/10/2020,68.1,68.1,68.1,68.1,-0.58,53.27,54.2,54.71,53.11,-2.2,1.804,1.85,1.851,1.796,-4.65,98.83,98.7,98.88,98.6,0.15,411,411,411,411,-0.96,0.6686,0.668,0.6708,0.6658,0.21,23.58,23.71,23.71,23.39,-0.72,3.52,3.52,3.52,3.52,-1.4,81.25,81.25,81.25,81.25,-0.49
2/11/2020,68.95,68.95,68.95,68.95,1.25,54.01,53.62,54.69,53.6,1.39,1.823,1.804,1.833,1.788,1.05,98.72,98.86,98.95,98.71,-0.11,418,418,418,418,1.7,0.6713,0.6687,0.6738,0.6681,0.4,23.74,23.72,24.03,23.59,0.68,3.525,3.525,3.525,3.525,0.14,83.36,83.36,83.36,83.36,2.6
2/12/2020,68.9,68.9,68.9,68.9,-0.07,55.79,54.41,56.36,54.39,3.3,1.874,1.819,1.885,1.819,2.8,99.05,98.77,99.05,98.71,0.33,421,421,421,421,0.72,0.6737,0.6714,0.6752,0.6711,0.36,24.31,24,24.22,24,2.4,3.525,3.525,3.525,3.525,0,84.47,84.47,84.47,84.47,1.33
2/13/2020,69.1,69.1,69.1,69.1,0.29,56.34,55.75,56.83,54.96,0.99,1.856,1.868,1.894,1.853,-0.96,99.07,98.99,99.11,98.85,0.02,421,421,421,421,0,0.6718,0.6738,0.6746,0.6706,-0.28,24.82,24.23,24.84,24.13,2.1,3.525,3.525,3.525,3.525,0,85.14,85.14,85.14,85.14,0.79
2/14/2020,69.45,69.45,69.45,69.45,0.51,57.32,56.41,57.53,56.15,1.74,1.856,1.851,1.872,1.831,0,99.12,99.12,99.17,99,0.06,425,425,425,425,0.95,0.6713,0.6718,0.6733,0.6708,-0.07,24.71,25.02,25.02,24.62,-0.44,3.52,3.52,3.52,3.52,-0.14,84.86,84.86,84.86,84.86,-0.33
2/17/2020,69.1,69.1,69.1,69.1,-0.5,57.67,57.29,57.7,56.83,0.61,1.93,1.901,1.946,1.889,1.47,99,99.16,99.21,99,-0.12,434,434,434,434,2.12,0.6713,0.6712,0.6735,0.671,0,25.47,24.64,25.23,24.64,3.08,3.52,3.52,3.52,3.52,-0.14,84.86,84.86,84.86,84.86,-0.33
2/18/2020,68.4,68.6,68.6,68.4,-1.01,57.75,57.35,57.83,56.3,0.14,1.971,1.892,1.974,1.885,2.12,99.44,99.19,99.47,99.14,0.44,450,450,450,450,3.69,0.6684,0.6714,0.6717,0.6673,-0.43,25.56,25.32,25.64,25.25,0.35,2.975,2.975,2.975,2.975,-15.48,85.43,85.43,85.43,85.43,0.67
2/19/2020,68.2,68.3,68.3,68.3,-0.29,59.12,57.6,59.4,57.51,2.37,1.971,1.958,1.986,1.941,0,99.71,99.43,99.72,99.38,0.27,465,465,465,465,3.33,0.6675,0.6687,0.6708,0.6664,-0.13,26.13,25.71,25.91,25.5,2.23,2.995,2.995,2.995,2.995,0.67,85.7,85.7,85.7,85.7,0.32
2/20/2020,68.6,68.6,68.6,68.6,0.59,59.31,59.31,60,58.9,0.32,1.931,1.973,2.024,1.919,-2.03,99.86,99.54,99.91,99.53,0.16,480,480,480,480,3.23,0.6615,0.6674,0.6697,0.6609,-0.9,26.06,26,26.11,25.96,-0.27,2.975,2.975,2.975,2.975,-0.67,86.15,86.15,86.15,86.15,0.53
2/21/2020,67.9,67.9,67.9,67.9,-1.02,58.5,59,59.25,57.73,-1.37,1.917,1.924,1.93,1.874,-0.73,99.26,99.86,99.87,99.23,-0.6,497,497,497,497,3.54,0.6627,0.6614,0.6641,0.6585,0.18,26.03,25.89,25.94,25.85,-0.12,2.995,2.995,2.995,2.995,0.67,86.42,86.42,86.42,86.42,0.31
2/24/2020,68,68,68,68,0.15,56.3,57.85,57.86,55.13,-3.76,1.843,1.891,1.893,1.839,-3.86,99.36,99.34,99.64,99.11,0.1,506,506,506,506,1.81,0.6604,0.6629,0.6629,0.6582,-0.35,25,25.51,25.51,24.87,-3.96,2.875,2.875,2.875,2.875,-4.01,86.56,86.56,86.56,86.56,0.16
2/25/2020,67.9,67.9,67.9,67.9,-0.15,54.95,56.46,56.98,54.62,-2.4,1.851,1.853,1.879,1.833,0.43,98.97,99.33,99.39,98.88,-0.39,508,508,508,508,0.4,0.6602,0.6605,0.6624,0.6585,-0.03,24.62,24.99,25,24.62,-1.52,2.9,2.9,2.9,2.9,0.87,86.73,86.73,86.73,86.73,0.2
2/26/2020,67.75,67.75,67.75,67.75,-0.22,53.43,55.13,55.45,53.03,-2.77,1.837,1.852,1.886,1.82,-0.76,99,99.08,99.27,98.91,0.03,517,517,517,517,1.77,0.6543,0.6606,0.6608,0.6541,-0.89,24.69,24.5,24.76,24.21,0.28,3.005,3.005,3.005,3.005,3.62,86.67,86.67,86.67,86.67,-0.07
2/27/2020,67.9,67.9,67.9,67.9,0.22,52.18,53.18,53.25,50.97,-2.34,1.8,1.872,1.874,1.766,-2.01,98.51,99.02,99.05,98.36,-0.49,529,529,529,529,2.32,0.6568,0.6544,0.6594,0.6542,0.38,24.02,24.35,24.37,23.94,-2.71,2.975,2.975,2.975,2.975,-1,86.58,86.58,86.58,86.58,-0.1
2/28/2020,67.4,67.4,67.4,67.4,-0.74,50.52,51.42,51.52,50.05,-3.18,1.732,1.795,1.796,1.694,-3.78,98.13,98.42,98.66,97.96,-0.38,535,535,535,535,1.13,0.6509,0.6569,0.6587,0.6434,-0.9,24.02,23.61,24.01,23.61,0,2.96,2.96,2.96,2.96,-0.5,86.46,86.46,86.46,86.46,-0.14
3/2/2020,66.35,66.25,66.35,66.25,-1.56,51.9,48.95,53.2,48.4,2.73,1.797,1.739,1.806,1.729,3.75,97.36,98.12,98.12,97.18,-0.79,539,539,539,539,0.75,0.6539,0.6488,0.657,0.6457,0.46,23.93,24.42,24.51,23.82,-0.37,3.05,3.05,3.05,3.05,3.04,87.1,87.1,87.1,87.1,0.74
3/3/2020,66.2,66.05,66.05,66.05,-0.23,51.86,53.47,53.9,51.22,-0.08,1.838,1.804,1.876,1.794,2.28,97.15,97.56,97.69,96.98,-0.21,549,549,549,549,1.86,0.6582,0.6536,0.6647,0.6508,0.66,23.77,23.82,24.14,23.71,-0.67,3.075,3.075,3.075,3.075,0.82,87.14,87.14,87.14,87.14,0.05
3/4/2020,65.75,66,66,65.3,-0.68,51.13,52.11,53.03,51.04,-1.41,1.865,1.839,1.881,1.822,1.47,97.34,97.17,97.59,97.12,0.19,562,562,562,562,2.37,0.6626,0.6583,0.6629,0.6576,0.67,24.24,23.74,24.37,23.74,1.98,3.075,3.075,3.075,3.075,0,89.63,89.63,89.63,89.63,2.86
3/5/2020,66.4,66.2,66.6,66.2,0.99,49.99,51.66,52.04,49.7,-2.23,1.813,1.872,1.884,1.796,-2.79,96.82,97.38,97.44,96.51,-0.53,599,599,599,599,6.58,0.6613,0.6627,0.6638,0.6584,-0.2,24.21,24.28,24.28,24.28,-0.12,3.085,3.085,3.085,3.085,0.33,90.12,90.12,90.12,90.12,0.55
3/6/2020,65.9,65.75,66,65.75,-0.75,45.27,50.25,50.45,45.18,-9.44,1.748,1.803,1.804,1.745,-3.59,95.95,96.61,96.7,95.71,-0.9,617,617,617,617,3.01,0.6651,0.6613,0.6659,0.6584,0.57,23.83,23.91,24,23.85,-1.57,3.115,3.115,3.115,3.115,0.97,89.18,89.18,89.18,89.18,-1.04
3/9/2020,65.15,64.7,65,64.6,-1.14,34.36,38.28,38.34,31.02,-24.1,1.819,1.72,1.874,1.657,4.06,94.89,96.11,95.79,94.65,-1.1,616,616,616,616,-0.16,0.6586,0.6622,0.6687,0.6321,-0.98,23.68,23.57,23.57,22.9,-0.63,3.1,3.1,3.1,3.1,-0.48,88.07,88.07,88.07,88.07,-1.24
3/10/2020,65.3,65.3,65.35,65.25,0.23,37.22,35.84,38.22,35,8.32,1.985,1.876,2.002,1.836,9.13,96.41,95.34,96.58,95.23,1.6,627,627,627,627,1.79,0.6505,0.659,0.6614,0.6463,-1.23,24.5,23.75,24.39,23.75,3.46,3.115,3.115,3.115,3.115,0.48,90.15,90.15,90.15,90.15,2.36
3/11/2020,65.65,65.35,65.35,65.35,0.54,35.79,37.27,39.7,35.35,-3.84,1.921,1.979,2.044,1.906,-3.22,96.51,96.33,96.69,95.91,0.1,631,631,631,631,0.64,0.6484,0.6508,0.6541,0.6479,-0.32,24.34,24.35,24.35,24,-0.65,3.13,3.13,3.13,3.13,0.48,89.59,89.59,89.59,89.59,-0.62
3/12/2020,65.4,65.1,65.1,65.05,-0.38,33.22,35.99,36.46,32.5,-7.18,1.885,1.923,1.924,1.801,-1.87,97.47,96.65,98.31,96.08,1,633,633,633,633,0.32,0.6234,0.6485,0.6494,0.6213,-3.86,22.96,24.23,24.23,22.95,-5.67,3.14,3.14,3.14,3.14,0.32,89.48,89.48,89.48,89.48,-0.12
3/13/2020,65.8,66,66,65.9,0.61,33.85,32.85,36.15,32.5,1.9,1.901,1.851,1.986,1.836,0.85,98.75,97.45,98.81,97.33,1.31,631,631,631,631,-0.32,0.6182,0.6236,0.6328,0.6122,-0.83,22.38,23.34,23.34,22.4,-2.53,3.14,3.14,3.14,3.14,0,90.13,90.13,90.13,90.13,0.73
3/16/2020,65.55,66.1,66.1,66,-0.38,30.05,35.82,35.84,29.45,-11.23,1.853,1.891,1.891,1.814,-2.52,98.07,98.7,98.7,97.45,-0.69,623,623,623,623,-1.27,0.6117,0.6136,0.6312,0.608,-1.05,19.98,22,22,19.67,-10.72,3.405,3.405,3.405,3.405,8.44,89.99,89.99,89.99,89.99,-0.16
3/17/2020,66.05,66,66,66,0.76,28.73,30.14,31.25,28.5,-4.39,1.769,1.831,1.86,1.752,-4.53,99.57,98.14,99.83,97.98,1.54,612,612,612,612,-1.77,0.5998,0.6117,0.615,0.5958,-1.95,19.05,20.4,20.4,18.74,-4.65,3.455,3.455,3.455,3.455,1.47,89.95,89.95,89.95,89.95,-0.04
3/18/2020,66.1,66.05,66.1,66.05,0.08,24.88,28.4,29.21,24.52,-13.4,1.647,1.762,1.766,1.594,-6.9,101.16,99.38,101.74,99.15,1.59,629,629,629,629,2.78,0.5771,0.5999,0.6029,0.57,-3.78,16.12,18.12,18.12,16.01,-15.38,3.4,3.4,3.4,3.4,-1.59,90.44,90.44,90.44,90.44,0.54
3/19/2020,66.15,66.2,66.35,66.1,0.08,28.47,27.19,29.42,24.96,14.43,1.726,1.683,1.732,1.649,4.8,102.75,100.79,102.94,100.77,1.58,630,630,630,630,0.16,0.5741,0.5771,0.5964,0.5507,-0.52,17.19,16.9,17.4,16.23,6.64,3.4,3.4,3.4,3.4,0,89.97,89.97,89.97,89.97,-0.52
3/20/2020,66.3,66.2,66.25,66.2,0.23,26.98,28.1,30.94,26.81,-5.23,1.675,1.723,1.772,1.646,-2.95,102.82,102.94,102.99,101.09,0.06,625,625,625,625,-0.79,0.5798,0.5742,0.5988,0.5664,0.99,16.84,17.42,17.69,16.81,-2.04,3.43,3.43,3.43,3.43,0.88,89.57,89.57,89.57,89.57,-0.44
3/23/2020,66.05,66.1,66.1,66.05,-0.38,27.03,26.75,27.54,24.68,0.19,1.673,1.612,1.702,1.587,-0.12,102.49,101.95,102.98,101.65,-0.32,617,617,617,617,-1.28,0.5827,0.5799,0.5846,0.57,0.5,16.28,15.6,16.38,15.15,-3.33,3.25,3.25,3.25,3.25,-5.25,88.55,88.55,88.55,88.55,-1.14
3/24/2020,66.5,66.5,66.5,66.5,0.68,27.15,27.72,28.65,26.69,0.44,1.729,1.66,1.752,1.656,3.35,102.04,102.13,102.21,101.05,-0.44,603,603,603,603,-2.27,0.5957,0.5832,0.5976,0.5811,2.23,17.5,16.91,17.85,16.7,7.49,3.15,3.15,3.15,3.15,-3.08,88.46,88.46,88.46,88.46,-0.1
3/25/2020,66.35,66.2,66.4,66.2,-0.23,27.39,27.8,28.29,25.68,0.88,1.714,1.741,1.782,1.697,-0.87,101.05,101.6,101.91,100.84,-0.97,582,582,582,582,-3.48,0.5958,0.5957,0.6074,0.5931,0.02,18.21,17.6,18.29,16.87,4.06,2.955,2.955,2.955,2.955,-6.19,88.77,88.77,88.77,88.77,0.35
3/26/2020,66.5,66.5,66.5,66.5,0.23,26.34,27.35,27.75,26.03,-3.83,1.689,1.725,1.743,1.672,-1.46,99.35,100.96,101.02,99.24,-1.68,569,569,569,569,-2.23,0.6063,0.596,0.6089,0.587,1.76,18.06,17.52,18.29,17.31,-0.82,2.975,2.975,2.975,2.975,0.68,88.6,88.6,88.6,88.6,-0.19
3/27/2020,66.65,66.65,66.65,66.65,0.23,24.93,26.68,27,24.13,-5.35,1.671,1.699,1.71,1.648,-1.07,98.36,99.29,99.81,98.27,-0.99,556,556,556,556,-2.28,0.6165,0.6065,0.6201,0.6022,1.68,17.11,17.38,17.57,17.09,-5.26,2.975,2.975,2.975,2.975,0,88.49,88.49,88.49,88.49,-0.12
3/30/2020,69,69,69.15,69,3.53,22.76,23.85,24.44,21.65,-8.7,1.794,1.737,1.81,1.714,7.36,99.18,98.31,99.32,98.29,0.83,548,548,548,548,-1.44,0.6172,0.6148,0.6185,0.6112,0.11,17.78,17.22,18,17.22,3.92,2.88,2.88,2.88,2.88,-3.19,88.22,88.22,88.22,88.22,-0.31
3/31/2020,67.85,68.6,68.6,67.5,-1.67,22.74,23,23.87,22.59,-0.09,1.756,1.8,1.834,1.751,-2.12,99.05,99.25,99.95,98.89,-0.13,626,626,626,626,14.23,0.6135,0.617,0.6215,0.6079,-0.6,18.42,18.21,18.7,18.17,3.6,2.875,2.875,2.875,2.875,-0.17,88.02,88.02,88.02,88.02,-0.23
4/1/2020,66.7,67.25,67.3,67.25,-1.69,24.74,25.99,26.28,24.52,8.8,1.712,1.753,1.786,1.702,-2.51,99.67,99.01,99.84,98.91,0.63,624,624,624,624,-0.32,0.607,0.6133,0.6174,0.6039,-1.06,17.84,17.95,17.96,17.66,-3.15,2.87,2.87,2.87,2.87,-0.17,80.34,80.34,80.34,80.34,-8.73
4/2/2020,66.2,67,67,65.45,-0.75,29.94,25.61,36.29,25.45,21.02,1.672,1.715,1.746,1.649,-2.34,100.18,99.51,100.41,99.33,0.51,624,624,624,624,0,0.6059,0.607,0.6121,0.6006,-0.18,18.82,18.28,18.68,18,5.49,2.86,2.86,2.86,2.86,-0.35,81.73,81.73,81.73,81.73,1.73
4/3/2020,66.05,65.6,65.6,65.6,-0.23,34.11,29.89,35,28.25,13.93,1.738,1.672,1.777,1.651,3.95,100.58,100.2,100.85,100.14,0.4,616,616,616,616,-1.28,0.5995,0.606,0.6077,0.598,-1.06,18.73,18.9,19.12,18.78,-0.48,2.845,2.845,2.845,2.845,-0.52,82.38,82.38,82.38,82.38,0.8
4/6/2020,64.15,64.15,64.15,64.15,-2.88,33.05,31.76,34.24,30.03,-3.11,1.844,1.768,1.865,1.745,6.1,100.68,100.66,100.93,100.47,0.11,604,604,604,604,-1.95,0.6086,0.6011,0.6107,0.5991,1.52,21.17,19.2,21.11,19.2,13.03,2.85,2.85,2.85,2.85,0.18,82.49,82.49,82.49,82.49,0.13
4/7/2020,63.8,64.5,64.5,64.5,-0.55,31.87,33.66,34.18,31.74,-3.57,1.949,1.879,2.002,1.861,5.69,99.9,100.75,100.79,99.77,-0.78,596,596,596,596,-1.32,0.6166,0.6088,0.6209,0.6075,1.31,21.3,21.67,22.45,21.21,0.61,2.805,2.805,2.805,2.805,-1.58,81.9,81.9,81.9,81.9,-0.72
4/8/2020,62.65,62.65,62.65,62.65,-1.8,32.84,32.63,33.87,31.54,3.04,1.896,2,2.007,1.884,-2.72,100.12,99.91,100.43,99.9,0.22,607,607,607,607,1.85,0.6226,0.617,0.6246,0.6115,0.97,21.93,21.3,21.91,20.87,2.96,2.81,2.81,2.81,2.81,0.18,82.87,82.87,82.87,82.87,1.18
4/9/2020,63.6,63.6,63.6,63.6,1.52,31.48,33.82,36.4,31.18,-4.14,1.863,1.898,1.93,1.843,-1.74,99.52,100.13,100.3,99.36,-0.6,635,635,635,635,4.61,0.6337,0.6228,0.6363,0.6195,1.78,21.86,22.22,22.49,21.82,-0.32,2.805,2.805,2.805,2.805,-0.18,83.35,83.35,83.35,83.35,0.58
4/13/2020,63.6,63.6,63.6,63.6,0,31.74,33.99,33.99,30.63,0.83,1.879,1.882,1.937,1.842,0.86,99.35,99.49,99.63,99.14,-0.17,635,635,635,635,4.61,0.6381,0.6346,0.641,0.6325,0.49,21.86,22.22,22.49,21.82,-0.32,2.805,2.805,2.805,2.805,0,83.84,83.84,83.84,83.84,0.59
4/14/2020,62.75,62.75,62.75,62.75,-1.34,29.6,32.25,32.32,29.38,-6.74,1.826,1.883,1.9,1.81,-2.82,98.89,99.38,99.43,98.82,-0.46,679,679,679,679,6.93,0.644,0.6383,0.6446,0.6374,0.92,20.57,21.22,21.33,20.53,-5.9,2.8,2.8,2.8,2.8,-0.18,84.25,84.25,84.25,84.25,0.49
4/15/2020,62.25,62.4,62.4,62.4,-0.8,27.69,30.26,30.33,27.16,-6.45,1.748,1.819,1.831,1.738,-4.27,99.46,98.82,99.98,98.82,0.58,706,706,706,706,3.98,0.6318,0.6442,0.6445,0.6283,-1.89,20.02,20.34,20.45,19.74,-2.67,2.795,2.795,2.795,2.795,-0.18,84.22,84.22,84.22,84.22,-0.04
4/16/2020,61.9,61.9,61.9,61.9,-0.56,27.82,28.05,29,27.2,0.47,1.845,1.743,1.877,1.705,5.55,100.03,99.63,100.3,99.61,0.57,726,726,726,726,2.83,0.6328,0.6319,0.6334,0.6264,0.16,21.69,20.45,21.86,20.45,8.34,2.47,2.47,2.47,2.47,-11.63,84.04,84.04,84.04,84.04,-0.21
4/17/2020,62,61.5,61.5,61.5,0.16,28.08,28.66,28.93,27.58,0.93,1.903,1.852,1.96,1.819,3.14,99.78,99.86,100.29,99.62,-0.24,751,751,751,751,3.44,0.6364,0.6326,0.6385,0.6314,0.57,22.48,23,23,22.11,3.64,2.345,2.345,2.345,2.345,-5.06,84.17,84.17,84.17,84.17,0.15
4/20/2020,61.5,61.5,61.5,61.5,-0.81,25.57,28.05,28.25,25.37,-8.94,2.049,1.93,2.085,1.86,7.67,99.96,99.71,100.07,99.65,0.17,757,757,757,757,0.8,0.6335,0.6357,0.6399,0.6333,-0.46,22.15,22.2,22.28,21.84,-1.47,2.27,2.27,2.27,2.27,-3.2,84.43,84.43,84.43,84.43,0.31
4/21/2020,61.25,61.25,61.25,61.25,-0.41,19.33,26.33,26.5,17.51,-24.4,1.984,2.066,2.1,1.937,-3.17,100.26,99.94,100.48,99.93,0.3,728,728,728,728,-3.83,0.628,0.6336,0.6348,0.6253,-0.87,20.64,21.41,21.48,20.68,-6.82,2.105,2.105,2.105,2.105,-7.27,83.92,83.92,83.92,83.92,-0.6
4/22/2020,61.15,61,61,61,-0.16,20.37,20.23,22.45,15.98,5.38,2.053,1.991,2.077,1.928,3.48,100.39,100.21,100.5,99.9,0.13,694,694,694,694,-4.67,0.6323,0.628,0.6353,0.6276,0.68,21.45,20.41,22.03,20.28,3.92,2.075,2.075,2.075,2.075,-1.43,84.13,84.13,84.13,84.13,0.25
4/23/2020,60.95,60.95,60.95,60.95,-0.33,21.33,20.89,23.22,20.07,4.71,1.942,2.041,2.071,1.931,-5.41,100.43,100.45,100.69,100.04,0.04,672,672,672,672,-3.17,0.6369,0.6324,0.6407,0.6283,0.73,21.82,21.23,21.85,21.23,1.72,2.05,2.05,2.05,2.05,-1.2,84.04,84.04,84.04,84.04,-0.11
4/24/2020,61.1,61.1,61.1,61.1,0.25,21.44,21.93,22.7,20.5,0.52,1.895,1.955,1.988,1.865,-2.42,100.38,100.5,100.87,100.19,-0.05,665,665,665,665,-1.04,0.6385,0.637,0.6399,0.6336,0.25,21.53,21.5,21.91,21.38,-1.33,2.025,2.025,2.025,2.025,-1.22,83.98,83.98,83.98,83.98,-0.07
4/27/2020,50.5,50.9,50.9,50.5,-17.35,19.99,21.55,21.91,19.11,-6.76,1.916,1.867,1.927,1.765,1.11,100.04,100.23,100.32,99.83,-0.34,661,661,661,661,-0.6,0.6464,0.6387,0.6473,0.6378,1.24,21.09,21.74,21.74,20.75,-2.04,1.995,1.995,1.995,1.995,-1.48,83.96,83.96,83.96,83.96,-0.02
4/28/2020,51.25,50.5,51.15,50.5,1.49,20.46,19.9,21.29,18.73,2.35,1.948,1.92,2.018,1.884,1.67,99.86,100.06,100.21,99.45,-0.18,655,655,655,655,-0.91,0.649,0.6465,0.6516,0.6433,0.4,21.04,20.93,21.5,20.82,-0.24,2,2,2,2,0.25,83.88,83.88,83.88,83.88,-0.1
4/29/2020,51.25,51.25,51.4,51,0,22.54,20.66,23.88,20.53,10.17,2.091,2.186,2.198,2.085,7.34,99.57,99.88,99.89,99.46,-0.3,643,643,643,643,-1.83,0.6555,0.6491,0.6559,0.6486,1,21,21.29,21.4,20.86,-0.19,2,2,2,2,0,83.83,83.83,83.83,83.83,-0.06
4/30/2020,52.35,52,52,51.95,2.15,25.27,22.87,25.76,22.87,12.11,2.17,2.104,2.175,2.055,3.78,99.02,99.48,99.72,98.81,-0.55,635,635,635,635,-1.24,0.651,0.6558,0.6571,0.649,-0.69,20.39,21.22,21.22,20.09,-2.9,2.005,2.005,2.005,2.005,0.25,83.84,83.84,83.84,83.84,0.01
5/1/2020,51.25,51.5,51.5,51.25,-2.1,26.44,26.95,27.88,25.76,4.63,2.134,2.161,2.225,2.119,-1.66,99.08,99.13,99.21,98.64,0.06,617,617,617,617,-2.83,0.6418,0.6511,0.6513,0.6409,-1.41,19.8,19.9,19.98,19.85,-2.89,2,2,2,2,-0.25,82.5,82.5,82.5,82.5,-1.6
5/4/2020,50.6,50.5,50.5,50.5,-1.27,27.2,26.1,28.08,25.5,2.87,2.23,2.195,2.241,2.168,4.5,99.48,98.57,99.6,98.57,0.41,598,598,598,598,-3.08,0.6426,0.6421,0.6436,0.6372,0.12,20.18,19.81,20.11,19.61,1.92,2,2,2,2,0,82.15,82.15,82.15,82.15,-0.42
5/5/2020,50.5,50.5,50.5,50.5,-0.2,30.97,28.1,32.06,27.77,13.86,2.312,2.231,2.364,2.227,3.68,99.71,99.51,99.97,99.3,0.23,575,575,575,575,-3.85,0.643,0.6429,0.6478,0.6416,0.06,19.92,20.4,20.5,19.7,-1.29,2.02,2.02,2.02,2.02,1,83.06,83.06,83.06,83.06,1.11
5/6/2020,51.2,51,51.6,50.95,1.39,29.72,32.27,32.27,28.66,-4.04,2.171,2.267,2.287,2.162,-6.1,100.09,99.79,100.2,99.75,0.38,534,534,534,534,-7.13,0.64,0.6431,0.6454,0.6393,-0.47,19.83,19.71,20,19.59,-0.45,2.02,2.02,2.02,2.02,0,83.29,83.29,83.29,83.29,0.28
5/7/2020,51.15,51.3,51.4,51.2,-0.1,29.46,29.64,31.84,29.08,-0.87,2.127,2.179,2.199,2.116,-2.03,99.89,100.21,100.4,99.81,-0.2,514,514,514,514,-3.75,0.6494,0.64,0.6506,0.6377,1.47,20.35,19.7,20.4,19.7,2.62,2.025,2.025,2.025,2.025,0.25,85.93,85.93,85.93,85.93,3.17
5/8/2020,51.15,51.15,51.15,51.15,0,30.97,29.6,31.14,29.43,5.13,2.077,2.126,2.141,2.066,-2.35,99.73,99.84,99.94,99.1,-0.16,514,514,514,514,-3.75,0.6529,0.6494,0.6549,0.6492,0.54,20.17,20.44,20.45,20.02,-0.88,2.03,2.03,2.03,2.03,0.25,86.84,86.84,86.84,86.84,1.06
5/11/2020,51.7,51.7,51.7,51.7,1.08,29.63,30.7,31.47,29.35,-4.33,2.085,2.089,2.125,2.064,0.39,100.24,99.12,100.28,99.12,0.5,474,474,474,474,-7.78,0.6488,0.6529,0.6563,0.6456,-0.63,19.86,19.88,19.94,19.74,-1.54,2.04,2.04,2.04,2.04,0.49,86.69,86.69,86.69,86.69,-0.17
5/12/2020,52,52,52,52,0.58,29.98,30.07,30.7,29.35,1.18,1.965,2.096,2.103,1.938,-5.76,99.93,100.23,100.44,99.66,-0.3,433,433,433,433,-8.65,0.6469,0.649,0.6537,0.6431,-0.29,19.31,19.63,19.88,19.3,-2.77,2.115,2.115,2.115,2.115,3.68,87.81,87.81,87.81,87.81,1.29
5/13/2020,52.4,52.4,52.4,52.4,0.77,29.19,29.35,30.55,28.86,-2.64,1.856,1.95,1.975,1.838,-5.55,100.24,100.01,100.28,99.58,0.31,398,398,398,398,-8.08,0.6454,0.6473,0.6526,0.6437,-0.23,19.46,19.28,19.59,19.2,0.78,2.115,2.115,2.115,2.115,0,88.35,88.35,88.35,88.35,0.61
5/14/2020,51.75,52.4,52.4,51.75,-1.24,31.13,29.52,31.55,28.88,6.65,1.884,1.882,1.928,1.851,1.51,100.47,100.19,100.56,100.15,0.22,393,393,393,393,-1.26,0.6461,0.6452,0.6469,0.6403,0.11,19.62,19.28,19.64,19.26,0.82,2.11,2.11,2.11,2.11,-0.24,88.74,88.74,88.74,88.74,0.44
5/15/2020,50.95,51.9,51.9,51.5,-1.55,32.5,31.52,32.91,30.94,4.4,1.833,1.87,1.92,1.822,-2.71,100.4,100.26,100.49,100.08,-0.06,407,407,407,407,3.56,0.6414,0.6462,0.6476,0.6401,-0.73,19.96,20,20,19.85,1.73,2.105,2.105,2.105,2.105,-0.24,89.5,89.5,89.5,89.5,0.86
5/18/2020,51.4,51.4,51.4,51.4,0.88,34.81,32.78,35.72,32.69,7.11,1.959,1.903,2.02,1.878,6.87,99.67,100.36,100.47,99.58,-0.73,427,427,427,427,4.91,0.6523,0.6425,0.6528,0.6409,1.7,21.14,20.3,21.16,20.2,5.91,2.28,2.28,2.28,2.28,8.31,91.49,91.49,91.49,91.49,2.22
5/19/2020,51.8,51.8,51.8,51.8,0.78,34.65,35.66,35.76,34.2,-0.46,1.985,1.951,2.027,1.942,1.33,99.37,99.62,99.73,99.23,-0.29,453,453,453,453,6.09,0.6536,0.6523,0.6586,0.651,0.2,20.76,21,21.1,20.75,-1.8,2.215,2.215,2.215,2.215,-2.85,90.65,90.65,90.65,90.65,-0.92
5/20/2020,52.05,52,52,52,0.48,35.75,34.45,36.46,34.38,3.17,1.909,1.963,2.023,1.885,-3.83,99.12,99.55,99.56,99,-0.25,477,477,477,477,5.3,0.6597,0.6538,0.6618,0.6525,0.93,22.06,20.99,22.07,20.98,6.26,2.195,2.195,2.195,2.195,-0.9,91.13,91.13,91.13,91.13,0.53
5/21/2020,51.9,51.9,51.9,51.9,-0.29,36.06,35.82,36.98,35.75,0.87,1.852,1.91,1.916,1.832,-2.99,99.37,99.18,99.51,99.02,0.25,494,494,494,494,3.56,0.6564,0.6598,0.6601,0.6548,-0.5,21.97,22.27,22.27,21.93,-0.41,2.095,2.095,2.095,2.095,-4.56,91.2,91.2,91.2,91.2,0.08
5/22/2020,51.95,51.95,51.95,51.95,0.1,35.13,36.18,36.23,33.54,-2.58,1.881,1.87,1.903,1.832,1.57,99.86,99.42,99.87,99.39,0.5,498,498,498,498,0.81,0.6535,0.6565,0.6578,0.6506,-0.44,22.19,21.65,22.17,21.39,1,2.005,2.005,2.005,2.005,-4.3,91.42,91.42,91.42,91.42,0.24
5/25/2020,51.95,51.95,51.95,51.95,0,35.53,34.98,35.97,34.46,1.14,1.864,1.863,1.886,1.843,0.05,99.86,99.79,99.97,99.69,0,498,498,498,498,0.81,0.6544,0.652,0.6552,0.6518,0.14,22.38,22.24,22.39,22.08,0.86,2.005,2.005,2.005,2.005,-4.3,91.42,91.42,91.42,91.42,0.24
5/26/2020,52.4,52.4,52.4,52.4,0.87,36.17,35.66,36.68,35.26,1.8,1.945,1.882,1.95,1.842,4.35,98.91,99.76,99.77,98.9,-0.96,506,506,506,506,1.61,0.6651,0.6544,0.6677,0.6537,1.64,22.4,22.36,22.95,22.21,0.09,2.1,2.1,2.1,2.1,4.74,91.64,91.64,91.64,91.64,0.24
5/27/2020,52.5,52.5,52.5,52.5,0.19,34.74,35.93,36.16,33.98,-3.95,1.886,1.935,1.979,1.867,-3.03,99.06,99.02,99.34,98.72,0.16,502,502,502,502,-0.79,0.662,0.6653,0.6681,0.6569,-0.47,22.13,22.23,22.23,22.05,-1.21,2,2,2,2,-4.76,91.81,91.81,91.81,91.81,0.19
5/28/2020,52.25,52.25,52.25,52.25,-0.48,35.29,33.92,35.95,33.62,1.58,1.919,1.963,1.978,1.902,1.75,98.38,98.91,99.09,98.35,-0.69,489,489,489,489,-2.59,0.6635,0.6621,0.6668,0.6587,0.23,22.04,22.01,22.06,21.7,-0.41,2.02,2.02,2.02,2.02,1,92.05,92.05,92.05,92.05,0.26
5/29/2020,52,52,52,52,-0.48,35.33,35.15,35.37,34.06,0.11,1.94,1.912,1.951,1.862,1.09,98.34,98.51,98.55,97.94,-0.04,504,504,504,504,3.07,0.6666,0.6637,0.6685,0.6611,0.47,22.18,22.24,22.6,22.13,0.64,2.065,2.065,2.065,2.065,2.23,92.54,92.54,92.54,92.54,0.53
6/1/2020,55.65,55.65,55.65,55.65,7.02,38.32,37.56,38.68,37.18,8.46,1.871,1.905,1.935,1.84,-3.56,97.83,98.3,98.32,97.79,-0.52,520,520,520,520,3.17,0.6797,0.6657,0.6805,0.6646,1.97,21.75,22.07,22.07,21.74,-1.94,2,2,2,2,-3.15,99.16,99.16,99.16,99.16,7.15
6/2/2020,55.55,55.5,55.5,55.5,-0.18,39.57,38.34,39.75,38.26,3.26,1.876,1.874,1.897,1.856,0.27,97.67,97.84,97.91,97.43,-0.16,546,546,546,546,5,0.6894,0.6798,0.69,0.6774,1.43,22.84,22.06,22.86,22.06,5.01,2.105,2.105,2.105,2.105,5.25,100.67,100.67,100.67,100.67,1.52
6/3/2020,55.8,56,56,55.5,0.45,39.79,39.75,40.53,38.76,0.56,1.915,1.871,1.95,1.871,2.08,97.28,97.57,97.63,97.18,-0.41,592,592,592,592,8.42,0.6919,0.6896,0.6985,0.6856,0.36,22.85,22.82,22.82,22.46,0.04,2.1,2.1,2.1,2.1,-0.24,100.4,100.4,100.4,100.4,-0.27
6/4/2020,55.2,55.5,55.5,55.1,-1.08,39.99,39.6,40.1,39.04,0.5,1.917,1.901,1.943,1.889,0.1,96.68,97.32,97.63,96.57,-0.62,632,632,632,632,6.76,0.6942,0.6916,0.6989,0.6882,0.33,22.98,22.72,22.87,22.59,0.57,2.07,2.07,2.07,2.07,-1.43,98.85,98.85,98.85,98.85,-1.54
6/5/2020,55.6,55.6,55.6,55.6,0.72,42.3,39.84,42.48,39.72,5.78,1.886,1.916,1.96,1.881,-1.62,96.94,96.74,97.03,96.44,0.27,679,679,679,679,7.44,0.6968,0.6942,0.7014,0.693,0.37,24.02,22.94,23.91,22.8,4.53,2.07,2.07,2.07,2.07,0,100.26,100.26,100.26,100.26,1.43
6/8/2020,54.85,55,55,54.9,-1.35,40.8,42.4,43.41,40.68,-3.55,1.892,1.9,1.91,1.853,0.32,96.62,96.84,97.07,96.6,-0.33,698,698,698,698,2.8,0.7019,0.697,0.703,0.6961,0.73,23.48,23.52,23.63,23.47,-2.25,2.07,2.07,2.07,2.07,0,103.41,103.41,103.41,103.41,3.14
6/9/2020,53.7,54.4,54.4,54,-2.1,41.18,41.1,41.45,39.85,0.93,1.863,1.905,1.921,1.853,-1.53,96.32,96.63,97.06,96.23,-0.3,714,714,714,714,2.29,0.6961,0.7019,0.7043,0.6898,-0.83,23.24,23.32,23.37,23.11,-1.02,2.06,2.06,2.06,2.06,-0.48,102.98,102.98,102.98,102.98,-0.42
6/10/2020,53.05,53.3,53.3,53,-1.21,41.73,40.72,41.99,40.14,1.34,1.87,1.86,1.895,1.772,0.38,95.96,96.43,96.46,95.72,-0.38,764,764,764,764,7,0.6997,0.6964,0.7063,0.6931,0.52,23.68,23.06,23.23,23.02,1.89,2.07,2.07,2.07,2.07,0.49,102.89,102.89,102.89,102.89,-0.09
6/11/2020,52.9,52.9,52.9,52.9,-0.28,38.55,40.95,41.01,37.82,-7.62,1.9,1.877,1.915,1.855,1.6,96.73,96.09,96.83,95.95,0.81,839,839,839,839,9.82,0.6854,0.6998,0.7006,0.6839,-2.04,23.04,23.14,23.15,23.02,-2.7,2.07,2.07,2.07,2.07,0,102.75,102.75,102.75,102.75,-0.14
6/12/2020,53,53,53,53,0.19,38.73,37.88,39.45,37.01,0.47,1.815,1.899,1.906,1.811,-4.47,97.32,96.81,97.45,96.49,0.61,923,923,923,923,10.01,0.6862,0.6857,0.6913,0.6799,0.12,22.78,22.9,22.9,22.66,-1.13,2.065,2.065,2.065,2.065,-0.24,103.59,103.59,103.59,103.59,0.82
6/15/2020,53.4,53.4,53.4,53.4,0.75,39.72,38.8,39.9,37.24,2.56,1.76,1.84,1.844,1.755,-3.03,96.71,97.09,97.39,96.6,-0.63,973,973,973,973,5.42,0.6918,0.6841,0.6927,0.6776,0.82,22.93,22.44,22.95,22.43,0.66,2.063,2.063,2.063,2.063,-0.1,103.07,103.07,103.07,103.07,-0.5
6/16/2020,53.35,53.35,53.35,53.35,-0.09,40.96,39.94,41.65,38.95,3.12,1.701,1.762,1.774,1.692,-3.35,96.96,96.56,97.25,96.43,0.26,1054,1054,1054,1054,8.32,0.6884,0.6919,0.6978,0.6834,-0.49,23.55,23.49,24,23.49,2.7,2.25,2.25,2.25,2.25,9.06,103.46,103.46,103.46,103.46,0.38
6/17/2020,53.35,53.35,53.35,53.35,0,40.71,40.61,41.46,40.03,-0.61,1.727,1.7,1.736,1.688,1.53,97.16,97.01,97.34,96.8,0.21,1246,1246,1246,1246,18.22,0.6883,0.6892,0.6924,0.6852,-0.01,23.52,23.61,23.66,23.23,-0.13,2.2,2.2,2.2,2.2,-2.22,103.18,103.18,103.18,103.18,-0.27
6/18/2020,52.95,52.95,52.95,52.95,-0.75,41.51,40.43,41.64,40.06,1.97,1.728,1.726,1.748,1.701,0.06,97.42,97.08,97.58,96.95,0.27,1527,1527,1527,1527,22.55,0.6851,0.6882,0.6903,0.6835,-0.46,25.23,23.54,25.13,23.5,7.27,2.2,2.2,2.2,2.2,0,103.05,103.05,103.05,103.05,-0.13
6/19/2020,53.1,53.1,53.1,53.1,0.28,42.19,41.72,42.92,41.03,1.64,1.748,1.726,1.766,1.719,1.16,97.62,97.42,97.72,97.16,0.21,1555,1555,1555,1555,1.83,0.6832,0.6851,0.6913,0.6829,-0.28,24.92,25.04,25.3,24.83,-1.23,2.22,2.22,2.22,2.22,0.91,103.04,103.04,103.04,103.04,-0.01
6/22/2020,53.1,53.1,53.1,53.1,0,43.08,41.74,43.18,41.58,2.11,1.738,1.758,1.787,1.719,-0.57,97.04,97.66,97.74,97,-0.6,1558,1558,1558,1558,0.19,0.6905,0.6842,0.6924,0.6804,1.07,25.28,24.56,25.34,24.56,1.44,2.25,2.25,2.25,2.25,1.35,102.93,102.93,102.93,102.93,-0.11
6/23/2020,53,53,53,53,-0.19,42.63,43.21,43.93,42.21,-1.04,1.691,1.731,1.735,1.682,-2.7,96.65,96.93,97.25,96.39,-0.4,1617,1617,1617,1617,3.79,0.6929,0.6909,0.6976,0.6858,0.35,26.15,25.29,26.2,25.28,3.44,2.3,2.3,2.3,2.3,2.22,102.85,102.85,102.85,102.85,-0.08
6/24/2020,52.85,52.85,52.85,52.85,-0.28,40.31,42.45,42.89,39.63,-5.44,1.661,1.688,1.715,1.652,-1.77,97.15,96.66,97.24,96.55,0.52,1705,1705,1705,1705,5.44,0.6872,0.6935,0.6963,0.6863,-0.82,26.14,25.8,26.42,25.55,-0.04,2.24,2.24,2.24,2.24,-2.61,103.12,103.12,103.12,103.12,0.26
6/25/2020,53.25,53.25,53.25,53.25,0.76,41.05,40.35,41.64,39.47,1.84,1.546,1.661,1.661,1.517,-6.92,97.43,97.24,97.6,97.16,0.29,1738,1738,1738,1738,1.94,0.6885,0.6873,0.6894,0.6847,0.19,25.92,25.9,26.08,25.58,-0.84,2.22,2.22,2.22,2.22,-0.89,103.08,103.08,103.08,103.08,-0.04
6/26/2020,53.5,53.5,53.5,53.5,0.47,41.02,41.44,41.81,40.29,-0.07,1.544,1.526,1.569,1.517,-0.13,97.43,97.35,97.68,97.26,0,1749,1749,1749,1749,0.63,0.686,0.6887,0.6897,0.684,-0.36,25.46,25.98,26.12,25.66,-1.77,2.2,2.2,2.2,2.2,-0.9,103.23,103.23,103.23,103.23,0.15
6/29/2020,52.7,52.7,52.7,52.7,-1.5,41.71,40.56,41.95,40.04,1.68,1.754,1.621,1.799,1.616,13.6,97.54,97.5,97.65,97.11,0.11,1794,1794,1794,1794,2.57,0.6864,0.6864,0.6892,0.6841,0.06,27.35,25.59,27.17,25.5,7.42,2.2,2.2,2.2,2.2,0,103.06,103.06,103.06,103.06,-0.16
6/30/2020,52.15,52.5,52.5,51.8,-1.04,41.15,41.33,41.62,40.9,-1.34,1.789,1.742,1.831,1.739,2,97.39,97.4,97.8,97.23,-0.15,1799,1799,1799,1799,0.28,0.6902,0.6865,0.6913,0.6832,0.55,27.68,27.15,27.9,26.89,1.21,2.15,2.15,2.15,2.15,-2.27,102.95,102.95,102.95,102.95,-0.11
7/1/2020,51.6,51.6,51.6,51.4,-1.05,42.03,41.58,42.62,41.03,2.14,1.721,1.792,1.792,1.7,-3.8,97.2,97.39,97.62,97.03,-0.2,1803,1803,1803,1803,0.22,0.6914,0.6903,0.6945,0.6877,0.17,28.42,27.55,28.8,27.47,2.67,2.2,2.2,2.2,2.2,2.33,98.01,98.01,98.01,98.01,-4.8
7/2/2020,52.6,53,53,52.5,1.94,43.14,41.84,43.23,41.73,2.64,1.785,1.747,1.791,1.724,3.72,97.32,97.14,97.34,96.81,0.12,1823,1823,1823,1823,1.11,0.6922,0.6916,0.6954,0.6901,0.12,28.09,28.05,28.57,28.03,-1.16,2.2,2.2,2.2,2.2,0,98.94,98.94,98.94,98.94,0.95
7/3/2020,52.45,52.5,52.5,52.4,-0.29,42.8,42.76,42.99,42.32,-0.79,1.746,1.723,1.75,1.715,-2.18,97.17,97.21,97.36,97.12,-0.15,1894,1894,1894,1894,3.89,0.6937,0.6921,0.6951,0.6913,0.22,28.64,27.6,28.63,27.57,1.96,2.2,2.2,2.2,2.2,0,98.94,98.94,98.94,98.94,0.95
7/6/2020,52.65,52.65,52.65,52.6,0.38,43.1,42.79,43.71,42.74,0.7,1.893,1.786,1.903,1.781,8.42,96.72,97.15,97.19,96.57,-0.46,1956,1956,1956,1956,3.27,0.6973,0.6936,0.6989,0.6924,0.52,30.43,29.45,30.32,29.45,6.25,2.195,2.195,2.195,2.195,-0.23,101.54,101.54,101.54,101.54,2.63
7/7/2020,53,53.25,53.25,53,0.66,43.08,43.13,43.45,42.46,-0.05,1.939,1.893,1.989,1.893,2.43,96.88,96.75,97.15,96.6,0.16,1949,1949,1949,1949,-0.36,0.6946,0.6972,0.6999,0.6922,-0.39,30.12,30.25,30.52,30,-1.02,2.195,2.195,2.195,2.195,0,103.04,103.04,103.04,103.04,1.48
7/8/2020,52.55,52.5,52.5,52.5,-0.85,43.29,42.81,43.47,42.75,0.49,1.876,1.944,1.948,1.868,-3.25,96.43,96.99,97.05,96.4,-0.47,1849,1849,1849,1849,-5.13,0.6982,0.6947,0.6987,0.6927,0.52,30.06,29.5,29.56,29.05,-0.2,2.19,2.19,2.19,2.19,-0.23,105.03,105.03,105.03,105.03,1.93
7/9/2020,52.4,52.55,52.55,52.55,-0.29,42.35,43.3,43.5,41.94,-2.17,1.821,1.872,1.934,1.816,-2.93,96.7,96.45,96.81,96.24,0.28,1810,1810,1810,1810,-2.11,0.6963,0.6983,0.7002,0.695,-0.27,29.37,30.03,30.03,29.16,-2.3,2.17,2.17,2.17,2.17,-0.91,104.61,104.61,104.61,104.61,-0.4
7/10/2020,52.4,52.4,52.4,52.35,0,43.24,42.36,43.42,41.32,2.1,1.847,1.822,1.874,1.787,1.43,96.65,96.75,96.97,96.44,-0.05,1810,1810,1810,1810,0,0.6948,0.6964,0.697,0.6923,-0.22,29.78,28.96,29.01,28.61,1.4,2.175,2.175,2.175,2.175,0.23,105.59,105.59,105.59,105.59,0.94
7/13/2020,52.2,52.25,52.25,52.25,-0.38,42.72,43.12,43.34,42.14,-1.2,1.797,1.828,1.854,1.78,-2.71,96.46,96.66,96.68,96.27,-0.19,1792,1792,1792,1792,-0.99,0.6939,0.6953,0.6995,0.6939,-0.13,30.14,30.11,31.35,29.99,1.21,2.155,2.155,2.155,2.155,-0.92,106.93,106.93,106.93,106.93,1.27
7/14/2020,52.5,52.7,52.7,52.7,0.57,42.9,42.24,43.22,41.8,0.42,1.787,1.789,1.813,1.765,-0.56,96.26,96.54,96.7,96.18,-0.21,1742,1742,1742,1742,-2.79,0.6974,0.694,0.6979,0.6921,0.5,30.46,30.2,30.45,29.7,1.06,2.16,2.16,2.16,2.16,0.23,107.45,107.45,107.45,107.45,0.49
7/15/2020,52.6,52.65,52.65,52.6,0.19,43.79,43.07,43.85,42.7,2.07,1.818,1.787,1.831,1.769,1.73,96.08,96.17,96.25,95.78,-0.18,1696,1696,1696,1696,-2.64,0.7007,0.6972,0.7039,0.6969,0.47,29.7,30.92,31.24,29.84,-2.5,2.164,2.164,2.164,2.164,0.19,107.57,107.57,107.57,107.57,0.11
7/16/2020,52.35,52.25,52.25,52.1,-0.48,43.37,43.71,43.8,43.14,-0.96,1.776,1.825,1.845,1.758,-2.31,96.35,96,96.4,95.89,0.28,1699,1699,1699,1699,0.18,0.6969,0.7006,0.7014,0.6963,-0.54,27.67,29.75,30.2,27.8,-6.84,2.5,2.5,2.5,2.5,15.53,107.2,107.2,107.2,107.2,-0.34
7/17/2020,52.2,52.2,52.25,52.15,-0.29,43.14,43.4,43.45,42.64,-0.53,1.765,1.78,1.796,1.743,-0.62,95.94,96.28,96.33,95.9,-0.42,1710,1710,1710,1710,0.65,0.6995,0.6972,0.7007,0.6967,0.37,28.76,28.12,28.59,27.74,3.94,2.505,2.505,2.505,2.505,0.2,107.22,107.22,107.22,107.22,0.02
7/20/2020,52,52,52,52,-0.38,43.28,43.08,43.45,42.36,0.32,1.684,1.748,1.748,1.646,-4.59,95.83,96.01,96.18,95.73,-0.11,1678,1678,1678,1678,-1.87,0.7013,0.6992,0.7019,0.6972,0.26,27.1,27.8,27.96,26.89,-5.77,2.45,2.45,2.45,2.45,-2.2,107.18,107.18,107.18,107.18,-0.04
7/21/2020,52.05,52.3,52.3,52.3,0.1,44.32,43.17,44.89,43.16,2.4,1.714,1.685,1.719,1.659,1.78,95.12,95.75,95.92,95.05,-0.75,1594,1594,1594,1594,-5.01,0.7127,0.7014,0.7148,0.701,1.63,27.51,27.85,27.85,26.93,1.51,2.475,2.475,2.475,2.475,1.02,107.58,107.58,107.58,107.58,0.37
7/22/2020,52.1,52.1,52.1,52.1,0.1,44.29,44.03,44.4,43.62,-0.07,1.718,1.708,1.735,1.66,0.23,94.99,95.13,95.41,94.83,-0.14,1473,1473,1473,1473,-7.59,0.7138,0.7128,0.7184,0.7111,0.15,27.53,27.15,27.66,26.8,0.07,2.5,2.5,2.5,2.5,1.01,108.04,108.04,108.04,108.04,0.43
7/23/2020,51.95,51.95,51.95,51.95,-0.29,43.31,44.1,44.77,43.13,-2.21,1.835,1.731,1.852,1.716,6.81,94.69,94.98,95.18,94.59,-0.31,1388,1388,1388,1388,-5.77,0.7097,0.7141,0.7163,0.709,-0.57,28.23,27.65,28.26,27.47,2.54,2.57,2.57,2.57,2.57,2.8,107.78,107.78,107.78,107.78,-0.24
7/24/2020,52,52.1,52.1,52,0.1,43.34,43.27,43.9,42.79,0.07,1.867,1.832,1.871,1.793,1.74,94.43,94.77,94.83,94.33,-0.27,1317,1317,1317,1317,-5.12,0.7103,0.7098,0.7126,0.7063,0.08,27.27,27.78,27.79,27.12,-3.4,2.595,2.595,2.595,2.595,0.97,107.69,107.69,107.69,107.69,-0.08
7/27/2020,52.25,52.25,52.25,52.25,0.48,43.41,43.35,43.77,42.39,0.16,1.786,1.856,1.86,1.767,-4.34,93.67,94.35,94.42,93.48,-0.81,1293,1293,1293,1293,-1.82,0.7149,0.7095,0.7151,0.7085,0.65,25.91,27,27,25.8,-4.99,2.685,2.685,2.685,2.685,3.47,107.46,107.46,107.46,107.46,-0.21
7/28/2020,51.8,51.8,51.8,51.8,-0.86,43.22,43.55,43.84,43,-0.44,1.864,1.784,1.867,1.777,4.37,93.7,93.58,94.01,93.49,0.03,1264,1264,1264,1264,-2.24,0.7157,0.7149,0.7178,0.7112,0.11,26.67,26.33,26.63,25.95,2.93,2.7,2.7,2.7,2.7,0.56,107.72,107.72,107.72,107.72,0.24
7/29/2020,51.8,51.8,51.8,51.8,0,43.75,43.31,43.95,43.2,1.23,1.93,1.856,1.937,1.826,3.54,93.45,93.75,93.8,93.18,-0.26,1317,1317,1317,1317,4.19,0.7186,0.7158,0.7197,0.7148,0.41,27.13,26.75,27.26,26.7,1.72,2.66,2.66,2.66,2.66,-1.48,107.88,107.88,107.88,107.88,0.15
7/30/2020,51.9,51.9,51.9,51.9,0.19,42.94,43.73,43.8,41.38,-1.85,1.991,2.079,2.079,1.977,3.16,93.02,93.32,93.68,92.93,-0.46,1348,1348,1348,1348,2.35,0.7193,0.7185,0.7199,0.712,0.1,26.48,26.96,26.96,26.09,-2.4,2.615,2.615,2.615,2.615,-1.69,108.05,108.05,108.05,108.05,0.16
7/31/2020,51.95,51.95,51.95,51.95,0.1,43.3,43.29,43.44,43.05,0.84,1.957,1.993,2.026,1.941,-1.71,93.35,92.82,93.54,92.55,0.35,1350,1350,1350,1350,0.15,0.7142,0.7194,0.7229,0.7132,-0.71,27.22,26.78,27.69,26.77,2.79,2.56,2.56,2.56,2.56,-2.1,108.9,108.9,108.9,108.9,0.79
8/3/2020,52.6,52.6,52.6,52.6,1.25,44.15,43.53,44.46,42.89,1.96,2.239,2.009,2.291,2.003,14.41,93.54,93.46,93.99,93.32,0.21,1385,1385,1385,1385,2.59,0.7123,0.7146,0.7155,0.7076,-0.27,27.08,27.45,27.45,26.5,-0.51,2.685,2.685,2.685,2.685,4.88,114.21,114.21,114.21,114.21,4.88
8/4/2020,52.45,52.45,52.45,52.45,-0.29,44.43,43.84,44.82,43.24,0.63,2.334,2.239,2.338,2.197,4.24,93.38,93.56,93.83,93.23,-0.17,1385,1385,1385,1385,2.59,0.716,0.7126,0.7169,0.7105,0.52,27.75,27.27,27.77,27.05,2.47,2.685,2.685,2.685,2.685,0,115.55,115.55,115.55,115.55,1.17
8/5/2020,51.6,52.4,52.4,52,-1.62,45.17,44.28,46.23,44.24,1.67,2.331,2.324,2.395,2.3,-0.13,92.87,93.23,93.25,92.56,-0.55,1385,1385,1385,1385,2.59,0.7191,0.7161,0.7243,0.7152,0.43,27.69,27.64,27.8,27.64,-0.22,2.73,2.73,2.73,2.73,1.68,116.27,116.27,116.27,116.27,0.62
8/6/2020,50.2,50.2,50.2,50.2,-2.71,45.09,45.32,45.71,44.85,-0.18,2.305,2.347,2.422,2.277,-1.12,92.79,92.77,93.09,92.52,-0.09,1385,1385,1385,1385,2.59,0.7233,0.7192,0.7241,0.7173,0.58,27.3,27.8,28.27,27.34,-1.41,2.775,2.775,2.775,2.775,1.65,118.89,118.89,118.89,118.89,2.25
8/7/2020,51.2,51.2,51.2,51.2,1.99,44.4,45.15,45.3,44.27,-1.53,2.376,2.297,2.389,2.283,3.08,93.43,92.81,93.62,92.76,0.7,1501,1501,1501,1501,8.38,0.7157,0.7233,0.7245,0.7144,-1.05,27.32,27.05,27.58,26.89,0.07,2.785,2.785,2.785,2.785,0.36,118.07,118.07,118.07,118.07,-0.69
8/10/2020,50.5,50.5,50.5,50.5,-1.37,44.99,44.66,45.26,44.37,1.33,2.287,2.385,2.401,2.254,-3.75,93.58,93.39,93.69,93.3,0.16,1506,1506,1506,1506,0.33,0.7149,0.7161,0.7185,0.714,-0.11,27.6,27.96,27.96,27.31,1.02,2.84,2.84,2.84,2.84,1.97,118.34,118.34,118.34,118.34,0.23
8/11/2020,49.9,49.5,49.5,49.5,-1.19,44.5,45.05,45.79,44.39,-1.09,2.311,2.294,2.356,2.27,1.05,93.63,93.6,93.74,93.17,0.05,1510,1510,1510,1510,0.27,0.7142,0.7151,0.7191,0.7135,-0.1,27.08,27.96,27.96,27.03,-1.88,2.875,2.875,2.875,2.875,1.23,119.28,119.28,119.28,119.28,0.79
8/12/2020,49.5,49.85,49.85,49.85,-0.8,45.43,44.62,45.63,44.49,2.09,2.297,2.286,2.308,2.228,-0.61,93.44,93.68,93.9,93.27,-0.2,1540,1540,1540,1540,1.99,0.7162,0.7143,0.7177,0.7109,0.28,26.87,26.65,26.93,26.49,-0.78,2.88,2.88,2.88,2.88,0.17,120.19,120.19,120.19,120.19,0.76
8/13/2020,49.9,49.85,49.9,49.85,0.81,44.96,45.32,45.58,44.82,-1.03,2.324,2.294,2.347,2.282,1.18,93.33,93.36,93.39,92.93,-0.12,1577,1577,1577,1577,2.4,0.7148,0.716,0.7189,0.7135,-0.2,26.3,26.86,27.05,26.22,-2.12,2.885,2.885,2.885,2.885,0.17,119.86,119.86,119.86,119.86,-0.27
8/14/2020,50.4,50.25,50.25,50.25,1,44.8,45.29,45.29,44.47,-0.36,2.495,2.328,2.514,2.312,7.36,93.1,93.22,93.41,93.01,-0.26,1595,1595,1595,1595,1.14,0.7171,0.7149,0.7177,0.7131,0.32,26.36,26.32,26.37,25.94,0.23,2.898,2.898,2.898,2.898,0.45,120.14,120.14,120.14,120.14,0.23
8/17/2020,50.45,50.4,50.4,50.4,0.1,45.37,44.86,45.41,44.53,1.27,2.476,2.525,2.525,2.44,-0.76,92.85,93.1,93.12,92.77,-0.26,1598,1598,1598,1598,0.19,0.7214,0.7164,0.7229,0.716,0.6,27.17,26.5,27.23,25.95,3.07,4.175,4.175,4.175,4.175,44.06,120.46,120.46,120.46,120.46,0.27
8/18/2020,50.45,50.45,50.45,50.45,0,45.46,45.27,45.55,44.76,0.2,2.556,2.481,2.598,2.439,3.23,92.27,92.82,92.82,92.13,-0.62,1586,1586,1586,1586,-0.75,0.724,0.7215,0.7266,0.7208,0.36,27.41,27.2,27.66,27.05,0.88,4.22,4.22,4.22,4.22,1.08,122.75,122.75,122.75,122.75,1.9
8/19/2020,50.25,50.25,50.25,50.25,-0.4,45.37,45.17,45.48,44.81,-0.2,2.563,2.554,2.593,2.513,0.27,92.89,92.28,93.05,92.15,0.67,1568,1568,1568,1568,-1.13,0.7181,0.7244,0.7277,0.7179,-0.81,27.08,27.39,27.6,27.03,-1.2,4.09,4.09,4.09,4.09,-3.08,122.47,122.47,122.47,122.47,-0.23
8/20/2020,50.1,50.1,50.1,50.1,-0.3,44.9,45.14,45.18,44.02,-1.04,2.503,2.569,2.577,2.495,-2.34,92.79,92.96,93.24,92.73,-0.1,1518,1518,1518,1518,-3.19,0.7191,0.7181,0.7204,0.7135,0.14,26.75,27,27.1,26.52,-1.22,3.925,3.925,3.925,3.925,-4.03,123.74,123.74,123.74,123.74,1.04
8/21/2020,49.8,49.8,49.8,49.8,-0.6,44.35,45.03,45.08,43.59,-1.22,2.573,2.502,2.588,2.424,2.8,93.25,92.72,93.47,92.57,0.49,1481,1481,1481,1481,-2.44,0.7161,0.7193,0.7217,0.7139,-0.42,26.48,26.5,26.51,26.18,-1.01,3.705,3.705,3.705,3.705,-5.61,122.79,122.79,122.79,122.79,-0.77
8/24/2020,49.7,49.7,49.7,49.7,-0.2,45.13,44.5,45.18,44.29,1.76,2.616,2.585,2.658,2.514,1.67,93.3,93.2,93.34,92.84,0.05,1491,1491,1491,1491,0.68,0.7161,0.7155,0.7206,0.7151,0,28.32,27.5,28.13,27.43,6.95,3.905,3.905,3.905,3.905,5.4,122.57,122.57,122.57,122.57,-0.18
8/25/2020,49.75,49.75,49.75,49.75,0.1,45.86,45.12,46.07,45.08,1.62,2.596,2.616,2.649,2.568,-0.76,93.02,93.28,93.35,92.97,-0.3,1518,1518,1518,1518,1.81,0.7194,0.7163,0.7199,0.715,0.46,29.46,28.7,29.57,28.39,4.03,4.025,4.025,4.025,4.025,3.07,122.34,122.34,122.34,122.34,-0.19
8/26/2020,49.7,49.7,49.7,49.7,-0.1,45.64,45.97,46.1,45.54,-0.48,2.574,2.579,2.654,2.519,-0.85,93.01,93.02,93.36,92.85,-0.01,1509,1509,1509,1509,-0.59,0.7231,0.7196,0.7241,0.7187,0.51,29.48,29.38,30.01,29.21,0.07,4.105,4.105,4.105,4.105,1.99,122.46,122.46,122.46,122.46,0.1
8/27/2020,49.8,49.8,49.8,49.8,0.2,45.09,45.7,45.87,44.56,-1.21,2.71,2.527,2.715,2.491,5.28,93,92.85,93.32,92.42,0,1504,1504,1504,1504,-0.33,0.7258,0.7232,0.7292,0.7217,0.37,29.23,29.45,29.78,29,-0.85,3.975,3.975,3.975,3.975,-3.17,122.39,122.39,122.39,122.39,-0.06
8/28/2020,49.75,49.9,49.9,49.9,-0.1,45.05,45.1,45.3,44.8,-0.09,2.916,2.945,2.973,2.883,7.6,92.37,93.02,93.1,92.2,-0.68,1488,1488,1488,1488,-1.06,0.7366,0.7264,0.737,0.7254,1.49,30.38,29.87,30.69,29.82,3.93,4.225,4.225,4.225,4.225,6.29,122.45,122.45,122.45,122.45,0.05
8/31/2020,51.95,51.5,51.5,51.5,4.42,45.28,45.8,46.53,45.21,0.51,2.92,2.882,2.944,2.811,0.14,92.14,92.3,92.48,91.99,-0.25,1488,1488,1488,1488,-1.06,0.7375,0.7357,0.7404,0.734,0.12,29.53,30.43,30.43,29.57,-2.8,4.225,4.225,4.225,4.225,0,122.53,122.53,122.53,122.53,0.07
9/1/2020,51.4,51.5,51.5,51.3,-1.06,45.58,45.6,46.22,45.47,0.66,2.901,2.918,2.965,2.857,-0.65,92.34,92.18,92.4,91.75,0.21,1471,1471,1471,1471,-1.14,0.7371,0.7377,0.7414,0.7359,-0.05,28.61,29.43,29.43,28.62,-3.12,4.3,4.3,4.3,4.3,1.78,123.68,123.68,123.68,123.68,0.94
9/2/2020,50.6,51,51,50.6,-1.56,44.43,45.83,46.05,44.2,-2.52,2.931,2.899,2.975,2.837,1.03,92.85,92.28,92.87,92.21,0.55,1445,1445,1445,1445,-1.77,0.7338,0.7372,0.7383,0.7301,-0.45,29.06,28.85,29.25,28.55,1.57,4.225,4.225,4.225,4.225,-1.74,126.06,126.06,126.06,126.06,1.92
9/3/2020,49.7,50.25,50.25,49.7,-1.78,44.07,44.65,44.65,43.15,-0.81,2.927,2.929,2.971,2.895,-0.14,92.74,92.66,93.07,92.65,-0.12,1395,1395,1395,1395,-3.46,0.7272,0.7334,0.7341,0.7265,-0.9,29.53,28.9,29.73,28.9,1.62,4.34,4.34,4.34,4.34,2.72,128.38,128.38,128.38,128.38,1.84
9/4/2020,49,49.4,49.4,49,-1.41,42.66,43.76,44.54,42.3,-3.2,2.987,2.924,3.002,2.882,2.05,92.72,92.8,93.24,92.66,-0.02,1362,1362,1362,1362,-2.37,0.7279,0.7273,0.73,0.7222,0.1,28.13,29.28,29.71,28.06,-4.74,4.225,4.225,4.225,4.225,-2.65,127.53,127.53,127.53,127.53,-0.66
9/7/2020,48.5,48.5,48.5,48.5,-1.02,42.01,42.2,42.43,41.51,-1.52,2.541,2.562,2.567,2.494,-0.78,92.72,92.97,93.09,92.72,0,1349,1349,1349,1349,-0.95,0.7274,0.7282,0.73,0.727,-0.07,27.81,28.27,28.27,27.47,-1.14,4.225,4.225,4.225,4.225,-2.65,127.53,127.53,127.53,127.53,-0.66
9/8/2020,48.75,48.4,48.75,48.4,0.52,39.78,42.08,42.23,39.31,-5.31,2.892,2.982,2.99,2.851,13.81,93.44,93.05,93.52,93,0.78,1328,1328,1328,1328,-1.56,0.7214,0.7277,0.7311,0.721,-0.82,27.53,28.49,28.58,27.48,-1.01,4.32,4.32,4.32,4.32,2.25,128.03,128.03,128.03,128.03,0.39
9/9/2020,48.8,48.85,48.85,48.85,0.1,40.79,39.65,41.2,39.37,2.54,2.873,2.861,2.927,2.822,-0.66,93.25,93.58,93.66,93.14,-0.2,1296,1296,1296,1296,-2.41,0.7282,0.7215,0.7289,0.7192,0.94,27.94,27.04,27.99,27.04,1.49,4.25,4.25,4.25,4.25,-1.62,126.78,126.78,126.78,126.78,-0.98
9/10/2020,49.75,50,50.5,50,1.95,40.06,40.58,40.96,39.71,-1.79,2.798,2.856,2.874,2.787,-2.61,93.34,93.23,93.45,92.7,0.09,1269,1269,1269,1269,-2.08,0.7256,0.7282,0.7326,0.7247,-0.36,29.15,28.26,28.96,28.12,4.33,4.31,4.31,4.31,4.31,1.41,126.77,126.77,126.77,126.77,-0.01
9/11/2020,50.75,50.5,51,50.4,2.01,39.83,39.96,40.34,39.38,-0.57,2.744,2.797,2.807,2.723,-1.93,93.33,93.33,93.38,93.1,0,1267,1267,1267,1267,-0.16,0.7283,0.7256,0.7307,0.7251,0.37,28.99,29.19,29.19,28.27,-0.55,4.31,4.31,4.31,4.31,0,127.43,127.43,127.43,127.43,0.52
9/14/2020,50.75,50.75,50.75,50.75,0,39.61,39.78,40.09,39.3,-0.55,2.74,2.767,2.833,2.716,-0.15,93.05,93.29,93.33,92.87,-0.3,1282,1282,1282,1282,1.18,0.7288,0.7278,0.7305,0.7264,0.07,31.2,29.35,31.23,29.28,7.62,4.31,4.31,4.31,4.31,0,128.86,128.86,128.86,128.86,1.12
9/15/2020,51,50.75,51,50.7,0.49,40.53,39.7,40.82,39.39,2.32,2.741,2.738,2.767,2.7,0.04,93.05,93.06,93.14,92.79,0,1289,1289,1289,1289,0.55,0.7301,0.7291,0.7344,0.7267,0.18,30.53,31.38,31.4,30.47,-2.15,4.308,4.308,4.308,4.308,-0.05,128.01,128.01,128.01,128.01,-0.66
9/16/2020,51.5,51.25,51.5,51.25,0.98,42.22,40.72,42.44,40.59,4.17,2.664,2.732,2.775,2.64,-2.81,93.21,93.08,93.28,92.78,0.18,1281,1281,1281,1281,-0.62,0.7305,0.7302,0.7347,0.7278,0.05,30.71,30.6,30.75,29.92,0.59,4.895,4.895,4.895,4.895,13.63,126.01,126.01,126.01,126.01,-1.56
9/17/2020,51.9,51.95,52.1,51.95,0.78,43.3,42.32,43.5,41.5,2.56,2.577,2.658,2.665,2.496,-3.27,92.97,93.15,93.59,92.87,-0.26,1294,1294,1294,1294,1.01,0.7312,0.7308,0.7317,0.7253,0.1,29.13,30.15,30.23,29.07,-5.14,4.845,4.845,4.845,4.845,-1.02,126.59,126.59,126.59,126.59,0.46
9/18/2020,52.05,52.1,52.2,52.1,0.29,43.15,43.22,43.8,42.53,-0.35,2.633,2.556,2.654,2.521,2.17,92.93,92.86,93.01,92.77,-0.05,1296,1296,1296,1296,0.15,0.7289,0.7313,0.7335,0.7282,-0.31,28.68,29.45,29.47,28.71,-1.54,4.845,4.845,4.845,4.845,0,127.09,127.09,127.09,127.09,0.39
9/21/2020,52.45,52.3,52.65,52.3,0.77,41.44,43.01,43.3,40.96,-3.96,2.71,2.588,2.738,2.576,2.92,93.66,93,93.78,92.75,0.79,1314,1314,1314,1314,1.39,0.7223,0.7307,0.7326,0.7199,-0.91,27.05,28.47,28.47,26.95,-5.68,4.78,4.78,4.78,4.78,-1.34,126.01,126.01,126.01,126.01,-0.85
9/22/2020,52.7,52.7,52.75,52.6,0.48,41.72,41.79,42.2,41.21,0.68,2.597,2.732,2.742,2.561,-4.17,93.99,93.55,94.08,93.46,0.35,1364,1364,1364,1364,3.81,0.7174,0.7226,0.7237,0.7153,-0.68,28.47,27.32,27.7,26.49,5.25,4.835,4.835,4.835,4.835,1.15,125.73,125.73,125.73,125.73,-0.22
9/23/2020,52.75,52.75,52.75,52.75,0.09,41.77,41.67,42.62,41.21,0.12,2.794,2.58,2.841,2.518,7.59,94.39,93.99,94.43,93.93,0.43,1426,1426,1426,1426,4.55,0.7074,0.7175,0.7179,0.7068,-1.39,27.12,28.42,28.42,27.13,-4.74,4.95,4.95,4.95,4.95,2.38,124.79,124.79,124.79,124.79,-0.75
9/24/2020,52.8,52.8,52.8,52.8,0.09,41.94,41.36,42.02,41.27,0.41,2.899,2.821,2.928,2.775,3.76,94.35,94.38,94.59,94.2,-0.04,1605,1605,1605,1605,12.55,0.7045,0.7072,0.7083,0.7016,-0.41,27.4,26.9,27.4,26.73,1.03,4.95,4.95,4.95,4.95,0,123.97,123.97,123.97,123.97,-0.66
9/25/2020,52.8,52.8,52.8,52.8,0,41.92,41.85,42.33,41.52,-0.05,2.807,2.865,2.918,2.791,-3.17,94.64,94.32,94.74,94.19,0.31,1667,1667,1667,1667,3.86,0.7027,0.7046,0.7088,0.7006,-0.26,26.75,27.3,27.3,26.63,-2.37,4.975,4.975,4.975,4.975,0.51,123.81,123.81,123.81,123.81,-0.13
9/28/2020,59,58.75,58.75,58.7,11.74,42.43,41.87,42.62,41.48,1.22,2.795,2.785,2.823,2.704,-0.43,94.28,94.58,94.64,94.15,-0.38,1654,1654,1654,1654,-0.78,0.707,0.7028,0.7076,0.7009,0.61,28.28,27,28.27,26.7,5.72,5.075,5.075,5.075,5.075,2.01,124.21,124.21,124.21,124.21,0.32
9/29/2020,58.65,58.65,58.65,58.65,-0.59,41.03,42.47,42.52,40.43,-3.3,3.118,3.247,3.267,3.07,11.56,93.89,94.24,94.3,93.82,-0.41,1658,1658,1658,1658,0.24,0.7127,0.7071,0.714,0.7068,0.81,27.36,28.01,28.12,27.35,-3.25,5.1,5.1,5.1,5.1,0.49,124.02,124.02,124.02,124.02,-0.15
9/30/2020,58.6,58.5,58.5,58.25,-0.09,40.95,40.66,40.98,40.3,-0.19,3.117,3.082,3.166,3.039,-0.03,93.89,93.85,94.19,93.67,0,1725,1725,1725,1725,4.04,0.7161,0.713,0.7177,0.71,0.48,27.5,27.18,27.67,27.12,0.51,5.05,5.05,5.05,5.05,-0.98,123.98,123.98,123.98,123.98,-0.03
10/1/2020,58.6,58.6,58.6,58.6,0,40.93,42.17,42.56,39.92,-0.05,3.062,3.133,3.176,3.015,-1.76,93.71,93.8,93.92,93.53,-0.19,1869,1869,1869,1869,8.35,0.7183,0.7163,0.7211,0.7154,0.31,27.07,27.66,27.69,26.83,-1.56,5.035,5.035,5.035,5.035,-0.3,121.43,121.43,121.43,121.43,-2.06
10/2/2020,57.55,58.25,58.25,57.6,-1.79,39.27,40.65,40.77,38.79,-4.06,2.991,3.022,3.038,2.922,-2.32,93.84,93.73,94.03,93.69,0.14,2020,2020,2020,2020,8.08,0.7162,0.7184,0.7191,0.713,-0.29,27.59,26.96,27.95,26.65,1.92,5.025,5.025,5.025,5.025,-0.2,120.6,120.6,120.6,120.6,-0.68
10/5/2020,58.1,58.1,58.1,58.1,0.96,41.29,39.19,41.78,39.14,5.14,3.161,2.989,3.217,2.989,5.68,93.51,93.81,93.87,93.37,-0.35,2071,2071,2071,2071,2.52,0.7179,0.7158,0.7195,0.7154,0.24,27.49,27.4,27.74,27.2,-0.36,5.05,5.05,5.05,5.05,0.5,121.03,121.03,121.03,121.03,0.36
10/6/2020,58.1,58.1,58.1,58.1,0,42.65,41.41,42.84,41.22,3.29,3.096,3.156,3.229,3.088,-2.06,93.69,93.43,93.85,93.33,0.18,2097,2097,2097,2097,1.26,0.7104,0.7181,0.721,0.71,-1.04,27.34,27.48,27.54,27,-0.55,5.05,5.05,5.05,5.05,0,121.84,121.84,121.84,121.84,0.67
10/7/2020,58,57.95,57.95,57.95,-0.17,41.99,41.85,42.42,41.36,-1.55,3.149,3.08,3.221,3.06,1.71,93.63,93.83,93.9,93.56,-0.06,2044,2044,2044,2044,-2.53,0.7138,0.7102,0.7152,0.7096,0.48,27.44,27.16,28.17,27.15,0.37,5.085,5.085,5.085,5.085,0.69,121.91,121.91,121.91,121.91,0.06
10/8/2020,58,58,58,57.9,0,43.34,42.15,43.47,41.86,3.22,3.149,3.105,3.16,3.075,0,93.61,93.61,93.78,93.5,-0.03,1970,1970,1970,1970,-3.62,0.7166,0.7141,0.7171,0.7122,0.39,26.88,27.49,27.5,26.84,-2.04,5.105,5.105,5.105,5.105,0.39,122.46,122.46,122.46,122.46,0.45
10/9/2020,57.4,57.4,57.4,57.4,-1.03,42.85,43.36,43.57,42.61,-1.13,3.204,3.131,3.263,3.131,1.75,93.06,93.56,93.59,93,-0.59,1892,1892,1892,1892,-3.96,0.7239,0.7168,0.7245,0.716,1.02,26.24,26.91,26.94,26.07,-2.38,5.135,5.135,5.135,5.135,0.59,123.49,123.49,123.49,123.49,0.84
10/12/2020,56.85,56.85,56.85,56.85,-0.96,41.72,42.6,42.71,41.36,-2.64,3.271,3.287,3.329,3.219,2.09,93.07,93.06,93.24,93.01,0.01,1807,1807,1807,1807,-4.49,0.7207,0.7225,0.7238,0.7203,-0.44,26.4,26.05,26.4,25.8,0.61,5.135,5.135,5.135,5.135,0,123.25,123.25,123.25,123.25,-0.19
10/13/2020,54.7,55,55,54.35,-3.78,42.45,41.81,42.68,41.66,1.75,3.247,3.231,3.269,3.189,-0.73,93.53,93.03,93.6,93.03,0.5,1732,1732,1732,1732,-4.15,0.716,0.7209,0.7215,0.715,-0.65,25.74,26.2,26.2,25.7,-2.5,5.145,5.145,5.145,5.145,0.19,122.43,122.43,122.43,122.43,-0.67
10/14/2020,55.4,55.7,55.7,55.5,1.28,43.32,42.43,43.45,42.13,2.05,3.189,3.209,3.226,3.132,-1.79,93.38,93.54,93.67,93.25,-0.16,1637,1637,1637,1637,-5.48,0.7162,0.716,0.7192,0.7151,0.03,26.28,25.65,26.38,25.61,2.1,5.145,5.145,5.145,5.145,0,121.48,121.48,121.48,121.48,-0.78
10/15/2020,55.7,55.4,55.8,55.4,0.54,43.16,43.45,43.48,41.56,-0.37,3.261,3.209,3.291,3.2,2.26,93.86,93.43,93.9,93.37,0.51,1561,1561,1561,1561,-4.64,0.7092,0.7162,0.7172,0.7056,-0.98,25.48,25.92,25.93,25.17,-3.04,5.146,5.146,5.146,5.146,0.02,121.13,121.13,121.13,121.13,-0.29
10/16/2020,56.3,56.25,56.25,56.25,1.08,42.93,43.1,43.21,42.27,-0.53,3.271,3.261,3.319,3.234,0.31,93.68,93.8,93.88,93.53,-0.19,1477,1477,1477,1477,-5.38,0.708,0.7094,0.7099,0.707,-0.17,25.4,25.68,25.9,25.4,-0.31,6.315,6.315,6.315,6.315,22.72,121.44,121.44,121.44,121.44,0.26
10/19/2020,57.3,57,57.4,57,1.78,42.62,42.69,43.23,42.36,-0.72,3.28,3.205,3.311,3.205,0.28,93.43,93.72,93.77,93.21,-0.27,1409,1409,1409,1409,-4.6,0.7067,0.7088,0.7116,0.7058,-0.18,25.49,25.35,25.67,25.17,0.35,6.51,6.51,6.51,6.51,3.09,121.53,121.53,121.53,121.53,0.07
10/20/2020,57.8,57.5,57.85,57.5,0.87,43.16,42.45,43.3,42.19,1.27,3.26,3.288,3.342,3.248,-0.61,93.07,93.42,93.5,93,-0.39,1350,1350,1350,1350,-4.19,0.7046,0.7068,0.7074,0.702,-0.3,24.92,25.1,25.1,24.75,-2.24,6.55,6.55,6.55,6.55,0.61,121.51,121.51,121.51,121.51,-0.02
10/21/2020,57.75,57.7,57.7,57.7,-0.09,41.73,42.91,43.04,41.45,-3.31,3.348,3.255,3.362,3.253,2.7,92.61,93.05,93.07,92.47,-0.49,1346,1346,1346,1346,-0.3,0.7117,0.7048,0.7138,0.7046,1.01,24.06,24.9,24.9,23.89,-3.45,6.725,6.725,6.725,6.725,2.67,121.56,121.56,121.56,121.56,0.04
10/22/2020,58,58,58,58,0.43,42.46,41.59,42.79,41.46,1.75,3.272,3.338,3.359,3.254,-2.27,92.95,92.67,92.97,92.61,0.37,1401,1401,1401,1401,4.09,0.7115,0.7117,0.7127,0.7085,-0.03,24.68,23.8,24.56,23.64,2.58,6.875,6.875,6.875,6.875,2.23,121.34,121.34,121.34,121.34,-0.18
10/23/2020,58,58,58,58,0,41.77,42.4,42.8,41.5,-1.63,3.195,3.263,3.277,3.166,-2.35,92.77,92.93,93.13,92.66,-0.2,1415,1415,1415,1415,1,0.7135,0.7118,0.716,0.7101,0.28,25.98,24.98,26.05,24.98,5.27,7.25,7.25,7.25,7.25,5.45,121.02,121.02,121.02,121.02,-0.26
10/26/2020,58,58.05,58.05,58,0,40.46,41.53,41.63,40.22,-3.14,3.253,3.176,3.293,3.159,1.82,93.04,92.76,93.11,92.74,0.3,1402,1402,1402,1402,-0.92,0.7122,0.7129,0.7148,0.7103,-0.18,24.35,25.37,25.37,24.25,-6.27,7.2,7.2,7.2,7.2,-0.69,120.75,120.75,120.75,120.75,-0.22
10/27/2020,58.15,58.15,58.15,58.15,0.26,41.2,40.5,41.47,40.4,1.83,3.311,3.242,3.336,3.18,1.78,92.94,93.07,93.13,92.79,-0.11,1413,1413,1413,1413,0.78,0.7128,0.7124,0.7149,0.7115,0.08,24.55,24.19,24.75,24,0.82,7,7,7,7,-2.78,120.63,120.63,120.63,120.63,-0.1
10/28/2020,58.2,58.2,58.2,58.2,0.09,39.12,40.61,40.7,38.75,-5.05,3.291,3.308,3.324,3.265,-0.6,93.4,93.15,93.64,93.05,0.5,1384,1384,1384,1384,-2.05,0.7044,0.7126,0.7159,0.7038,-1.18,23.52,24.05,24.05,23.4,-4.2,6.95,6.95,6.95,6.95,-0.71,120.45,120.45,120.45,120.45,-0.15
10/29/2020,58.2,58.2,58.2,58.2,0,37.65,39.16,39.45,36.64,-3.76,3.417,3.396,3.459,3.276,3.83,93.96,93.46,94.1,93.33,0.59,1297,1297,1297,1297,-6.29,0.7028,0.7045,0.7078,0.7002,-0.23,24.15,23.4,24.5,23.4,2.68,6.925,6.925,6.925,6.925,-0.36,120.28,120.28,120.28,120.28,-0.14
10/30/2020,58.2,58.2,58.2,58.2,0,37.46,37.5,38.1,36.8,-0.5,3.469,3.431,3.507,3.374,1.52,94.04,93.92,94.08,93.65,0.09,1283,1283,1283,1283,-1.08,0.7026,0.703,0.7074,0.701,-0.03,24.19,23.77,24.62,23.69,0.17,7.02,7.02,7.02,7.02,1.37,120.19,120.19,120.19,120.19,-0.07
11/2/2020,59.9,59.75,59.75,59.75,2.92,38.97,37.37,39.36,35.74,4.03,3.375,3.49,3.505,3.342,-2.71,94.13,93.89,94.29,93.89,0.1,1284,1284,1284,1284,0.08,0.7053,0.7034,0.7059,0.6991,0.38,24.15,24,24.17,23.3,-0.17,6.915,6.915,6.915,6.915,-1.5,117.69,117.69,117.69,117.69,-2.08
11/3/2020,60.55,60,60.6,60,1.09,39.71,39.26,40.45,38.65,1.9,3.195,3.364,3.367,3.175,-5.33,93.55,94.05,94.05,93.29,-0.61,1263,1263,1263,1263,-1.64,0.716,0.7056,0.7176,0.7027,1.52,24.86,24.38,25.09,24.38,2.94,6.8,6.8,6.8,6.8,-1.66,116.47,116.47,116.47,116.47,-1.04
11/4/2020,60.6,60.5,60.5,60.5,0.08,41.23,40.13,41.33,39.42,3.83,3.177,3.197,3.229,3.142,-0.56,93.41,93.09,94.3,93.09,-0.16,1224,1224,1224,1224,-3.09,0.7173,0.7165,0.7223,0.7049,0.18,25.57,24.79,25.64,24.35,2.86,6.855,6.855,6.855,6.855,0.81,116.84,116.84,116.84,116.84,0.32
11/5/2020,61.45,61,61.5,61,1.4,40.93,40.96,41.53,40.33,-0.73,3.084,3.195,3.244,3.071,-2.93,92.53,93.34,93.54,92.49,-0.94,1194,1194,1194,1194,-2.45,0.7282,0.7183,0.7291,0.7145,1.52,26.43,25.55,26.59,25.43,3.36,6.855,6.855,6.855,6.855,0,116.92,116.92,116.92,116.92,0.07
11/6/2020,61.65,61.5,61.7,61.5,0.33,39.45,40.63,40.69,39.34,-3.62,3.031,3.08,3.112,3.01,-1.72,92.23,92.57,92.82,92.18,-0.32,1196,1196,1196,1196,0.17,0.7255,0.7283,0.7289,0.7239,-0.37,25.85,26.08,26.45,25.7,-2.19,6.905,6.905,6.905,6.905,0.73,117.63,117.63,117.63,117.63,0.61
11/9/2020,62.05,62.2,62.2,62.2,0.65,42.4,39.65,43.48,39.46,7.48,2.999,3.022,3.068,2.965,-1.06,92.72,92.24,92.96,92.13,0.54,1207,1207,1207,1207,0.92,0.7285,0.7256,0.7341,0.7256,0.41,26.97,26.47,27.38,25.83,4.33,6.905,6.905,6.905,6.905,0,119.84,119.84,119.84,119.84,1.88
11/10/2020,62.3,62.3,62.3,62.3,0.4,43.61,41.75,44.11,41.71,2.85,3.073,3.001,3.131,2.99,2.47,92.75,92.76,92.97,92.6,0.03,1200,1200,1200,1200,-0.58,0.7284,0.7287,0.7296,0.7252,-0.01,26.64,26.74,26.94,26.6,-1.22,6.905,6.905,6.905,6.905,0,120.3,120.3,120.3,120.3,0.38
11/11/2020,62.3,62.3,62.3,62.3,0,43.8,43.77,45.3,43.6,0.44,3.151,3.071,3.168,3.042,2.54,93.04,92.7,93.21,92.61,0.32,1141,1141,1141,1141,-4.92,0.7278,0.7284,0.732,0.726,-0.08,26.52,26.96,27.42,26.65,-0.45,6.905,6.905,6.905,6.905,0,121.59,121.59,121.59,121.59,1.07
11/12/2020,62.3,62.3,62.3,62.3,0,43.53,43.73,44.5,43.26,-0.62,3.094,3.152,3.181,3.066,-1.81,92.96,93.01,93.14,92.78,-0.09,1124,1124,1124,1124,-1.49,0.7231,0.7282,0.7294,0.7223,-0.65,26.32,26.33,26.48,26.18,-0.75,6.9,6.9,6.9,6.9,-0.07,121,121,121,121,-0.49
11/13/2020,62.25,62.25,62.25,62.25,-0.08,42.78,43.2,43.34,42.63,-1.72,3.122,3.075,3.204,3.074,0.9,92.75,92.95,93,92.71,-0.22,1124,1124,1124,1124,-1.49,0.7268,0.7232,0.7274,0.7221,0.51,26.68,26.37,26.92,26.37,1.37,6.899,6.899,6.899,6.899,-0.01,120.8,120.8,120.8,120.8,-0.17
11/16/2020,62.3,62.2,62.3,62.2,0.08,43.82,42.71,44.67,42.71,2.43,2.864,3.008,3.022,2.842,-8.26,92.64,92.72,92.84,92.46,-0.12,1111,1111,1111,1111,-1.16,0.7318,0.7262,0.7328,0.7254,0.69,27.79,27,27.8,26.99,4.16,6.75,6.75,6.75,6.75,-2.16,121.22,121.22,121.22,121.22,0.35
11/17/2020,62.4,62.3,62.3,62.3,0.16,43.75,43.89,44.25,43.08,-0.16,2.844,2.852,2.89,2.809,-0.7,92.42,92.49,92.61,92.27,-0.24,1112,1112,1112,1112,0.09,0.7298,0.7319,0.7341,0.7289,-0.27,27.04,27.4,27.49,26.98,-2.7,6.565,6.565,6.565,6.565,-2.74,122,122,122,122,0.64
11/18/2020,62.45,62.5,62.5,62.5,0.08,44.34,43.75,44.89,43.48,1.35,2.838,2.841,2.917,2.822,-0.21,92.32,92.44,92.51,92.21,-0.11,1115,1115,1115,1115,0.27,0.7305,0.7301,0.7333,0.7272,0.1,27.59,28.06,28.2,27.53,2.03,6.43,6.43,6.43,6.43,-2.06,122.29,122.29,122.29,122.29,0.24
11/19/2020,62.65,62.6,62.65,62.6,0.32,44.2,43.96,44.57,43.79,-0.32,2.72,2.842,2.865,2.656,-4.16,92.29,92.56,92.72,92.24,-0.02,1134,1134,1134,1134,1.7,0.7287,0.7306,0.7308,0.7254,-0.25,26.75,27.4,27.47,26.75,-3.04,6.25,6.25,6.25,6.25,-2.8,122.84,122.84,122.84,122.84,0.45
11/20/2020,63.35,62.75,63.3,62.75,1.12,44.96,44.15,45.24,44.05,1.72,2.77,2.725,2.808,2.716,1.84,92.39,92.34,92.43,92.21,0.11,1148,1148,1148,1148,1.23,0.7302,0.7288,0.7326,0.7266,0.21,27.15,26.7,27.34,26.7,1.5,6.375,6.375,6.375,6.375,2,123.35,123.35,123.35,123.35,0.42
11/23/2020,63.4,63.4,63.4,63.4,0.08,46.06,45.08,46.12,44.89,2.45,2.823,2.822,2.839,2.756,1.91,92.5,92.4,92.8,92.02,0.12,1169,1169,1169,1169,1.83,0.7285,0.7305,0.7339,0.7265,-0.23,27.67,27.66,27.75,27.51,1.92,6.55,6.55,6.55,6.55,2.75,123.18,123.18,123.18,123.18,-0.14
11/24/2020,63.5,63.5,63.5,63.5,0.16,47.86,45.9,48.03,45.89,3.91,2.9,2.817,2.908,2.8,2.73,92.23,92.53,92.56,92.13,-0.3,1178,1178,1178,1178,0.77,0.736,0.7286,0.7369,0.7283,1.03,28.04,27.49,28.07,27.36,1.34,6.745,6.745,6.745,6.745,2.98,123.4,123.4,123.4,123.4,0.18
11/25/2020,63.75,63.75,63.75,63.75,0.39,48.61,47.8,49.06,47.72,1.57,2.961,2.895,3.002,2.838,2.1,91.99,92.11,92.26,91.93,-0.25,1197,1197,1197,1197,1.61,0.7363,0.736,0.7374,0.7325,0.04,28.04,28.05,28.45,27.98,0,6.95,6.95,6.95,6.95,3.04,123.63,123.63,123.63,123.63,0.19
11/26/2020,63.85,63.85,63.85,63.85,0.16,47.8,48.76,49.09,47.53,-1.67,2.93,2.927,2.949,2.905,-1.05,91.99,91.95,92.17,91.85,0,1219,1219,1219,1219,1.84,0.7361,0.7364,0.7376,0.7353,-0.03,28.54,27.9,28.62,27.82,1.78,6.95,6.95,6.95,6.95,3.04,123.63,123.63,123.63,123.63,0.19
11/27/2020,63.9,63.9,63.9,63.9,0.08,48.18,47.81,48.44,47.34,0.79,2.832,2.938,2.938,2.818,-3.34,91.79,92.02,92.05,91.76,-0.22,1230,1230,1230,1230,0.9,0.7386,0.7363,0.7401,0.7351,0.34,28.59,28.78,29.1,28.34,0.18,7.15,7.15,7.15,7.15,2.88,124.25,124.25,124.25,124.25,0.5
11/30/2020,70.3,69,70,69,10.02,47.59,47.91,47.99,46.85,-1.22,2.865,2.823,2.977,2.813,1.17,91.87,91.78,92.05,91.51,0.09,1227,1227,1227,1227,-0.24,0.7345,0.7393,0.7409,0.7339,-0.56,29.6,28.58,29.8,28.53,3.53,7.325,7.325,7.325,7.325,2.45,124.62,124.62,124.62,124.62,0.3
12/1/2020,70.05,70.05,70.05,70.05,-0.36,47.42,47.79,48.3,46.88,-0.36,2.868,2.913,2.95,2.819,0.1,91.31,91.94,91.94,91.16,-0.61,1211,1211,1211,1211,-1.3,0.7369,0.7345,0.7374,0.734,0.33,29.33,29.69,30.23,29.23,-0.91,7.325,7.325,7.325,7.325,0,130.81,130.81,130.81,130.81,4.97
12/2/2020,71.4,71.4,71.4,71.4,1.93,48.25,47.05,48.76,46.82,1.75,2.778,2.866,2.918,2.739,-3.14,91.12,91.19,91.5,90.99,-0.21,1201,1201,1201,1201,-0.83,0.7415,0.7371,0.7421,0.7351,0.62,30.01,29.46,30.1,29.17,2.32,7.55,7.55,7.55,7.55,3.07,134.56,134.56,134.56,134.56,2.87
12/3/2020,73.55,72.75,74,72.75,3.01,48.71,48,48.94,47.67,0.95,2.515,2.756,2.764,2.486,-9.47,90.71,91.06,91.09,90.51,-0.44,1189,1189,1189,1189,-1,0.7438,0.7413,0.7451,0.7397,0.31,29.46,29.8,30.05,29.37,-1.83,7.5,7.5,7.5,7.5,-0.66,135.66,135.66,135.66,135.66,0.82
12/4/2020,74.25,74.25,74.25,74.25,0.95,49.25,48.96,49.92,48.84,1.11,2.586,2.521,2.632,2.475,2.82,90.7,90.71,90.87,90.48,-0.01,1197,1197,1197,1197,0.67,0.7421,0.7439,0.7445,0.741,-0.23,30.57,29.41,30.75,29.41,3.77,7.495,7.495,7.495,7.495,-0.07,141.53,141.53,141.53,141.53,4.33
12/7/2020,76.3,74.5,76,74.5,2.76,48.79,49.23,49.43,48.4,-0.93,2.433,2.471,2.495,2.406,-5.92,90.79,90.81,91.24,90.62,0.1,1162,1162,1162,1162,-2.92,0.742,0.7435,0.7454,0.7372,-0.01,30.07,30.31,30.31,29.91,-1.64,7.6,7.6,7.6,7.6,1.4,144.34,144.34,144.34,144.34,1.99
12/8/2020,75.95,75.95,75.95,75.95,-0.46,48.84,48.58,49,48.09,0.1,2.422,2.453,2.501,2.393,-0.45,90.96,90.9,91.02,90.75,0.19,1121,1121,1121,1121,-3.53,0.7411,0.7422,0.7437,0.7399,-0.12,30.02,30.04,30.4,30,-0.17,7.695,7.695,7.695,7.695,1.25,145.04,145.04,145.04,145.04,0.48
12/9/2020,76.6,76.75,76.85,76.75,0.86,48.86,48.84,49.55,48.4,0.04,2.456,2.473,2.538,2.438,1.4,91.09,90.92,91.2,90.69,0.13,1122,1122,1122,1122,0.09,0.7445,0.7412,0.7487,0.7404,0.46,30.16,30.48,30.6,30.11,0.47,7.82,7.82,7.82,7.82,1.62,146.28,146.28,146.28,146.28,0.85
12/10/2020,77.5,77,77.5,77,1.17,50.25,49,51.06,48.86,2.84,2.57,2.448,2.609,2.406,4.64,90.82,91.06,91.15,90.67,-0.29,1161,1161,1161,1161,3.48,0.7533,0.7449,0.7541,0.7426,1.18,31.36,30.11,31.45,30.11,3.98,7.915,7.915,7.915,7.915,1.21,150.7,150.7,150.7,150.7,3.02
12/11/2020,77.7,77.95,77.95,77.95,0.26,49.97,50.45,50.74,49.74,-0.56,2.603,2.589,2.635,2.54,1.28,90.98,90.74,91.04,90.62,0.17,1211,1211,1211,1211,4.31,0.7533,0.7534,0.7574,0.752,0,30.98,31.3,31.77,30.8,-1.21,8.075,8.075,8.075,8.075,2.02,152.02,152.02,152.02,152.02,0.88
12/14/2020,78.75,78.75,78.75,78.75,1.35,50.29,50.05,50.8,49.13,0.64,2.678,2.664,2.711,2.613,2.88,90.71,90.98,90.98,90.42,-0.29,1235,1235,1235,1235,1.98,0.7537,0.7539,0.758,0.7525,0.05,31.27,30.83,31.85,30.83,0.94,8.165,8.165,8.165,8.165,1.11,149.6,149.6,149.6,149.6,-1.59
12/15/2020,79.5,79.5,79.5,79.5,0.95,50.76,50.3,50.89,49.78,0.93,2.68,2.667,2.691,2.596,0.07,90.47,90.69,90.82,90.42,-0.26,1273,1273,1273,1273,3.08,0.7557,0.7535,0.7573,0.7507,0.27,32.43,31.57,32.61,31.54,3.71,8.173,8.173,8.173,8.173,0.1,150.31,150.31,150.31,150.31,0.47
12/16/2020,79.25,79.25,79.25,79.25,-0.31,51.08,50.64,51.2,50.34,0.63,2.681,2.665,2.695,2.62,0.04,90.45,90.49,90.7,90.13,-0.03,1296,1296,1296,1296,1.81,0.7576,0.7559,0.758,0.7539,0.25,32.03,32.54,32.7,31.69,-1.23,10.435,10.435,10.435,10.435,27.68,150.75,150.75,150.75,150.75,0.29
12/17/2020,79.5,79.5,79.5,79.5,0.32,51.5,51.12,51.9,51.08,0.82,2.637,2.689,2.724,2.608,-1.64,89.82,90.27,90.27,89.73,-0.69,1301,1301,1301,1301,0.39,0.7621,0.7577,0.7641,0.7566,0.59,32.21,32.14,32.62,31.8,0.56,10.115,10.115,10.115,10.115,-3.07,151.37,151.37,151.37,151.37,0.41
12/18/2020,80,80,80,80,0.63,52.26,51.43,52.48,51.13,1.48,2.681,2.655,2.711,2.644,1.67,90.02,89.83,90.13,89.83,0.22,1325,1325,1325,1325,1.84,0.7624,0.7622,0.763,0.7582,0.04,31.36,31.95,31.96,31.06,-2.64,9.66,9.66,9.66,9.66,-4.5,152.49,152.49,152.49,152.49,0.74
12/21/2020,79.85,79.85,79.85,79.85,-0.19,50.91,52.22,52.32,49.2,-2.58,2.689,2.709,2.71,2.624,0.3,90.04,89.92,91.02,89.92,0.03,1323,1323,1323,1323,-0.15,0.7585,0.7598,0.761,0.7462,-0.51,31.14,30.86,31.18,29.98,-0.7,10.05,10.05,10.05,10.05,4.04,155.11,155.11,155.11,155.11,1.72
12/22/2020,80,80,80,80,0.19,50.08,50.65,50.86,49.56,-1.63,2.749,2.688,2.775,2.672,2.23,90.65,90.09,90.72,90.06,0.68,1330,1330,1330,1330,0.53,0.7521,0.7584,0.7592,0.7516,-0.84,31.39,30.93,31.56,30.73,0.8,10.755,10.755,10.755,10.755,7.01,154.49,154.49,154.49,154.49,-0.4
12/23/2020,79.85,79.85,79.85,79.85,-0.19,51.2,49.7,51.59,49.2,2.24,2.588,2.737,2.765,2.552,-5.86,90.41,90.52,90.67,90.16,-0.27,1362,1362,1362,1362,2.41,0.7572,0.7523,0.7593,0.7516,0.68,32.15,31.72,32.21,31.61,2.42,10.525,10.525,10.525,10.525,-2.14,154.5,154.5,154.5,154.5,0.01
12/24/2020,79.85,79.85,79.85,79.85,0,51.29,51.11,51.77,50.62,0.18,2.512,2.584,2.616,2.507,-2.94,90.32,90.28,90.38,90.15,-0.1,1366,1366,1366,1366,0.29,0.7596,0.7574,0.7608,0.7567,0.32,32.41,32.31,32.61,32.06,0.81,11,11,11,11,4.51,155.02,155.02,155.02,155.02,0.34
12/28/2020,85.35,85.35,85.35,85.35,6.89,50.86,51.25,52.02,50.53,-0.84,2.326,2.322,2.368,2.263,-7.4,90.34,90.22,90.38,89.98,0.02,1366,1366,1366,1366,0.29,0.7577,0.7584,0.7624,0.7556,-0.29,33.66,32.7,33.61,32.7,3.86,11.085,11.085,11.085,11.085,0.77,155.35,155.35,155.35,155.35,0.21
12/29/2020,84.2,84.5,84.5,84.5,-1.35,51.09,51.02,51.63,50.86,0.45,2.444,2.35,2.486,2.305,5.07,89.99,90.21,90.23,89.85,-0.38,1366,1366,1366,1366,0.29,0.7605,0.7579,0.7625,0.7577,0.37,33.25,33.41,33.49,32.94,-1.22,12.1,12.1,12.1,12.1,9.16,155.57,155.57,155.57,155.57,0.14
12/30/2020,81.6,82.5,82.5,81.5,-3.09,51.34,51.32,51.56,51.04,0.49,2.422,2.442,2.468,2.389,-0.9,89.68,89.98,89.98,89.56,-0.35,1366,1366,1366,1366,0.29,0.7684,0.7606,0.7688,0.7602,1.04,32.42,33.45,33.57,32.33,-2.5,12.795,12.795,12.795,12.795,5.74,155.7,155.7,155.7,155.7,0.08
12/31/2020,80.5,81.3,81.3,80.5,-1.35,51.8,51.49,51.84,50.9,0.9,2.526,2.434,2.537,2.431,4.29,89.94,89.61,89.98,89.52,0.29,1366,1366,1366,1366,0.29,0.7694,0.7686,0.7744,0.7678,0.13,32.94,32.88,33.21,32.57,1.6,14.3,14.3,14.3,14.3,11.76,155.84,155.84,155.84,155.84,0.09
1/4/2021,81.2,82.25,82.25,81.25,0.87,51.09,51.5,53.33,50.56,-1.37,2.561,2.601,2.643,2.553,1.39,89.87,89.93,89.94,89.42,-0.08,1374,1374,1374,1374,0.59,0.7663,0.7703,0.7742,0.7642,-0.53,33.89,33.14,34.45,33.14,2.88,14.93,14.93,14.93,14.93,4.41,163.93,164.44,164.44,164.44,5.19
1/5/2021,80.35,81.5,81.5,80.5,-1.05,53.6,50.95,53.9,50.7,4.91,2.673,2.577,2.698,2.571,4.37,89.44,89.9,89.9,89.43,-0.48,1418,1418,1418,1418,3.2,0.7759,0.7666,0.7778,0.7661,1.25,33.15,33.69,33.83,32.96,-2.18,15.105,15.105,15.105,15.105,1.17,166.08,166.08,166.08,166.08,1.31
1/6/2021,79.45,80.1,80.1,79.5,-1.12,54.3,53.52,54.73,53.02,1.31,2.684,2.658,2.732,2.584,0.41,89.53,89.48,89.8,89.21,0.11,1425,1425,1425,1425,0.49,0.7801,0.776,0.7821,0.7733,0.54,33.83,33.71,33.88,33.02,2.05,15.55,15.55,15.55,15.55,2.95,166.76,166.76,166.76,166.76,0.41
1/7/2021,81.05,79.3,81,79.3,2.01,54.38,54.13,54.9,53.94,0.15,2.691,2.691,2.719,2.635,0.26,89.83,89.32,89.97,89.32,0.33,1448,1448,1448,1448,1.61,0.7768,0.7802,0.7818,0.7725,-0.42,34.97,34.05,35,34.05,3.37,17.25,17.25,17.25,17.25,10.93,169.31,169.31,169.31,169.31,1.53
1/8/2021,84.3,82.75,84,82.75,4.01,55.99,54.56,56.36,54.34,2.96,2.656,2.643,2.685,2.603,-1.3,90.1,89.83,90.25,89.66,0.3,1606,1606,1606,1606,10.91,0.7759,0.7763,0.78,0.7728,-0.12,35.14,35.21,35.35,34.55,0.49,17.25,17.25,17.25,17.25,0,169.52,169.52,169.52,169.52,0.12
1/11/2021,84.5,84.5,84.5,84.5,0.24,55.66,56.24,56.39,54.99,-0.59,2.703,2.577,2.755,2.561,1.77,90.46,90.07,90.73,90.03,0.41,1761,1761,1761,1761,9.65,0.7695,0.7756,0.7772,0.7666,-0.82,34.76,35.29,35.4,34.46,-1.08,19.7,19.7,19.7,19.7,14.2,168.99,168.99,168.99,168.99,-0.31
1/12/2021,86.5,86.5,86.5,86.5,2.37,56.58,55.66,56.79,55.51,1.65,2.707,2.742,2.835,2.672,0.15,90.09,90.52,90.62,90.03,-0.41,1849,1849,1849,1849,5,0.7771,0.7698,0.7778,0.7686,0.99,34.88,34.6,35.59,34.44,0.35,19.7,19.7,19.7,19.7,0,169.33,169.33,169.33,169.33,0.2
1/13/2021,87.3,87.3,87.3,87.3,0.92,56.06,56.83,57.42,55.77,-0.92,2.689,2.69,2.773,2.671,-0.66,90.36,90,90.45,89.92,0.29,1856,1856,1856,1856,0.38,0.7732,0.7772,0.7783,0.7722,-0.5,33.88,34.73,34.85,33.33,-2.87,18.57,18.57,18.57,18.57,-5.74,169.51,169.51,169.51,169.51,0.11
1/14/2021,87.25,87.25,87.25,87.25,-0.06,56.42,55.93,56.57,55.24,0.64,2.63,2.701,2.75,2.625,-2.19,90.24,90.28,90.58,90.07,-0.13,1792,1792,1792,1792,-3.45,0.7777,0.7733,0.7807,0.7728,0.58,33.76,33.77,33.97,32.99,-0.35,18.57,18.57,18.57,18.57,0,169.8,169.8,169.8,169.8,0.17
1/15/2021,87.4,87.4,87.4,87.4,0.17,55.1,56.41,56.5,54.64,-2.34,2.696,2.636,2.748,2.606,2.51,90.77,90.22,90.8,90.22,0.59,1754,1754,1754,1754,-2.12,0.7702,0.7778,0.779,0.7681,-0.96,31.96,33.63,33.63,31.89,-5.33,18.309,18.309,18.309,18.309,-1.41,169.97,169.97,169.97,169.97,0.1
1/18/2021,86.4,86.4,86.4,86.4,-1.14,54.75,54.75,55.21,54.49,-0.64,2.637,2.64,2.656,2.572,-0.11,90.76,90.78,90.95,90.71,-0.01,1740,1740,1740,1740,-0.8,0.7679,0.7707,0.7716,0.7659,-0.3,31.84,31.83,32.51,31.56,-0.38,18.309,18.309,18.309,18.309,-1.41,169.97,169.97,169.97,169.97,0.1
1/19/2021,85,85.55,85.55,84.75,-1.62,55.9,55.01,56.08,54.89,2.1,2.529,2.62,2.641,2.507,-4.1,90.5,90.73,90.76,90.4,-0.29,1766,1766,1766,1766,1.49,0.7695,0.7681,0.7727,0.7672,0.21,33.3,32.11,33.33,32.06,4.59,8.52,8.52,8.52,8.52,-53.47,170.03,170.03,170.03,170.03,0.04
1/20/2021,85.5,85.5,85.5,85.5,0.59,56.08,56.07,56.64,55.66,0.32,2.533,2.526,2.554,2.459,0.16,90.47,90.41,90.7,90.28,-0.03,1828,1828,1828,1828,3.51,0.7746,0.7695,0.7762,0.7691,0.66,33.12,33.49,33.84,33.02,-0.54,9.015,9.015,9.015,9.015,5.81,169.85,169.85,169.85,169.85,-0.11
1/21/2021,85.5,85.5,85.5,85.5,0,56.1,55.82,56.24,55.49,0.04,2.497,2.528,2.541,2.462,-1.42,90.13,90.42,90.45,90.05,-0.38,1837,1837,1837,1837,0.49,0.7763,0.7746,0.7784,0.7741,0.22,34.32,32.89,34.41,32.83,3.62,8.485,8.485,8.485,8.485,-5.88,169.98,169.98,169.98,169.98,0.08
1/22/2021,85.9,85.9,85.9,85.9,0.47,55.41,56,56.03,54.48,-1.23,2.456,2.5,2.511,2.425,-1.64,90.24,90.05,90.31,90.05,0.12,1810,1810,1810,1810,-1.47,0.7716,0.7765,0.7771,0.7702,-0.61,34.45,34.27,34.45,33.77,0.38,8.855,8.855,8.855,8.855,4.36,169.82,169.82,169.82,169.82,-0.09
1/25/2021,85.95,85.9,85.9,85.9,0.06,55.88,55.26,56.02,55.07,0.85,2.598,2.53,2.609,2.498,5.78,90.39,90.23,90.52,90.08,0.17,1765,1765,1765,1765,-2.49,0.7708,0.7723,0.7749,0.7683,-0.1,33.39,34.77,34.84,33.35,-3.08,8.61,8.61,8.61,8.61,-2.77,169.78,169.78,169.78,169.78,-0.02
1/26/2021,86,86,86,86,0.06,55.91,55.93,56.34,55.39,0.05,2.636,2.597,2.662,2.59,1.46,90.17,90.39,90.61,90.12,-0.24,1659,1659,1659,1659,-6.01,0.7743,0.7714,0.7756,0.7669,0.45,33.56,33.13,33.74,33.05,0.51,8.56,8.56,8.56,8.56,-0.58,169.52,169.52,169.52,169.52,-0.15
1/27/2021,86.2,86.25,86.25,86.25,0.23,55.81,56.05,56.49,55.2,-0.18,2.702,2.632,2.74,2.618,2.5,90.65,90.15,90.88,90.15,0.53,1540,1540,1540,1540,-7.17,0.7662,0.7743,0.7765,0.7644,-1.05,33.51,33.41,33.67,32.48,-0.15,8.615,8.615,8.615,8.615,0.64,169.26,169.26,169.26,169.26,-0.15
1/28/2021,86.3,86.3,86.3,86.3,0.12,55.53,55.41,56.59,55.31,-0.5,2.675,2.688,2.721,2.617,-1,90.46,90.73,90.86,90.4,-0.21,1470,1470,1470,1470,-4.55,0.7679,0.7663,0.7699,0.7592,0.22,34.17,33.81,34.16,33.15,1.97,8.85,8.85,8.85,8.85,2.73,168.63,168.63,168.63,168.63,-0.37
1/29/2021,86.2,86.2,86.2,86.2,-0.12,55.88,55.52,56.37,55.31,0.63,2.592,2.686,2.716,2.583,-3.1,90.58,90.56,90.78,90.36,0.14,1452,1452,1452,1452,-1.22,0.7642,0.7679,0.7706,0.7631,-0.48,33.18,34,34.08,33.16,-2.9,8.87,8.87,8.87,8.87,0.23,168.13,168.13,168.13,168.13,-0.3
2/1/2021,85.65,89.25,89.25,88,-0.64,56.35,54.91,56.53,54.6,0.84,2.821,2.73,2.839,2.722,8.83,90.98,90.53,91.06,90.5,0.44,1444,1444,1444,1444,-0.55,0.7619,0.764,0.7664,0.7606,-0.3,33.08,33.19,33.58,32.85,-0.3,8.52,8.52,8.52,8.52,-3.95,154.74,154.74,154.74,154.74,-7.96
2/2/2021,85,85.3,85.3,85,-0.76,57.46,56.35,58.05,56.33,1.97,2.818,2.804,2.935,2.786,-0.11,91.2,91,91.29,90.8,0.24,1380,1380,1380,1380,-4.43,0.7606,0.7621,0.7663,0.7563,-0.17,35.19,33.29,35.32,33.29,6.38,8.43,8.43,8.43,8.43,-1.06,148.42,148.42,148.42,148.42,-4.08
2/3/2021,83.75,85.1,85.1,83.5,-1.47,58.46,57.85,58.94,57.5,1.74,2.772,2.796,2.842,2.737,-1.63,91.17,91.05,91.31,90.99,-0.03,1327,1327,1327,1327,-3.84,0.7617,0.7607,0.7628,0.7601,0.14,37.65,35.15,38.04,35.07,6.99,8.365,8.365,8.365,8.365,-0.77,150.81,150.81,150.81,150.81,1.61
2/4/2021,84.4,84.25,84.25,84.25,0.78,58.84,58.59,59.12,58.04,0.65,2.889,2.761,2.92,2.727,4.22,91.53,91.09,91.58,91.08,0.39,1327,1327,1327,1327,0,0.7599,0.7618,0.7649,0.7588,-0.24,37.49,37.76,38.46,36.92,-0.42,8.34,8.34,8.34,8.34,-0.3,155.33,155.33,155.33,155.33,3
2/5/2021,86.65,86.65,86.65,86.65,2.67,59.34,59.17,59.79,59.08,0.85,2.841,2.905,2.98,2.823,-1.66,91.04,91.49,91.6,90.98,-0.53,1333,1333,1333,1333,0.45,0.7677,0.7601,0.7681,0.7583,1.03,38.43,37.6,38.9,37.43,2.51,8.385,8.385,8.385,8.385,0.54,153.9,153.9,153.9,153.9,-0.92
2/8/2021,87.5,87.5,87.5,87.5,0.98,60.56,59.43,60.72,59.43,2.06,2.862,2.88,2.946,2.822,0.74,90.93,91,91.24,90.9,-0.12,1317,1317,1317,1317,-1.2,0.77,0.7656,0.7716,0.7651,0.3,38.84,39.39,39.93,38.7,1.07,8.43,8.43,8.43,8.43,0.54,156.1,156.1,156.1,156.1,1.43
2/9/2021,87.3,87,87,87,-0.23,61.09,60.8,61.34,60.05,0.88,2.823,2.86,2.896,2.777,-1.36,90.44,90.91,90.93,90.43,-0.54,1306,1306,1306,1306,-0.84,0.7738,0.7705,0.7742,0.7699,0.49,38.49,38.39,38.89,37.8,-0.9,8.305,8.305,8.305,8.305,-1.48,158.15,158.15,158.15,158.15,1.31
2/10/2021,87.6,87.6,87.6,87.6,0.34,61.47,61.21,61.69,60.87,0.62,2.879,2.807,2.91,2.747,1.98,90.37,90.49,90.53,90.25,-0.08,1303,1303,1303,1303,-0.23,0.7721,0.774,0.7757,0.7716,-0.22,39.56,38.41,39.94,37.81,2.78,8.28,8.28,8.28,8.28,-0.3,159.74,159.74,159.74,159.74,1.01
2/11/2021,87.4,87.4,87.4,87.4,-0.23,61.14,61.01,61.5,60.72,-0.54,2.836,2.91,2.956,2.81,-1.49,90.42,90.46,90.47,90.26,0.05,1313,1313,1313,1313,0.77,0.7751,0.7722,0.7773,0.7712,0.39,39,39.5,40.31,38.63,-1.42,8.265,8.265,8.265,8.265,-0.18,160.08,160.08,160.08,160.08,0.21
2/12/2021,87.45,87.45,87.45,87.45,0.06,62.43,60.82,62.83,60.35,2.11,2.876,2.839,2.919,2.806,1.41,90.48,90.41,90.74,90.38,0.07,1339,1339,1339,1339,1.98,0.7753,0.7753,0.7766,0.7717,0.03,40.28,38.61,40.5,37.4,3.28,8.264,8.264,8.264,8.264,-0.01,159.65,159.65,159.65,159.65,-0.27
2/15/2021,87.05,87,87,87,-0.46,63.3,62.83,63.76,62.82,1.39,3.067,3.034,3.094,2.978,1.05,90.48,90.45,90.48,90.27,0,1364,1364,1364,1364,1.87,0.7778,0.7755,0.779,0.7748,0.32,39.81,40.18,40.88,39.73,-1.17,8.264,8.264,8.264,8.264,-0.01,159.65,159.65,159.65,159.65,-0.27
2/16/2021,86.55,86.5,86.5,86.5,-0.57,63.35,63.47,63.7,62.69,0.08,2.983,2.976,3.02,2.904,-2.74,90.51,90.29,90.65,90.12,0.03,1495,1495,1495,1495,9.6,0.7756,0.7781,0.7807,0.7744,-0.28,39.13,39.85,40.79,39.1,-1.71,6.35,6.35,6.35,6.35,-23.16,161,161,161,161,0.85
2/17/2021,86,86,86,86,-0.64,64.34,63.15,64.96,62.73,1.56,3.032,2.964,3.043,2.939,1.64,90.95,90.71,91.06,90.62,0.49,1756,1756,1756,1756,17.46,0.7749,0.7758,0.7772,0.7724,-0.09,38.4,39.25,39.66,38.35,-1.87,6.305,6.305,6.305,6.305,-0.71,161.99,161.99,161.99,161.99,0.61
2/18/2021,85.75,85.75,85.75,85.75,-0.29,63.93,65.02,65.52,63.22,-0.64,2.97,3.06,3.06,2.933,-2.04,90.59,90.9,90.98,90.54,-0.39,1770,1770,1770,1770,0.8,0.7767,0.7752,0.7791,0.7731,0.23,38.61,38.88,38.88,38.18,0.55,6.6,6.6,6.6,6.6,4.68,164.59,164.59,164.59,164.59,1.61
2/19/2021,86,86,86,86,0.29,62.91,63.3,63.94,62.09,-1.6,2.991,2.944,3.025,2.904,0.71,90.36,90.57,90.65,90.18,-0.25,1698,1698,1698,1698,-4.07,0.7869,0.7768,0.7878,0.7756,1.31,37.7,38.37,38.95,37.68,-2.36,6.4,6.4,6.4,6.4,-3.03,164.07,164.07,164.07,164.07,-0.32
2/22/2021,85.75,85.75,85.75,85.75,-0.29,65.24,62.68,65.85,62.55,3.7,2.936,2.934,2.962,2.865,-1.84,90.01,90.34,90.57,90,-0.39,1709,1709,1709,1709,0.65,0.7915,0.7862,0.793,0.7852,0.58,38.26,37.73,38.41,36.8,1.49,6.255,6.255,6.255,6.255,-2.27,163.87,163.87,163.87,163.87,-0.12
2/23/2021,85.5,85.5,85.5,85.5,-0.29,65.37,65.51,66.79,64.47,0.2,2.857,2.921,2.932,2.842,-2.69,90.17,90.02,90.26,89.94,0.18,1727,1727,1727,1727,1.05,0.791,0.7917,0.7936,0.7879,-0.06,38.97,38.51,39.04,37.74,1.86,6.23,6.23,6.23,6.23,-0.4,164.16,164.16,164.16,164.16,0.18
2/24/2021,85.5,85.5,85.5,85.5,0,67.04,65.06,67.31,64.8,2.55,2.795,2.866,2.868,2.791,-2.17,90.18,90.1,90.43,89.98,0.01,1709,1709,1709,1709,-1.04,0.7967,0.7911,0.7974,0.7895,0.72,39.45,38.75,39.64,38.59,1.23,6.04,6.04,6.04,6.04,-3.05,164.53,164.53,164.53,164.53,0.23
2/25/2021,85.5,85.5,85.5,85.5,0,66.88,67.2,67.7,66.48,-0.24,2.809,2.833,2.879,2.795,0.5,90.13,90.07,90.29,89.68,-0.05,1700,1700,1700,1700,-0.53,0.7872,0.7968,0.8009,0.7859,-1.19,38.57,39.83,39.83,38.63,-2.23,5.805,5.805,5.805,5.805,-3.89,165.02,165.02,165.02,165.02,0.3
2/26/2021,85.1,85.1,85.1,85.1,-0.47,66.13,66.89,66.9,65.72,-1.12,2.809,2.801,2.822,2.734,0,90.88,90.36,90.97,90.13,0.83,1675,1675,1675,1675,-1.47,0.7705,0.7872,0.7885,0.7692,-2.12,37.6,38.03,38.39,37.55,-2.51,6.195,6.195,6.195,6.195,6.72,165.61,165.61,165.61,165.61,0.36
3/1/2021,85.6,84.5,86,84.5,0.59,63.69,64.85,65.93,63.17,-3.69,2.818,2.83,2.841,2.766,0.32,91.04,90.93,91.14,90.69,0.18,1651,1651,1651,1651,-1.43,0.7769,0.7713,0.7788,0.7699,0.83,37.45,38.16,38.43,37.43,-0.4,5.925,5.925,5.925,5.925,-4.36,171.74,171.74,171.74,171.74,3.7
3/2/2021,87.5,87.5,87.5,87.3,2.22,62.7,63.12,64.13,62.38,-1.55,2.875,2.823,2.89,2.798,2.02,90.79,91.03,91.39,90.72,-0.28,1673,1673,1673,1673,1.33,0.7818,0.7773,0.7838,0.7736,0.63,38.69,37.25,38.73,37.16,3.31,5.875,5.875,5.875,5.875,-0.84,173.16,173.16,173.16,173.16,0.83
3/3/2021,87.95,88,88,88,0.51,64.07,62.38,64.7,62.38,2.19,2.849,2.883,2.916,2.837,-0.9,90.95,90.79,91.06,90.63,0.18,1763,1763,1763,1763,5.38,0.7775,0.782,0.784,0.777,-0.55,37.82,38.72,38.75,37.49,-2.25,5.875,5.875,5.875,5.875,0,174.12,174.12,174.12,174.12,0.55
3/4/2021,87.5,88,88,87.5,-0.51,66.74,64.1,67.75,63.33,4.17,2.781,2.836,2.857,2.724,-2.39,91.63,91.01,91.67,90.97,0.75,1779,1779,1779,1779,0.91,0.7725,0.7775,0.7816,0.7708,-0.64,38.51,37.95,38.73,37.03,1.82,6,6,6,6,2.13,174.94,174.94,174.94,174.94,0.47
3/5/2021,87.75,88,88,87.5,0.29,69.36,67.16,69.69,66.67,3.93,2.739,2.775,2.787,2.72,-1.51,91.98,91.66,92.19,91.62,0.38,1829,1829,1829,1829,2.81,0.7686,0.7729,0.7731,0.7623,-0.5,39.36,38.6,39.45,38.16,2.21,6,6,6,6,0,173.12,173.12,173.12,173.12,-1.04
3/8/2021,88,87.5,88,87.5,0.28,68.24,69.97,71.38,67.8,-1.61,2.698,2.725,2.77,2.664,-1.5,92.31,91.99,92.42,91.84,0.37,1853,1853,1853,1853,1.31,0.7649,0.7688,0.7723,0.7635,-0.48,39.47,39.76,39.76,38.67,0.28,6,6,6,6,0,173.56,173.56,173.56,173.56,0.25
3/9/2021,88.5,87.3,89,87.3,0.57,67.52,68.13,69.33,67.12,-1.06,2.696,2.699,2.724,2.66,-0.07,91.96,92.46,92.5,91.91,-0.38,1901,1901,1901,1901,2.59,0.7711,0.7652,0.7727,0.7621,0.81,40.98,39.57,41.1,39.4,3.83,6.01,6.01,6.01,6.01,0.17,168.43,168.43,168.43,168.43,-2.96
3/10/2021,89,89,89,89,0.56,67.9,67.46,68.42,66.5,0.56,2.728,2.688,2.742,2.652,1.19,91.82,92.05,92.24,91.77,-0.15,1980,1980,1980,1980,4.16,0.7734,0.7716,0.7747,0.7668,0.3,41.87,40.96,42.12,40.83,2.17,6,6,6,6,-0.17,168.44,168.44,168.44,168.44,0.01
3/11/2021,89,89,89,89,0,69.63,68.45,69.84,67.99,2.55,2.703,2.725,2.75,2.675,-0.92,91.42,91.79,91.88,91.36,-0.44,1970,1970,1970,1970,-0.51,0.7787,0.7736,0.7795,0.7723,0.69,42.27,42.01,43.02,41.35,0.96,6.055,6.055,6.055,6.055,0.92,171.28,171.28,171.28,171.28,1.69
3/12/2021,90,90,90,90,1.12,69.22,69.59,69.9,69.03,-0.59,2.636,2.703,2.727,2.619,-2.48,91.68,91.43,91.96,91.4,0.28,1960,1960,1960,1960,-0.51,0.7765,0.779,0.7802,0.7724,-0.28,43.19,42.16,43.22,41.85,2.18,6.07,6.07,6.07,6.07,0.25,168.26,168.26,168.26,168.26,-1.76
3/15/2021,90.5,90.5,90.5,90.5,0.56,68.88,69.08,70.03,67.82,-0.49,2.523,2.596,2.602,2.518,-4.29,91.83,91.66,91.96,91.54,0.17,1983,1983,1983,1983,1.17,0.7754,0.7746,0.7776,0.7706,-0.14,42.73,42.44,43.65,42.42,-1.07,6.077,6.077,6.077,6.077,0.12,168.26,168.26,168.26,168.26,0
3/16/2021,90.5,90.5,90.5,90.5,0,68.39,68.81,68.94,67.36,-0.71,2.597,2.539,2.6,2.522,2.93,91.86,91.83,92.03,91.68,0.03,2017,2017,2017,2017,1.71,0.7745,0.7755,0.7762,0.7711,-0.12,41.96,42.5,42.94,41.92,-1.8,6.53,6.53,6.53,6.53,7.45,168.26,168.26,168.26,168.26,0
3/17/2021,90.75,90.75,90.75,90.75,0.28,68,68.39,68.89,66.96,-0.57,2.555,2.597,2.6,2.525,-1.62,91.44,91.86,92,91.37,-0.46,2105,2105,2105,2105,4.36,0.7794,0.7744,0.7811,0.7699,0.63,43.34,42.33,43.4,42.1,3.29,6.65,6.65,6.65,6.65,1.84,168.21,168.21,168.21,168.21,-0.03
3/18/2021,91,91,91,91,0.28,63.28,67.77,68.15,61.45,-6.94,2.511,2.547,2.553,2.459,-1.72,91.86,91.4,91.9,91.3,0.46,2215,2215,2215,2215,5.23,0.7756,0.7797,0.7851,0.7749,-0.49,42.74,43.34,44.07,42.58,-1.38,6.565,6.565,6.565,6.565,-1.28,168.21,168.21,168.21,168.21,0
3/19/2021,92.75,91.5,93,91.5,1.92,64.53,62.99,64.95,62.07,1.98,2.566,2.523,2.583,2.49,2.19,91.92,91.83,92.17,91.66,0.06,2281,2281,2281,2281,2.98,0.7742,0.7759,0.7773,0.7717,-0.18,42.31,42.4,42.64,41.6,-1.01,6.425,6.425,6.425,6.425,-2.13,168,168,168,168,-0.12
3/22/2021,94,94,94,94,1.35,64.62,64.53,65.12,63.45,0.14,2.619,2.54,2.628,2.515,2.07,91.74,92.07,92.15,91.71,-0.19,2319,2319,2319,2319,1.67,0.7744,0.7726,0.7757,0.7687,0.03,43.18,42.1,43.35,42.09,2.06,6.625,6.625,6.625,6.625,3.11,167.37,167.37,167.37,167.37,-0.38
3/23/2021,94.5,95,95,95,0.53,60.79,64.3,64.3,60.27,-5.93,2.554,2.614,2.615,2.551,-2.48,92.34,91.8,92.39,91.76,0.65,2271,2271,2271,2271,-2.07,0.7622,0.7747,0.775,0.7616,-1.58,41.78,43.02,43.11,41.67,-3.24,6.855,6.855,6.855,6.855,3.47,167.01,167.01,167.01,167.01,-0.22
3/24/2021,94.5,94.5,94.5,94.5,0,64.41,60.5,64.57,60.47,5.95,2.568,2.56,2.594,2.542,0.55,92.53,92.39,92.61,92.34,0.21,2194,2194,2194,2194,-3.39,0.7582,0.7622,0.7636,0.758,-0.52,41.96,41.86,42.03,41.12,0.43,6.855,6.855,6.855,6.855,0,167.34,167.34,167.34,167.34,0.2
3/25/2021,94.5,94.5,94.5,94.5,0,61.95,63.99,64.19,60.98,-3.82,2.616,2.563,2.629,2.526,1.87,92.53,92.6,92.92,92.51,0,2172,2172,2172,2172,-1,0.7579,0.7582,0.7615,0.7563,-0.04,40.71,41.84,41.95,40,-2.98,6.75,6.75,6.75,6.75,-1.53,167.05,167.05,167.05,167.05,-0.17
3/26/2021,93.95,93.95,93.95,93.95,-0.58,64.57,62.01,64.89,61.85,4.23,2.619,2.617,2.64,2.603,0.11,92.77,92.81,92.87,92.64,0.26,2178,2178,2178,2178,0.28,0.7636,0.758,0.7646,0.7574,0.75,42.09,40.71,42.17,40.64,3.39,6.93,6.93,6.93,6.93,2.67,166.89,166.89,166.89,166.89,-0.1
3/29/2021,93,95.25,95.25,93.25,-1.01,64.98,64.58,65.46,63.13,0.63,2.653,2.624,2.656,2.582,1.3,92.94,92.72,92.96,92.72,0.19,2162,2162,2162,2162,-0.73,0.763,0.7638,0.7656,0.7614,-0.08,42.2,41.84,42.64,41.19,0.26,6.865,6.865,6.865,6.865,-0.94,166.97,166.97,166.97,166.97,0.05
3/30/2021,93.85,94,94,93.8,0.91,64.14,65.2,65.41,63.52,-1.29,2.681,2.701,2.738,2.659,1.06,93.3,92.91,93.35,92.88,0.38,2103,2103,2103,2103,-2.73,0.7594,0.763,0.7665,0.7585,-0.47,42.4,41.94,42.83,41.83,0.47,6.935,6.935,6.935,6.935,1.02,166.99,166.99,166.99,166.99,0.01
3/31/2021,96.25,95.75,96.25,95.75,2.56,63.54,64.13,64.79,63.53,-0.94,2.667,2.676,2.712,2.637,-0.52,93.23,93.24,93.44,92.99,-0.07,2046,2046,2046,2046,-2.71,0.7596,0.7597,0.7637,0.7588,0.03,42.89,42.48,43.1,42.37,1.16,7.02,7.02,7.02,7.02,1.23,166.9,166.9,166.9,166.9,-0.05
4/1/2021,96.5,97,97.25,96.95,0.26,64.86,63.12,65.17,62.38,2.08,2.697,2.666,2.718,2.64,1.12,92.93,93.22,93.34,92.88,-0.32,2072,2072,2072,2072,1.27,0.7617,0.7597,0.762,0.7532,0.28,42.81,42.89,43.16,42.53,-0.19,6.925,6.925,6.925,6.925,-1.35,163.68,163.68,163.68,163.68,-1.93
4/5/2021,96.5,96.5,96.5,96.5,0,62.15,64.57,64.81,61.25,-4.18,2.582,2.655,2.674,2.558,-4.26,92.6,93.01,93.11,92.54,-0.46,2072,2072,2072,2072,1.27,0.7649,0.7604,0.7661,0.7598,0.57,42.81,42.81,42.81,42.81,0,6.925,6.925,6.925,6.925,0,163.89,163.89,163.89,163.89,0.13
4/6/2021,94.85,94.85,94.85,94.85,-1.71,62.74,62.32,64.28,62.08,0.95,2.536,2.589,2.637,2.534,-1.78,92.33,92.57,92.79,92.27,-0.28,2092,2092,2092,2092,0.97,0.7662,0.7652,0.7669,0.7606,0.17,44.6,43.2,44.65,43.13,4.18,6.97,6.97,6.97,6.97,0.65,166.98,166.98,166.98,166.98,1.89
4/7/2021,94.7,94.6,94.6,94.6,-0.16,63.16,62.6,63.55,61.6,0.67,2.597,2.543,2.62,2.54,2.41,92.46,92.32,92.5,92.14,0.13,2127,2127,2127,2127,1.67,0.7614,0.7663,0.7679,0.7601,-0.63,44.23,44.72,44.72,43.9,-0.83,6.98,6.98,6.98,6.98,0.14,169.24,169.24,169.24,169.24,1.35
4/8/2021,93.8,94,94,94,-0.95,63.2,63.02,63.43,62.38,0.06,2.607,2.591,2.616,2.563,0.39,92.06,92.42,92.48,92,-0.43,2088,2088,2088,2088,-1.83,0.7652,0.7618,0.7662,0.7602,0.5,43.85,44.15,44.32,43.7,-0.86,6.985,6.985,6.985,6.985,0.07,170.45,170.45,170.45,170.45,0.71
4/9/2021,93.1,93.5,93.5,93,-0.75,62.95,63.28,63.49,62.57,-0.4,2.605,2.604,2.63,2.588,-0.08,92.16,92.07,92.41,92.03,0.11,2085,2085,2085,2085,-0.14,0.7621,0.7653,0.7663,0.7588,-0.41,44.03,43.9,44.15,43.54,0.41,6.985,6.985,6.985,6.985,0,170.32,170.32,170.32,170.32,-0.08
4/12/2021,93.3,93.3,93.3,93.3,0.21,63.28,63.03,64.31,62.41,0.52,2.643,2.617,2.676,2.611,1.46,92.14,92.18,92.33,92.01,-0.03,2145,2145,2145,2145,2.88,0.7622,0.762,0.7636,0.7595,0.01,44.86,44.23,44.97,44.07,1.89,7.005,7.005,7.005,7.005,0.29,171.03,171.03,171.03,171.03,0.42
4/13/2021,93.45,93.5,93.5,93.5,0.16,63.67,63.24,64.19,63.18,0.62,2.696,2.636,2.713,2.614,2.01,91.85,92.08,92.32,91.79,-0.31,2140,2140,2140,2140,-0.23,0.7638,0.7624,0.765,0.7586,0.21,44.24,44.97,45.04,44.15,-1.38,7.015,7.015,7.015,7.015,0.14,171.04,171.04,171.04,171.04,0.01
4/14/2021,93.4,93.4,93.4,93.4,-0.05,66.58,64.01,66.9,63.88,4.57,2.693,2.695,2.737,2.682,-0.11,91.69,91.83,91.83,91.57,-0.18,2178,2178,2178,2178,1.78,0.772,0.7641,0.7739,0.7634,1.07,44.2,44.38,44.56,43.86,-0.09,7.015,7.015,7.015,7.015,0,171.42,171.42,171.42,171.42,0.22
4/15/2021,93.5,93.5,93.5,93.5,0.11,66.94,66.38,67.03,65.95,0.54,2.73,2.693,2.747,2.659,1.37,91.69,91.63,91.75,91.49,0,2323,2323,2323,2323,6.66,0.775,0.7727,0.7763,0.7705,0.39,44.55,44.32,44.9,44.27,0.79,7.017,7.017,7.017,7.017,0.03,173.01,173.01,173.01,173.01,0.93
4/16/2021,94.3,93.5,94.35,93.5,0.86,66.77,66.86,67.38,66.44,-0.25,2.754,2.734,2.765,2.729,0.88,91.56,91.66,91.81,91.49,-0.15,2385,2385,2385,2385,2.67,0.7733,0.7753,0.7761,0.7724,-0.22,44.8,45.15,45.18,44.77,0.56,8.245,8.245,8.245,8.245,17.5,174.89,174.89,174.89,174.89,1.09
4/19/2021,94.35,94.35,94.35,94.35,0.05,67.05,66.7,67.23,66.17,0.42,2.818,2.773,2.821,2.765,2.32,91.07,91.54,91.75,91.03,-0.53,2432,2432,2432,2432,1.97,0.7757,0.7739,0.7786,0.7705,0.31,44.74,44.9,45.31,44.29,-0.13,8.665,8.665,8.665,8.665,5.09,174.72,174.72,174.72,174.72,-0.1
4/20/2021,94,94,94,94,-0.37,66.57,67.2,68.08,65.51,-0.72,2.803,2.811,2.83,2.793,-0.53,91.24,91.05,91.28,90.86,0.19,2472,2472,2472,2472,1.64,0.7723,0.7761,0.7817,0.7709,-0.44,45.29,44.53,45.55,44.42,1.23,8.65,8.65,8.65,8.65,-0.17,178.54,178.54,178.54,178.54,2.19
4/21/2021,93.75,93.75,93.75,93.75,-0.27,65.32,66.22,66.52,64.96,-1.88,2.776,2.801,2.803,2.746,-0.96,91.15,91.21,91.43,91.09,-0.09,2710,2710,2710,2710,9.63,0.7751,0.7725,0.7763,0.7699,0.36,46.32,45.31,46.89,45.3,2.27,8.55,8.55,8.55,8.55,-1.16,176.2,176.2,176.2,176.2,-1.31
4/22/2021,93.95,93.95,93.95,93.95,0.21,65.4,65.13,65.83,64.58,0.12,2.831,2.778,2.86,2.735,1.98,91.33,91.11,91.42,91,0.2,2750,2750,2750,2750,1.48,0.7707,0.7755,0.7766,0.769,-0.57,47.51,46.76,47.67,46.66,2.57,8.55,8.55,8.55,8.55,0,176.35,176.35,176.35,176.35,0.09
4/23/2021,93,93,93,93,-1.01,66.11,65.8,66.3,65.16,1.09,2.818,2.833,2.845,2.804,-0.46,90.86,91.29,91.3,90.81,-0.52,2788,2788,2788,2788,1.38,0.7745,0.7703,0.7762,0.7697,0.49,47.38,47.45,47.53,46.53,-0.27,8.2,8.2,8.2,8.2,-4.09,176.96,176.96,176.96,176.96,0.35
4/26/2021,93.1,93.1,93.1,93.1,0.11,65.65,66.1,66.26,64.57,-0.7,2.874,2.788,2.884,2.774,1.99,90.81,90.83,90.99,90.68,-0.06,2808,2808,2808,2808,0.72,0.7799,0.7745,0.7817,0.7735,0.7,47.67,47.39,48.13,47.39,0.61,8.25,8.25,8.25,8.25,0.61,177.58,177.58,177.58,177.58,0.35
4/27/2021,93.1,93.1,93.1,93.1,0,66.42,65.76,66.8,65.66,1.17,2.942,2.873,2.948,2.864,2.37,90.91,90.88,91.07,90.81,0.11,2889,2889,2889,2889,2.88,0.7764,0.7798,0.7806,0.7761,-0.45,47.78,47.5,48.28,46.84,0.23,8.6,8.6,8.6,8.6,4.24,178.99,178.99,178.99,178.99,0.79
4/28/2021,92.9,92.9,92.9,92.9,-0.21,67.27,66.58,67.85,66.13,1.28,2.96,2.939,2.988,2.93,0.61,90.61,90.9,91.13,90.55,-0.33,2957,2957,2957,2957,2.35,0.7788,0.7765,0.7803,0.7725,0.31,48.28,48.15,48.85,47.81,1.05,8.6,8.6,8.6,8.6,0,178.8,178.8,178.8,178.8,-0.11
4/29/2021,92.9,92.9,92.9,92.9,0,68.56,67.18,68.95,67.13,1.92,2.961,3.006,3.024,2.937,0.03,90.61,90.55,90.79,90.42,0,3007,3007,3007,3007,1.69,0.7764,0.7791,0.7818,0.775,-0.31,48.51,48.31,48.65,47.65,0.48,8.8,8.8,8.8,8.8,2.33,179.31,179.31,179.31,179.31,0.29
4/30/2021,93.3,93.3,93.3,93.3,0.43,67.25,68.33,68.4,67.06,-1.91,2.978,2.953,3.006,2.941,0.57,91.28,90.63,91.32,90.59,0.73,3053,3053,3053,3053,1.53,0.7716,0.7766,0.7786,0.7696,-0.62,49.31,48.58,49.83,48.2,1.65,8.895,8.895,8.895,8.895,1.08,179.63,179.63,179.63,179.63,0.18
5/3/2021,92.8,92.8,92.8,92.8,-0.54,67.56,66.7,67.82,66.1,0.46,3.014,2.977,3.018,2.952,1.21,90.94,91.3,91.39,90.87,-0.37,3053,3053,3053,3053,1.53,0.7761,0.7718,0.7767,0.7706,0.58,49.9,49.59,50.34,49.59,1.2,8.905,8.905,8.905,8.905,0.11,185.04,185.04,185.04,185.04,3.01
5/4/2021,93,93,93,93,0.22,68.88,67.75,69.5,67.37,1.95,3.012,3.01,3.045,2.979,-0.07,91.29,91,91.4,90.99,0.38,3157,3157,3157,3157,3.41,0.7705,0.7763,0.7766,0.7675,-0.72,49.06,50.09,50.33,48.87,-1.68,9.005,9.005,9.005,9.005,1.12,189.72,189.72,189.72,189.72,2.53
5/5/2021,93.8,93.8,93.8,93.8,0.86,68.96,69.35,69.95,68.35,0.12,2.982,3.021,3.032,2.96,-1,91.31,91.28,91.44,91.17,0.02,3266,3266,3266,3266,3.45,0.7747,0.7706,0.7755,0.7704,0.55,49.91,49.32,49.96,49.1,1.73,8.97,8.97,8.97,8.97,-0.39,190.41,190.41,190.41,190.41,0.36
5/6/2021,96.05,95.15,95.25,95.15,2.4,68.09,68.47,69.37,67.93,-1.26,2.974,2.99,3.014,2.954,-0.27,90.95,91.27,91.38,90.88,-0.39,3212,3212,3212,3212,-1.65,0.7779,0.7748,0.7789,0.7701,0.41,50.41,49.96,50.95,49.7,1,9.06,9.06,9.06,9.06,1,197.68,197.68,197.68,197.68,3.82
5/7/2021,96.15,96.15,96.15,96.15,0.1,68.28,68.26,68.65,67.39,0.28,3.004,2.978,3.031,2.953,1.01,90.23,90.88,90.96,90.19,-0.79,3183,3183,3183,3183,-0.9,0.7842,0.7781,0.7863,0.7761,0.81,50.93,50.58,51.58,49.9,1.03,9.045,9.045,9.045,9.045,-0.17,204.35,204.35,204.35,204.35,3.37
5/10/2021,97.6,97.4,97.65,97.4,1.51,68.32,68.74,69.2,67.41,0.06,2.978,3.015,3.015,2.948,-0.87,90.21,90.23,90.34,90.04,-0.02,3240,3240,3240,3240,1.79,0.783,0.7848,0.7892,0.7827,-0.15,52.72,51.5,53.25,51.5,3.51,9.12,9.12,9.12,9.12,0.83,215.48,215.48,215.48,215.48,5.45
5/11/2021,98.7,98.7,98.7,98.7,1.13,68.55,68.29,68.75,67.13,0.34,2.999,2.971,3.013,2.928,0.71,90.14,90.24,90.36,89.98,-0.08,3254,3254,3254,3254,0.43,0.784,0.7831,0.7857,0.782,0.13,53.55,52.38,53.94,51.9,1.57,9.115,9.115,9.115,9.115,-0.05,215.29,215.29,215.29,215.29,-0.09
5/12/2021,100,100,100,100,1.32,69.32,68.78,69.9,68.18,1.12,3.018,2.998,3.034,2.971,0.63,90.71,90.19,90.8,90.16,0.63,3139,3139,3139,3139,-3.53,0.7725,0.7842,0.7848,0.7719,-1.47,55.85,53.86,55.99,53.59,4.3,9.125,9.125,9.125,9.125,0.11,218.38,218.38,218.38,218.38,1.44
5/13/2021,101,101,101,101,1,67.05,68.88,69.04,66.48,-3.27,3.025,3.032,3.047,2.986,0.23,90.75,90.75,90.91,90.59,0.04,3077,3077,3077,3077,-1.98,0.7729,0.7725,0.7748,0.7688,0.05,55.04,55.36,55.45,53.83,-1.45,9.125,9.125,9.125,9.125,0,212.05,212.05,212.05,212.05,-2.9
5/14/2021,99,99,99,99,-1.98,68.71,67,68.89,66.5,2.48,3.018,3.029,3.069,3,-0.23,90.32,90.76,90.8,90.28,-0.47,2939,2939,2939,2939,-4.48,0.7772,0.7729,0.7789,0.7714,0.56,57.23,55.37,57.48,55.24,3.98,9.125,9.125,9.125,9.125,0,210.08,210.08,210.08,210.08,-0.93
5/17/2021,98.35,98.35,98.35,98.35,-0.66,69.46,68.92,69.62,68.18,1.09,3.164,3.072,3.204,3.071,4.84,90.16,90.3,90.43,90.15,-0.17,2856,2856,2856,2856,-2.82,0.7763,0.778,0.7792,0.773,-0.12,56.97,57.02,57.37,56,-0.45,10.33,10.33,10.33,10.33,13.21,214.99,214.99,214.99,214.99,2.34
5/18/2021,99.1,99.5,99.5,99.2,0.76,68.71,69.61,70.24,67.28,-1.08,3.078,3.176,3.191,3.068,-2.72,89.75,90.18,90.2,89.69,-0.46,2795,2795,2795,2795,-2.14,0.7791,0.7761,0.7815,0.7759,0.36,53.74,56.45,57.14,53.08,-5.67,9.99,9.99,9.99,9.99,-3.29,213.23,213.23,213.23,213.23,-0.82
5/19/2021,99.1,99.1,99.1,99.1,0,66.66,68.41,68.46,65.3,-2.98,3.028,3.072,3.079,3.004,-1.62,90.19,89.78,90.29,89.69,0.49,2801,2801,2801,2801,0.21,0.7726,0.7793,0.7798,0.7711,-0.83,50.35,52.92,53.6,49.3,-6.31,9.47,9.47,9.47,9.47,-5.21,211.96,211.96,211.96,211.96,-0.6
5/20/2021,99.75,99.75,99.75,99.75,0.66,65.11,66.63,67.17,64.8,-2.33,2.991,3.028,3.047,2.97,-1.22,89.81,90.21,90.23,89.75,-0.42,2824,2824,2824,2824,0.82,0.7775,0.7729,0.7783,0.7716,0.63,53.41,50.65,53.47,50.59,6.08,10.05,10.05,10.05,10.05,6.12,211.15,211.15,211.15,211.15,-0.38
5/21/2021,101,101,101,101,1.25,66.44,65.22,66.94,64.57,2.04,2.977,3.012,3.045,2.962,-0.47,90.02,89.78,90.15,89.65,0.23,2869,2869,2869,2869,1.59,0.7731,0.7776,0.7784,0.7719,-0.57,52.43,52.75,54.34,51.74,-1.83,9.98,9.98,9.98,9.98,-0.7,209.13,209.13,209.13,209.13,-0.96
5/24/2021,103.25,101,103,101,2.23,68.46,66.72,68.64,66.46,3.04,2.96,2.92,2.967,2.903,-0.57,89.84,90.03,90.1,89.76,-0.19,2881,2881,2881,2881,0.42,0.7752,0.7732,0.7758,0.7706,0.27,53.41,52.2,53.51,51.4,1.87,10.075,10.075,10.075,10.075,0.95,208.2,208.2,208.2,208.2,-0.44
5/25/2021,105,105,105,105,1.69,68.65,68.47,68.9,67.83,0.28,2.974,2.956,3.003,2.951,0.47,89.64,89.85,89.87,89.54,-0.23,2809,2809,2809,2809,-2.5,0.775,0.7752,0.7777,0.7733,-0.03,53.83,53.81,54.27,52.83,0.79,10.6,10.6,10.6,10.6,5.21,207.01,207.01,207.01,207.01,-0.57
5/26/2021,105.1,105,105,105,0.1,68.87,68.55,69.17,68.02,0.32,3.027,2.995,3.046,2.975,1.78,90.04,89.69,90.11,89.59,0.45,2754,2754,2754,2754,-1.96,0.7739,0.775,0.7797,0.7731,-0.14,54.22,54.13,55.23,53.2,0.72,10.625,10.625,10.625,10.625,0.24,206.89,206.89,206.89,206.89,-0.06
5/27/2021,105.5,105.5,105.5,105.5,0.38,69.46,68.78,69.51,68.11,0.86,2.978,3.041,3.043,2.938,-1.62,89.97,90.08,90.18,89.89,-0.08,2688,2688,2688,2688,-2.4,0.774,0.774,0.7758,0.7723,0.01,52.39,53.59,54.14,51.58,-3.38,10.375,10.375,10.375,10.375,-2.35,206.37,206.37,206.37,206.37,-0.25
5/28/2021,106,106,106,106,0.47,69.63,69.69,69.92,69.26,0.24,3.007,2.984,3.058,2.975,0.97,90.03,90.03,90.44,89.98,0.07,2596,2596,2596,2596,-3.42,0.7713,0.7749,0.7749,0.7676,-0.35,51.58,52.23,52.9,50.78,-1.55,10.4,10.4,10.4,10.4,0.24,205.73,205.73,205.73,205.73,-0.31
5/31/2021,118.9,118.9,118.9,118.9,12.17,69.32,68.98,69.82,68.75,-0.45,3.055,3.037,3.059,3.015,0.59,90.03,90.06,90.12,89.82,0,2596,2596,2596,2596,-3.42,0.7734,0.771,0.7743,0.77,0.27,52.24,52.38,52.42,51.88,1.28,10.4,10.4,10.4,10.4,0.24,205.73,205.73,205.73,205.73,-0.31
6/1/2021,120.5,119,119,119,1.35,70.25,69.39,71.34,69.29,1.34,3.126,3.055,3.169,3.034,2.32,89.83,89.81,89.94,89.66,-0.22,2568,2568,2568,2568,-1.08,0.7754,0.7735,0.777,0.7731,0.26,52.97,52.77,53.7,52.32,1.4,10.65,10.65,10.65,10.65,2.4,204.9,204.9,204.9,204.9,-0.4
6/2/2021,119.95,121.25,121.25,120,-0.46,71.35,70.55,71.48,70.35,1.57,3.094,3.117,3.145,3.07,-1.02,89.91,89.92,90.25,89.86,0.09,2530,2530,2530,2530,-1.48,0.7752,0.7756,0.7774,0.7715,-0.03,51.94,52.52,52.55,51.44,-1.94,10.625,10.625,10.625,10.625,-0.23,204.96,204.96,204.96,204.96,0.03
6/3/2021,119,119,119,119,-0.79,71.31,71.27,71.99,70.66,-0.06,3.059,3.091,3.106,3.05,-1.13,90.51,89.93,90.55,89.89,0.67,2472,2472,2472,2472,-2.29,0.7658,0.7754,0.7756,0.7645,-1.21,50.73,52.85,53.15,50.66,-2.33,10.625,10.625,10.625,10.625,0,208,208,208,208,1.48
6/4/2021,119.75,119,119,119,0.63,71.89,71.25,72.17,70.73,0.81,3.114,3.084,3.137,3.031,1.8,90.14,90.47,90.63,90.03,-0.42,2438,2438,2438,2438,-1.38,0.7737,0.7658,0.7747,0.7651,1.03,50.47,50.61,51.95,49.8,-0.51,10.605,10.605,10.605,10.605,-0.19,206.29,206.29,206.29,206.29,-0.82
6/7/2021,121.6,121.6,121.6,121.6,1.54,71.49,71.82,72.27,71.1,-0.56,3.089,3.125,3.131,3.053,-0.8,89.95,90.13,90.3,89.91,-0.21,2428,2428,2428,2428,-0.41,0.7753,0.7742,0.7767,0.7725,0.21,51.97,49.83,52.5,49.83,2.97,10.675,10.675,10.675,10.675,0.66,202.41,202.41,202.41,202.41,-1.88
6/8/2021,122.75,122.75,122.75,122.75,0.95,72.22,71.42,72.42,70.71,1.02,3.14,3.108,3.21,3.108,1.65,90.08,89.99,90.18,89.96,0.14,2420,2420,2420,2420,-0.33,0.774,0.7759,0.7765,0.7732,-0.17,52.58,52.33,53.1,52.07,1.17,10.85,10.85,10.85,10.85,1.64,207.84,207.84,207.84,207.84,2.68
6/9/2021,123.7,123.7,123.7,123.7,0.77,72.22,72.17,72.87,71.82,0,3.144,3.139,3.18,3.12,0.13,90.12,90.13,90.17,89.84,0.05,2481,2481,2481,2481,2.52,0.7729,0.774,0.7764,0.7724,-0.14,53.9,53,54.6,52.81,2.51,10.9,10.9,10.9,10.9,0.46,210.19,210.19,210.19,210.19,1.13
6/10/2021,126,126,126,126,1.86,72.52,72.03,72.93,70.95,0.42,3.166,3.167,3.213,3.148,0.7,90.07,90.14,90.31,89.98,-0.05,2669,2669,2669,2669,7.58,0.7752,0.7732,0.7765,0.7718,0.3,54.15,53.62,54.33,53.05,0.46,10.925,10.925,10.925,10.925,0.23,211.91,211.91,211.91,211.91,0.82
6/11/2021,127,127,127,127,0.79,72.69,72.41,73.09,71.88,0.23,3.311,3.169,3.344,3.164,4.58,90.56,90.07,90.61,89.96,0.53,2857,2857,2857,2857,7.04,0.7706,0.7755,0.7776,0.7688,-0.59,53.07,53.95,54.2,52.8,-1.99,10.92,10.92,10.92,10.92,-0.05,213.13,213.13,213.13,213.13,0.58
6/14/2021,125.55,125.55,125.55,125.55,-1.14,72.86,72.7,73.64,72.59,0.23,3.367,3.324,3.378,3.289,1.69,90.52,90.51,90.6,90.41,-0.04,2944,2944,2944,2944,3.05,0.7711,0.7705,0.7727,0.7693,0.06,53.29,53.43,54.36,52.94,0.41,10.92,10.92,10.92,10.92,0,214.05,214.05,214.05,214.05,0.43
6/15/2021,125,125,125,125,-0.44,73.99,73.03,74.33,72.79,1.55,3.256,3.368,3.385,3.23,-3.3,90.54,90.48,90.68,90.35,0.02,3025,3025,3025,3025,2.75,0.7685,0.7712,0.7717,0.7674,-0.34,51.76,53.01,53.01,51.43,-2.87,10.924,10.924,10.924,10.924,0.04,213.96,213.96,213.96,213.96,-0.04
6/16/2021,125.25,125.25,125.25,125.25,0.2,74.39,74.26,74.96,73.86,0.54,3.271,3.24,3.292,3.206,0.46,91.13,90.54,91.4,90.44,0.65,3176,3176,3176,3176,4.99,0.761,0.7688,0.7716,0.7607,-0.98,51.72,51.9,52.7,51.15,-0.08,11.63,11.63,11.63,11.63,6.46,213.53,213.53,213.53,213.53,-0.2
6/17/2021,126,126,126,126,0.6,73.08,73.8,74.5,72.01,-1.76,3.275,3.271,3.286,3.21,0.12,91.89,91.43,92.01,91.31,0.83,3267,3267,3267,3267,2.87,0.755,0.7611,0.7646,0.7539,-0.79,51.28,51.33,51.75,50.76,-0.85,11.595,11.595,11.595,11.595,-0.3,214.69,214.69,214.69,214.69,0.54
6/18/2021,125,125,125,125,-0.79,73.51,73,73.76,72.18,0.59,3.236,3.241,3.282,3.192,-1.19,92.22,91.88,92.4,91.81,0.37,3218,3218,3218,3218,-1.5,0.7477,0.7553,0.7563,0.7476,-0.97,52.26,51.7,52.41,51.61,1.91,11.87,11.87,11.87,11.87,2.37,214.21,214.21,214.21,214.21,-0.22
6/21/2021,125.5,125.5,125.5,125.5,0.4,74.9,73.33,74.95,72.98,1.89,3.215,3.225,3.238,3.165,-0.65,91.9,92.32,92.37,91.83,-0.35,3190,3190,3190,3190,-0.87,0.7535,0.7484,0.7548,0.7476,0.78,52.78,52.16,53.31,51.99,1,11.95,11.95,11.95,11.95,0.67,212.75,212.75,212.75,212.75,-0.68
6/22/2021,127.25,127.25,127.25,127.25,1.39,74.81,74.88,75.3,74.32,-0.12,3.277,3.221,3.304,3.212,1.93,91.76,91.88,92.14,91.64,-0.16,3119,3119,3119,3119,-2.23,0.7553,0.7533,0.7566,0.7494,0.24,53.76,53.23,53.81,53.16,1.86,12.4,12.4,12.4,12.4,3.77,213.45,213.45,213.45,213.45,0.33
6/23/2021,127.5,127.5,127.5,127.5,0.2,75.19,74.75,76.02,74.7,0.51,3.352,3.281,3.406,3.272,2.29,91.8,91.73,91.9,91.51,0.05,3147,3147,3147,3147,0.9,0.7575,0.7555,0.7601,0.7537,0.29,55.03,53.99,55.2,53.88,2.36,12.605,12.605,12.605,12.605,1.65,213.8,213.8,213.8,213.8,0.16
6/24/2021,127.5,127.5,127.5,127.5,0,75.56,75.3,75.78,74.51,0.49,3.437,3.337,3.46,3.318,2.54,91.81,91.8,91.91,91.66,0.01,3175,3175,3175,3175,0.89,0.7582,0.7576,0.7593,0.7565,0.09,55.49,54.85,55.73,54.66,0.84,12.625,12.625,12.625,12.625,0.16,213.75,213.75,213.75,213.75,-0.02
6/25/2021,127.7,127.7,127.7,127.7,0.16,76.18,75.54,76.21,74.95,0.82,3.52,3.439,3.538,3.43,2.41,91.85,91.83,91.88,91.53,0.04,3255,3255,3255,3255,2.52,0.7586,0.7582,0.7618,0.7579,0.05,55.48,55.67,56.16,55.3,-0.02,12.755,12.755,12.755,12.755,1.03,214.17,214.17,214.17,214.17,0.2
6/28/2021,128.55,130.5,130.5,128.5,0.67,74.68,75.99,76.6,74.51,-1.97,3.593,3.525,3.653,3.505,2.07,91.89,91.81,92.01,91.7,0.04,3324,3324,3324,3324,2.12,0.7567,0.7588,0.7607,0.7554,-0.25,55.9,55.89,56.31,55.05,0.76,12.7,12.7,12.7,12.7,-0.43,215.26,215.26,215.26,215.26,0.51
6/29/2021,131,130.45,130.45,130.45,1.91,74.76,74.67,75.51,73.9,0.11,3.606,3.562,3.784,3.55,0.36,92.05,91.88,92.19,91.86,0.18,3418,3418,3418,3418,2.83,0.7511,0.7568,0.7572,0.7507,-0.74,56.04,55.75,56.57,55.61,0.25,12.975,12.975,12.975,12.975,2.17,214.36,214.36,214.36,214.36,-0.42
6/30/2021,134.7,132.5,132.5,132.5,2.82,75.13,75.18,75.6,74.39,0.49,3.624,3.631,3.782,3.58,0.5,92.44,92.08,92.45,92,0.42,3383,3383,3383,3383,-1.02,0.7498,0.7512,0.7529,0.7492,-0.17,56.78,55.8,57.03,55.62,1.32,13.11,13.11,13.11,13.11,1.04,214.55,214.55,214.55,214.55,0.09
7/1/2021,137.75,137.75,137.75,137.75,2.26,75.84,74.69,76.74,74.55,0.95,3.632,3.727,3.731,3.57,0.22,92.6,92.35,92.6,92.26,0.17,3338,3338,3338,3338,-1.33,0.7469,0.7498,0.7509,0.746,-0.39,58.06,57.09,59,57.02,2.25,13.23,13.23,13.23,13.23,0.92,213.59,211.8,211.8,211.8,-0.45
7/2/2021,139.25,139.25,139.25,139.25,1.09,76.17,75.64,76.43,75.21,0.44,3.668,3.634,3.71,3.571,0.99,92.23,92.57,92.74,92.18,-0.4,3285,3285,3285,3285,-1.59,0.7525,0.747,0.7534,0.7445,0.75,57.76,58.41,58.77,57.56,-0.52,13.115,13.115,13.115,13.115,-0.87,212.46,212.46,212.46,212.46,-0.53
7/5/2021,143.4,142.5,142.75,142.5,2.98,77.16,76.23,77.26,75.7,1.3,3.79,3.718,3.797,3.708,1.91,92.21,92.24,92.36,92.14,-0.02,3224,3224,3224,3224,-1.86,0.7529,0.7524,0.7539,0.7509,0.05,58.28,58.02,58.69,57.97,0.9,13.115,13.115,13.115,13.115,-0.87,212.46,212.46,212.46,212.46,-0.53
7/6/2021,140.75,140.75,140.75,140.75,-1.85,74.53,77.06,77.84,74.13,-3.41,3.608,3.668,3.789,3.58,-4.8,92.55,92.24,92.66,92,0.36,3179,3179,3179,3179,-1.4,0.7497,0.753,0.7601,0.748,-0.43,54.44,58.56,58.58,52.68,-6.59,12.885,12.885,12.885,12.885,-1.75,217.58,217.58,217.58,217.58,2.41
7/7/2021,139.55,140,140,140,-0.85,73.43,74.69,75.99,72.6,-1.48,3.574,3.649,3.677,3.495,-0.94,92.64,92.53,92.85,92.43,0.11,3241,3241,3241,3241,1.95,0.7481,0.7496,0.7535,0.7462,-0.21,53.03,53.93,55.37,52.9,-2.59,12.685,12.685,12.685,12.685,-1.55,218.11,218.11,218.11,218.11,0.24
7/8/2021,142.25,142,143,142,1.93,74.12,73.35,74.4,72.11,0.94,3.667,3.559,3.697,3.524,2.6,92.42,92.7,92.79,92.24,-0.25,3281,3281,3281,3281,1.23,0.7429,0.7483,0.749,0.7416,-0.7,52.77,53.11,53.6,51.32,-0.49,12.935,12.935,12.935,12.935,1.97,216.32,216.32,216.32,216.32,-0.82
7/9/2021,143,143,143,143,0.53,75.55,74.39,75.8,73.8,1.93,3.657,3.663,3.72,3.639,-0.27,92.13,92.36,92.54,92.09,-0.31,3300,3300,3300,3300,0.58,0.7485,0.7429,0.7495,0.7409,0.75,54.67,53.55,54.86,53.3,3.6,13,13,13,13,0.5,215.78,215.78,215.78,215.78,-0.25
7/12/2021,142.25,142.25,142.25,142.25,-0.52,75.16,75.79,75.84,74.23,-0.52,3.732,3.657,3.743,3.608,2.05,92.26,92.1,92.42,92.08,0.14,3300,3300,3300,3300,0,0.7475,0.7482,0.7497,0.7448,-0.13,52.12,54.22,54.22,51.95,-4.66,13.01,13.01,13.01,13.01,0.08,217.33,217.33,217.33,217.33,0.72
7/13/2021,144.6,144.6,144.6,144.6,1.65,76.49,75.25,76.6,74.93,1.77,3.682,3.729,3.751,3.658,-1.34,92.75,92.23,92.81,92.14,0.53,3228,3228,3228,3228,-2.18,0.7446,0.7475,0.7504,0.7427,-0.39,53.26,52.15,53.7,51.7,2.19,12.97,12.97,12.97,12.97,-0.31,218.26,218.26,218.26,218.26,0.43
7/14/2021,144.5,144.5,144.5,144.5,-0.07,74.76,76.28,76.72,73.79,-2.26,3.648,3.68,3.741,3.611,-0.92,92.41,92.8,92.83,92.35,-0.37,3139,3139,3139,3139,-2.76,0.748,0.7449,0.7487,0.7431,0.46,53.78,52.81,55.88,52.05,0.98,12.975,12.975,12.975,12.975,0.04,217.94,217.94,217.94,217.94,-0.15
7/15/2021,146,146,146,146,1.04,73.47,74.5,74.59,73.19,-1.73,3.601,3.657,3.671,3.592,-1.29,92.62,92.39,92.69,92.27,0.23,3073,3073,3073,3073,-2.1,0.7427,0.7481,0.7488,0.7411,-0.71,53.37,52.8,53.9,52.3,-0.76,12.973,12.973,12.973,12.973,-0.02,218.68,218.68,218.68,218.68,0.34
7/16/2021,148.1,148.1,148.1,148.1,1.44,73.59,73.18,74.09,72.34,0.16,3.658,3.608,3.669,3.572,1.58,92.69,92.59,92.76,92.53,0.07,3039,3039,3039,3039,-1.11,0.7402,0.7428,0.7444,0.7392,-0.34,53.28,53.59,53.98,52.74,-0.17,13.96,13.96,13.96,13.96,7.61,219.77,219.77,219.77,219.77,0.5
7/19/2021,150,148.75,150,148.75,1.28,68.62,72.86,73.34,67.75,-6.75,3.754,3.687,3.762,3.669,2.62,92.89,92.71,93.04,92.64,0.22,3059,3059,3059,3059,0.66,0.7342,0.7402,0.7417,0.7322,-0.81,52.81,53,54.35,52.4,-0.88,14.19,14.19,14.19,14.19,1.65,219.5,219.5,219.5,219.5,-0.12
7/20/2021,149.7,150,150,150,-0.2,69.35,68.99,69.73,67.44,1.06,3.852,3.745,3.908,3.716,2.61,92.97,92.88,93.17,92.8,0.09,3053,3053,3053,3053,-0.2,0.7329,0.7344,0.7359,0.7297,-0.18,51.59,52.72,52.81,50.87,-2.31,14.035,14.035,14.035,14.035,-1.09,219.36,219.36,219.36,219.36,-0.06
7/21/2021,149.75,149.75,149.75,149.75,0.03,72.23,68.92,72.38,68.63,4.15,3.938,3.9,3.943,3.87,2.23,92.75,92.97,93.19,92.73,-0.24,3058,3058,3058,3058,0.16,0.7358,0.7332,0.7363,0.7289,0.4,52.51,51.82,52.65,51.3,1.78,14.31,14.31,14.31,14.31,1.96,218.37,218.37,218.37,218.37,-0.45
7/22/2021,149.75,149.75,149.75,149.75,0,73.79,72.24,73.9,71.74,2.16,3.982,3.9,3.986,3.856,1.12,92.82,92.8,92.92,92.51,0.07,3103,3103,3103,3103,1.47,0.7378,0.7359,0.7399,0.7342,0.27,51.16,52.04,52.58,50.46,-2.57,14.275,14.275,14.275,14.275,-0.24,213.81,213.81,213.81,213.81,-2.09
7/23/2021,149.75,149.75,149.75,149.75,0,74.1,73.56,74.22,73.32,0.42,4.042,3.98,4.051,3.955,1.51,92.91,92.81,93.02,92.78,0.1,3199,3199,3199,3199,3.09,0.7364,0.7382,0.7402,0.7357,-0.19,51.26,50.4,51.31,50.37,0.2,14.18,14.18,14.18,14.18,-0.67,216.03,216.03,216.03,216.03,1.04
7/26/2021,149.75,149.75,149.75,149.75,0,74.5,74.12,74.84,72.75,0.54,4.082,4,4.165,3.99,0.99,92.65,92.91,92.96,92.53,-0.28,3210,3210,3210,3210,0.34,0.738,0.7367,0.7392,0.7331,0.22,53.57,51.1,53.71,50.96,4.51,14.59,14.59,14.59,14.59,2.89,215.16,215.16,215.16,215.16,-0.4
7/27/2021,149.75,149.75,149.75,149.75,0,74.48,74.67,75.05,74.02,-0.03,3.942,4.075,4.094,3.907,-3.43,92.43,92.63,92.84,92.32,-0.23,3166,3166,3166,3166,-1.37,0.736,0.7386,0.739,0.7337,-0.27,53.28,54,54.06,53.2,-0.54,14.805,14.805,14.805,14.805,1.47,214.99,214.99,214.99,214.99,-0.08
7/28/2021,150.1,150.1,150.1,150.1,0.23,74.74,74.77,75.32,74.42,0.35,3.967,3.925,4.025,3.837,0.63,92.32,92.46,92.75,92.24,-0.12,3154,3154,3154,3154,-0.38,0.7376,0.7362,0.7383,0.7317,0.22,54.2,53.54,54.53,53.54,1.73,15.085,15.085,15.085,15.085,1.89,214.44,214.44,214.44,214.44,-0.26
7/29/2021,150,150,150,150,-0.07,76.05,74.76,76.15,74.63,1.75,4.06,3.945,4.096,3.931,2.34,91.86,92.26,92.29,91.86,-0.5,3214,3214,3214,3214,1.9,0.7395,0.7377,0.7414,0.7359,0.26,54.41,54.42,54.69,53.51,0.39,15.25,15.25,15.25,15.25,1.09,213.52,213.52,213.52,213.52,-0.43
7/30/2021,149.75,149.75,149.75,149.75,-0.17,76.33,75.81,76.38,75.38,0.37,3.92,4.054,4.054,3.865,-3.45,92.17,91.85,92.2,91.78,0.34,3292,3292,3292,3292,2.43,0.7344,0.7394,0.7406,0.7331,-0.69,53.69,54.15,54.24,53.2,-1.32,14.755,14.755,14.755,14.755,-3.25,211.99,211.99,211.99,211.99,-0.72
8/2/2021,152.55,152.75,152.75,152.75,1.87,72.89,75.39,75.39,72.31,-4.51,3.938,3.975,4.042,3.93,0.46,92.05,92.09,92.17,91.91,-0.14,3282,3282,3282,3282,-0.3,0.736,0.7342,0.7383,0.7328,0.22,54.79,53.47,55.56,53.46,2.05,15.465,15.465,15.465,15.465,4.81,181.21,181.21,181.21,181.21,-14.52
8/3/2021,152.75,152.25,153,152.25,0.13,72.41,73.08,73.55,71.05,-0.66,4.032,3.965,4.079,3.921,2.39,92.08,92.06,92.15,91.89,0.04,3281,3281,3281,3281,-0.03,0.7394,0.7364,0.741,0.7357,0.46,54.55,54.75,55.48,54.42,-0.44,15.34,15.34,15.34,15.34,-0.81,181.01,181.01,181.01,181.01,-0.11
8/4/2021,154.4,152.85,154,152.85,1.08,70.38,72.33,72.83,70.11,-2.8,4.163,4.068,4.207,4.06,3.25,92.27,92.04,92.31,91.82,0.21,3318,3318,3318,3318,1.13,0.7379,0.7397,0.7428,0.737,-0.2,55.82,54.88,55.93,54.55,2.33,15.325,15.325,15.325,15.325,-0.1,182.51,182.51,182.51,182.51,0.83
8/5/2021,157.25,156.5,156.5,155,1.85,71.29,70.27,71.5,69.75,1.29,4.148,4.155,4.211,4.125,-0.36,92.24,92.28,92.35,92.11,-0.03,3376,3376,3376,3376,1.75,0.7404,0.7381,0.7417,0.7376,0.34,56.34,55.95,56.48,55.05,0.93,15.4,15.4,15.4,15.4,0.49,171.91,171.91,171.91,171.91,-5.81
8/6/2021,160.95,160,160.95,160,2.35,70.7,71.2,72.43,70.28,-0.83,4.154,4.17,4.201,4.108,0.14,92.8,92.26,92.84,92.26,0.6,3371,3371,3371,3371,-0.15,0.7353,0.7408,0.7408,0.7346,-0.69,57.02,56.63,57.3,56.54,1.21,15.7,15.7,15.7,15.7,1.95,172.01,172.01,172.01,172.01,0.06
8/9/2021,167.05,165,167,165,3.79,69.04,70.26,70.26,67.6,-2.35,4.075,4.182,4.194,4.016,-1.9,92.94,92.78,92.99,92.72,0.16,3371,3371,3371,3371,0,0.7333,0.7359,0.7369,0.7328,-0.27,56.98,56.9,57.7,56.25,-0.07,15.76,15.76,15.76,15.76,0.38,173.52,173.52,173.52,173.52,0.88
8/10/2021,167.1,167.1,167.1,167.1,0.03,70.63,69.35,71.24,68.94,2.3,4.103,4.05,4.139,4.032,0.69,93.06,92.98,93.14,92.94,0.12,3375,3375,3375,3375,0.12,0.735,0.7335,0.7357,0.7316,0.23,57.77,57.45,57.92,56.96,1.39,15.8,15.8,15.8,15.8,0.25,168.59,168.59,168.59,168.59,-2.84
8/11/2021,169.4,169,169,168.5,1.38,71.44,70.83,71.72,69.07,1.15,4.071,4.125,4.142,3.995,-0.78,92.92,93.07,93.19,92.8,-0.14,3410,3410,3410,3410,1.04,0.7372,0.7351,0.739,0.7323,0.3,58.14,57.37,58.53,56.34,0.64,15.65,15.65,15.65,15.65,-0.95,169.06,169.06,169.06,169.06,0.28
8/12/2021,171.25,171.25,171.25,171.25,1.09,71.31,71.57,71.9,70.67,-0.18,3.948,4.07,4.078,3.915,-3.02,93.04,92.89,93.04,92.85,0.12,3503,3503,3503,3503,2.73,0.7334,0.7374,0.7378,0.7332,-0.52,56.63,57.99,58.4,56.3,-2.6,15.665,15.665,15.665,15.665,0.1,167.94,167.94,167.94,167.94,-0.66
8/13/2021,172.75,172.25,172.25,172.25,0.88,70.59,71.12,71.38,70,-1.01,3.875,3.929,3.964,3.86,-1.85,92.52,92.97,93.01,92.47,-0.56,3566,3566,3566,3566,1.8,0.7369,0.7337,0.7383,0.7332,0.48,55.74,56.73,56.73,55.58,-1.57,15.655,15.655,15.655,15.655,-0.06,167.95,167.95,167.95,167.95,0.01
8/16/2021,173.4,173.4,173.4,173.4,0.38,69.51,70.05,70.45,68.14,-1.53,3.96,3.86,4.002,3.833,2.19,92.63,92.52,92.66,92.48,0.12,3606,3606,3606,3606,1.12,0.7337,0.7369,0.7377,0.7319,-0.43,58.52,55.5,58.6,55.46,4.99,17.99,17.99,17.99,17.99,14.92,166.96,166.96,166.96,166.96,-0.59
8/17/2021,171.45,172.25,172.25,172,-1.12,69.03,69.77,70,68.82,-0.69,3.851,3.951,3.968,3.817,-2.75,93.13,92.62,93.17,92.61,0.54,3657,3657,3657,3657,1.41,0.7249,0.7336,0.7343,0.7242,-1.2,57.56,58.28,58.58,57.37,-1.64,17.48,17.48,17.48,17.48,-2.83,167.34,167.34,167.34,167.34,0.23
8/18/2021,171,171,171,171,-0.26,68.23,68.96,70.04,67.23,-1.16,3.866,3.844,3.89,3.801,0.39,93.14,93.14,93.26,92.96,0.01,3833,3833,3833,3833,4.81,0.7231,0.725,0.7271,0.7228,-0.25,57.45,57.42,58.37,55.73,-0.19,16.77,16.77,16.77,16.77,-4.06,159.59,159.59,159.59,159.59,-4.63
8/19/2021,170.9,170.9,170.9,170.9,-0.06,66.45,67.57,67.64,65.57,-2.61,3.844,3.841,3.893,3.751,-0.57,93.57,93.14,93.58,93.14,0.46,3976,3976,3976,3976,3.73,0.7146,0.7233,0.7244,0.7142,-1.18,53.84,57.3,57.3,52.86,-6.28,15.18,15.18,15.18,15.18,-9.48,160.38,160.38,160.38,160.38,0.5
8/20/2021,167.75,167.75,167.75,167.75,-1.84,65.18,66.54,66.93,64.94,-1.91,3.866,3.885,3.967,3.849,0.57,93.5,93.56,93.73,93.43,-0.08,4092,4092,4092,4092,2.92,0.7134,0.7147,0.7158,0.7106,-0.17,54.72,54.03,55.2,53.82,1.63,15.575,15.575,15.575,15.575,2.6,160.54,160.54,160.54,160.54,0.1
8/23/2021,170,170,170,170,1.34,68.75,64.97,68.9,64.6,5.48,3.96,3.867,3.97,3.852,2.43,92.96,93.46,93.5,92.95,-0.58,4147,4147,4147,4147,1.34,0.7208,0.7127,0.7219,0.7111,1.04,55.67,55.53,56.55,55.26,1.74,16.34,16.34,16.34,16.34,4.91,159.4,159.4,159.4,159.4,-0.71
8/24/2021,170,170,170,170,0,71.05,68.66,71.27,68.53,3.35,3.916,3.947,3.989,3.902,-1.11,92.89,92.99,93.08,92.81,-0.07,4201,4201,4201,4201,1.3,0.7257,0.721,0.7272,0.72,0.68,56.97,56.08,57.18,55.79,2.34,16.85,16.85,16.85,16.85,3.12,160.07,160.07,160.07,160.07,0.42
8/25/2021,170.75,170.75,170.75,170.75,0.44,72.25,71,72.42,70.5,1.69,3.925,3.914,4.021,3.877,0.23,92.82,92.88,93.13,92.81,-0.07,4193,4193,4193,4193,-0.19,0.7273,0.7258,0.7282,0.7237,0.22,56.87,56.98,57.42,56.19,-0.18,17.03,17.03,17.03,17.03,1.07,159.92,159.92,159.92,159.92,-0.09
8/26/2021,171,171,171,171,0.15,71.07,71.94,72.13,70.66,-1.63,4.211,3.949,4.251,3.931,7.29,93.06,92.83,93.08,92.81,0.26,4195,4195,4195,4195,0.05,0.7234,0.7277,0.7281,0.7233,-0.54,57.19,56.65,57.86,55.97,0.56,17.245,17.245,17.245,17.245,1.26,159.63,159.63,159.63,159.63,-0.18
8/27/2021,170.95,170.95,170.95,170.95,-0.03,72.7,71.53,72.76,71.17,2.29,4.388,4.237,4.417,4.221,4.2,92.69,93.03,93.18,92.63,-0.4,4235,4235,4235,4235,0.95,0.7311,0.7236,0.7318,0.7221,1.06,59.32,57.84,60.25,57.84,3.72,17.7,17.7,17.7,17.7,2.64,159.68,159.68,159.68,159.68,0.03
8/30/2021,171.35,171.35,171.35,171.35,0.23,73.41,73.25,73.69,72,0.98,4.359,4.535,4.566,4.276,-0.66,92.65,92.68,92.79,92.6,-0.04,4235,4235,4235,4235,0.95,0.7294,0.731,0.7323,0.7284,-0.23,61.08,60.31,61.29,60.15,2.97,17.72,17.72,17.72,17.72,0.11,159.58,159.58,159.58,159.58,-0.06
8/31/2021,174.25,172,172,172,1.69,72.99,73.14,73.52,72.62,-0.57,4.425,4.356,4.471,4.273,1.51,92.63,92.71,92.75,92.4,-0.03,4132,4132,4132,4132,-2.43,0.7315,0.7296,0.7343,0.7288,0.29,61.07,60.56,61.25,60.26,-0.02,18.22,18.22,18.22,18.22,2.82,159.25,159.25,159.25,159.25,-0.21
9/1/2021,174.6,174.6,174.6,174.6,0.2,71.59,71.68,72.38,70.42,-1.92,4.663,4.454,4.751,4.427,5.38,92.45,92.66,92.79,92.38,-0.19,4013,4013,4013,4013,-2.88,0.7364,0.7316,0.7385,0.7308,0.67,60.42,61.14,62.18,60,-1.06,18.02,18.02,18.02,18.02,-1.1,143.08,143.08,143.08,143.08,-10.15
9/2/2021,177.5,177.5,177.5,177.5,1.66,73.03,71.31,73.47,70.92,2.01,4.692,4.689,4.773,4.627,0.62,92.22,92.51,92.54,92.21,-0.24,4001,4001,4001,4001,-0.3,0.7399,0.7367,0.7411,0.7355,0.48,61.83,60.62,62.03,59.89,2.33,18.46,18.46,18.46,18.46,2.44,140.54,140.54,140.54,140.54,-1.78
9/3/2021,179,179,179,179,0.85,72.61,72.86,73.69,72.4,-0.58,4.762,4.681,4.771,4.642,1.49,92.04,92.22,92.26,91.95,-0.21,3944,3944,3944,3944,-1.42,0.7458,0.74,0.7479,0.7394,0.8,61.63,61.69,62.75,61.44,-0.32,18.46,18.46,18.46,18.46,0,144.83,144.83,144.83,144.83,3.05
9/6/2021,178,178,178,178,-0.56,72.22,72.57,72.78,71.51,-0.54,4.693,4.724,4.774,4.668,-0.66,92.04,92.12,92.31,92.04,0,3822,3822,3822,3822,-3.09,0.7439,0.7461,0.7465,0.7426,-0.25,62.61,62.48,63.47,62.17,1.59,18.46,18.46,18.46,18.46,0,144.83,144.83,144.83,144.83,3.05
9/7/2021,177.2,177.2,177.2,177.2,-0.45,71.69,72.29,72.81,71.1,-0.73,4.615,4.756,4.826,4.608,-1.66,92.51,92.2,92.57,92.1,0.52,3707,3707,3707,3707,-3.01,0.7385,0.744,0.747,0.7374,-0.73,62.28,63.03,63.16,61.96,-0.53,18.685,18.685,18.685,18.685,1.22,138.99,138.99,138.99,138.99,-4.03
9/8/2021,177.35,177.35,177.35,177.35,0.08,72.6,71.64,72.95,71.55,1.27,4.962,4.646,5.056,4.633,7.52,92.65,92.54,92.86,92.47,0.15,3618,3618,3618,3618,-2.4,0.7364,0.7387,0.7406,0.7345,-0.28,62.74,62.71,63.61,62.27,0.74,18.65,18.65,18.65,18.65,-0.19,135.56,135.56,135.56,135.56,-2.47
9/9/2021,177.5,177.5,177.5,177.5,0.08,71.45,72.61,73.2,70.88,-1.58,5.072,4.967,5.092,4.87,2.22,92.48,92.71,92.76,92.38,-0.19,3643,3643,3643,3643,0.69,0.7366,0.7364,0.7395,0.7347,0.03,63.04,62.55,63.36,62.17,0.48,18.625,18.625,18.625,18.625,-0.13,133.82,133.82,133.82,133.82,-1.28
9/10/2021,177.6,177.6,177.6,177.6,0.06,72.92,71.37,73.15,70.94,2.06,4.973,5.044,5.095,4.947,-1.95,92.58,92.53,92.65,92.33,0.11,3864,3864,3864,3864,6.07,0.7355,0.7368,0.7411,0.7348,-0.15,61.22,63.13,63.17,60.95,-2.89,18.65,18.65,18.65,18.65,0.13,133.18,133.18,133.18,133.18,-0.48
9/13/2021,177.5,177.5,177.5,177.5,-0.06,73.51,72.88,73.92,72.69,0.81,5.273,4.987,5.326,4.92,6.03,92.68,92.61,92.89,92.57,0.1,4163,4163,4163,4163,7.74,0.7366,0.7359,0.7377,0.7336,0.15,61.37,61.23,62.99,61.2,0.25,18.82,18.82,18.82,18.82,0.91,129.66,129.66,129.66,129.66,-2.64
9/14/2021,177.45,177.45,177.45,177.45,-0.03,73.6,73.62,74.28,73.08,0.12,5.305,5.243,5.409,5.217,0.61,92.62,92.62,92.68,92.32,-0.06,4221,4221,4221,4221,1.39,0.7318,0.7369,0.7375,0.7313,-0.65,60.16,61.8,62.25,59.6,-1.97,18.935,18.935,18.935,18.935,0.61,128.11,128.11,128.11,128.11,-1.2
9/15/2021,177.5,177.5,177.5,177.5,0.03,75.46,73.92,76.13,73.78,2.53,5.507,5.332,5.695,5.311,3.81,92.55,92.68,92.68,92.42,-0.08,4233,4233,4233,4233,0.28,0.7334,0.7323,0.734,0.7301,0.22,60.18,60.51,61.71,59.1,0.03,19.019,19.019,19.019,19.019,0.44,124.16,124.16,124.16,124.16,-3.08
9/16/2021,176,176,176,176,-0.85,75.67,75.46,75.87,74.48,0.28,5.382,5.449,5.642,5.278,-2.27,92.93,92.46,92.96,92.46,0.41,4215,4215,4215,4215,-0.43,0.7289,0.7334,0.7347,0.7273,-0.61,59.63,59.61,60.98,58.64,-0.91,23.42,23.42,23.42,23.42,23.14,119.96,119.96,119.96,119.96,-3.38
9/17/2021,177.5,177.5,177.5,177.5,0.85,75.34,75.68,75.78,74.58,-0.44,5.146,5.317,5.435,5.087,-4.38,93.19,92.88,93.25,92.76,0.28,4275,4275,4275,4275,1.42,0.7265,0.7291,0.7323,0.7261,-0.33,59.82,59.93,60.48,59.44,0.32,25,25,25,25,6.75,123,123,123,123,2.53
9/20/2021,177.5,177.5,177.5,177.5,0,73.92,75.33,75.4,73.52,-1.88,5.022,5.052,5.209,4.945,-2.41,93.28,93.25,93.45,93.18,0.09,4304,4304,4304,4304,0.68,0.725,0.7269,0.7276,0.722,-0.21,61.02,59.59,61.36,58.88,2.01,27.185,27.185,27.185,27.185,8.74,117.01,117.01,117.01,117.01,-4.87
9/21/2021,179.5,179.5,179.5,179.5,1.13,74.36,74.33,75.18,73.26,0.6,4.842,4.998,5.083,4.766,-3.58,93.2,93.24,93.29,93.05,-0.08,4410,4410,4410,4410,2.46,0.7231,0.7247,0.7285,0.7221,-0.26,60.5,60.95,61.5,60.21,-0.85,27.525,27.525,27.525,27.525,1.25,119.01,119.01,119.01,119.01,1.71
9/22/2021,180.5,180,180,180,0.56,76.19,74.56,76.26,74.49,2.46,4.855,4.842,4.94,4.791,0.27,93.46,93.22,93.51,92.99,0.28,4560,4560,4560,4560,3.4,0.7245,0.723,0.7298,0.7223,0.19,60.94,60.64,61.05,60.2,0.73,26.975,26.975,26.975,26.975,-2,120.73,120.73,120.73,120.73,1.45
9/23/2021,185.9,185.9,185.9,185.9,2.99,77.25,75.9,77.35,75.6,1.39,5.043,4.806,5.109,4.793,3.87,93.03,93.48,93.52,92.98,-0.46,4651,4651,4651,4651,2,0.7295,0.7246,0.7317,0.7223,0.69,60.89,60.96,61.47,59.5,-0.08,26.8,26.8,26.8,26.8,-0.65,120.45,120.45,120.45,120.45,-0.23
9/24/2021,181.5,181,181,181,-2.37,78.09,77.26,78.24,76.85,1.09,5.2,5.105,5.241,5.045,3.11,93.33,93.07,93.42,93.05,0.32,4644,4644,4644,4644,-0.15,0.7258,0.7297,0.7318,0.7236,-0.51,63.29,60.85,64.5,60.29,3.94,27.495,27.495,27.495,27.495,2.59,120.1,120.1,120.1,120.1,-0.29
9/27/2021,204.75,204.75,204.75,204.75,12.81,79.53,78.25,79.9,78.21,1.84,5.731,5.26,5.894,5.238,10.21,93.38,93.28,93.49,93.21,0.06,4717,4717,4717,4717,1.57,0.7286,0.7259,0.7296,0.7243,0.39,64.72,64.25,65.33,64,2.26,29.195,29.195,29.195,29.195,6.18,120.23,120.23,120.23,120.23,0.11
9/28/2021,207.7,210,210,210,1.44,79.09,79.4,80.75,78.1,-0.55,5.88,5.854,6.318,5.647,2.6,93.77,93.41,93.81,93.36,0.41,4962,4962,4962,4962,5.19,0.7236,0.7286,0.7313,0.7225,-0.69,62.29,65.75,66,62.07,-3.75,29.35,29.35,29.35,29.35,0.53,119.89,119.89,119.89,119.89,-0.28
9/29/2021,210.5,212,212.5,211,1.35,78.64,78.25,79.4,77.5,-0.57,5.595,5.96,6.063,5.542,-4.85,94.34,93.72,94.43,93.67,0.61,5197,5197,5197,5197,4.74,0.7175,0.7236,0.7266,0.717,-0.84,63.28,63.46,63.5,61.74,1.59,30.005,30.005,30.005,30.005,2.23,119.7,119.7,119.7,119.7,-0.16
9/30/2021,218,218,218,218,3.56,78.52,78.46,79.11,77.6,-0.15,5.991,5.579,6.126,5.469,7.08,94.23,94.35,94.5,94.11,-0.11,5167,5167,5167,5167,-0.58,0.7226,0.7176,0.7259,0.7172,0.71,62.16,63.27,63.27,60.73,-1.77,31.095,31.095,31.095,31.095,3.63,119.65,119.65,119.65,119.65,-0.04
10/1/2021,228,228,228,228,4.59,79.28,78.49,79.41,77.55,0.97,5.763,6.07,6.141,5.68,-3.81,94.04,94.31,94.39,93.99,-0.21,5202,5202,5202,5202,0.68,0.7256,0.7225,0.7278,0.7192,0.42,62.45,62.25,64.15,61.53,0.47,31.07,31.07,31.07,31.07,-0.08,115.76,115.76,115.76,115.76,-3.25
10/4/2021,240,228,240,228,5.26,81.26,79.49,82,78.75,2.5,5.906,5.78,6.202,5.773,2.48,93.78,94.07,94.1,93.68,-0.28,5267,5267,5267,5267,1.25,0.7284,0.7264,0.7306,0.7251,0.39,63.82,63.27,64.9,62.71,2.19,31.56,31.56,31.56,31.56,1.58,117.76,117.76,117.76,117.76,1.73
10/5/2021,269.5,269.5,269.5,269.5,12.29,82.56,81.27,83.13,81.19,1.6,6.432,5.964,6.509,5.927,8.91,93.97,93.83,94.07,93.81,0.21,5409,5409,5409,5409,2.7,0.7291,0.7286,0.7303,0.7249,0.1,65.16,64.25,65.8,64.2,2.1,35.065,35.065,35.065,35.065,11.11,117.85,117.85,117.85,117.85,0.08
10/6/2021,242,242,242,242,-10.2,81.08,82.57,83.47,80.6,-1.79,5.803,6.447,6.593,5.79,-9.78,94.27,93.99,94.45,93.98,0.31,5647,5647,5647,5647,4.4,0.7272,0.7288,0.7297,0.7226,-0.26,59.58,65.16,65.16,59.35,-8.56,34.05,34.05,34.05,34.05,-2.89,117.68,117.68,117.68,117.68,-0.14
10/7/2021,231.9,230,235,230,-4.17,81.95,80.98,82.5,79.08,1.07,5.817,5.83,5.965,5.533,0.24,94.22,94.23,94.28,94.08,-0.05,5650,5650,5650,5650,0.05,0.7312,0.7273,0.7326,0.7268,0.55,60.81,60.18,61.11,58.2,2.06,33.08,33.08,33.08,33.08,-2.85,118.1,118.1,118.1,118.1,0.36
10/8/2021,238.6,242.5,242.75,235,2.89,82.39,82.38,83.43,81.96,0.54,5.71,5.907,6.021,5.693,-1.84,94.07,94.21,94.34,93.94,-0.16,5526,5526,5526,5526,-2.19,0.7306,0.7314,0.734,0.7288,-0.08,58.76,60.49,61.15,58.3,-3.37,32.06,32.06,32.06,32.06,-3.08,122.86,122.86,122.86,122.86,4.03
10/11/2021,244.5,240,247,240,2.47,83.65,82.65,84.6,82.54,1.53,5.502,5.835,5.945,5.46,-3.64,94.32,94.1,94.4,94.03,0.26,5488,5488,5488,5488,-0.69,0.7351,0.7314,0.7373,0.7292,0.62,59.58,58.67,60.66,58.49,1.4,33.08,33.08,33.08,33.08,3.18,130.24,130.24,130.24,130.24,6.01
10/12/2021,242.35,242.35,242.35,242.35,-0.88,83.42,83.49,84.23,82.72,-0.27,5.663,5.564,5.68,5.332,2.93,94.52,94.37,94.56,94.23,0.21,5378,5378,5378,5378,-2,0.7349,0.7352,0.7386,0.7332,-0.03,59.34,59.52,59.91,58.91,-0.4,32.9,32.9,32.9,32.9,-0.54,126.42,126.42,126.42,126.42,-2.93
10/13/2021,243.35,247,247,243,0.41,83.18,83.1,83.69,82.2,-0.29,5.753,5.607,5.855,5.511,1.59,94.08,94.52,94.53,94,-0.46,5206,5206,5206,5206,-3.2,0.7378,0.7351,0.7383,0.7323,0.39,59.45,59.42,60.54,58.65,0.19,33.11,33.11,33.11,33.11,0.64,122.29,122.29,122.29,122.29,-3.27
10/14/2021,245,245,245,245,0.68,84,83.45,84.5,83.18,0.99,5.837,5.837,6.111,5.757,1.46,93.96,94.02,94.09,93.76,-0.13,5062,5062,5062,5062,-2.77,0.7415,0.7379,0.7428,0.7372,0.5,61.79,59.79,62.08,59.79,3.94,33.305,33.305,33.305,33.305,0.59,122.83,122.83,122.83,122.83,0.44
10/15/2021,240,243,243,238,-2.04,84.86,84.3,85.1,84.16,1.02,5.6,5.8,5.94,5.59,-4.06,93.94,94.03,94.07,93.85,-0.02,4854,4854,4854,4854,-4.11,0.7421,0.7416,0.7441,0.7403,0.08,59.79,62.16,62.19,58.62,-3.24,33.254,33.254,33.254,33.254,-0.15,123.19,123.19,123.19,123.19,0.29
10/18/2021,239.35,240,240,238,-0.27,84.33,84.95,86.04,83.95,-0.62,5.236,5.529,5.588,5.203,-6.5,93.95,93.95,94.17,93.87,0.02,4732,4732,4732,4732,-2.51,0.741,0.7422,0.7439,0.7378,-0.15,58.92,58.93,60,57.64,-1.46,34.34,34.34,34.34,34.34,3.27,123.4,123.4,123.4,123.4,0.17
10/19/2021,229.9,229.9,229.9,229.9,-3.95,85.08,84.21,85.4,83.7,0.89,5.35,5.22,5.361,5.07,2.18,93.73,93.95,93.95,93.5,-0.23,4714,4714,4714,4714,-0.38,0.7472,0.7412,0.7487,0.7407,0.84,54.92,58.26,58.69,54.45,-6.79,34.89,34.89,34.89,34.89,1.6,123.3,123.3,123.3,123.3,-0.08
10/20/2021,231.5,232,232,232,0.7,85.82,85.19,85.89,83.61,0.87,5.447,5.329,5.483,5.194,1.81,93.56,93.81,93.88,93.54,-0.19,4751,4751,4751,4751,0.78,0.7515,0.7471,0.7524,0.7465,0.58,58.14,55.48,58.48,55.48,5.86,35.555,35.555,35.555,35.555,1.91,123.49,123.49,123.49,123.49,0.15
10/21/2021,228.5,228.5,228.5,228.5,-1.3,84.61,85.9,86.1,83.36,-1.41,5.346,5.439,5.478,5.24,-1.85,93.77,93.58,93.79,93.5,0.23,4653,4653,4653,4653,-2.06,0.7466,0.7515,0.7548,0.7458,-0.65,58.37,57.8,58.99,56.9,0.4,33.455,33.455,33.455,33.455,-5.91,122.89,122.89,122.89,122.89,-0.49
10/22/2021,230,230,230,230,0.66,85.53,84.52,85.93,83.82,1.09,5.461,5.428,5.59,5.336,2.15,93.64,93.75,93.79,93.54,-0.14,4410,4410,4410,4410,-5.22,0.7464,0.7467,0.7514,0.7453,-0.03,58.64,58.51,60.53,58.44,0.46,33.255,33.255,33.255,33.255,-0.6,122.5,122.5,122.5,122.5,-0.32
10/25/2021,226,226,226,226,-1.74,85.99,85.65,86.7,85.43,0.54,6.056,5.629,6.161,5.629,10.9,93.81,93.66,93.96,93.48,0.18,4257,4257,4257,4257,-3.47,0.7491,0.7468,0.7507,0.7461,0.36,59.35,59.51,60.11,58.92,1.21,33.575,33.575,33.575,33.575,0.96,122.06,122.06,122.06,122.06,-0.36
10/26/2021,223.35,223.35,223.35,223.35,-1.17,86.4,86.03,86.5,85.27,0.48,6.003,6.119,6.233,5.731,-0.88,93.95,93.84,94.02,93.71,0.14,4056,4056,4056,4056,-4.72,0.7499,0.7491,0.7527,0.7484,0.11,60.16,59.68,60.54,59.14,1.36,34.205,34.205,34.205,34.205,1.88,122.47,122.47,122.47,122.47,0.34
10/27/2021,223.35,223.35,223.35,223.35,0,84.58,86.07,86.28,84.05,-2.11,6.198,5.946,6.281,5.886,3.25,93.8,93.97,94.01,93.69,-0.16,3808,3808,3808,3808,-6.11,0.7514,0.7501,0.7536,0.7487,0.2,60.27,60,60.45,59.2,0.18,33.905,33.905,33.905,33.905,-0.88,122.36,122.36,122.36,122.36,-0.09
10/28/2021,223.7,223.7,223.7,223.7,0.16,84.32,84.21,84.59,82.32,-0.31,5.871,6.221,6.279,5.809,-5.28,93.35,93.88,93.97,93.28,-0.49,3630,3630,3630,3630,-4.67,0.7544,0.7517,0.7556,0.7479,0.4,58.94,59.73,59.84,58.32,-2.21,32.01,32.01,32.01,32.01,-5.59,121.94,121.94,121.94,121.94,-0.34
10/29/2021,223.45,223.45,223.45,223.45,-0.11,84.38,84.33,84.83,83.79,0.07,5.529,5.823,5.922,5.504,-5.83,94.12,93.36,94.3,93.32,0.83,3519,3519,3519,3519,-3.06,0.7521,0.7545,0.7556,0.75,-0.3,59.08,59.3,59.87,58.5,0.24,30,30,30,30,-6.28,121.23,121.23,121.23,121.23,-0.58
11/1/2021,145,155,155,150,-35.11,84.71,83.63,85.12,83.03,0.39,5.305,5.425,5.595,5.238,-4.05,93.88,94.13,94.31,93.86,-0.26,3428,3428,3428,3428,-2.59,0.7524,0.751,0.7538,0.7485,0.04,57.29,59.41,60.78,57,-3.03,29.205,29.205,29.205,29.205,-2.65,102.58,102.58,102.58,102.58,-15.38
11/2/2021,140.9,142.5,142.5,139,-2.83,84.72,84.45,85.23,83.76,0.01,5.64,5.341,5.659,5.322,6.31,94.09,93.93,94.13,93.82,0.22,3187,3187,3187,3187,-7.03,0.7428,0.7525,0.7534,0.742,-1.28,59.79,57.7,60,57.5,4.36,30.805,30.805,30.805,30.805,5.48,99.4,99.4,99.4,99.4,-3.1
11/3/2021,157.5,145,157.3,145,11.78,81.99,84.07,84.2,81.1,-3.22,5.78,5.645,5.967,5.57,2.48,93.86,94.12,94.21,93.82,-0.24,2892,2892,2892,2892,-9.26,0.7445,0.7429,0.746,0.7412,0.23,60.15,59.86,60.67,59.42,0.6,32.755,32.755,32.755,32.755,6.33,99.35,99.35,99.35,99.35,-0.05
11/4/2021,154.25,160.05,161.35,154.75,-2.06,80.54,81.58,84.49,80.2,-1.77,5.826,5.969,5.975,5.653,0.8,94.35,93.86,94.47,93.82,0.51,2769,2769,2769,2769,-4.25,0.7399,0.7449,0.7472,0.7383,-0.62,60.18,59.76,61.76,59.25,0.05,32.005,32.005,32.005,32.005,-2.29,97.17,97.17,97.17,97.17,-2.19
11/5/2021,155.4,155.4,155.4,155.4,0.75,82.74,81.25,83.16,80.26,2.73,5.626,5.779,5.866,5.609,-3.43,94.32,94.34,94.62,94.19,-0.03,2715,2715,2715,2715,-1.95,0.7401,0.7401,0.7413,0.736,0.03,59.73,60.23,61.53,59.63,-0.75,31.62,31.62,31.62,31.62,-1.2,94.43,94.43,94.43,94.43,-2.82
11/8/2021,163,161,163,161,4.89,83.43,82.58,84,82.53,0.83,5.505,5.73,5.76,5.481,-2.15,94.05,94.25,94.38,93.99,-0.29,2718,2718,2718,2718,0.11,0.742,0.7398,0.7433,0.7384,0.26,60.96,60.27,61.43,60.16,2.06,32.145,32.145,32.145,32.145,1.66,94.36,94.36,94.36,94.36,-0.07
11/9/2021,160.65,170,170,162,-1.44,84.78,83.47,85.3,83.16,1.62,5.07,5.487,5.54,5,-7.9,93.96,94.09,94.15,93.88,-0.1,2805,2805,2805,2805,3.2,0.7375,0.7422,0.7433,0.736,-0.61,60.75,60.35,61.7,60.23,-0.34,31.76,31.76,31.76,31.76,-1.2,91.98,91.98,91.98,91.98,-2.52
11/10/2021,152.3,158.5,158.5,158.5,-5.2,82.64,84.99,85.5,82.08,-2.52,4.974,5.061,5.137,4.819,-1.89,94.85,93.98,94.9,93.97,0.95,2861,2861,2861,2861,2,0.7326,0.7377,0.7394,0.7324,-0.66,63.48,60.45,63.58,60.31,4.49,31.14,31.14,31.14,31.14,-1.95,92.19,92.19,92.19,92.19,0.23
11/11/2021,151.5,152,156,151,-0.53,82.87,82.85,83.44,81.66,0.28,5.245,5.011,5.273,4.987,5.45,95.18,94.84,95.2,94.84,0.35,2844,2844,2844,2844,-0.59,0.7294,0.7327,0.7343,0.7287,-0.44,64.02,63.12,64.22,62.4,0.85,31.415,31.415,31.415,31.415,0.88,93.63,93.63,93.63,93.63,1.56
11/12/2021,150,153,153,153,-0.99,82.17,82.83,82.87,81.26,-0.84,4.88,5.225,5.239,4.85,-6.96,95.13,95.18,95.26,95,-0.05,2807,2807,2807,2807,-1.3,0.7332,0.7298,0.7337,0.7276,0.52,63.58,63.98,64.81,63.43,-0.69,31.565,31.565,31.565,31.565,0.48,93.4,93.4,93.4,93.4,-0.25
11/15/2021,149.35,149.35,149.35,149.35,-0.43,82.05,81.92,82.49,80.67,-0.15,5.104,4.986,5.15,4.811,4.59,95.41,95.12,95.6,94.97,0.29,2759,2759,2759,2759,-1.71,0.7344,0.7333,0.7372,0.732,0.16,66.22,63.94,67.27,63.94,4.15,31.612,31.612,31.612,31.612,0.15,92.36,92.36,92.36,92.36,-1.11
11/16/2021,150.4,150.4,150.4,150.4,0.7,82.43,82,83.14,81.52,0.46,5.27,5.145,5.48,5.107,3.25,95.92,95.47,95.98,95.4,0.53,2591,2591,2591,2591,-6.09,0.7302,0.7347,0.7369,0.7292,-0.57,67.83,66.8,68.1,66.57,2.43,37.845,37.845,37.845,37.845,19.72,92.01,92.01,92.01,92.01,-0.38
11/17/2021,150.15,150.15,150.15,150.15,-0.17,80.28,82.05,82.22,79.78,-2.61,4.914,5.248,5.263,4.9,-6.76,95.83,95.94,96.24,95.73,-0.09,2430,2430,2430,2430,-6.21,0.7266,0.7304,0.7307,0.7259,-0.49,67.45,68.15,68.73,67.1,-0.56,37.285,37.285,37.285,37.285,-1.48,92.76,92.76,92.76,92.76,0.82
11/18/2021,152.5,152.5,152.5,152.5,1.57,81.24,80.1,81.41,79.28,1.2,4.995,4.993,5.133,4.935,1.65,95.54,95.8,95.84,95.52,-0.3,2454,2454,2454,2454,0.99,0.7279,0.7269,0.7294,0.7249,0.18,69.38,67.57,69.49,66.62,2.86,37.565,37.565,37.565,37.565,0.75,92.01,92.01,92.01,92.01,-0.81
11/19/2021,152.5,152.5,152.5,152.5,0,78.89,81,82.24,78.05,-2.89,5.145,4.992,5.237,4.933,3,96.03,95.58,96.24,95.58,0.51,2552,2552,2552,2552,3.99,0.7234,0.7281,0.7292,0.7227,-0.62,69.65,69.47,70.1,68.9,0.39,34.255,34.255,34.255,34.255,-8.81,92.78,92.78,92.78,92.78,0.84
11/22/2021,154,154,154,154,0.98,79.7,78.58,80.07,77.58,1.03,4.861,4.998,5.047,4.736,-5.52,96.55,96.07,96.55,96.04,0.54,2645,2645,2645,2645,3.64,0.7223,0.7235,0.7275,0.7221,-0.15,70.22,70.09,71.48,69.59,0.82,33.97,33.97,33.97,33.97,-0.83,93.39,93.39,93.39,93.39,0.66
11/23/2021,157,157,157,157,1.95,82.31,79.51,82.6,78.55,3.27,5.035,4.865,5.149,4.833,3.58,96.49,96.46,96.61,96.31,-0.06,2715,2715,2715,2715,2.65,0.7227,0.7226,0.7238,0.7206,0.06,69.49,70.3,70.93,69.1,-1.04,36.075,36.075,36.075,36.075,6.2,93.99,93.99,93.99,93.99,0.64
11/24/2021,159,160,160,160,1.27,82.25,81.88,83,81.74,-0.07,5.114,5.061,5.205,4.945,1.57,96.88,96.53,96.94,96.43,0.4,2654,2654,2654,2654,-2.25,0.7195,0.7228,0.723,0.7183,-0.44,73.23,69.93,73.48,69.25,5.38,36.205,36.205,36.205,36.205,0.36,94.33,94.33,94.33,94.33,0.36
11/25/2021,158,158,158,158,-0.63,82.22,82.24,82.58,81.7,-0.04,5.087,5.089,5.136,5.029,-0.53,96.77,96.81,96.82,96.65,-0.1,2678,2678,2678,2678,0.9,0.719,0.7197,0.7211,0.718,-0.07,74.79,73.58,75.37,72.5,2.13,36.205,36.205,36.205,36.205,0.36,94.33,94.33,94.33,94.33,0.36
11/26/2021,157.5,157.5,157.5,157.5,-0.32,72.72,81.65,81.66,72.14,-11.55,5.477,5.069,5.518,5.026,7.67,96.09,96.72,96.77,95.75,-0.71,2767,2767,2767,2767,3.32,0.7123,0.719,0.72,0.7111,-0.93,73.12,74.38,74.51,70.7,-2.23,34.89,34.89,34.89,34.89,-3.63,94.44,94.44,94.44,94.44,0.12
11/29/2021,159.3,164.5,164.5,157.5,1.14,73.44,73.88,77.02,72.41,0.99,4.768,5.135,5.135,4.734,-12.95,96.34,96.07,96.44,96.07,0.26,2881,2881,2881,2881,4.12,0.714,0.7117,0.7161,0.7112,0.24,74.54,74.2,76.06,74.2,1.94,36.25,36.25,36.25,36.25,3.9,94.71,94.71,94.71,94.71,0.29
11/30/2021,152,158.6,158.6,152,-4.58,70.57,74.42,74.56,70.22,-3.91,4.506,4.792,4.808,4.42,-5.49,95.99,96.22,96.64,95.52,-0.36,3018,3018,3018,3018,4.76,0.7123,0.714,0.7171,0.7063,-0.24,75.73,74.12,75.81,73.54,1.6,35.945,35.945,35.945,35.945,-0.84,94.97,94.97,94.97,94.97,0.27
12/1/2021,157.45,157,157,157,3.59,68.87,69.8,72.87,68.14,-2.41,4.188,4.547,4.603,4.159,-7.06,96.03,95.94,96.14,95.67,0.04,3047,3047,3047,3047,0.96,0.7104,0.7126,0.7174,0.7095,-0.27,77.2,75.95,78.76,75.6,1.94,35.885,35.885,35.885,35.885,-0.17,103.17,103.17,103.17,103.17,8.63
12/2/2021,158.5,156.05,156.05,155,0.67,69.67,69.72,70.7,65.72,1.16,3.997,4.202,4.256,3.988,-4.56,96.16,96.07,96.18,95.83,0.13,3115,3115,3115,3115,2.23,0.7093,0.7106,0.7121,0.7084,-0.15,80.25,76.51,80.35,76.5,3.95,35.32,35.32,35.32,35.32,-1.57,101.82,101.82,101.82,101.82,-1.31
12/3/2021,155.25,156,157,155.25,-2.05,69.88,70.22,72.62,69.24,0.3,4.073,4.046,4.221,4.01,1.9,96.12,96.12,96.45,95.97,-0.04,3171,3171,3171,3171,1.8,0.7001,0.7095,0.7102,0.6993,-1.3,78.64,80.41,80.8,78.38,-2.01,34.19,34.19,34.19,34.19,-3.2,101.49,101.49,101.49,101.49,-0.32
12/6/2021,151.25,151.25,151.25,151.25,-2.58,73.08,70.24,73.8,70.24,4.58,3.625,3.83,3.853,3.601,-11,96.33,96.15,96.43,96.13,0.22,3235,3235,3235,3235,2.02,0.7049,0.6998,0.7056,0.6995,0.69,81.65,79.14,82.17,78.74,3.83,34.395,34.395,34.395,34.395,0.6,103.74,103.74,103.74,103.74,2.22
12/7/2021,154.1,154.1,154.1,154.1,1.88,75.44,73.6,76.27,73.2,3.23,3.674,3.654,3.792,3.626,1.35,96.37,96.3,96.59,96.17,0.04,3352,3352,3352,3352,3.62,0.7118,0.7051,0.7124,0.7039,0.98,85.34,82.3,85.94,82.3,4.52,35.065,35.065,35.065,35.065,1.95,108.04,108.04,108.04,108.04,4.14
12/8/2021,158.7,159,159,159,2.99,75.82,75.44,76.37,74.38,0.5,3.774,3.692,3.886,3.688,2.72,95.89,96.26,96.38,95.85,-0.49,3423,3423,3423,3423,2.12,0.7171,0.7119,0.7185,0.7115,0.74,89.41,85.64,91.19,85.51,4.77,35.15,35.15,35.15,35.15,0.24,106.77,106.77,106.77,106.77,-1.18
12/9/2021,160.1,165,165,161,0.88,74.42,75.94,76.7,73.84,-1.85,3.784,3.776,3.889,3.686,0.26,96.27,95.96,96.34,95.96,0.39,3343,3343,3343,3343,-2.34,0.7149,0.7172,0.7188,0.7135,-0.31,80.88,90.25,90.75,80.4,-9.54,35.185,35.185,35.185,35.185,0.1,106.49,106.49,106.49,106.49,-0.26
12/10/2021,163.75,161,163.25,161,2.28,75.15,73.99,75.71,73.8,0.98,3.889,3.764,3.927,3.727,2.77,96.1,96.21,96.43,95.98,-0.18,3272,3272,3272,3272,-2.12,0.7171,0.715,0.7184,0.7131,0.31,84.37,81.08,84.5,80.48,4.32,35.215,35.215,35.215,35.215,0.09,105,105,105,105,-1.4
12/13/2021,164.25,164.25,164.25,164.25,0.31,74.39,75.37,76.39,74.2,-1.01,3.761,3.94,4.042,3.737,-3.29,96.32,96.05,96.44,96.05,0.23,3216,3216,3216,3216,-1.71,0.7129,0.7144,0.7178,0.7111,-0.59,82.72,84.8,87.4,82.2,-1.96,35.73,35.73,35.73,35.73,1.46,108.51,108.51,108.51,108.51,3.34
12/14/2021,164.75,164.75,164.75,164.75,0.3,73.7,74.42,75.16,72.57,-0.93,3.713,3.777,3.804,3.658,-1.28,96.57,96.35,96.59,96.1,0.26,2932,2932,2932,2932,-8.83,0.7102,0.713,0.7137,0.709,-0.38,80.12,82.32,83.88,78.9,-3.14,35.765,35.765,35.765,35.765,0.1,107.04,107.04,107.04,107.04,-1.35
12/15/2021,164.75,164.75,164.75,164.75,0,73.88,73.25,74.58,72.5,0.24,3.761,3.746,3.879,3.728,1.29,96.51,96.55,96.91,96.3,-0.06,2665,2665,2665,2665,-9.11,0.7167,0.7102,0.7178,0.7092,0.92,81.19,80.35,82.24,80.1,1.34,35.87,35.87,35.87,35.87,0.29,109.22,109.22,109.22,109.22,2.04
12/16/2021,168.5,168.5,168.5,168.5,2.28,75.02,74.47,75.61,74,1.54,3.715,3.786,3.923,3.681,-1.22,96.04,96.43,96.45,95.85,-0.49,2498,2498,2498,2498,-6.27,0.7183,0.717,0.7225,0.7145,0.22,85.71,82.18,86.05,81.12,5.57,43.445,43.445,43.445,43.445,21.12,111.19,111.19,111.19,111.19,1.8
12/17/2021,168,168,168,168,-0.3,73.52,74.5,74.98,72.65,-2,3.639,3.734,3.762,3.575,-2.05,96.57,96,96.69,95.88,0.54,2379,2379,2379,2379,-4.76,0.7124,0.7184,0.7187,0.7122,-0.82,74.02,85.25,85.25,73.25,-13.64,42.45,42.45,42.45,42.45,-2.29,111.64,111.64,111.64,111.64,0.4
12/20/2021,168.15,168.15,168.15,168.15,0.09,71.52,72.82,72.87,69.28,-2.72,3.758,3.602,3.841,3.592,3.27,96.55,96.67,96.69,96.33,-0.01,2371,2371,2371,2371,-0.34,0.7109,0.7136,0.7149,0.7082,-0.21,80.09,74,81.75,73.42,8.2,45.025,45.025,45.025,45.025,6.07,113.79,113.79,113.79,113.79,1.93
12/21/2021,169,169,169,169,0.51,73.98,71.88,74.27,71.24,3.44,3.774,3.755,3.835,3.645,0.43,96.49,96.54,96.64,96.34,-0.06,2294,2294,2294,2294,-3.25,0.7154,0.7112,0.7158,0.7098,0.63,80.94,80.52,82.85,78.09,1.06,49.345,49.345,49.345,49.345,9.59,113.64,113.64,113.64,113.64,-0.13
12/22/2021,169.5,169.5,169.5,169.5,0.3,75.29,74.05,75.67,73.62,1.77,3.86,3.774,3.93,3.73,2.28,96.08,96.47,96.6,96.02,-0.43,2229,2229,2229,2229,-2.83,0.7213,0.7152,0.7222,0.712,0.82,76.83,80.07,80.17,75.45,-5.08,46.015,46.015,46.015,46.015,-6.75,112.54,112.54,112.54,112.54,-0.97
12/23/2021,169.4,169.4,169.4,169.4,-0.06,76.85,75.47,77,74.78,2.07,3.63,3.86,3.896,3.518,-5.96,96.02,96.03,96.28,95.99,-0.06,2219,2219,2219,2219,-0.45,0.7242,0.7214,0.7253,0.7195,0.4,74.46,77.5,77.75,74.25,-3.08,38.84,38.84,38.84,38.84,-15.59,112.54,112.54,112.54,112.54,0
12/24/2021,168.9,168.9,168.9,168.9,-0.3,76.14,76.72,76.79,75.75,-0.92,3.63,3.86,3.896,3.518,-5.96,96.02,96.03,96.28,95.99,-0.06,2217,2217,2217,2217,-0.09,0.7223,0.7242,0.7248,0.7218,-0.26,76.31,74.7,76.87,74.51,2.48,38.84,38.84,38.84,38.84,-15.59,112.54,112.54,112.54,112.54,0
12/27/2021,170.1,170.1,170.1,170.1,0.71,78.6,76.32,79.08,75.75,3.23,3.942,3.815,3.97,3.632,8.6,96.09,96.15,96.26,96.05,0.08,2217,2217,2217,2217,-0.09,0.7234,0.7223,0.7245,0.7206,0.15,76.92,75.87,77.13,75.04,0.8,40.98,40.98,40.98,40.98,5.51,112.99,112.99,112.99,112.99,0.4
12/28/2021,171,171,171,171,0.53,78.94,78.67,79.85,78.48,0.43,3.885,3.935,4.031,3.805,-1.45,96.2,96.07,96.28,96,0.11,2217,2217,2217,2217,-0.09,0.7228,0.724,0.7265,0.7219,-0.08,79.29,76.8,79.69,76.21,3.08,39.915,39.915,39.915,39.915,-2.6,112.29,112.29,112.29,112.29,-0.62
12/29/2021,171.1,171.1,171.1,171.1,0.06,79.23,79.28,80.17,78.13,0.37,3.85,3.899,4.077,3.813,-0.9,95.93,96.15,96.39,95.76,-0.28,2217,2217,2217,2217,-0.09,0.7248,0.7229,0.7272,0.7212,0.28,80.36,79.13,80.87,78.11,1.35,34.03,34.03,34.03,34.03,-14.74,112.34,112.34,112.34,112.34,0.04
12/30/2021,170.1,170.1,170.1,170.1,-0.58,79.32,79.19,79.66,78.5,0.11,3.435,3.698,3.781,3.416,-10.78,95.97,95.89,96.22,95.86,0.04,2217,2217,2217,2217,-0.09,0.7249,0.7254,0.7277,0.7243,0.01,80.16,80.5,80.65,79.25,-0.25,34.21,34.21,34.21,34.21,0.53,112.24,112.24,112.24,112.24,-0.09
12/31/2021,169.6,169.6,169.6,169.6,-0.29,77.78,78.81,79.68,77.55,-1.94,3.557,3.456,3.627,3.449,3.55,95.97,95.99,96.11,95.57,0,2217,2217,2217,2217,-0.09,0.726,0.7251,0.7278,0.7244,0.15,80.65,79.98,81.25,79.55,0.61,30.495,30.495,30.495,30.495,-10.86,112.5,112.5,112.5,112.5,0.23
1/3/2022,157.5,157.5,157.5,157.5,-7.13,78.98,78.11,79.28,77.04,1.54,3.678,3.554,3.709,3.5,3.4,96.21,95.67,96.33,95.63,0.26,2217,2217,2217,2217,-0.09,0.7191,0.7262,0.7279,0.7184,-0.95,84.01,79.8,84.4,79.8,4.17,30.505,30.505,30.505,30.505,0.03,120.4,120.4,120.4,120.4,7.02
1/4/2022,174.1,172,174,171,10.54,80,78.91,80.55,78.62,1.29,3.582,3.674,3.777,3.573,-2.61,96.26,96.19,96.46,96.03,0.05,2285,2285,2285,2285,3.07,0.7238,0.7194,0.7251,0.7185,0.65,84.91,83.95,86.8,83.81,1.07,32.745,32.745,32.745,32.745,7.34,120.91,120.91,120.91,120.91,0.42
1/5/2022,179.9,180,180,180,3.33,80.8,80.07,81.5,79.51,1,3.71,3.611,3.738,3.591,3.57,96.17,96.31,96.33,95.89,-0.09,2289,2289,2289,2289,0.18,0.7219,0.724,0.7273,0.7215,-0.26,87.58,85.9,88.55,85.27,3.14,34.19,34.19,34.19,34.19,4.41,124.14,124.14,124.14,124.14,2.67
1/6/2022,196.5,190,193,189.25,9.23,81.99,80.22,82.83,79.61,1.47,3.67,3.679,3.757,3.647,-1.08,96.32,96.2,96.39,96.04,0.15,2296,2296,2296,2296,0.31,0.716,0.722,0.7224,0.7145,-0.82,86.74,87.47,87.8,85.33,-0.96,34.07,34.07,34.07,34.07,-0.35,125.94,125.94,125.94,125.94,1.45
1/7/2022,195.9,195,195,195,-0.31,81.75,82,83,81.42,-0.29,3.726,3.716,3.803,3.664,1.53,95.72,96.26,96.29,95.71,-0.62,2289,2289,2289,2289,-0.3,0.7178,0.7162,0.7189,0.7129,0.25,85.42,86.8,87.61,85.21,-1.52,33.95,33.95,33.95,33.95,-0.35,126.21,126.21,126.21,126.21,0.21
1/10/2022,196.5,203,205,203,0.31,80.87,81.76,82.3,80.5,-1.08,3.834,3.91,3.966,3.764,2.9,95.99,95.74,96.23,95.74,0.28,2277,2277,2277,2277,-0.52,0.7168,0.717,0.7204,0.7149,-0.14,80.09,86.12,87,79.8,-6.24,33.265,33.265,33.265,33.265,-2.02,124.48,124.48,124.48,124.48,-1.37
1/11/2022,197.1,197,198,197,0.31,83.72,81.08,83.98,80.89,3.52,3.968,3.868,3.98,3.787,3.5,95.62,95.93,96.07,95.58,-0.38,2151,2151,2151,2151,-5.53,0.7209,0.7169,0.7215,0.7155,0.57,81.3,81.4,84.45,80.12,1.51,32.915,32.915,32.915,32.915,-1.05,126.75,126.75,126.75,126.75,1.82
1/12/2022,203,205,205,205,2.99,84.67,83.78,85.21,83.52,1.13,4.327,3.948,4.356,3.926,9.05,94.92,95.58,95.69,94.91,-0.74,2027,2027,2027,2027,-5.76,0.7284,0.7211,0.7293,0.72,1.04,80.01,82.7,83.24,79.15,-1.59,33,33,33,33,0.26,128.66,128.66,128.66,128.66,1.51
1/13/2022,211.5,209.5,209.5,209.5,4.19,84.47,84.87,85.1,83.79,-0.24,4.005,4.296,4.329,3.99,-7.44,94.79,94.99,95.02,94.66,-0.13,1873,1873,1873,1873,-7.6,0.7284,0.7286,0.7316,0.7272,0,80.56,80.2,81.43,77.55,0.69,32.605,32.605,32.605,32.605,-1.2,127.84,127.84,127.84,127.84,-0.64
1/14/2022,216.75,220,220,220,2.48,86.06,84.12,86.5,83.99,1.88,4.081,4.01,4.097,3.933,1.9,95.17,94.87,95.27,94.63,0.4,1764,1764,1764,1764,-5.82,0.7206,0.7282,0.7295,0.7198,-1.07,82.08,82.05,83.75,81.5,1.89,32.845,32.845,32.845,32.845,0.74,126.24,126.24,126.24,126.24,-1.25
1/17/2022,220.5,220.5,220.5,220.5,1.73,86.48,86.15,86.71,85.54,0.49,4.276,4.33,4.353,4.216,-1.36,95.26,95.17,95.35,95.04,0.1,1731,1731,1731,1731,-1.87,0.721,0.7212,0.7231,0.7195,0.06,80.58,82.7,82.75,79.88,-1.83,32.845,32.845,32.845,32.845,0.74,126.24,126.24,126.24,126.24,-1.25
1/18/2022,221,221,221,221,0.23,87.51,86.47,88.66,86.44,1.19,4.048,4.143,4.18,4.002,-5.33,95.73,95.22,95.83,95.13,0.5,1644,1644,1644,1644,-5.03,0.7182,0.7209,0.723,0.717,-0.39,82.67,80.4,82.97,79,2.59,22.935,22.935,22.935,22.935,-30.17,127.48,127.48,127.48,127.48,0.98
1/19/2022,223.1,223.1,223.1,223.1,0.95,88.44,88.65,89.17,87.61,1.06,3.845,4.071,4.119,3.834,-5.01,95.51,95.77,95.79,95.49,-0.23,1570,1570,1570,1570,-4.5,0.721,0.7185,0.724,0.7176,0.39,82.09,82.8,82.8,80.8,-0.7,21.14,21.14,21.14,21.14,-7.83,127.41,127.41,127.41,127.41,-0.05
1/20/2022,225.65,226,226,226,1.14,88.38,87.89,89.5,87.05,-0.07,3.649,3.834,3.868,3.629,-5.1,95.74,95.59,95.86,95.42,0.24,1474,1474,1474,1474,-6.11,0.7225,0.7212,0.7278,0.7208,0.21,85.59,81.34,85.97,80.53,4.26,20.525,20.525,20.525,20.525,-2.91,129.09,129.09,129.09,129.09,1.32
1/21/2022,224.6,225,226,225,-0.47,87.89,86.75,88.23,85.71,-0.55,3.782,3.68,3.829,3.669,3.64,95.64,95.81,95.84,95.5,-0.1,1415,1415,1415,1415,-4,0.7183,0.7227,0.7232,0.7171,-0.58,84.47,85.21,85.65,83.28,-1.31,22.09,22.09,22.09,22.09,7.62,129.49,129.49,129.49,129.49,0.31
1/24/2022,225.25,225.25,225.25,225.25,0.29,86.27,87.93,88.9,85.04,-1.84,3.875,3.709,3.912,3.693,2.46,95.92,95.64,96.13,95.63,0.29,1391,1391,1391,1391,-1.7,0.714,0.7177,0.7189,0.709,-0.6,84.02,84.4,86.45,83.02,-0.53,25.19,25.19,25.19,25.19,14.03,128.74,128.74,128.74,128.74,-0.58
1/25/2022,227.3,227.3,227.3,227.3,0.91,88.2,86.76,88.37,86.2,2.24,3.894,3.811,3.919,3.761,0.49,95.95,95.93,96.27,95.9,0.03,1343,1343,1343,1343,-3.45,0.7148,0.7142,0.7176,0.7121,0.11,87.45,84.3,88.1,83.61,4.08,26.005,26.005,26.005,26.005,3.24,129.94,129.94,129.94,129.94,0.93
1/26/2022,227.8,227.8,227.8,227.8,0.22,89.96,87.95,90.47,87.79,2,4.036,3.885,4.194,3.856,3.65,96.39,95.96,96.54,95.91,0.46,1296,1296,1296,1296,-3.5,0.7114,0.7151,0.7183,0.7096,-0.48,88.66,87.37,90,86.63,1.38,25.825,25.825,25.825,25.825,-0.69,129.4,129.4,129.4,129.4,-0.42
1/27/2022,227.6,227.6,227.6,227.6,-0.09,89.34,89.7,91.04,89,-0.69,4.283,4,4.42,3.99,6.12,97.25,96.54,97.29,96.53,0.9,1302,1302,1302,1302,0.46,0.7031,0.7116,0.7123,0.7024,-1.17,89.76,87.9,89.95,87.9,1.24,25.275,25.275,25.275,25.275,-2.13,129.96,129.96,129.96,129.96,0.43
1/28/2022,227.65,227.65,227.65,227.65,0.02,90.03,89.98,91.7,89.41,0.77,4.473,4.222,4.629,4.192,4.44,97.27,97.25,97.44,97.06,0.02,1381,1381,1381,1381,6.07,0.6986,0.7031,0.7047,0.6967,-0.64,89.22,89.4,90.63,88.88,-0.6,26.81,26.81,26.81,26.81,6.07,130.81,130.81,130.81,130.81,0.65
1/31/2022,222.75,222.75,222.75,222.75,-2.15,91.21,90.8,91.48,90.61,1.31,4.675,4.637,4.803,4.533,4.52,96.54,97.22,97.3,96.52,-0.75,1418,1418,1418,1418,2.68,0.7064,0.7,0.7077,0.6983,1.12,89.24,89.37,89.95,88.1,0.02,24.71,24.71,24.71,24.71,-7.83,131.15,131.15,131.15,131.15,0.26
2/1/2022,218.1,210,210.5,210,-2.09,89.16,89.62,89.96,87.72,-2.25,4.573,4.696,4.736,4.474,-2.18,96.39,96.7,96.72,96.24,-0.16,1440,1440,1440,1440,1.55,0.7126,0.7069,0.7131,0.7032,0.88,89.52,89.74,89.94,87.16,0.31,23.705,23.705,23.705,23.705,-4.07,138.79,138.79,138.79,138.79,5.83
2/2/2022,220.1,220,220,220,0.92,89.47,89.48,90.52,88.28,0.35,5.044,4.681,5.053,4.664,10.3,95.94,96.27,96.3,95.81,-0.47,1419,1419,1419,1419,-1.46,0.7136,0.7128,0.716,0.7118,0.14,94.21,90,94.62,89.6,5.24,24.2,24.2,24.2,24.2,2.09,139.98,139.98,139.98,139.98,0.86
2/3/2022,221,221,221,221,0.41,91.11,89.07,91.3,88.02,1.83,4.72,4.966,5.009,4.617,-6.42,95.38,96.02,96.25,95.24,-0.58,1425,1425,1425,1425,0.42,0.714,0.7135,0.717,0.7109,0.06,94.81,94.25,94.94,93.1,0.64,24.34,24.34,24.34,24.34,0.58,145.95,145.95,145.95,145.95,4.26
2/4/2022,227.3,223,227,223,2.85,93.27,91.3,93.7,91.2,2.37,4.492,4.75,4.861,4.41,-4.83,95.49,95.31,95.7,95.14,0.11,1423,1423,1423,1423,-0.14,0.7076,0.7141,0.7153,0.7051,-0.9,96.45,94.89,97.5,94.44,1.73,25.35,25.35,25.35,25.35,4.15,145.45,145.45,145.45,145.45,-0.34
2/7/2022,236,231,236,231,3.83,92.69,92.75,94,92.13,-0.62,4.198,4.329,4.409,4.1,-6.54,95.4,95.48,95.63,95.35,-0.09,1422,1422,1422,1422,-0.07,0.7125,0.7077,0.7131,0.7065,0.69,96.7,96.62,96.8,93.7,0.26,25.1,25.1,25.1,25.1,-0.99,150.11,150.11,150.11,150.11,3.2
2/8/2022,239.25,239,241,239,1.38,90.78,92.63,92.93,89.93,-2.06,4.218,4.238,4.343,4.157,0.48,95.64,95.43,95.75,95.4,0.26,1503,1503,1503,1503,5.7,0.7145,0.7124,0.7149,0.7106,0.28,96.93,97,98.49,95.25,0.24,25.305,25.305,25.305,25.305,0.82,148.83,148.83,148.83,148.83,-0.85
2/9/2022,239.25,242,242,235,0,91.55,91.08,92.09,90.05,0.85,3.98,4.178,4.229,3.955,-5.64,95.49,95.59,95.67,95.38,-0.16,1711,1711,1711,1711,13.84,0.7178,0.7147,0.7196,0.7141,0.46,90.79,96.29,97.6,90.26,-6.33,24.715,24.715,24.715,24.715,-2.33,147.64,147.64,147.64,147.64,-0.8
2/10/2022,239.1,239.1,239.1,239.1,-0.06,91.41,91.75,93.1,90.88,-0.15,3.943,4,4.033,3.867,-0.93,95.55,95.57,96,95.17,0.06,1940,1940,1940,1940,13.38,0.7165,0.7179,0.725,0.7147,-0.18,90.78,91.45,93.42,89.25,-0.01,24.795,24.795,24.795,24.795,0.32,151.57,151.57,151.57,151.57,2.66
2/11/2022,245,245,245,245,2.47,94.44,91.17,95.66,90.51,3.31,3.935,3.923,4.045,3.872,-0.2,96.08,95.94,96.11,95.64,0.55,1977,1977,1977,1977,1.91,0.7135,0.7166,0.7187,0.7108,-0.42,92.87,90.5,93.38,88.5,2.3,24.57,24.57,24.57,24.57,-0.91,150.87,150.87,150.87,150.87,-0.46
2/14/2022,240,243.5,243.5,240,-2.04,96.48,95.2,96.78,93.44,2.16,4.16,4.07,4.186,4.019,5.72,96.37,96.03,96.43,95.91,0.3,1984,1984,1984,1984,0.35,0.7125,0.7133,0.7151,0.7086,-0.14,91.76,93.7,94,89.9,-1.2,24.885,24.885,24.885,24.885,1.28,146.76,146.76,146.76,146.76,-2.72
2/15/2022,239,239,239,239,-0.42,93.28,95.81,96.26,92.06,-3.32,4.241,4.147,4.336,4.125,1.95,95.99,96.24,96.29,95.96,-0.4,1968,1968,1968,1968,-0.81,0.7151,0.7127,0.7158,0.7101,0.36,91.14,91.48,92.75,90.31,-0.68,24.815,24.815,24.815,24.815,-0.28,144.89,144.89,144.89,144.89,-1.27
2/16/2022,235.5,236,236,236,-1.46,94.81,93.49,96.07,91.11,1.64,4.572,4.306,4.592,4.279,7.8,95.7,96.01,96.06,95.68,-0.3,1896,1896,1896,1896,-3.66,0.7192,0.7151,0.7206,0.7143,0.57,89.86,90.29,91.21,87.77,-1.4,23.075,23.075,23.075,23.075,-7.01,142.23,142.23,142.23,142.23,-1.84
2/17/2022,232.4,234.5,234.5,234.5,-1.32,92.97,92.2,94.5,92.14,-1.94,4.43,4.532,4.645,4.343,-3.11,95.8,95.77,96.11,95.71,0.1,1886,1886,1886,1886,-0.53,0.7183,0.7196,0.7219,0.7149,-0.13,86.44,89.84,90.45,85.8,-3.81,24.51,24.51,24.51,24.51,6.22,143.88,143.88,143.88,143.88,1.16
2/18/2022,232.35,232.5,232.5,232.5,-0.02,93.54,92.73,94.15,90.12,0.61,4.377,4.451,4.585,4.306,-1.2,96.04,95.83,96.17,95.73,0.25,1964,1964,1964,1964,4.14,0.7173,0.7186,0.7229,0.7165,-0.14,89.47,86.16,89.66,86.16,3.51,23.805,23.805,23.805,23.805,-2.88,141.11,141.11,141.11,141.11,-1.93
2/21/2022,233.85,233.85,233.85,233.85,0.65,95.39,94.29,97.4,92.57,1.98,4.705,4.58,4.745,4.52,2.75,96.08,96.11,96.15,95.69,0.04,2045,2045,2045,2045,4.12,0.719,0.717,0.7224,0.7162,0.24,89.68,89.07,90.95,88.02,0.23,23.805,23.805,23.805,23.805,-2.88,141.11,141.11,141.11,141.11,-1.93
2/22/2022,236.25,236.5,236.5,235,1.03,96.84,96.55,99.5,95.8,1.52,4.461,4.505,4.746,4.409,-5.19,96.03,96.08,96.26,95.84,-0.06,2148,2148,2148,2148,5.04,0.7219,0.7189,0.7235,0.7171,0.4,89.77,89.9,90.28,88.1,0.1,25.96,25.96,25.96,25.96,9.05,143.26,143.26,143.26,143.26,1.52
2/23/2022,237.7,238,238,238,0.61,96.84,96.65,98.71,95.81,0,4.593,4.466,4.685,4.437,2.96,96.19,96.04,96.24,95.85,0.17,2244,2244,2244,2244,4.47,0.7233,0.722,0.7286,0.7218,0.19,95.07,89.79,95.56,89.54,5.9,28.965,28.965,28.965,28.965,11.58,142.96,142.96,142.96,142.96,-0.21
2/24/2022,239.5,239,239.25,239,0.76,99.08,98.08,105.79,97.56,2.31,4.641,4.592,4.938,4.555,1.05,97.14,96.22,97.74,96.22,0.98,2187,2187,2187,2187,-2.54,0.7162,0.7235,0.7236,0.7095,-0.98,87.03,95,95,86.15,-8.46,37.01,37.01,37.01,37.01,27.77,142.66,142.66,142.66,142.66,-0.21
2/25/2022,238.6,239,239,239,-0.38,97.93,100.69,101.99,96,-1.16,4.485,4.591,4.724,4.435,-3.36,96.61,97,97.22,96.52,-0.54,2076,2076,2076,2076,-5.08,0.7232,0.7163,0.7239,0.7141,0.98,88.14,88.24,89.7,87.06,1.28,27.51,27.51,27.51,27.51,-25.67,141.76,141.76,141.76,141.76,-0.63
2/28/2022,274.5,262.5,286,262.5,15.05,100.99,101.98,105.07,99.64,3.12,4.42,4.63,4.7,4.392,-1.45,96.71,96.54,97.42,96.54,0.1,2040,2040,2040,2040,-1.73,0.7262,0.7185,0.7267,0.7152,0.41,82.21,85.94,86,80.12,-6.73,27.95,27.95,27.95,27.95,1.6,141.99,141.99,141.99,141.99,0.16
3/1/2022,313,299,301,299,14.03,104.97,98.43,107.67,98.3,3.94,4.598,4.425,4.649,4.361,4.03,97.41,96.76,97.58,96.63,0.73,2069,2069,2069,2069,1.42,0.7248,0.7262,0.7291,0.7238,-0.19,68.85,82.6,84.43,66,-16.25,31.5,31.5,31.5,31.5,12.7,143.45,143.45,143.45,143.45,1.03
3/2/2022,440,400,400,400,40.58,112.93,107.34,115.11,106.83,7.58,4.787,4.631,4.928,4.63,4.11,97.39,97.37,97.83,97.29,-0.02,2137,2137,2137,2137,3.29,0.7296,0.7252,0.7308,0.7243,0.66,68.49,70.55,70.96,55,-0.52,38.505,38.505,38.505,38.505,22.24,146.07,146.07,146.07,146.07,1.83
3/3/2022,370,370,370,370,-15.91,110.46,115.27,119.84,109.4,-2.19,4.736,4.813,4.949,4.653,-1.07,97.79,97.47,97.95,97.43,0.41,2104,2104,2104,2104,-1.54,0.7329,0.7296,0.7349,0.7276,0.45,67.35,68.7,69.49,63.49,-1.66,43.6,43.6,43.6,43.6,13.23,151.11,151.11,151.11,151.11,3.45
3/4/2022,418.75,400,435,400,13.18,118.11,114.23,118.98,109.62,6.93,5.036,4.763,5.06,4.758,6.33,98.65,98.04,98.92,97.84,0.88,2148,2148,2148,2148,2.09,0.737,0.7329,0.7382,0.73,0.56,65.1,66,68.74,64.3,-3.34,38.65,38.65,38.65,38.65,-11.35,152.28,152.28,152.28,152.28,0.77
3/7/2022,422.65,422.65,422.65,422.65,0.93,123.21,122.79,139.13,119.04,4.32,4.858,5.057,5.199,4.809,-3.53,99.29,98.51,99.42,98.51,0.65,2235,2235,2235,2235,4.05,0.7316,0.7371,0.7442,0.7311,-0.73,58.3,64.29,64.29,56.82,-10.45,51.765,51.765,51.765,51.765,33.93,158.82,158.82,158.82,158.82,4.29
3/8/2022,423.15,415,415,405,0.12,127.98,124.56,133.15,121.31,3.87,4.563,4.848,4.909,4.541,-6.07,99.06,99.24,99.32,98.71,-0.23,2352,2352,2352,2352,5.23,0.7266,0.7318,0.735,0.7245,-0.68,68.51,57.4,69.29,56.5,17.51,42.62,42.62,42.62,42.62,-17.67,160.96,160.96,160.96,160.96,1.35
3/9/2022,420.65,425,425,415,-0.59,111.14,130.28,131.64,105.6,-13.16,4.561,4.615,4.664,4.488,-0.04,97.97,99.12,99.12,97.85,-1.1,2558,2558,2558,2558,8.76,0.7322,0.7269,0.7339,0.7264,0.77,73.18,68.02,74.67,67.22,6.82,38.965,38.965,38.965,38.965,-8.58,157.59,157.59,157.59,157.59,-2.09
3/10/2022,373.35,380,380,380,-11.24,109.33,112.65,118.36,109,-1.63,4.669,4.561,4.707,4.538,2.37,98.51,98.06,98.6,97.71,0.55,2704,2704,2704,2704,5.71,0.7357,0.7323,0.7369,0.7287,0.48,76.41,72.53,76.68,69.52,4.41,38.325,38.325,38.325,38.325,-1.64,156.95,156.95,156.95,156.95,-0.41
3/11/2022,368.65,368,376,366,-1.26,112.67,110.26,113.91,107.13,3.05,4.766,4.696,4.837,4.666,2.08,99.12,98.36,99.16,98.27,0.63,2718,2718,2718,2718,0.52,0.729,0.7353,0.7369,0.7282,-0.91,76.76,75.93,78,73.71,0.46,37.145,37.145,37.145,37.145,-3.08,155.36,155.36,155.36,155.36,-1.01
3/14/2022,361.75,361.75,361.75,361.75,-1.87,106.9,113.15,113.15,103.49,-5.12,4.702,4.749,4.797,4.555,-1.34,99,99.13,99.29,98.68,-0.13,2727,2727,2727,2727,0.33,0.7187,0.729,0.7303,0.7186,-1.41,78.28,76,81.5,75.81,1.98,37.25,37.25,37.25,37.25,0.28,150.11,150.11,150.11,150.11,-3.38
3/15/2022,346,361.5,361.5,361.5,-4.35,99.91,105.34,105.71,97.44,-6.54,4.617,4.722,4.722,4.509,-1.81,99.1,99.13,99.2,98.64,0.1,2689,2689,2689,2689,-1.39,0.7196,0.7188,0.7229,0.7165,0.13,77.43,77,79.15,75.01,-1.09,37.445,37.445,37.445,37.445,0.52,144.77,144.77,144.77,144.77,-3.56
3/16/2022,340,351,351,340,-1.73,98.02,99.14,103.7,96.93,-1.89,4.784,4.685,4.812,4.645,3.62,98.62,98.89,99.08,98.29,-0.48,2591,2591,2591,2591,-3.64,0.7289,0.7196,0.7298,0.718,1.29,78.16,77.51,79.11,75.25,0.94,33.635,33.635,33.635,33.635,-10.17,148.85,148.85,148.85,148.85,2.82
3/17/2022,337.25,337.25,337.25,337.25,-0.81,106.64,98.61,107.5,97.75,8.79,5.021,4.805,5.031,4.724,4.95,97.97,98.5,98.51,97.73,-0.65,2588,2588,2588,2588,-0.12,0.7374,0.7292,0.7394,0.7282,1.17,79.89,79.18,80.19,76.32,2.21,35.555,35.555,35.555,35.555,5.71,149.65,149.65,149.65,149.65,0.54
3/18/2022,336,335,335,334.5,-0.37,107.93,106.8,109.59,105.78,1.21,4.902,4.969,4.989,4.849,-2.37,98.23,98,98.62,97.84,0.26,2605,2605,2605,2605,0.66,0.7415,0.7376,0.7419,0.736,0.56,78.89,80,80,78.32,-1.25,35.495,35.495,35.495,35.495,-0.17,150.59,150.59,150.59,150.59,0.63
3/21/2022,329.4,329.4,329.4,329.4,-1.96,115.62,107.5,116.8,107.06,7.12,4.934,4.927,5.008,4.791,0.65,98.5,98.24,98.53,98.16,0.27,2589,2589,2589,2589,-0.61,0.74,0.7402,0.7426,0.7373,-0.2,78.39,78.72,79.74,77.52,-0.63,34.81,34.81,34.81,34.81,-1.93,150.47,150.47,150.47,150.47,-0.08
3/22/2022,328.9,330,330,330,-0.15,115.48,117.04,119.48,112.64,-0.12,5.227,4.983,5.244,4.907,5.94,98.49,98.49,98.96,98.32,-0.01,2546,2546,2546,2546,-1.66,0.7467,0.7401,0.7473,0.7375,0.91,80.67,79.05,81.4,78.61,2.91,34.175,34.175,34.175,34.175,-1.82,149.68,149.68,149.68,149.68,-0.53
3/23/2022,325.35,325,325,325,-1.08,121.6,114.7,122.34,114.45,5.3,5.274,5.184,5.364,5.135,0.9,98.62,98.47,98.88,98.39,0.13,2575,2575,2575,2575,1.14,0.7497,0.7469,0.7508,0.745,0.4,76.6,80.9,81.3,75.85,-5.05,34.12,34.12,34.12,34.12,-0.16,149.57,149.57,149.57,149.57,-0.07
3/24/2022,326.65,326.65,326.65,326.65,0.4,119.03,121.56,123.74,116.93,-2.11,5.446,5.158,5.508,5.114,3.26,98.79,98.64,98.96,98.6,0.17,2567,2567,2567,2567,-0.31,0.7512,0.7498,0.7529,0.7466,0.2,78.24,76.62,79.24,75.9,2.14,34.68,34.68,34.68,34.68,1.64,149.63,149.63,149.63,149.63,0.04
3/25/2022,327.15,327.15,327.15,327.15,0.15,120.65,118.88,120.92,115.16,1.36,5.611,5.469,5.617,5.386,3.03,98.79,98.75,98.83,98.4,0,2544,2544,2544,2544,-0.9,0.7512,0.7514,0.7538,0.7494,0,78.6,78.26,79.06,77.23,0.46,34.43,34.43,34.43,34.43,-0.72,149.87,149.87,149.87,149.87,0.16
3/28/2022,259.75,261,261,261,-20.6,112.48,119.9,119.9,109.06,-6.77,5.538,5.595,5.707,5.452,-1.3,99.09,98.81,99.37,98.8,0.31,2484,2484,2484,2484,-2.36,0.7487,0.7513,0.7541,0.7467,-0.33,80.81,78.7,81.99,77.87,2.81,33.97,33.97,33.97,33.97,-1.34,150.14,150.14,150.14,150.14,0.18
3/29/2022,253.4,258,258,258,-2.44,110.23,110.1,114.83,104.84,-2,5.33,5.5,5.527,5.316,-3.76,98.4,99.08,99.29,98.04,-0.69,2417,2417,2417,2417,-2.7,0.7506,0.7489,0.752,0.7456,0.25,81.7,80.9,81.99,80.17,1.1,33.875,33.875,33.875,33.875,-0.28,150.14,150.14,150.14,150.14,0
3/30/2022,260,261,261,259,2.6,113.45,112,114.8,110.74,2.92,5.658,5.364,5.677,5.326,6.15,97.79,98.37,98.43,97.68,-0.62,2369,2369,2369,2369,-1.99,0.7509,0.7513,0.7538,0.7502,0.04,78.31,81.05,81.62,76.8,-4.15,34.15,34.15,34.15,34.15,0.81,150.61,150.61,150.61,150.61,0.31
3/31/2022,259,261,264,261,-0.38,107.91,112.81,112.94,106.5,-4.88,5.701,5.631,5.887,5.516,0.76,98.31,97.83,98.4,97.69,0.53,2358,2358,2358,2358,-0.46,0.748,0.7509,0.7527,0.747,-0.39,76.48,78.51,80.5,75.35,-2.34,35.435,35.435,35.435,35.435,3.76,150.84,150.84,150.84,150.84,0.15
4/1/2022,258.75,258.75,258.75,258.75,-0.1,104.39,105.25,106.24,102.35,-3.26,5.795,5.694,5.85,5.575,1.65,98.63,98.33,98.74,98.31,0.33,2357,2357,2357,2357,-0.04,0.7499,0.7482,0.7526,0.7472,0.25,78.49,77,79.88,76.34,2.63,34.69,34.69,34.69,34.69,-2.1,159.85,159.85,159.85,159.85,5.97
4/4/2022,264,264,264,264,2.03,107.53,104.08,108.68,102.89,3.01,5.793,5.813,5.928,5.728,-0.03,99,98.57,99.08,98.52,0.37,2307,2307,2307,2307,-2.12,0.7542,0.7492,0.7558,0.7483,0.57,78.5,78.22,79.4,77.14,0.01,32.95,32.95,32.95,32.95,-5.02,161.84,161.84,161.84,161.84,1.24
4/5/2022,281,281,281,281,6.44,106.64,108.51,109.9,104.53,-0.83,6.108,5.864,6.277,5.847,5.44,99.47,99,99.52,98.84,0.48,2213,2213,2213,2213,-4.07,0.7579,0.7543,0.7663,0.7535,0.49,78.05,78.76,78.94,77.44,-0.57,33.455,33.455,33.455,33.455,1.53,161.25,161.25,161.25,161.25,-0.36
4/6/2022,286.5,286.5,286.5,286.5,1.96,101.07,105.7,108.67,100.54,-5.22,6.107,6.175,6.469,6.08,-0.02,99.6,99.47,99.77,99.31,0.13,2128,2128,2128,2128,-3.84,0.7513,0.7578,0.7595,0.7486,-0.87,77.18,78.01,79.56,76.71,-1.11,33.44,33.44,33.44,33.44,-0.04,160.08,160.08,160.08,160.08,-0.73
4/7/2022,281.65,296,296,285,-1.69,100.58,101.78,103.59,98.41,-0.48,6.436,6.189,6.517,6.08,5.39,99.75,99.65,99.83,99.4,0.15,2061,2061,2061,2061,-3.15,0.7479,0.7514,0.752,0.7467,-0.45,79.94,77.17,80.4,76.34,3.58,33.1,33.1,33.1,33.1,-1.02,157.29,157.29,157.29,157.29,-1.74
4/8/2022,291.6,291.6,291.6,291.6,3.53,102.78,101.42,103.3,99.65,2.19,6.356,6.484,6.615,6.338,-1.24,99.8,99.82,100.19,99.74,0.05,2055,2055,2055,2055,-0.29,0.7455,0.7481,0.7494,0.7426,-0.32,80.09,79.63,80.98,79.51,0.19,33.605,33.605,33.605,33.605,1.53,154.21,154.21,154.21,154.21,-1.96
4/11/2022,290.65,292,292,292,-0.33,98.48,103.21,103.3,97.57,-4.18,6.723,6.458,6.8,6.327,5.77,99.93,99.84,100.05,99.61,0.14,2031,2031,2031,2031,-1.17,0.7419,0.7444,0.7466,0.7413,-0.48,77.95,79.75,80.16,77.55,-2.67,33.02,33.02,33.02,33.02,-1.74,155.94,155.94,155.94,155.94,1.12
4/12/2022,309.1,300,303.5,300,6.35,104.64,99.35,105.6,98.9,6.26,6.763,6.784,7.025,6.68,0.59,100.29,100.04,100.33,99.74,0.36,2035,2035,2035,2035,0.2,0.7459,0.7415,0.7494,0.7399,0.54,79.01,77.65,79.29,76.85,1.36,32.965,32.965,32.965,32.965,-0.17,155.56,155.56,155.56,155.56,-0.24
4/13/2022,312,312,312,312,0.94,108.78,105.44,109,104.06,3.96,7.096,6.791,7.193,6.735,4.92,99.88,100.34,100.52,99.83,-0.42,2068,2068,2068,2068,1.62,0.7448,0.7459,0.7477,0.7392,-0.15,77.44,79.17,79.17,77.23,-1.99,32.925,32.925,32.925,32.925,-0.12,154.67,154.67,154.67,154.67,-0.57
4/14/2022,309.1,314,314,314,-0.93,111.7,108.29,112.39,106.63,2.68,7.423,7.14,7.465,7.064,4.61,100.32,99.79,100.76,99.57,0.45,2137,2137,2137,2137,3.34,0.7418,0.7447,0.747,0.7397,-0.4,79.97,77.38,80.25,77.38,3.27,32.93,32.93,32.93,32.93,0.02,155.69,155.69,155.69,155.69,0.66
4/18/2022,309.1,309.1,309.1,309.1,0,113.16,112.32,114.84,110.71,1.31,7.958,7.49,8.197,7.488,7.21,100.78,100.5,100.86,100.46,0.46,2137,2137,2137,2137,3.34,0.7346,0.74,0.7407,0.7343,-0.69,79.97,77.38,80.25,77.38,3.27,25.37,25.37,25.37,25.37,-22.96,155.62,155.62,155.62,155.62,-0.04
4/19/2022,321,321,321,321,3.85,107.25,112.85,114.21,106.74,-5.22,7.277,7.908,8.075,7.052,-8.56,100.96,100.83,101.03,100.7,0.18,2115,2115,2115,2115,-1.03,0.737,0.7348,0.7402,0.7345,0.33,80.2,80.14,80.95,79.52,0.29,25.12,25.12,25.12,25.12,-0.99,154.58,154.58,154.58,154.58,-0.67
4/20/2022,326.35,326.35,326.35,326.35,1.67,106.8,108.1,109,104.65,-0.42,7.065,7.369,7.496,6.894,-2.91,100.39,100.98,101.04,100.22,-0.57,2142,2142,2142,2142,1.28,0.745,0.7375,0.7459,0.737,1.09,87.82,80.44,88.5,79.79,9.5,25.2,25.2,25.2,25.2,0.32,154.41,154.41,154.41,154.41,-0.11
4/21/2022,331.1,333,333,331,1.46,108.33,107.07,109.8,106.76,1.43,7.096,6.954,7.274,6.832,0.44,100.58,100.35,100.64,99.82,0.19,2239,2239,2239,2239,4.53,0.7371,0.7449,0.7459,0.7365,-1.06,86.44,86.5,87.69,85.58,-1.57,25.29,25.29,25.29,25.29,0.36,154.27,154.27,154.27,154.27,-0.09
4/22/2022,327.1,326,326,326,-1.21,106.65,108.26,108.76,105.54,-1.55,6.663,7.076,7.214,6.56,-6.1,101.22,100.62,101.33,100.47,0.64,2307,2307,2307,2307,3.04,0.7238,0.7374,0.738,0.7235,-1.8,88.99,85.99,89.89,85.75,2.95,25.495,25.495,25.495,25.495,0.81,154.13,154.13,154.13,154.13,-0.09
4/25/2022,328.6,328.5,328.5,328.5,0.46,102.32,105.49,105.85,99.48,-4.06,6.805,6.517,7.112,6.471,2.13,101.75,101.12,101.86,101.04,0.53,2356,2356,2356,2356,2.12,0.7177,0.7261,0.7264,0.7135,-0.84,83.46,88.09,88.32,82.3,-6.21,25.395,25.395,25.395,25.395,-0.39,152.47,152.47,152.47,152.47,-1.08
4/26/2022,325,325,325,325,-1.1,104.99,102.53,106.2,101.08,2.61,6.978,6.963,7.175,6.79,2.54,102.3,101.73,102.36,101.51,0.54,2404,2404,2404,2404,2.04,0.7121,0.7178,0.723,0.7119,-0.78,82.71,84.58,85.25,81.95,-0.9,24.995,24.995,24.995,24.995,-1.58,152.08,152.08,152.08,152.08,-0.26
4/27/2022,326.05,326.05,326.05,326.05,0.32,105.32,105.45,106.33,103.27,0.31,7.339,7.009,7.524,6.956,5.17,102.95,102.28,103.28,102.22,0.64,2425,2425,2425,2425,0.87,0.7126,0.7123,0.7192,0.7101,0.07,81.01,81.25,81.94,78.8,-2.06,25.145,25.145,25.145,25.145,0.6,151.62,151.62,151.62,151.62,-0.3
4/28/2022,326.95,326.05,326.05,326.05,0.28,107.59,104.96,108,103.29,2.16,6.994,7.494,7.517,6.985,-4.7,103.62,103.04,103.93,102.98,0.65,2403,2403,2403,2403,-0.91,0.7092,0.7126,0.7164,0.7055,-0.48,82.68,81.48,83.67,79.9,2.06,24.82,24.82,24.82,24.82,-1.29,151.19,151.19,151.19,151.19,-0.28
4/29/2022,326.6,326.3,326.3,326.3,-0.11,109.34,107.55,110.3,107,1.63,7.355,7.044,7.447,6.919,5.16,102.96,103.67,103.67,102.82,-0.64,2404,2404,2404,2404,0.04,0.7063,0.7094,0.7181,0.7058,-0.41,84.45,82.97,85.84,82.29,2.14,24.53,24.53,24.53,24.53,-1.17,150.77,150.77,150.77,150.77,-0.28
5/2/2022,299.8,299.8,299.8,299.8,-8.21,107.58,106.3,108.46,103.1,-1.61,7.566,7.511,7.701,7.331,2.87,103.74,103.21,103.75,103.11,0.76,2404,2404,2404,2404,0.04,0.7046,0.7072,0.7084,0.703,-0.24,83.04,83.59,84.9,82.44,-1.67,23.5,23.5,23.5,23.5,-4.2,144.08,144.08,144.08,144.08,-4.44
5/3/2022,326.6,325,325,325,8.94,104.97,107.61,108.32,104.62,-2.43,8.025,7.656,8.25,7.643,6.07,103.46,103.6,103.67,103.03,-0.27,2412,2412,2412,2412,0.33,0.7094,0.7051,0.7149,0.7047,0.68,88.19,83.3,89.06,82.72,6.2,23.5,23.5,23.5,23.5,0,144.08,144.08,144.08,144.08,0
5/4/2022,360.35,355,355,355,10.33,110.14,105.91,111,105.46,4.93,8.472,7.899,8.542,7.815,5.57,102.59,103.46,103.61,102.46,-0.85,2485,2485,2485,2485,3.03,0.7262,0.7095,0.7267,0.7088,2.37,88.31,88.15,89.32,85.97,0.14,24.04,24.04,24.04,24.04,2.3,142.9,142.9,142.9,142.9,-0.82
5/5/2022,374.35,374.35,374.35,374.35,3.89,110.9,110.55,114,109.2,0.69,8.841,8.457,8.965,8.178,4.36,103.75,102.68,103.94,102.35,1.14,2644,2644,2644,2644,6.4,0.7111,0.7261,0.7268,0.7077,-2.08,88.91,88.7,91.99,86.82,0.68,24.145,24.145,24.145,24.145,0.44,144.9,144.9,144.9,144.9,1.4
5/6/2022,379.5,379.5,379.5,379.5,1.38,112.39,111.27,113.5,109.87,1.34,8.128,8.896,9.052,8.039,-8.06,103.66,103.56,104.06,103.19,-0.09,2718,2718,2718,2718,2.8,0.7077,0.7112,0.7137,0.7059,-0.48,91.54,89.27,92.45,88.4,2.96,24.03,24.03,24.03,24.03,-0.48,136.91,136.91,136.91,136.91,-5.51
5/9/2022,377,378,379.5,374,-0.66,105.94,112.94,113.2,105,-5.74,7.106,7.945,8.37,7.045,-12.57,103.65,103.66,104.19,103.39,-0.01,2831,2831,2831,2831,4.16,0.6955,0.7078,0.7085,0.6945,-1.72,87.02,91.37,92.22,86.52,-4.94,23.155,23.155,23.155,23.155,-3.64,133.31,133.31,133.31,133.31,-2.63
5/10/2022,377.45,377.5,377.5,377.5,0.12,102.46,105.5,106.96,101.54,-3.28,7.467,7.108,7.543,6.521,5.08,103.92,103.73,103.98,103.5,0.26,2939,2939,2939,2939,3.81,0.6935,0.6955,0.6988,0.691,-0.29,87.34,87,88.69,85.75,0.37,22.98,22.98,22.98,22.98,-0.76,131.9,131.9,131.9,131.9,-1.06
5/11/2022,385.85,385,385,385,2.23,107.51,101.51,108.29,101.3,4.93,7.727,7.395,7.803,7.385,3.48,103.85,103.9,104.11,103.37,-0.07,3052,3052,3052,3052,3.84,0.6937,0.6938,0.7055,0.6928,0.03,88.83,87.51,90.04,81.9,1.71,23.375,23.375,23.375,23.375,1.72,134.26,134.26,134.26,134.26,1.79
5/12/2022,391.5,391.5,391.5,391.5,1.46,107.45,107.67,108.71,104.69,-0.06,7.835,7.749,7.884,7.348,1.4,104.85,104.01,104.93,103.88,0.97,3117,3117,3117,3117,2.13,0.6854,0.6938,0.6955,0.6829,-1.2,88.26,88.58,89.05,86.71,-0.64,23.53,23.53,23.53,23.53,0.66,131.98,131.98,131.98,131.98,-1.7
5/13/2022,392.85,393,393,393,0.34,111.55,108.25,111.69,107.79,3.82,7.765,7.776,8.022,7.618,-0.89,104.56,104.77,105,104.46,-0.27,3104,3104,3104,3104,-0.42,0.6939,0.6857,0.6942,0.6853,1.24,88.48,88.07,90.5,87.6,0.25,23.433,23.433,23.433,23.433,-0.41,132.33,132.33,132.33,132.33,0.27
5/16/2022,402.5,402.5,402.5,402.5,2.46,114.24,111.67,114.79,108.84,2.41,8.053,7.826,8.276,7.765,3.71,104.19,104.46,104.64,104.14,-0.36,3085,3085,3085,3085,-0.61,0.697,0.6928,0.6983,0.6872,0.45,89.56,87.7,90.35,87.63,1.22,20.025,20.025,20.025,20.025,-14.54,132.96,132.96,132.96,132.96,0.48
5/17/2022,413.65,414,414,414,2.77,111.93,114.42,115.69,111.09,-2.02,8.394,8.112,8.457,8.112,4.23,103.36,104.17,104.23,103.23,-0.79,3095,3095,3095,3095,0.32,0.7029,0.697,0.7042,0.6967,0.85,91.72,90.4,92.75,89.61,2.41,20.075,20.075,20.075,20.075,0.25,132.61,132.61,132.61,132.61,-0.26
5/18/2022,412,416,419.25,412,-0.4,109.11,112.91,114.15,108.35,-2.52,8.455,8.41,8.64,8.253,0.73,103.81,103.34,103.93,103.19,0.44,3189,3189,3189,3189,3.04,0.6953,0.7029,0.7048,0.6949,-1.08,84.64,88.92,90,82.77,-7.72,21.165,21.165,21.165,21.165,5.43,130.81,130.81,130.81,130.81,-1.36
5/19/2022,412.1,412.1,412.1,412.1,0.02,112.04,108.22,112.31,105.7,2.69,8.4,8.348,8.591,8,-0.65,102.72,103.83,103.88,102.66,-1.05,3289,3289,3289,3289,3.14,0.7047,0.6956,0.7074,0.6951,1.35,83.18,84.57,85.55,80.16,-1.72,21.79,21.79,21.79,21.79,2.95,131.92,131.92,131.92,131.92,0.85
5/20/2022,417.25,417.25,417.25,417.25,1.25,112.55,111.45,113.23,110.52,0.46,8.178,8.192,8.285,7.943,-2.64,103.15,102.9,103.26,102.77,0.41,3344,3344,3344,3344,1.67,0.7033,0.705,0.7075,0.7002,-0.2,80.39,83.5,84.2,80.16,-3.35,21.825,21.825,21.825,21.825,0.16,133.66,133.66,133.66,133.66,1.32
5/23/2022,416,416,416,416,-0.3,113.42,112.85,114.34,111.86,0.77,8.827,8.188,8.906,7.95,7.94,102.08,103.03,103.05,102.04,-1.04,3369,3369,3369,3369,0.75,0.7106,0.7054,0.7129,0.7041,1.04,78.15,80.16,82.67,77.8,-2.79,22.6,22.6,22.6,22.6,3.55,133.99,133.99,133.99,133.99,0.25
5/24/2022,408,408,408,408,-1.92,113.56,112.79,114.63,111.7,0.12,8.836,8.819,9.014,8.683,0.1,101.86,102.11,102.32,101.65,-0.21,3253,3253,3253,3253,-3.44,0.7103,0.7108,0.7114,0.7057,-0.04,81.32,78.12,82.66,77.38,4.06,22.07,22.07,22.07,22.07,-2.35,133.31,133.31,133.31,133.31,-0.51
5/25/2022,404.65,400,400,400,-0.82,114.03,114.12,115.3,113.01,0.41,8.993,8.876,9.437,8.798,1.78,102.06,101.77,102.45,101.73,0.2,3127,3127,3127,3127,-3.87,0.7093,0.7104,0.7121,0.7035,-0.14,81.4,80.84,82.63,80.29,0.1,22.22,22.22,22.22,22.22,0.68,133.27,133.27,133.27,133.27,-0.03
5/26/2022,403,403,403,403,-0.41,117.4,114.35,118,113.85,2.96,8.895,8.978,9.447,8.626,-1.09,101.83,102.02,102.27,101.74,-0.22,2933,2933,2933,2933,-6.2,0.7098,0.7087,0.7111,0.7057,0.07,84.76,81.15,85.21,81.11,4.13,22.485,22.485,22.485,22.485,1.19,132.98,132.98,132.98,132.98,-0.22
5/27/2022,406.65,406.65,406.65,406.65,0.91,119.43,117.52,119.72,116.63,1.73,8.712,8.797,8.875,8.275,-2.06,101.67,101.72,101.94,101.43,-0.16,2681,2681,2681,2681,-8.59,0.716,0.7098,0.7168,0.7089,0.87,84.2,84.87,85.33,83.45,-0.66,22.625,22.625,22.625,22.625,0.62,133.17,133.17,133.17,133.17,0.14
5/30/2022,401,390,401,390,-1.39,121.67,119.28,122.01,118.98,1.88,8.686,8.819,8.908,8.598,-1.46,101.67,101.64,101.72,101.3,0,2571,2571,2571,2571,-4.1,0.7196,0.7156,0.7201,0.7149,0.5,83.97,84.36,85.05,83.09,-0.27,22.625,22.625,22.625,22.625,0.62,133.17,133.17,133.17,133.17,0.14
5/31/2022,427,406,428,406,6.48,122.84,122.2,125.28,121.6,0.96,8.138,8.87,8.897,8.111,-6.31,101.75,101.43,102.17,101.41,0.08,2566,2566,2566,2566,-0.19,0.7173,0.7198,0.7205,0.7149,-0.32,84.02,84,85,83.5,0.06,24.075,24.075,24.075,24.075,6.41,133.51,133.51,133.51,133.51,0.26
6/1/2022,412,415,418,412,-3.51,116.29,116.08,118.57,115.4,-5.33,8.686,8.25,8.779,8.143,6.73,102.5,101.76,102.73,101.74,0.73,2633,2633,2633,2633,2.61,0.7175,0.7176,0.7232,0.7155,0.03,86.08,84.22,87.64,83.81,2.45,24.015,24.015,24.015,24.015,-0.25,136.95,136.95,136.95,136.95,2.58
6/2/2022,412.5,412.5,412.5,412.5,0.12,117.61,115.02,118.46,112.45,1.14,8.474,8.751,9.04,8.37,-2.44,101.82,102.55,102.62,101.74,-0.66,2633,2633,2633,2633,2.61,0.7264,0.7175,0.7271,0.7141,1.24,86.34,86.15,88.64,85.62,0.3,24.015,24.015,24.015,24.015,0,142.35,142.35,142.35,142.35,3.94
6/3/2022,412.5,412.5,412.5,412.5,0,119.72,118.22,121.45,116.02,1.79,8.51,8.406,8.677,8.257,0.42,102.14,101.75,102.22,101.64,0.31,2633,2633,2633,2633,2.61,0.7206,0.7266,0.7284,0.7201,-0.8,86.87,86.34,87.33,85.99,0.61,24.015,24.015,24.015,24.015,0,144.02,144.02,144.02,144.02,1.17
6/6/2022,415.25,415.25,415.25,415.25,0.67,119.51,121.55,121.95,118.77,-0.18,9.306,8.696,9.383,8.696,9.35,102.44,102.17,102.47,101.85,0.29,2560,2560,2560,2560,-2.77,0.7191,0.7209,0.7232,0.7187,-0.21,81.43,87.21,87.21,81.23,-6.26,23.355,23.355,23.355,23.355,-2.75,144.81,144.81,144.81,144.81,0.55
6/7/2022,397,408,408,403,-4.39,120.57,119.94,121.37,118.55,0.89,9.278,9.365,9.514,9.187,-0.3,102.32,102.49,102.84,102.26,-0.12,2514,2514,2514,2514,-1.8,0.7227,0.7193,0.7247,0.7157,0.5,81.31,82.25,82.93,80.63,-0.15,22.87,22.87,22.87,22.87,-2.08,145.88,145.88,145.88,145.88,0.74
6/8/2022,395.4,402,402,395,-0.4,123.58,120.65,124.4,120.45,2.5,8.679,9.347,9.645,8.447,-6.46,102.54,102.39,102.78,102.27,0.22,2410,2410,2410,2410,-4.14,0.7192,0.7236,0.7237,0.7175,-0.48,79.81,80.92,81.98,79.1,-1.84,22.775,22.775,22.775,22.775,-0.42,145.34,145.34,145.34,145.34,-0.37
6/9/2022,396,400,400,395,0.15,123.07,123.6,124.34,122.5,-0.41,8.978,8.612,9.041,8.022,3.45,103.22,102.56,103.37,102.15,0.66,2342,2342,2342,2342,-2.82,0.7097,0.7193,0.7199,0.7093,-1.32,81.01,80.25,82.2,79.41,1.5,23.16,23.16,23.16,23.16,1.69,143.63,143.63,143.63,143.63,-1.18
6/10/2022,392.35,394,395,392,-0.92,122.01,122.89,124.33,119.81,-0.86,8.867,9.011,9.161,8.635,-1.24,104.15,103.34,104.23,103.05,0.9,2320,2320,2320,2320,-0.94,0.7051,0.7098,0.714,0.7037,-0.65,81.86,81.09,82.8,80.15,1.05,23.165,23.165,23.165,23.165,0.02,141.51,141.51,141.51,141.51,-1.48
6/13/2022,390.35,390.35,390.35,390.35,-0.51,122.27,121.94,123.7,118.93,0.21,8.619,8.888,8.968,8.388,-2.8,105.08,104.19,105.29,104.21,0.89,2260,2260,2260,2260,-2.59,0.6923,0.704,0.7056,0.6911,-1.82,81.54,82.1,82.24,79.81,-0.39,23.035,23.035,23.035,23.035,-0.56,140.34,140.34,140.34,140.34,-0.83
6/14/2022,383.5,383,383,383,-1.75,121.17,121.88,125.19,118.91,-0.9,7.18,8.688,8.885,7.01,-16.7,105.52,105.19,105.65,104.62,0.42,2284,2284,2284,2284,1.06,0.6868,0.6923,0.6971,0.6851,-0.79,84.15,81.82,84.5,81.25,3.2,23.175,23.175,23.175,23.175,0.61,140.09,140.09,140.09,140.09,-0.18
6/15/2022,386.35,386.35,386.35,386.35,0.74,118.51,120.79,121.88,117.75,-2.2,7.406,7.259,7.681,7.205,3.15,105.16,105.35,105.79,104.66,-0.34,2387,2387,2387,2387,4.51,0.7002,0.687,0.7025,0.6865,1.95,86.2,83.76,86.98,83.16,2.44,23.395,23.395,23.395,23.395,0.95,137.17,137.17,137.17,137.17,-2.08
6/16/2022,387.35,395,395,395,0.26,119.81,119.65,120.29,115.56,1.1,7.438,7.467,7.981,7.305,0.43,103.63,104.9,105.49,103.42,-1.45,2462,2462,2462,2462,3.14,0.7044,0.7003,0.707,0.6943,0.6,83,86.2,86.9,82.15,-3.71,34.65,34.65,34.65,34.65,48.11,137.85,137.85,137.85,137.85,0.5
6/17/2022,389.35,389.35,389.35,389.35,0.52,113.12,119.13,121.25,111.72,-5.58,6.906,7.422,7.566,6.852,-7.15,104.7,103.88,105.08,103.83,1.03,2578,2578,2578,2578,4.71,0.693,0.7049,0.7054,0.6897,-1.62,82.37,82.9,84.18,81.8,-0.76,33.955,33.955,33.955,33.955,-2.01,135.69,135.69,135.69,135.69,-1.57
6/20/2022,392.75,392.75,392.75,392.75,0.87,114.13,113.88,114.5,111.52,0.89,6.713,6.706,6.84,6.635,0.16,104.7,104.65,104.82,104.23,0,2596,2596,2596,2596,0.7,0.6948,0.6924,0.6997,0.6914,0.26,84,83.5,85.33,82.9,1.98,33.955,33.955,33.955,33.955,-2.01,135.69,135.69,135.69,135.69,-1.57
6/21/2022,390,390,390,390,-0.7,114.65,114.21,116.25,114.02,0.46,6.783,6.79,6.948,6.531,1.04,104.43,104.44,104.54,103.94,-0.25,2484,2484,2484,2484,-4.31,0.697,0.695,0.6995,0.6934,0.32,84.73,84.33,85.43,83.54,0.87,37.325,37.325,37.325,37.325,9.92,133.47,133.47,133.47,133.47,-1.64
6/22/2022,392,392,392,392,0.51,111.74,114.4,114.45,107.03,-2.54,6.872,6.816,6.95,6.554,1.31,104.2,104.43,104.95,103.86,-0.23,2349,2349,2349,2349,-5.43,0.6926,0.6971,0.6974,0.6881,-0.63,81.88,84.5,84.83,81.2,-3.36,37.11,37.11,37.11,37.11,-0.58,127.92,127.92,127.92,127.92,-4.16
6/23/2022,397.5,395,395,395,1.4,110.05,109.58,112.7,108.04,-1.51,6.283,6.829,6.854,6.237,-8.57,104.43,104.21,104.77,104.06,0.22,2354,2354,2354,2354,0.21,0.6889,0.6926,0.693,0.6868,-0.53,84.13,81.75,84.25,81.55,2.75,37.13,37.13,37.13,37.13,0.05,131.45,131.45,131.45,131.45,2.76
6/24/2022,397,397,397,397,-0.13,113.12,110.04,114,109.24,2.79,6.281,6.26,6.407,6.062,-0.03,104.18,104.38,104.51,103.95,-0.24,2331,2331,2331,2331,-0.98,0.6948,0.6893,0.6959,0.6887,0.86,83.43,84.28,84.5,83.01,-0.83,37.095,37.095,37.095,37.095,-0.09,129.71,129.71,129.71,129.71,-1.32
6/27/2022,392.45,389,395,389,-1.15,115.09,112.92,116.08,111.26,1.74,6.546,6.188,6.597,6.065,4.22,103.94,104.12,104.21,103.67,-0.24,2295,2295,2295,2295,-1.54,0.6923,0.6942,0.696,0.6907,-0.36,85.05,84,85.74,83,1.94,37.09,37.09,37.09,37.09,-0.01,130.93,130.93,130.93,130.93,0.94
6/28/2022,393.5,385,394,385,0.27,117.98,115.74,118.27,115.72,2.51,6.57,6.468,6.738,6.417,0.37,104.51,103.97,104.61,103.77,0.55,2204,2204,2204,2204,-3.97,0.6906,0.6922,0.6966,0.6904,-0.25,87.4,84.32,88.06,83.75,2.76,37,37,37,37,-0.24,131.01,131.01,131.01,131.01,0.06
6/29/2022,380,389,390,380,-3.43,116.26,117.96,120.41,115.2,-1.46,6.493,6.609,6.812,6.401,-1.17,105.11,104.46,105.15,104.36,0.57,2186,2186,2186,2186,-0.82,0.6881,0.6909,0.6922,0.6862,-0.36,88.35,87.42,90.13,87.11,1.09,37.16,37.16,37.16,37.16,0.43,130.46,130.46,130.46,130.46,-0.42
6/30/2022,385.95,380,390,380,1.57,114.81,116.01,116.67,114.22,-1.25,5.392,6.425,6.575,5.327,-16.96,104.68,105.06,105.54,104.64,-0.4,2240,2240,2240,2240,2.47,0.6901,0.6883,0.6921,0.6853,0.29,90.16,88.1,90.33,87.3,2.05,38.66,38.66,38.66,38.66,4.04,130,130,130,130,-0.35
7/1/2022,388,388,388,388,0.53,111.63,109.49,112.45,108.03,-2.77,5.712,5.599,5.909,5.557,5.93,105.14,104.78,105.64,104.74,0.43,2214,2214,2214,2214,-1.16,0.6814,0.6903,0.6906,0.6764,-1.26,85.58,89.32,90.35,85.01,-5.08,38.675,38.675,38.675,38.675,0.04,114.45,114.45,114.45,114.45,-11.96
7/4/2022,396.45,396.45,396.45,396.45,2.18,113.5,111.65,114,110.4,1.68,5.853,5.712,5.905,5.606,2.52,105.14,105.12,105.25,104.82,0,2159,2159,2159,2159,-2.48,0.6864,0.6813,0.689,0.6793,0.73,84.55,85.58,87.17,83.5,-1.2,38.675,38.675,38.675,38.675,0.04,114.45,114.45,114.45,114.45,-11.96
7/5/2022,397.6,397.6,397.6,397.6,0.29,102.77,113.54,114.75,101.1,-9.45,5.487,5.679,5.883,5.324,-6.25,106.54,105.14,106.79,105.05,1.33,2098,2098,2098,2098,-2.83,0.6802,0.6866,0.6896,0.6761,-0.9,83.19,84.99,84.99,82.52,-1.61,40.095,40.095,40.095,40.095,3.67,113.61,113.61,113.61,113.61,-0.73
7/6/2022,399.7,399.7,399.7,399.7,0.53,100.69,104.88,105.85,98.5,-2.02,5.482,5.43,5.699,5.349,-0.09,107.1,106.49,107.26,106.36,0.53,2043,2043,2043,2043,-2.62,0.6775,0.6803,0.6828,0.6762,-0.4,83.22,82.98,84.64,82.7,0.04,38.61,38.61,38.61,38.61,-3.7,112.38,112.38,112.38,112.38,-1.08
7/7/2022,410,410,410,410,2.58,104.65,100.14,106.35,98.5,3.93,6.262,5.508,6.338,5.464,14.23,107.13,107.07,107.24,106.71,0.03,2073,2073,2073,2073,1.47,0.6837,0.6776,0.6849,0.6764,0.92,84.92,83.5,85.46,82.76,2.04,39.57,39.57,39.57,39.57,2.49,115.14,115.14,115.14,115.14,2.46
7/8/2022,413.75,411,412,411,0.91,107.02,104.65,107.47,103.67,2.26,5.967,6.18,6.263,5.948,-4.71,107.01,107.04,107.79,106.81,-0.11,2067,2067,2067,2067,-0.29,0.6856,0.6838,0.6876,0.6791,0.28,82.79,84.92,85,82.6,-2.51,39.385,39.385,39.385,39.385,-0.47,113.74,113.74,113.74,113.74,-1.22
7/11/2022,419,419,419,419,1.27,107.1,107,107.7,103.64,0.07,6.319,6.314,6.59,6.16,5.9,108.02,106.89,108.27,106.92,0.95,2081,2081,2081,2081,0.68,0.673,0.686,0.6863,0.6714,-1.84,84.36,82.77,84.62,82.7,1.9,38.84,38.84,38.84,38.84,-1.38,109.97,109.97,109.97,109.97,-3.31
7/12/2022,426,426,426,426,1.67,99.49,106.25,106.56,98.9,-7.11,6.021,6.395,6.647,5.895,-4.72,108.07,108.18,108.56,107.84,0.05,2013,2013,2013,2013,-3.27,0.6756,0.6732,0.6781,0.6711,0.39,85.65,84.6,86.06,83.33,1.53,38.63,38.63,38.63,38.63,-0.54,109.68,109.68,109.68,109.68,-0.26
7/13/2022,430,432,432,432,0.94,99.57,98.5,101.21,98.28,0.08,6.589,6.125,6.683,6.058,9.43,107.96,108.18,108.58,107.48,-0.11,2002,2002,2002,2002,-0.55,0.676,0.6754,0.6805,0.6725,0.06,83.86,86.01,86.57,83.56,-2.09,39.205,39.205,39.205,39.205,1.49,111.05,111.05,111.05,111.05,1.25
7/14/2022,416.35,415,415,415,-3.17,99.1,99.43,100.39,94.5,-0.47,6.511,6.544,6.806,6.461,-1.18,108.54,108.14,109.29,108.14,0.54,2010,2010,2010,2010,0.4,0.6747,0.6762,0.6789,0.6681,-0.19,83.97,84.1,84.79,83.26,0.13,39.215,39.215,39.215,39.215,0.03,106.01,106.01,106.01,106.01,-4.54
7/15/2022,406.55,410,410,410,-2.35,101.16,99.91,102.64,98.17,2.08,6.926,6.584,7.047,6.351,6.37,108.06,108.67,108.71,107.91,-0.44,2150,2150,2150,2150,6.97,0.6792,0.6749,0.6808,0.6719,0.67,85.38,83.53,85.74,83.51,1.68,39.081,39.081,39.081,39.081,-0.34,104.3,104.3,104.3,104.3,-1.61
7/18/2022,396.05,396.05,396.05,396.05,-2.58,106.27,100.82,106.48,99.46,5.05,7.382,7.021,7.46,6.987,6.58,107.37,107.98,108.04,106.89,-0.64,2162,2162,2162,2162,0.56,0.6812,0.6788,0.6856,0.6782,0.29,84.94,85.5,85.5,83.7,-0.52,36.595,36.595,36.595,36.595,-6.36,106.69,106.69,106.69,106.69,2.29
7/19/2022,399.65,399,399,399,0.91,107.35,105.74,107.61,103.6,1.02,7.15,7.329,7.453,7.017,-3.14,106.68,107.49,107.63,106.4,-0.64,2145,2145,2145,2145,-0.79,0.6895,0.6811,0.6914,0.6802,1.22,83.65,85.2,85.2,82.8,-1.52,37.485,37.485,37.485,37.485,2.43,104.76,104.76,104.76,104.76,-1.81
7/20/2022,408.6,408.6,408.6,408.6,2.24,106.92,107.07,107.45,105.08,-0.4,7.899,7.2,7.925,7.057,10.48,107.08,106.67,107.25,106.39,0.37,2113,2113,2113,2113,-1.49,0.6885,0.6896,0.6931,0.6873,-0.15,78.84,83.6,83.64,78.7,-5.75,38.17,38.17,38.17,38.17,1.83,104.51,104.51,104.51,104.51,-0.24
7/21/2022,403.4,403.4,403.4,403.4,-1.27,103.86,106.49,106.78,101.5,-2.86,7.815,7.769,8.045,7.485,-1.06,106.91,107.08,107.32,106.42,-0.16,2118,2118,2118,2118,0.24,0.6929,0.6889,0.6939,0.6859,0.64,78.11,79.2,79.8,77.65,-0.93,38.095,38.095,38.095,38.095,-0.2,105.27,105.27,105.27,105.27,0.73
7/22/2022,409.2,409.2,409.2,409.2,1.44,103.2,103.86,105.72,101.9,-0.64,8.195,7.78,8.293,7.652,4.86,106.73,106.59,107.36,106.11,-0.17,2146,2146,2146,2146,1.32,0.6925,0.6931,0.6979,0.6893,-0.06,76.3,78.2,79.8,76,-2.32,38.99,38.99,38.99,38.99,2.35,105.39,105.39,105.39,105.39,0.11
7/25/2022,410.25,410.25,410.25,410.25,0.26,105.15,103.85,105.38,101.64,1.89,8.571,8.273,8.704,8.202,4.59,106.48,106.54,106.88,106.19,-0.23,2114,2114,2114,2114,-1.49,0.6953,0.6934,0.6967,0.6879,0.4,76.37,76.12,78.42,75.49,0.09,39.39,39.39,39.39,39.39,1.03,105.42,105.42,105.42,105.42,0.03
7/26/2022,414,414,414,414,0.91,104.4,104.73,107.34,103.99,-0.71,8.825,8.667,9.419,8.568,2.96,107.19,106.45,107.28,106.2,0.66,2061,2061,2061,2061,-2.51,0.6938,0.6951,0.6984,0.6922,-0.22,76.68,76.69,77.5,75.85,0.41,40.21,40.21,40.21,40.21,2.08,106.01,106.01,106.01,106.01,0.56
7/27/2022,411.5,411.5,411.5,411.5,-0.6,106.62,104.75,107.86,103.73,2.13,8.554,8.701,8.99,8.345,-3.07,106.45,107.13,107.43,106.26,-0.69,2007,2007,2007,2007,-2.62,0.699,0.6939,0.7013,0.6911,0.75,76.14,76.61,77.79,75.78,-0.7,43.13,43.13,43.13,43.13,7.26,106.24,106.24,106.24,106.24,0.22
7/28/2022,411.4,411.4,411.4,411.4,-0.02,107.14,107.31,109.06,106,0.49,8.118,8.6,8.8,8.095,-5.1,106.35,106.37,106.97,106.06,-0.09,1945,1945,1945,1945,-3.09,0.6985,0.6992,0.7015,0.6955,-0.07,78.96,76.25,80.12,76.07,3.7,41.54,41.54,41.54,41.54,-3.69,106.89,106.89,106.89,106.89,0.61
7/29/2022,407.9,407.9,407.9,407.9,-0.85,110.01,108,110.67,106.9,2.68,8.208,8.16,8.356,7.995,1.11,105.9,106.21,106.66,105.54,-0.42,1895,1895,1895,1895,-2.57,0.6985,0.6986,0.7033,0.691,0,78.55,78.96,79.5,77.54,-0.52,42.225,42.225,42.225,42.225,1.65,107.22,107.22,107.22,107.22,0.31
8/1/2022,405,405,405,405,-0.71,100.03,103.92,104.43,99.09,-9.07,8.26,7.894,8.276,7.735,0.63,105.45,105.83,106.03,105.24,-0.43,1872,1872,1872,1872,-1.21,0.7023,0.6983,0.7048,0.6966,0.54,80.58,78.5,80.87,78.1,2.58,44.83,44.83,44.83,44.83,6.17,114.35,114.35,114.35,114.35,6.65
8/2/2022,403.5,403.5,403.5,403.5,-0.37,100.54,99.87,102.41,98.49,0.51,7.698,8.18,8.196,7.618,-6.8,106.24,105.36,106.35,105.05,0.75,1817,1817,1817,1817,-2.94,0.6919,0.7024,0.7034,0.6913,-1.48,81.95,80.15,82.25,79.64,1.7,45.28,45.28,45.28,45.28,1,113.36,113.36,113.36,113.36,-0.87
8/3/2022,393.5,393.5,393.5,393.5,-2.48,96.78,99.73,102.41,96.5,-3.74,8.262,7.666,8.46,7.557,7.33,106.51,106.43,106.82,105.97,0.25,1731,1731,1731,1731,-4.73,0.6943,0.6919,0.6957,0.6886,0.35,83.99,81.83,84.1,81.65,2.49,45.95,45.95,45.95,45.95,1.48,110.11,110.11,110.11,110.11,-2.87
8/4/2022,385,390,390,390,-2.16,94.12,97.1,97.66,93.2,-2.75,8.114,8.279,8.432,7.8,-1.79,105.69,106.48,106.51,105.67,-0.76,1603,1603,1603,1603,-7.39,0.6968,0.6944,0.6991,0.6935,0.36,84.19,83.6,84.85,83.28,0.24,44.605,44.605,44.605,44.605,-2.93,107.03,107.03,107.03,107.03,-2.8
8/5/2022,361,361,361,361,-6.23,94.92,93.65,96.4,92.78,0.85,8.051,8.142,8.229,7.894,-0.78,106.62,105.72,106.93,105.69,0.88,1560,1560,1560,1560,-2.68,0.6909,0.697,0.6976,0.6869,-0.85,84.76,84.31,85.45,83.5,0.68,44.66,44.66,44.66,44.66,0.12,109.2,109.2,109.2,109.2,2.03
8/8/2022,371,371,371,371,2.77,96.65,94.51,96.82,93.01,1.82,7.578,7.85,7.909,7.536,-5.88,106.43,106.58,106.8,106.09,-0.17,1566,1566,1566,1566,0.38,0.6988,0.6912,0.701,0.6898,1.14,83.81,85,85.5,83.65,-1.12,44.47,44.47,44.47,44.47,-0.43,110.38,110.38,110.38,110.38,1.08
8/9/2022,384.5,384.5,384.5,384.5,3.64,96.31,96.36,98.4,94.9,-0.35,7.825,7.67,7.88,7.618,3.26,106.37,106.33,106.41,105.97,-0.06,1564,1564,1564,1564,-0.13,0.6964,0.6988,0.6996,0.6953,-0.34,85.93,84.18,86.08,83.95,2.53,44.62,44.62,44.62,44.62,0.34,109.85,109.85,109.85,109.85,-0.48
8/10/2022,398.65,398.65,398.65,398.65,3.68,97.4,96.34,97.97,93.63,1.13,8.193,7.848,8.254,7.703,4.7,105.2,106.34,106.4,104.64,-1.11,1592,1592,1592,1592,1.79,0.7077,0.6965,0.7111,0.6946,1.62,85.92,85.5,86.3,84.25,-0.01,44.71,44.71,44.71,44.71,0.2,109.63,109.63,109.63,109.63,-0.2
8/11/2022,401,401,401,401,0.59,99.6,97.04,100.17,96.63,2.26,8.863,8.21,8.979,8.171,8.18,105.09,105.21,105.46,104.65,-0.1,1556,1556,1556,1556,-2.26,0.7105,0.7079,0.7138,0.7063,0.4,87.55,85.98,88.03,85.35,1.9,45.335,45.335,45.335,45.335,1.4,110.41,110.41,110.41,110.41,0.71
8/12/2022,407.65,407.65,407.65,407.65,1.66,98.15,99.33,100.38,96.94,-1.46,8.744,8.706,8.9,8.51,-1.34,105.63,105.16,105.88,105.09,0.51,1477,1477,1477,1477,-5.08,0.7121,0.7105,0.713,0.7085,0.23,88.87,86.9,89.25,86.82,1.51,45.39,45.39,45.39,45.39,0.12,109.71,109.71,109.71,109.71,-0.63
8/15/2022,407.5,407.5,407.5,407.5,-0.04,95.1,97.72,98.17,92.78,-3.11,8.712,8.668,8.912,8.383,-0.37,106.55,105.67,106.55,105.55,0.87,1404,1404,1404,1404,-4.94,0.7022,0.7118,0.7129,0.701,-1.39,90.78,89.35,90.87,88.5,2.15,45.443,45.443,45.443,45.443,0.12,107.6,107.6,107.6,107.6,-1.92
8/16/2022,405,405,405,405,-0.61,92.34,94.01,95.95,91.71,-2.9,9.311,8.798,9.39,8.773,6.88,106.5,106.48,106.94,106.32,-0.04,1387,1387,1387,1387,-1.21,0.7022,0.7023,0.7042,0.699,0,92.08,90.07,92.66,90.07,1.43,56.715,56.715,56.715,56.715,24.8,107.37,107.37,107.37,107.37,-0.21
8/17/2022,413.9,413.9,413.9,413.9,2.2,93.65,92.67,94.48,91.51,1.42,9.228,9.346,9.65,9.1,-0.89,106.57,106.45,106.89,106.31,0.07,1394,1394,1394,1394,0.5,0.6932,0.7022,0.7028,0.691,-1.28,95.8,92.35,96.44,92.23,4.04,56.82,56.82,56.82,56.82,0.19,105.51,105.51,105.51,105.51,-1.73
8/18/2022,413.9,413.9,413.9,413.9,0,96.59,93.29,97.42,93.05,3.14,9.17,9.159,9.64,8.862,-0.63,107.48,106.68,107.56,106.5,0.85,1320,1320,1320,1320,-5.31,0.6918,0.6931,0.6971,0.6899,-0.2,96.04,96.25,97.49,92.7,0.25,57.6,57.6,57.6,57.6,1.37,106.05,106.05,106.05,106.05,0.51
8/19/2022,416.25,416.25,416.25,416.25,0.57,96.72,96.68,97.88,94.25,0.13,9.315,9.153,9.37,8.86,1.58,108.17,107.5,108.21,107.47,0.64,1279,1279,1279,1279,-3.11,0.6872,0.692,0.6922,0.6859,-0.66,98.01,96.3,99.22,95.6,2.05,57.02,57.02,57.02,57.02,-1.01,105.64,105.64,105.64,105.64,-0.39
8/22/2022,418.35,418.35,418.35,418.35,0.5,96.48,95.95,97.28,92.36,-0.25,9.647,9.159,9.95,9.143,3.56,109.05,108.1,109.1,108.08,0.81,1270,1270,1270,1270,-0.7,0.6875,0.6872,0.693,0.6862,0.04,92.17,98.5,98.69,90.85,-5.96,57.82,57.82,57.82,57.82,1.4,105.52,105.52,105.52,105.52,-0.11
8/23/2022,417.6,417.6,417.6,417.6,-0.18,100.22,96.78,100.45,96.53,3.88,9.155,9.78,9.987,9.021,-5.1,108.62,109,109.27,108.08,-0.39,1271,1271,1271,1271,0.08,0.693,0.6878,0.6965,0.6856,0.8,89.29,92.51,94.19,88.85,-3.12,56.33,56.33,56.33,56.33,-2.58,105.57,105.57,105.57,105.57,0.05
8/24/2022,412.6,412.6,412.6,412.6,-1.2,101.22,100.19,101.9,99.1,1,9.3,9.196,9.408,9.063,1.58,108.68,108.52,109.11,108.36,0.05,1213,1213,1213,1213,-4.56,0.6906,0.693,0.6934,0.6879,-0.35,89.24,90,91.39,88.37,-0.06,66.255,66.255,66.255,66.255,17.62,105.55,105.55,105.55,105.55,-0.02
8/25/2022,417.5,417.5,417.5,417.5,1.19,99.34,101.73,102.47,99.12,-1.86,9.344,9.197,9.392,9.147,0.47,108.47,108.63,108.69,107.99,-0.19,1123,1123,1123,1123,-7.42,0.698,0.6909,0.6993,0.69,1.07,89.31,89.2,90.66,87.2,0.08,69.955,69.955,69.955,69.955,5.58,105.35,105.35,105.35,105.35,-0.19
8/26/2022,417.4,417.4,417.4,417.4,-0.02,100.99,99.83,101.21,98.1,1.66,9.269,9.336,9.64,9.16,-0.8,108.8,108.47,108.87,107.59,0.31,1082,1082,1082,1082,-3.65,0.689,0.6981,0.701,0.6888,-1.29,90.31,89.04,90.49,88.06,1.12,68.8,68.8,68.8,68.8,-1.65,105.49,105.49,105.49,105.49,0.13
8/29/2022,422.75,422.75,422.75,422.75,1.28,105.09,100.67,105.48,100.16,4.06,9.336,9.605,9.711,8.98,0.72,108.83,108.84,109.48,108.49,0.03,1082,1082,1082,1082,-3.65,0.6903,0.6897,0.6927,0.684,0.19,86.66,90.5,90.5,85.69,-4.04,68.665,68.665,68.665,68.665,-0.2,105.28,105.28,105.28,105.28,-0.2
8/30/2022,414.55,414.55,414.55,414.55,-1.94,99.31,104.9,105.45,97.55,-5.5,9.103,9.318,9.365,8.933,-2.5,108.77,108.7,109.11,108.29,-0.06,1017,1017,1017,1017,-6.01,0.6851,0.6904,0.6958,0.6845,-0.75,80.81,86.28,86.89,79.92,-6.75,58.745,58.745,58.745,58.745,-14.45,104.92,104.92,104.92,104.92,-0.34
8/31/2022,425,425,425,425,2.52,96.49,99.79,100.46,95.44,-2.84,9.189,9.141,9.341,8.879,0.94,108.7,108.75,109.2,108.38,-0.07,965,965,965,965,-5.11,0.6839,0.6852,0.6906,0.6835,-0.18,80.03,81.06,81.61,79,-0.97,53.95,53.95,53.95,53.95,-8.16,104.76,104.76,104.76,104.76,-0.15
9/1/2022,427.35,427.35,427.35,427.35,0.55,92.36,95.18,95.68,91.81,-4.28,9.33,9.194,9.454,9.074,1.53,109.69,108.84,109.98,108.77,0.91,1002,1002,1002,1002,3.83,0.6785,0.6842,0.6849,0.677,-0.79,80.79,80.41,81.35,77.45,0.95,59.155,59.155,59.155,59.155,9.65,96.29,96.29,96.29,96.29,-8.09
9/2/2022,435,435,435,435,1.79,93.02,92.66,95.32,92.65,0.71,8.85,9.259,9.31,8.692,-5.14,109.53,109.64,109.72,108.93,-0.14,1086,1086,1086,1086,8.38,0.6808,0.6788,0.6857,0.6778,0.34,77.89,80.75,81.22,77.45,-3.59,55.245,55.245,55.245,55.245,-6.61,95.55,95.55,95.55,95.55,-0.77
9/5/2022,457.8,457.8,457.8,457.8,5.24,95.74,93.02,96.99,93.02,2.92,8.714,8.98,8.995,8.71,-2.95,109.83,109.61,110.27,109.72,0.27,1133,1133,1133,1133,4.33,0.6795,0.6808,0.681,0.6772,-0.19,74.45,77.49,77.49,73.7,-4.42,55.245,55.245,55.245,55.245,-6.61,95.55,95.55,95.55,95.55,-0.77
9/6/2022,450.25,450.25,450.25,450.25,-1.65,92.83,95.19,95.94,92.3,-3.04,8.212,9.058,9.176,7.9,-5.76,110.21,109.6,110.55,109.38,0.35,1114,1114,1114,1114,-1.68,0.6735,0.6797,0.6834,0.6728,-0.88,69.88,74,74.71,69.2,-6.14,54.69,54.69,54.69,54.69,-1,97.44,97.44,97.44,97.44,1.98
9/7/2022,439,439,439,439,-2.5,88,92.81,93.8,87.4,-5.2,7.901,8.118,8.355,7.828,-3.79,109.84,110.32,110.79,109.53,-0.34,1133,1133,1133,1133,1.71,0.6769,0.6735,0.677,0.6698,0.5,69.03,69.51,71.11,68,-1.22,55.2,55.2,55.2,55.2,0.93,97.19,97.19,97.19,97.19,-0.26
9/8/2022,440.35,430,440,430,0.31,89.15,87.7,89.83,87.24,1.31,7.971,7.9,8.12,7.834,0.89,109.71,109.67,110.24,109.33,-0.12,1178,1178,1178,1178,3.97,0.6751,0.6769,0.6774,0.6713,-0.27,67.24,69.31,69.31,66,-2.59,52.835,52.835,52.835,52.835,-4.28,98.37,98.37,98.37,98.37,1.21
9/9/2022,435.25,435.25,435.25,435.25,-1.16,92.84,88.62,93.12,88.6,4.14,8.044,8.018,8.255,7.946,0.92,109,109.57,109.54,108.36,-0.64,1213,1213,1213,1213,2.97,0.6841,0.6749,0.6879,0.6746,1.33,66.08,67.05,67.95,65.55,-1.73,53.9,53.9,53.9,53.9,2.02,100.21,100.21,100.21,100.21,1.87
9/12/2022,437.5,437,437,436,0.52,94,92.54,95.17,91.21,1.25,8.287,8.121,8.447,7.911,3.02,108.33,108.6,108.86,107.81,-0.62,1256,1256,1256,1256,3.54,0.6887,0.6848,0.6901,0.6801,0.67,71.82,65.99,72.62,65.73,8.69,53.125,53.125,53.125,53.125,-1.44,101.41,101.41,101.41,101.41,1.2
9/13/2022,439.35,436.5,438,436.5,0.42,93.17,94.31,95.53,91.05,-0.88,8.334,8.434,8.501,8.211,0.57,109.82,108.23,110.01,107.68,1.37,1408,1408,1408,1408,12.1,0.673,0.6886,0.6918,0.6726,-2.28,69.75,71.99,72.44,68.01,-2.88,53.035,53.035,53.035,53.035,-0.17,101.43,101.43,101.43,101.43,0.02
9/14/2022,444.2,444.2,444.2,444.2,1.1,94.1,93.4,95.8,91.93,1,9.167,8.414,9.292,8.376,10,109.66,109.97,109.93,109.28,-0.14,1595,1595,1595,1595,13.28,0.6748,0.6731,0.6762,0.6705,0.27,72.54,70.49,73.8,68.41,4,53.075,53.075,53.075,53.075,0.08,100.43,100.43,100.43,100.43,-0.99
9/15/2022,445.5,445.5,445.5,445.5,0.29,90.84,94.65,94.66,90.03,-3.46,8.372,9.134,9.159,8.26,-8.67,109.74,109.61,109.92,109.42,0.07,1612,1612,1612,1612,1.07,0.6702,0.675,0.6772,0.6696,-0.68,71.85,72.38,72.55,70,-0.95,53.508,53.508,53.508,53.508,0.82,100.39,100.39,100.39,100.39,-0.04
9/16/2022,439,439,439,439,-1.46,91.35,90.51,92.66,90.25,0.56,7.811,8.349,8.367,7.766,-6.7,109.76,109.8,110.26,109.47,0.02,1553,1553,1553,1553,-3.66,0.672,0.6703,0.6726,0.6669,0.27,73.27,71.85,73.93,71.11,1.98,42.16,42.16,42.16,42.16,-21.21,99.26,99.26,99.26,99.26,-1.13
9/19/2022,439.05,439.05,439.05,439.05,0.01,92,91.43,92.57,88.5,0.71,7.804,7.751,7.961,7.455,-0.09,109.74,109.64,110.18,109.49,-0.02,1553,1553,1553,1553,-3.66,0.6727,0.671,0.6735,0.6672,0.1,71.1,73.32,73.8,70.15,-2.96,41.97,41.97,41.97,41.97,-0.45,98.99,98.99,98.99,98.99,-0.27
9/20/2022,441.3,441.3,441.3,441.3,0.51,90.62,92.15,93.05,89.8,-1.5,7.772,7.929,8.037,7.703,-0.41,110.21,109.58,110.29,109.36,0.44,1729,1729,1729,1729,11.33,0.6691,0.6728,0.6748,0.6676,-0.54,71.14,70.55,73,70.26,0.06,43.285,43.285,43.285,43.285,3.13,98.8,98.8,98.8,98.8,-0.19
9/21/2022,444.5,440,440,440,0.73,89.83,90.74,93.5,89.3,-0.87,7.827,7.792,8.179,7.609,0.71,110.64,110.16,111.58,110.13,0.39,1746,1746,1746,1746,0.98,0.6628,0.6689,0.6706,0.6621,-0.94,69.79,71.79,71.79,69.1,-1.9,38.915,38.915,38.915,38.915,-10.1,98.65,98.65,98.65,98.65,-0.15
9/22/2022,435.65,435.65,435.65,435.65,-1.99,90.46,89.99,92.81,89.3,0.7,7.193,7.8,7.825,7.168,-8.1,111.35,111.48,111.81,110.46,0.64,1720,1720,1720,1720,-1.49,0.6643,0.663,0.6672,0.6574,0.23,70.44,69.9,71.12,69.01,0.93,39.91,39.91,39.91,39.91,2.56,98.83,98.83,98.83,98.83,0.18
9/23/2022,435.2,435.2,435.2,435.2,-0.1,86.15,90.46,90.84,85.5,-4.76,6.992,7.274,7.374,6.867,-2.79,113.19,111.24,113.23,111.08,1.65,1816,1816,1816,1816,5.58,0.6527,0.6645,0.6657,0.6511,-1.75,65.77,70.01,70.3,65.35,-6.63,37.57,37.57,37.57,37.57,-5.86,98.89,98.89,98.89,98.89,0.06
9/26/2022,438,438,438,438,0.64,84.06,86.62,87.65,83.65,-2.43,7.014,7.017,7.126,6.692,0.31,114.1,113.02,114.53,112.94,0.8,1813,1813,1813,1813,-0.17,0.6454,0.652,0.654,0.6437,-1.12,70.33,65.15,71.95,64.1,6.93,37.69,37.69,37.69,37.69,0.32,99.01,99.01,99.01,99.01,0.12
9/27/2022,437.65,437.65,437.65,437.65,-0.08,86.27,84.05,87.15,84.01,2.63,6.76,7.055,7.24,6.74,-3.62,114.11,114.02,114.47,113.33,0,1807,1807,1807,1807,-0.33,0.6434,0.6455,0.6515,0.6414,-0.31,67.96,70.33,71.1,67.37,-3.37,42.47,42.47,42.47,42.47,12.68,98.71,98.71,98.71,98.71,-0.3
9/28/2022,436,436,436,436,-0.38,89.32,86.14,89.47,84.26,3.54,6.955,6.775,7.041,6.562,2.88,112.6,114.18,114.78,112.56,-1.32,1799,1799,1799,1799,-0.44,0.6522,0.6436,0.6532,0.6363,1.37,65.15,67.8,68.27,64.37,-4.13,41.205,41.205,41.205,41.205,-2.98,98.52,98.52,98.52,98.52,-0.19
9/29/2022,435.75,435.75,435.75,435.75,-0.06,88.49,88.97,90.12,87.33,-0.93,7.142,7.271,7.37,6.865,2.69,112.25,113.01,113.79,111.77,-0.31,1757,1757,1757,1757,-2.33,0.6499,0.6523,0.6527,0.6435,-0.35,65.73,65.53,66.86,64.14,0.89,39.105,39.105,39.105,39.105,-5.1,98.42,98.42,98.42,98.42,-0.1
9/30/2022,433.7,433.7,433.7,433.7,-0.47,87.96,88.53,89.8,87.69,-0.6,7.065,7.144,7.322,6.99,-1.08,112.12,111.75,112.67,111.58,-0.12,1760,1760,1760,1760,0.17,0.6402,0.6501,0.6525,0.639,-1.49,66.73,64.86,68.66,64.86,1.52,38.725,38.725,38.725,38.725,-0.97,98.31,98.31,98.31,98.31,-0.11
10/3/2022,401.5,399,399,399,-7.42,88.86,86.35,89.82,86.35,1.02,6.803,7.111,7.111,6.626,-3.71,111.75,112.17,112.54,111.47,-0.33,1788,1788,1788,1788,1.59,0.6516,0.641,0.6523,0.64,1.78,65.94,66.55,66.73,64.25,-1.18,38.87,38.87,38.87,38.87,0.37,94.22,94.22,94.22,94.22,-4.16
10/4/2022,404,404,404,404,0.62,91.8,88.81,92.4,88.78,3.31,7.174,6.86,7.239,6.66,5.45,110.07,111.59,111.89,110.06,-1.5,1865,1865,1865,1865,4.31,0.65,0.6516,0.6549,0.645,-0.25,66.92,66.62,68.35,65.4,1.49,38.195,38.195,38.195,38.195,-1.74,95.21,95.21,95.21,95.21,1.05
10/5/2022,396.25,396.25,396.25,396.25,-1.92,93.37,91.89,93.96,90.76,1.71,7.236,7.152,7.352,6.984,0.86,111.07,110.22,111.74,110.09,0.92,1996,1996,1996,1996,7.02,0.6486,0.6503,0.6527,0.6417,-0.22,67.07,67.72,71.36,66.54,0.22,35.05,35.05,35.05,35.05,-8.23,95.26,95.26,95.26,95.26,0.05
10/6/2022,400,400,400,400,0.95,94.42,93.71,94.98,92.72,1.12,7.242,7.225,7.436,7.145,0.08,112.26,111.02,112.31,110.78,1.07,1992,1992,1992,1992,-0.2,0.6402,0.6489,0.6542,0.6388,-1.3,68.96,66.89,69.49,65.5,2.82,35.855,35.855,35.855,35.855,2.3,95.46,95.46,95.46,95.46,0.21
10/7/2022,385.8,385,385,385,-3.55,97.92,94.71,98.58,93.94,3.71,7.047,7.14,7.226,6.911,-2.69,112.79,112.25,112.88,111.95,0.48,1961,1961,1961,1961,-1.56,0.6368,0.6403,0.6434,0.6354,-0.53,69.85,69.2,70.39,67.63,1.29,34.46,34.46,34.46,34.46,-3.89,95.62,95.62,95.62,95.62,0.17
10/10/2022,386.5,386.5,386.5,386.5,0.18,96.19,98.75,98.75,95.6,-1.77,6.784,6.936,7.205,6.759,-3.73,113.14,112.75,113.33,112.62,0.31,1944,1944,1944,1944,-0.87,0.6303,0.6377,0.6387,0.6275,-1.02,66.77,68.98,69.4,65.71,-4.41,34.26,34.26,34.26,34.26,-0.58,97.35,97.35,97.35,97.35,1.81
10/11/2022,391.15,391.15,391.15,391.15,1.2,94.29,95.93,96.46,93.11,-1.98,6.928,6.891,6.991,6.723,2.12,113.22,113.08,113.5,112.41,0.07,1904,1904,1904,1904,-2.06,0.627,0.6304,0.6348,0.6247,-0.52,66.34,66.9,67.4,65.65,-0.64,34.785,34.785,34.785,34.785,1.53,96.97,96.97,96.97,96.97,-0.39
10/12/2022,403,405,405,405,3.03,92.45,93.72,95.17,91.56,-1.95,6.766,6.945,7.127,6.728,-2.34,113.32,113.31,113.59,113.05,0.09,1873,1873,1873,1873,-1.63,0.6276,0.6272,0.63,0.6235,0.1,66.71,66.4,68.64,65.01,0.56,34.705,34.705,34.705,34.705,-0.23,96.13,96.13,96.13,96.13,-0.87
10/13/2022,393.5,397,397,397,-2.36,94.57,92.49,94.92,91.08,2.29,7.053,6.795,7.084,6.672,4.24,112.36,113.24,113.92,112.15,-0.84,1818,1818,1818,1818,-2.94,0.6298,0.6278,0.6318,0.617,0.35,68.84,66.37,69.5,65.75,3.19,34.835,34.835,34.835,34.835,0.37,95.4,95.4,95.4,95.4,-0.76
10/14/2022,392.5,392.5,392.5,392.5,-0.25,91.63,94.53,95.11,91.28,-3.11,6.827,6.989,7.051,6.772,-3.2,113.31,112.47,113.42,112.16,0.84,1838,1838,1838,1838,1.1,0.6196,0.6299,0.6348,0.6194,-1.62,68.02,68.72,69,67.12,-1.19,34.779,34.779,34.779,34.779,-0.16,95.93,95.93,95.93,95.93,0.56
10/17/2022,392.15,392.15,392.15,392.15,-0.09,91.62,91.71,93.21,90.83,-0.01,6.479,6.68,6.737,6.382,-5.1,112.04,113.22,113.22,111.92,-1.12,1843,1843,1843,1843,0.27,0.629,0.6195,0.6313,0.6192,1.52,67.51,68.01,68.63,66.26,-0.75,30.92,30.92,30.92,30.92,-11.1,94.93,94.93,94.93,94.93,-1.04
10/18/2022,387.85,387.85,387.85,387.85,-1.1,90.03,91.99,92.66,88.77,-1.74,6.237,6.474,6.531,6.15,-3.74,112.13,112.07,112.46,111.77,0.08,1875,1875,1875,1875,1.74,0.6309,0.629,0.6341,0.6265,0.3,67.77,67.29,68.39,66.51,0.39,29.69,29.69,29.69,29.69,-3.98,95.21,95.21,95.21,95.21,0.29
10/19/2022,391,391,391,391,0.81,92.41,90.79,92.85,89.32,2.64,5.928,6.175,6.271,5.893,-4.95,112.98,111.91,113.1,111.92,0.76,1871,1871,1871,1871,-0.21,0.627,0.631,0.6326,0.6251,-0.62,67.29,67.25,69.69,66.99,-0.71,30.315,30.315,30.315,30.315,2.11,94.86,94.86,94.86,94.86,-0.37
10/20/2022,391.95,391.95,391.95,391.95,0.24,92.38,92.4,94.77,91.91,-0.03,5.838,5.908,6.044,5.738,-1.52,112.88,112.99,113.09,112.17,-0.09,1837,1837,1837,1837,-1.82,0.6275,0.6271,0.6358,0.6228,0.08,66.87,67.23,67.88,66.54,-0.62,32.35,32.35,32.35,32.35,6.71,94.76,94.76,94.76,94.76,-0.11
10/21/2022,390,390,390,390,-0.5,93.5,92.45,93.8,91,1.21,5.472,5.784,5.851,5.393,-6.27,112.01,112.94,113.94,111.7,-0.77,1819,1819,1819,1819,-0.98,0.6377,0.6281,0.6394,0.621,1.63,68.72,66.71,69.42,66.66,2.77,32.47,32.47,32.47,32.47,0.37,94.86,94.86,94.86,94.86,0.11
10/24/2022,390,390,390,390,0,93.26,93.59,94.4,91.22,-0.26,5.753,5.464,5.844,5.345,5.14,111.99,111.88,112.53,111.47,-0.02,1797,1797,1797,1797,-1.21,0.631,0.6378,0.6412,0.6272,-1.05,72.32,69,72.66,67.64,5.24,31.29,31.29,31.29,31.29,-3.63,94.51,94.51,94.51,94.51,-0.37
10/25/2022,388.15,388.15,388.15,388.15,-0.47,93.52,93.47,94.38,91.62,0.28,6.166,5.739,6.281,5.727,7.18,110.95,111.82,112.13,110.76,-0.93,1755,1755,1755,1755,-2.34,0.6394,0.6313,0.6414,0.6303,1.33,77.11,72.41,77.8,71.99,6.62,31.02,31.02,31.02,31.02,-0.86,94.61,94.61,94.61,94.61,0.11
10/26/2022,386.5,386.5,386.5,386.5,-0.43,95.69,92.91,96.25,92.06,2.32,6.119,6.259,6.265,5.828,-0.76,109.7,110.96,111.14,109.63,-1.13,1706,1706,1706,1706,-2.79,0.6497,0.6393,0.6513,0.6372,1.61,75.79,77.25,78.87,74.9,-1.71,30.45,30.45,30.45,30.45,-1.84,93.56,93.56,93.56,93.56,-1.11
10/27/2022,385.6,385.6,385.6,385.6,-0.23,96.96,96.05,97.27,95.07,1.33,5.875,6.19,6.198,5.71,-3.99,110.59,109.62,110.62,109.54,0.81,1612,1612,1612,1612,-5.51,0.6449,0.6498,0.6524,0.6425,-0.74,80.21,75.26,81,74.9,5.83,30.49,30.49,30.49,30.49,0.13,92.81,92.81,92.81,92.81,-0.8
10/28/2022,385.7,385.7,385.7,385.7,0.03,95.77,96.58,96.89,94.96,-1.23,5.953,6.114,6.153,5.824,1.33,110.75,110.5,111.04,110.29,0.15,1534,1534,1534,1534,-4.84,0.6411,0.6451,0.6481,0.6389,-0.59,81.21,80.27,82.58,80.01,1.25,30.16,30.16,30.16,30.16,-1.08,93.01,93.01,93.01,93.01,0.22
10/31/2022,356.3,362.5,362.5,355.5,-7.62,94.83,96.47,96.47,94.25,-0.98,6.607,6.092,6.617,6.086,10.99,111.53,110.67,111.67,110.72,0.7,1463,1463,1463,1463,-4.63,0.6397,0.6408,0.643,0.6368,-0.22,79.97,81.77,82,78.15,-1.53,27.535,27.535,27.535,27.535,-8.7,92.43,92.43,92.43,92.43,-0.62
11/1/2022,359,359,359,359,0.76,94.65,92.67,95.55,92.33,-0.19,6.08,6.561,6.565,6.011,-7.98,111.48,111.52,111.78,110.72,-0.04,1377,1377,1377,1377,-5.88,0.6395,0.64,0.6465,0.6377,-0.03,76.72,79.78,80.69,75.69,-4.06,27.54,27.54,27.54,27.54,0.02,80.03,80.03,80.03,80.03,-13.42
11/2/2022,361,361,361,361,0.56,96.16,94.85,96.5,94.01,1.6,6.589,6.179,6.62,6.16,8.37,111.35,111.54,112.15,110.43,-0.12,1321,1321,1321,1321,-4.07,0.6349,0.6396,0.6493,0.6347,-0.72,76.7,77.16,78.57,76.08,-0.03,29.105,29.105,29.105,29.105,5.68,82.1,82.1,82.1,82.1,2.59
11/3/2022,351,354,354,354,-2.77,94.67,95.36,95.98,94.19,-1.55,6.33,6.522,6.543,6.23,-3.93,112.93,112.17,113.15,111.82,1.42,1290,1290,1290,1290,-2.35,0.6287,0.6353,0.6373,0.6272,-0.98,76.28,76.63,78.2,75.36,-0.55,27.815,27.815,27.815,27.815,-4.43,83.37,83.37,83.37,83.37,1.55
11/4/2022,349.5,349.5,349.5,349.5,-0.43,98.57,94.58,98.81,94.33,4.12,6.754,6.298,6.873,6.267,6.7,110.88,112.97,112.99,110.71,-1.82,1323,1323,1323,1323,2.56,0.6466,0.6289,0.6484,0.6284,2.85,76.36,76.5,79.5,76.17,0.1,28.925,28.925,28.925,28.925,3.99,85.16,85.16,85.16,85.16,2.15
11/7/2022,344.9,347,347,345,-1.32,97.92,97.31,99.56,96.5,-0.66,7.244,7.268,7.501,6.921,7.25,110.12,110.79,111.27,110.05,-0.68,1337,1337,1337,1337,1.06,0.6478,0.6419,0.6492,0.6401,0.19,77.49,76.36,78.2,75.54,1.48,27.195,27.195,27.195,27.195,-5.98,87.14,87.14,87.14,87.14,2.33
11/8/2022,339,340,340,338.5,-1.71,95.36,98.24,98.3,95,-2.61,6.524,7.024,7.162,6.454,-9.94,109.64,110.06,110.61,109.37,-0.44,1356,1356,1356,1356,1.42,0.6503,0.6479,0.6553,0.6444,0.39,76.06,77.75,77.79,75.55,-1.85,27.88,27.88,27.88,27.88,2.52,85.33,85.33,85.33,85.33,-2.08
11/9/2022,324.75,329,330,329,-4.2,92.65,95.17,95.65,92.33,-2.84,6.225,6.596,6.745,6.131,-4.58,110.55,109.65,110.64,109.45,0.83,1393,1393,1393,1393,2.73,0.643,0.6504,0.6524,0.6414,-1.12,72.76,76.06,76.94,72.55,-4.34,27.73,27.73,27.73,27.73,-0.54,87.51,87.51,87.51,87.51,2.55
11/10/2022,324.25,325,325,325,-0.15,93.67,92.53,94.32,91.73,1.1,6.613,6.299,6.637,6.143,6.23,108.21,110.3,110.99,107.71,-2.12,1390,1390,1390,1390,-0.22,0.6617,0.6431,0.6633,0.6386,2.91,73.05,72.5,74.29,70.5,0.4,27.545,27.545,27.545,27.545,-0.67,88.19,88.19,88.19,88.19,0.78
11/11/2022,326.8,326.8,326.8,326.8,0.79,95.99,93.84,96.92,93.69,2.48,6.263,6.54,6.864,6.172,-5.29,106.29,108.24,108.44,106.28,-1.77,1355,1355,1355,1355,-2.52,0.6702,0.6619,0.6718,0.6578,1.28,75.84,73.33,76.54,73.05,3.82,27.225,27.225,27.225,27.225,-1.16,90.79,90.79,90.79,90.79,2.95
11/14/2022,330.35,330.35,330.35,330.35,1.09,93.14,95.87,96.95,92.5,-2.97,6.299,6.491,6.742,6.26,0.57,106.66,106.42,107.27,106.48,0.35,1325,1325,1325,1325,-2.21,0.6696,0.6703,0.6726,0.6663,-0.09,75.23,75.69,76,74.59,-0.8,27.23,27.23,27.23,27.23,0.02,92.09,92.09,92.09,92.09,1.43
11/15/2022,341,341,341,341,3.22,93.86,92.59,95.77,91.53,0.77,6.395,6.434,6.531,6.19,1.52,106.4,107,107.1,105.34,-0.24,1300,1300,1300,1300,-1.89,0.6756,0.6702,0.6798,0.6685,0.9,76.65,75.03,77.25,74,1.89,27.397,27.397,27.397,27.397,0.61,92.29,92.29,92.29,92.29,0.22
11/16/2022,332.55,332.55,332.55,332.55,-2.48,92.86,94.11,94.79,91.67,-1.07,6.607,6.503,6.637,6.132,3.32,106.28,106.58,106.78,105.86,-0.12,1288,1288,1288,1288,-0.92,0.674,0.675,0.6794,0.672,-0.24,73.41,77,77.41,73.08,-4.23,25.885,25.885,25.885,25.885,-5.52,92.34,92.34,92.34,92.34,0.05
11/17/2022,334.6,334.6,334.6,334.6,0.62,89.78,92.73,92.91,89.53,-3.32,6.744,6.612,6.912,6.554,2.07,106.69,106.27,107.24,106.1,0.39,1228,1228,1228,1228,-4.66,0.6681,0.6736,0.6753,0.6634,-0.88,72.4,73.55,74.71,71.89,-1.38,26.315,26.315,26.315,26.315,1.66,93.09,93.09,93.09,93.09,0.81
11/18/2022,343.45,343.45,343.45,343.45,2.64,87.62,90.1,90.63,85.8,-2.41,6.716,6.758,6.831,6.425,-0.42,106.93,106.69,107.04,106.34,0.22,1189,1189,1189,1189,-3.18,0.6671,0.6685,0.6732,0.6661,-0.15,72.47,72.38,73.99,71.95,0.1,26.385,26.385,26.385,26.385,0.27,92.89,92.89,92.89,92.89,-0.21
11/21/2022,351,351,351,351,2.2,87.45,87.74,87.98,82.31,-0.19,7.223,6.796,7.273,6.571,7.55,107.83,106.97,107.99,106.89,0.85,1177,1177,1177,1177,-1.01,0.6605,0.6677,0.6688,0.6585,-0.99,74.28,72.44,75.18,71.68,2.5,27.3,27.3,27.3,27.3,3.47,91.54,91.54,91.54,91.54,-1.45
11/22/2022,347.15,347.15,347.15,347.15,-1.1,88.36,87.76,89.9,87.35,1.04,7.406,7.183,7.55,6.899,2.53,107.22,107.7,107.75,107.12,-0.57,1149,1149,1149,1149,-2.38,0.6648,0.6602,0.6653,0.6599,0.65,73.87,74.7,74.7,73.44,-0.55,29.215,29.215,29.215,29.215,7.01,91.45,91.45,91.45,91.45,-0.1
11/23/2022,346.45,346.45,346.45,346.45,-0.2,85.41,88.47,89.56,84.12,-3.34,7.708,7.525,8.177,7.505,4.08,106.08,107.08,107.22,106.03,-1.07,1184,1184,1184,1184,3.05,0.6731,0.6649,0.674,0.6634,1.25,75.87,74.07,76.88,73.61,2.71,31.115,31.115,31.115,31.115,6.5,91.94,91.94,91.94,91.94,0.54
11/24/2022,347.35,347.75,347.75,347.75,0.26,85.34,85.04,85.54,83.9,-0.08,7.177,7.307,7.404,7.1,-6.89,105.82,105.99,106.08,105.63,-0.24,1242,1242,1242,1242,4.9,0.6763,0.6732,0.6779,0.6726,0.48,78.69,76.05,78.75,75.64,3.72,31.115,31.115,31.115,31.115,6.5,91.94,91.94,91.94,91.94,0.54
11/25/2022,349.4,362,362,362,0.59,83.63,85.5,86.87,83.59,-2,7.33,7.727,7.804,7.201,2.13,105.96,105.96,106.42,105.69,0.13,1324,1324,1324,1324,6.6,0.6749,0.6764,0.6782,0.672,-0.21,78.97,78.71,79.76,78.1,0.36,29.96,29.96,29.96,29.96,-3.71,92.74,92.74,92.74,92.74,0.87
11/28/2022,379,380,380,380,8.47,83.19,83.58,84.1,80.61,-0.53,7.196,7.301,7.386,6.929,-1.83,106.68,106.06,106.75,105.32,0.68,1347,1347,1347,1347,1.74,0.6648,0.6734,0.6737,0.6642,-1.5,78.59,78.92,79,76.92,-0.48,30.28,30.28,30.28,30.28,1.07,93.04,93.04,93.04,93.04,0.32
11/29/2022,387.4,390,390,390,2.22,83.03,82.41,86,82.39,-0.19,7.084,7.12,7.249,6.944,-1.56,106.82,106.57,106.88,106.06,0.13,1327,1327,1327,1327,-1.48,0.6686,0.6649,0.675,0.664,0.57,81.39,78.86,81.5,78.05,3.56,30.505,30.505,30.505,30.505,0.74,92.9,92.9,92.9,92.9,-0.15
11/30/2022,398.5,397,397,397,2.87,85.43,83.77,85.67,83.61,2.89,6.818,7.1,7.159,6.7,-3.75,105.95,106.72,107.19,105.78,-0.82,1355,1355,1355,1355,2.11,0.6786,0.6688,0.6802,0.6669,1.5,84.9,81.12,85.25,80.81,4.31,33.31,33.31,33.31,33.31,9.2,93.25,93.25,93.25,93.25,0.38
12/1/2022,385,385,385,385,-3.39,86.88,86.78,89.37,86.26,1.7,6.631,6.839,7.075,6.6,-2.74,104.73,105.7,105.9,104.66,-1.15,1338,1338,1338,1338,-1.25,0.6809,0.6785,0.6846,0.6781,0.34,84.88,84.63,88.69,83.91,-0.02,33.78,33.78,33.78,33.78,1.41,103.1,103.1,103.1,103.1,10.56
12/2/2022,391,391,391,391,1.56,85.57,86.9,87.91,85.16,-1.51,6.169,6.714,6.729,6.109,-6.97,104.54,104.82,105.58,104.38,-0.17,1324,1324,1324,1324,-1.05,0.6789,0.681,0.6838,0.6743,-0.29,87.98,85.03,87.98,84.45,3.65,31.76,31.76,31.76,31.76,-5.98,107.44,107.44,107.44,107.44,4.21
12/5/2022,400.5,405,405,400,2.43,82.68,85.73,88.44,82.52,-3.38,5.484,5.85,5.949,5.468,-11.1,105.29,104.51,105.4,104.11,0.71,1323,1323,1323,1323,-0.08,0.6696,0.6803,0.6852,0.6687,-1.37,87.17,87.85,88.28,85.4,-0.92,33.185,33.185,33.185,33.185,4.49,107.68,107.68,107.68,107.68,0.22
12/6/2022,408.8,408.8,408.8,408.8,2.07,79.35,83.28,83.69,78.7,-4.03,5.378,5.542,5.587,5.256,-1.93,105.58,105.16,105.63,104.89,0.27,1340,1340,1340,1340,1.28,0.6692,0.67,0.6746,0.6681,-0.06,88.61,87.13,89.48,86,1.65,32.845,32.845,32.845,32.845,-1.02,108.49,108.49,108.49,108.49,0.75
12/7/2022,405.65,405,405,405,-0.77,77.17,79.76,80.49,76.91,-2.75,5.617,5.3,5.719,5.298,4.44,105.1,105.63,105.82,104.88,-0.45,1373,1373,1373,1373,2.46,0.6721,0.6693,0.6744,0.6668,0.43,88.19,88.29,88.67,86.13,-0.47,33.35,33.35,33.35,33.35,1.54,107.09,107.09,107.09,107.09,-1.29
12/8/2022,395.5,395.5,395.5,395.5,-2.5,76.15,77.46,79.17,75.74,-1.32,5.82,5.707,6.007,5.649,3.61,104.77,105.2,105.43,104.72,-0.31,1385,1385,1385,1385,0.87,0.6768,0.6724,0.6782,0.6698,0.7,88.93,88.15,89.54,87.62,0.84,34.295,34.295,34.295,34.295,2.83,109.49,109.49,109.49,109.49,2.24
12/9/2022,402.5,405,405,400,1.77,76.1,76.63,77.48,75.11,-0.07,6.082,5.792,6.192,5.68,4.5,104.81,104.86,105.14,104.48,0.03,1386,0,0,0,0.07,0.6795,0.6767,0.6815,0.6744,0.4,87.73,88.65,89.16,86.75,-1.35,33.365,33.365,33.365,33.365,-2.71,110.48,110.48,110.48,110.48,0.9
12/12/2022,400.25,401,401,401,-0.56,77.99,76.88,78.59,75.26,2.48,6.416,6.687,6.807,6.32,5.49,105.13,104.93,105.25,104.67,0.31,1361,1361,1361,1361,-1.8,0.6745,0.6804,0.6807,0.6728,-0.74,89.81,87.5,90.41,87.4,2.37,32.925,32.925,32.925,32.925,-1.32,109.47,109.47,109.47,109.47,-0.91
12/13/2022,404.5,405,405,405,1.06,80.68,78.13,81.28,78.1,3.45,6.733,6.341,6.871,6.337,4.94,103.98,104.99,105.1,103.59,-1.09,1357,1357,1357,1357,-0.29,0.6853,0.6745,0.6895,0.6739,1.6,88.99,90.15,90.15,87.16,-0.91,33.345,33.345,33.345,33.345,1.28,109.23,109.23,109.23,109.23,-0.22
12/14/2022,404,404,404,404,-0.12,82.7,80.35,83.15,80.11,2.5,6.22,6.76,6.764,6.138,-7.62,103.77,104.07,104.16,103.45,-0.2,1401,1401,1401,1401,3.24,0.6863,0.6854,0.6883,0.6809,0.15,86.19,88.44,89.4,84.76,-3.15,33.385,33.385,33.385,33.385,0.12,109.26,109.26,109.26,109.26,0.03
12/15/2022,401.9,403,403,403,-0.52,81.21,82.76,83.18,80.83,-1.8,6.589,6.174,6.646,6.163,5.93,104.56,103.67,104.88,103.54,0.76,1528,1528,1528,1528,9.06,0.6701,0.6864,0.687,0.6676,-2.36,85.2,86.19,87.64,85,-1.15,33.443,33.443,33.443,33.443,0.17,110.5,110.5,110.5,110.5,1.13
12/16/2022,403,405,405,405,0.27,79.04,81.32,81.78,78.29,-2.67,6.303,6.539,6.546,5.96,-4.34,104.7,104.45,104.84,104.21,0.14,1560,1560,1560,1560,2.09,0.6684,0.6702,0.6737,0.6675,-0.25,83.68,85.24,86.33,83.07,-1.78,35.575,35.575,35.575,35.575,6.38,110.27,110.27,110.27,110.27,-0.21
12/19/2022,401.35,401.35,401.35,401.35,-0.41,79.8,79.21,80.87,78.6,0.96,5.71,5.935,6.085,5.634,-9.41,104.72,104.84,104.93,104.13,0.02,1548,1548,1548,1548,-0.77,0.6699,0.6714,0.6734,0.6682,0.22,84.69,86.57,86.65,83.85,1.21,36.49,36.49,36.49,36.49,2.57,109.56,109.56,109.56,109.56,-0.64
12/20/2022,400.05,400.05,400.05,400.05,-0.32,79.99,80.25,80.89,78.28,0.24,5.216,5.678,5.765,5.167,-8.65,103.96,104.73,104.79,103.78,-0.72,1596,1596,1596,1596,3.1,0.6677,0.67,0.6745,0.6628,-0.33,86.87,84.6,88.02,83.85,2.57,34.915,34.915,34.915,34.915,-4.32,109.86,109.86,109.86,109.86,0.27
12/21/2022,401.4,401.4,401.4,401.4,0.34,82.2,79.94,82.52,79.55,2.76,5.238,5.232,5.481,5.175,0.42,104.16,103.95,104.38,103.85,0.19,1723,1723,1723,1723,7.96,0.6706,0.6676,0.6729,0.6656,0.43,85.6,86.22,86.22,84.25,-1.46,31.68,31.68,31.68,31.68,-9.27,110.74,110.74,110.74,110.74,0.8
12/22/2022,400.65,400.65,400.65,400.65,-0.19,80.98,82.52,83.85,80.67,-1.48,4.928,5.356,5.526,4.905,-5.92,104.43,104.22,104.6,103.75,0.26,1650,1650,1650,1650,-4.24,0.6666,0.6706,0.6769,0.6649,-0.6,86.85,85.71,87.95,84.95,1.46,31.635,31.635,31.635,31.635,-0.14,110.43,110.43,110.43,110.43,-0.28
12/23/2022,401.1,401.1,401.1,401.1,0.11,83.92,81.69,84.12,81.29,3.63,4.98,5.014,5.139,4.779,1.06,104.31,104.39,104.54,104.12,-0.11,1515,1515,1515,1515,-8.18,0.6717,0.6665,0.6727,0.666,0.77,86.85,87.46,88.05,86.08,0,28.12,28.12,28.12,28.12,-11.11,110.48,110.48,110.48,110.48,0.05
12/27/2022,400.5,400.5,400.5,400.5,-0.15,84.33,84.5,85.6,83.65,0.49,5.118,5.19,5.245,4.99,-0.51,104.18,104.12,104.4,103.89,-0.13,1515,1515,1515,1515,-8.18,0.6729,0.6726,0.6778,0.6723,0.04,86.08,85.92,88.5,85.55,-0.89,28.185,28.185,28.185,28.185,0.23,110.64,110.64,110.64,110.64,0.14
12/28/2022,402.1,402.5,402.5,402.5,0.4,83.26,84.6,84.76,81.92,-1.27,4.685,5.08,5.083,4.462,-8.46,104.46,104.33,104.56,103.85,0.27,1515,1515,1515,1515,-8.18,0.6736,0.673,0.6803,0.6719,0.1,84.13,86.02,86.02,83.85,-2.27,28.51,28.51,28.51,28.51,1.15,110.8,110.8,110.8,110.8,0.14
12/29/2022,404.15,404.15,404.15,404.15,0.51,82.26,82.88,83.14,81.28,-1.2,4.117,4.269,4.279,4.02,-12.12,103.84,104.37,104.45,103.78,-0.6,1515,1515,1515,1515,-8.18,0.6778,0.6737,0.6788,0.671,0.62,82.36,83.85,83.85,81.87,-2.1,28.83,28.83,28.83,28.83,1.12,110.98,110.98,110.98,110.98,0.16
12/30/2022,404.15,390,390,390,0,85.91,83.71,86,82.88,4.44,4.104,4.147,4.167,4.015,-0.32,103.52,103.95,104.1,103.39,-0.3,1515,1515,1515,1515,-8.18,0.6813,0.6773,0.6823,0.6754,0.52,79.4,82,82.8,78.23,-3.59,29.515,29.515,29.515,29.515,2.38,111.28,111.28,111.28,111.28,0.27
1/3/2023,393.1,396,396,392,-2.73,82.1,85.96,87,81.78,-4.43,3.641,4.005,4.005,3.62,-12.12,104.52,103.66,104.86,103.47,0.96,1250,1250,1250,1250,-17.49,0.6733,0.6802,0.6836,0.6688,-1.01,80.42,83,83,79.49,-3.88,29.345,29.345,29.345,29.345,-0.58,117.79,117.79,117.79,117.79,5.85
1/4/2023,394.55,390,395,390,0.37,77.84,82.31,82.72,77.72,-5.19,3.78,3.658,3.81,3.595,3.82,104.25,104.58,104.6,103.83,-0.26,1176,1176,1176,1176,-5.92,0.6832,0.6734,0.6888,0.6717,1.47,75.4,80.29,80.29,75.24,-6.24,29.5,29.5,29.5,29.5,0.53,115.35,115.35,115.35,115.35,-2.07
1/5/2023,397.5,395,399,395,0.75,78.69,78.16,79.97,77.61,1.09,3.426,3.776,3.789,3.414,-9.37,105.04,104.07,105.27,103.99,0.76,1146,1146,1146,1146,-2.55,0.6749,0.6833,0.6847,0.6735,-1.21,76.24,75.35,77.43,74.85,1.11,28.85,28.85,28.85,28.85,-2.2,114.97,114.97,114.97,114.97,-0.33
1/6/2023,396.15,400,400,400,-0.34,78.57,78.8,80.59,78.05,-0.15,3.392,3.462,3.495,3.283,-0.99,103.88,105.05,105.63,103.87,-1.11,1130,1130,1130,1130,-1.4,0.6875,0.6754,0.6888,0.6721,1.87,75.55,76,77.33,75,-0.91,28.45,28.45,28.45,28.45,-1.39,116.57,116.57,116.57,116.57,1.39
1/9/2023,393.85,397,397,395,-0.58,79.65,78.42,81.37,78.42,1.37,3.563,3.476,3.714,3.449,5.04,103,103.91,103.93,102.94,-0.85,1139,1139,1139,1139,0.8,0.6911,0.6876,0.6951,0.6869,0.52,79.1,74.8,79.58,74.8,4.7,27.115,27.115,27.115,27.115,-4.69,117.41,117.41,117.41,117.41,0.72
1/10/2023,390.45,395,395,393,-0.86,80.1,79.54,80.89,78.81,0.56,3.314,3.541,3.549,3.261,-6.99,103.24,103.29,103.49,103.03,0.23,1096,1096,1096,1096,-3.78,0.6887,0.6917,0.693,0.6859,-0.35,78.38,79.74,79.79,77.94,-0.91,27.06,27.06,27.06,27.06,-0.2,119.66,119.66,119.66,119.66,1.92
1/11/2023,370,385,385,380,-5.24,82.67,79.52,83,79.31,3.21,3.346,3.289,3.42,3.137,0.97,103.19,103.22,103.48,103.11,-0.05,1043,1043,1043,1043,-4.84,0.6899,0.6888,0.6927,0.6873,0.17,76.64,78.25,79.11,76.24,-2.22,26.87,26.87,26.87,26.87,-0.7,121.02,121.02,121.02,121.02,1.14
1/12/2023,377.5,377,377,377,2.03,84.03,82.88,84.62,82.37,1.65,3.355,3.396,3.556,3.309,0.27,102.25,103.06,103.29,102.08,-0.91,976,976,976,976,-6.42,0.6972,0.6901,0.6986,0.6878,1.06,77.76,76.73,77.9,76.25,1.46,26.76,26.76,26.76,26.76,-0.41,121.26,121.26,121.26,121.26,0.2
1/13/2023,370.25,370.25,370.25,370.25,-1.92,85.28,83.91,85.5,83.5,1.49,3.196,3.356,3.392,3.169,-4.74,102.2,102.21,102.65,101.99,-0.04,946,946,946,946,-3.07,0.6976,0.6973,0.6996,0.6915,0.06,77.2,77.49,78,75.82,-0.72,26.807,26.807,26.807,26.807,0.18,122.33,122.33,122.33,122.33,0.88
1/16/2023,368.75,370,370,370,-0.41,84.46,85.36,85.59,83.83,-0.96,3.675,3.601,3.696,3.524,2.05,102.27,102.18,102.56,101.77,0.06,946,946,946,946,0,0.6954,0.6977,0.7021,0.694,-0.32,75.07,76.8,76.98,75.07,-2.76,26.807,26.807,26.807,26.807,0.18,122.33,122.33,122.33,122.33,0.88
1/17/2023,369.25,369.25,369.25,369.25,0.14,85.92,84.2,86.82,84.04,1.73,3.253,3.283,3.44,3.237,-11.48,102.39,102.32,102.56,101.94,0.12,921,921,921,921,-2.64,0.6987,0.6955,0.6999,0.693,0.47,77.21,75.25,77.7,74.75,2.85,22.725,22.725,22.725,22.725,-15.23,120.95,120.95,120.95,120.95,-1.13
1/18/2023,368,368,368,368,-0.34,84.98,86.45,87.85,84.36,-1.09,3.111,3.294,3.332,3.087,-4.37,102.36,102.46,102.9,101.53,-0.03,874,874,874,874,-5.1,0.6941,0.6989,0.7065,0.6935,-0.66,81.42,76.9,81.42,76.85,5.45,23.09,23.09,23.09,23.09,1.61,121.19,121.19,121.19,121.19,0.2
1/19/2023,363.5,363.5,363.5,363.5,-1.22,86.16,84.34,86.85,83.76,1.39,3.124,3.1,3.198,3.056,0.42,102.06,102.38,102.48,101.99,-0.3,801,801,801,801,-8.35,0.6909,0.6944,0.695,0.687,-0.46,81.86,80.89,82.73,80.78,0.54,22.95,22.95,22.95,22.95,-0.61,121.79,121.79,121.79,121.79,0.5
1/20/2023,350.95,350.95,350.95,350.95,-3.45,87.63,86.42,87.79,85.58,1.71,3.036,3.076,3.191,2.985,-2.82,102.01,102.07,102.55,101.94,-0.05,763,763,763,763,-4.74,0.6966,0.691,0.6975,0.6906,0.83,82.6,81.92,82.72,81.01,0.9,22.815,22.815,22.815,22.815,-0.59,122.16,122.16,122.16,122.16,0.3
1/23/2023,360,360,360,360,2.58,88.19,87.7,89.09,86.92,0.64,3.222,3.216,3.243,2.992,6.13,102.14,101.99,102.28,101.59,0.12,740,740,740,740,-3.01,0.7028,0.6962,0.7041,0.6954,0.89,81.8,82.59,83.32,81.7,-0.97,23.255,23.255,23.255,23.255,1.93,121.94,121.94,121.94,121.94,-0.18
1/24/2023,359.6,359.6,359.6,359.6,-0.11,86.13,88.07,88.71,85.8,-2.34,3.057,3.228,3.3,3.031,-5.12,101.92,101.99,102.43,101.72,-0.22,721,721,721,721,-2.57,0.7047,0.7029,0.7059,0.6993,0.27,79.62,81.93,82.21,79.1,-2.67,22.115,22.115,22.115,22.115,-4.9,121.97,121.97,121.97,121.97,0.02
1/25/2023,354,354,354,354,-1.56,86.12,86.28,87,85.41,-0.01,2.915,3.065,3.078,2.86,-4.65,101.64,102,102.12,101.58,-0.27,703,703,703,703,-2.5,0.7102,0.7047,0.7124,0.7031,0.78,82.28,79.46,82.4,78.9,3.34,20.94,20.94,20.94,20.94,-5.31,121.93,121.93,121.93,121.93,-0.03
1/26/2023,355.6,355.6,355.6,355.6,0.45,87.47,86.35,88.01,85.74,1.57,2.848,2.873,2.891,2.68,-2.3,101.84,101.58,102.18,101.5,0.19,677,677,677,677,-3.7,0.7114,0.7104,0.7144,0.7079,0.17,86.81,82.19,86.9,81.65,5.51,20.165,20.165,20.165,20.165,-3.7,122.49,122.49,122.49,122.49,0.46
1/27/2023,358.1,265,265,265,0.7,86.66,87.65,88.95,85.69,-0.93,2.849,2.853,2.908,2.747,0.04,101.93,101.71,102.19,101.68,0.09,676,676,676,676,-0.15,0.7103,0.7113,0.7131,0.7082,-0.15,86.94,86.81,88,86.37,0.15,19.5,19.5,19.5,19.5,-3.3,122.7,122.7,122.7,122.7,0.17
1/30/2023,265.35,266,266,262,-25.9,84.9,86.88,87.48,84.66,-2.03,2.731,2.75,2.807,2.661,-4.14,102.28,101.92,102.31,101.66,0.34,680,680,680,680,0.59,0.7059,0.7101,0.7122,0.7051,-0.62,87.21,87.05,87.56,85.84,0.31,19.485,19.485,19.485,19.485,-0.08,123.08,123.08,123.08,123.08,0.31
1/31/2023,251.75,262,262,262,-5.13,84.49,85.18,85.25,83.73,-0.48,2.741,2.738,2.809,2.668,0.37,102.1,102.19,102.61,102.01,-0.18,681,681,681,681,0.15,0.7054,0.7059,0.7067,0.6984,-0.07,90.13,87.18,90.33,86.43,3.35,19.025,19.025,19.025,19.025,-2.36,123.37,123.37,123.37,123.37,0.24
2/1/2023,247,247,247,247,-1.89,82.84,85.56,86.21,82.37,-1.95,2.536,2.789,2.836,2.532,-7.48,101.22,102.1,102.18,101.04,-0.86,668,668,668,668,-1.91,0.7135,0.7057,0.7146,0.7036,1.15,92.65,90,94.26,90,2.8,18.97,18.97,18.97,18.97,-0.29,126.33,126.33,126.33,126.33,2.4
2/2/2023,244.65,245,245,245,-0.95,82.17,83.34,83.61,81.25,-0.81,2.522,2.579,2.652,2.502,-0.55,101.75,100.85,101.91,100.82,0.53,640,640,640,640,-4.19,0.7076,0.7136,0.7159,0.7069,-0.83,90.65,92.8,93.96,89.23,-2.16,18.37,18.37,18.37,18.37,-3.16,123.95,123.95,123.95,123.95,-1.88
2/3/2023,236,236,236,236,-3.54,79.94,82.27,84.2,79.62,-2.71,2.48,2.525,2.585,2.416,-1.67,102.92,101.83,103.01,101.55,1.14,621,621,621,621,-2.97,0.6919,0.7076,0.7084,0.6919,-2.22,90.9,91.82,92.98,90.41,0.28,18.525,18.525,18.525,18.525,0.84,125.26,125.26,125.26,125.26,1.06
2/6/2023,252,235,235,235,6.78,80.99,79.61,81.43,79.1,1.31,2.535,2.495,2.57,2.447,2.22,103.62,103.1,103.76,103.01,0.69,608,608,608,608,-2.09,0.6881,0.6928,0.695,0.6855,-0.55,87.96,90.44,92.34,87.8,-3.23,18.495,18.495,18.495,18.495,-0.16,124.34,124.34,124.34,124.34,-0.73
2/7/2023,255.65,257,265,254,1.45,83.69,81.26,84.13,81.19,3.33,2.664,2.569,2.69,2.5,5.09,103.43,103.54,103.96,103,-0.19,601,601,601,601,-1.15,0.6958,0.6884,0.6989,0.6882,1.12,87.9,88.2,88.36,86.5,-0.07,18.185,18.185,18.185,18.185,-1.68,122.75,122.75,122.75,122.75,-1.28
2/8/2023,239.35,239.35,239.35,239.35,-6.38,85.09,84.11,85.15,83.51,1.67,2.477,2.667,2.734,2.45,-7.02,103.41,103.27,103.52,103,-0.02,603,603,603,603,0.33,0.6924,0.696,0.6997,0.6919,-0.49,87.59,87.2,88.96,86.7,-0.35,17.93,17.93,17.93,17.93,-1.4,123.21,123.21,123.21,123.21,0.37
2/9/2023,225.5,238,238,225,-5.79,84.5,84.96,85.5,83.05,-0.69,2.492,2.497,2.578,2.441,0.61,103.22,103.43,103.55,102.64,-0.18,592,592,592,592,-1.82,0.6935,0.6926,0.7012,0.6921,0.16,88.49,87.6,89.92,87.23,1.03,17.915,17.915,17.915,17.915,-0.08,124.65,124.65,124.65,124.65,1.17
2/10/2023,226.1,219,219,218,0.27,86.39,84.22,86.9,83.93,2.24,2.607,2.513,2.67,2.475,4.61,103.63,103.25,103.68,102.9,0.4,602,602,602,602,1.69,0.6916,0.6934,0.6962,0.6909,-0.27,90.44,88,90.44,88,2.2,17.985,17.985,17.985,17.985,0.39,125.14,125.14,125.14,125.14,0.39
2/13/2023,221,221,221,221,-2.26,86.61,86.51,86.95,85.1,0.25,2.499,2.663,2.689,2.473,-4.14,103.35,103.58,103.84,103.24,-0.28,616,616,616,616,2.33,0.6965,0.6926,0.6976,0.6889,0.71,89.35,90.1,90.63,89,-1.21,17.895,17.895,17.895,17.895,-0.5,123.76,123.76,123.76,123.76,-1.1
2/14/2023,219.5,219.5,219.5,219.5,-0.68,85.58,85.83,86.42,84.13,-1.19,2.652,2.522,2.7,2.518,6.12,103.23,103.22,103.52,102.59,-0.11,563,563,563,563,-8.6,0.6985,0.6967,0.703,0.6921,0.29,88.62,90.25,90.25,87.24,-0.82,17.89,17.89,17.89,17.89,-0.03,124.2,124.2,124.2,124.2,0.36
2/15/2023,219.9,219.9,219.9,219.9,0.18,85.38,85.2,85.85,83.88,-0.23,2.555,2.686,2.693,2.531,-3.66,103.92,103.21,104.11,103.16,0.67,541,541,541,541,-3.91,0.6903,0.6987,0.699,0.6865,-1.17,91.51,88.51,91.58,88.1,3.26,17.882,17.882,17.882,17.882,-0.04,124.34,124.34,124.34,124.34,0.11
2/16/2023,214,214,214,214,-2.68,85.14,85.27,86.21,84.6,-0.28,2.485,2.554,2.635,2.455,-2.74,103.86,103.88,104.23,103.53,-0.06,530,530,530,530,-2.03,0.6876,0.6902,0.6938,0.684,-0.39,95.13,91.68,95.13,91.68,3.96,16.295,16.295,16.295,16.295,-8.87,124.69,124.69,124.69,124.69,0.28
2/17/2023,209.35,209.35,209.35,209.35,-2.17,83,84.6,84.87,81.8,-2.51,2.352,2.485,2.521,2.304,-5.35,103.86,104.2,104.67,103.84,0.01,538,538,538,538,1.51,0.6879,0.6882,0.6885,0.681,0.04,93.33,94.95,95.42,92.55,-1.89,15.92,15.92,15.92,15.92,-2.3,124.94,124.94,124.94,124.94,0.2
2/20/2023,205.65,205.65,205.65,205.65,-1.77,84.07,83.15,84.3,82.73,1.29,2.324,2.304,2.373,2.271,0.82,103.86,103.88,104.09,103.76,0,552,552,552,552,2.6,0.6905,0.6865,0.6922,0.6859,0.38,95.11,94.63,96.7,93.96,1.91,15.92,15.92,15.92,15.92,-2.3,124.94,124.94,124.94,124.94,0.2
2/21/2023,208.5,209,209,209,1.39,83.05,83.86,84.2,82.56,-1.21,2.177,2.306,2.373,2.162,-6.33,104.18,103.91,104.26,103.77,0.31,594,594,594,594,7.61,0.6852,0.6908,0.6921,0.6847,-0.77,97.12,95.43,97.99,94,2.11,14.3,14.3,14.3,14.3,-10.18,126.34,126.34,126.34,126.34,1.12
2/22/2023,209.65,209.65,209.65,209.65,0.55,80.6,82.78,83.25,80.43,-2.95,2.298,2.188,2.422,2.113,5.56,104.58,104.13,104.6,104.01,0.39,674,674,674,674,13.47,0.6803,0.6857,0.6866,0.6794,-0.72,93.45,97.12,97.12,93.36,-3.78,14.84,14.84,14.84,14.84,3.78,125.77,125.77,125.77,125.77,-0.45
2/23/2023,210.1,210.1,210.1,210.1,0.21,82.21,80.48,82.77,80.4,2,2.432,2.295,2.488,2.235,5.83,104.6,104.5,104.78,104.31,0.01,816,816,816,816,21.07,0.6807,0.6804,0.6843,0.6781,0.06,93.84,93.47,94.98,93.26,0.42,14.9,14.9,14.9,14.9,0.4,125.92,125.92,125.92,125.92,0.12
2/24/2023,209.2,204.5,204.5,204.5,-0.43,83.16,82.49,83.39,81.07,1.16,2.548,2.464,2.587,2.415,4.77,105.21,104.56,105.32,104.42,0.59,883,883,883,883,8.21,0.6725,0.6809,0.6826,0.6718,-1.2,94.79,94.93,96.03,94.1,1.01,14.99,14.99,14.99,14.99,0.6,125.85,125.85,125.85,125.85,-0.06
2/27/2023,196.5,195,197,195,-6.07,82.45,83.19,83.6,81.73,-0.85,2.853,2.811,2.863,2.7,11.97,104.67,105.26,105.36,104.55,-0.51,935,935,935,935,5.89,0.6734,0.6738,0.6747,0.6698,0.13,96.9,95.64,96.94,95.31,2.23,14.97,14.97,14.97,14.97,-0.13,125.74,125.74,125.74,125.74,-0.09
2/28/2023,192.85,192.85,192.85,192.85,-1.86,83.89,82.3,84.15,82.19,1.75,2.863,2.842,2.898,2.701,0.35,104.87,104.63,105,104.42,0.19,990,990,990,990,5.88,0.6728,0.6735,0.6759,0.6704,-0.09,95.88,96.9,97.2,95.88,-1.05,14.36,14.36,14.36,14.36,-4.07,125.75,125.75,125.75,125.75,0.01
3/1/2023,193.5,192,192,192,0.34,84.31,83.05,84.49,82.61,0.5,2.943,2.884,2.969,2.788,2.79,104.48,105.04,105.09,104.09,-0.37,1099,1099,1099,1099,11.01,0.6761,0.6729,0.6785,0.6695,0.49,93.8,96.1,96.26,93.52,-2.17,14.58,14.58,14.58,14.58,1.53,126.8,126.8,126.8,126.8,0.83
3/2/2023,193,193,193,193,-0.26,84.75,84.31,85.1,83.83,0.52,2.899,2.938,2.994,2.848,-1.5,105.03,104.39,105.18,104.39,0.52,1145,1145,1145,1145,4.19,0.6729,0.6763,0.6768,0.6706,-0.47,90.1,94.77,95,89.87,-3.94,14.585,14.585,14.585,14.585,0.03,127.02,127.02,127.02,127.02,0.17
3/3/2023,188.9,187.15,187.15,187.15,-2.12,85.83,84.61,86,82.36,1.27,3.141,2.916,3.156,2.904,8.35,104.52,104.94,105,104.49,-0.48,1211,1211,1211,1211,5.76,0.6768,0.6732,0.6776,0.6724,0.58,89.27,90,90.17,88.47,-0.92,14.325,14.325,14.325,14.325,-1.78,126.64,126.64,126.64,126.64,-0.3
3/6/2023,181.75,182,182,182,-3.79,86.18,85.83,86.35,84.34,0.41,2.73,2.954,2.954,2.688,-13.09,104.35,104.53,104.69,104.16,-0.16,1258,1258,1258,1258,3.88,0.6727,0.6766,0.6773,0.6716,-0.61,89.96,90.5,91.35,89.05,0.77,14.285,14.285,14.285,14.285,-0.28,125.5,125.5,125.5,125.5,-0.9
3/7/2023,179.25,181,181,180,-1.38,83.29,86.23,86.75,82.83,-3.35,2.84,2.769,2.85,2.673,4.03,105.61,104.3,105.65,104.12,1.21,1298,1298,1298,1298,3.18,0.6582,0.6729,0.6749,0.658,-2.16,92.87,91.12,93.59,91.11,3.23,13.94,13.94,13.94,13.94,-2.42,127.33,127.33,127.33,127.33,1.46
3/8/2023,179.5,182,182,182,0.14,82.66,83.03,83.59,82.06,-0.76,2.713,2.821,2.85,2.687,-4.47,105.66,105.67,105.88,105.36,0.04,1327,1327,1327,1327,2.23,0.6586,0.6583,0.663,0.6567,0.06,94.76,93.52,95.73,93.5,2.04,13.895,13.895,13.895,13.895,-0.32,127.37,127.37,127.37,127.37,0.03
3/9/2023,180,180,180,180,0.28,81.59,82.55,84,81.42,-1.29,2.683,2.754,2.797,2.614,-1.11,105.31,105.62,105.73,105.15,-0.33,1379,1379,1379,1379,3.92,0.659,0.6587,0.6637,0.6575,0.06,95.4,95.75,96.64,93.86,0.68,14.31,14.31,14.31,14.31,2.99,129.48,129.48,129.48,129.48,1.66
3/10/2023,185.25,185.25,185.25,185.25,2.92,82.78,81.47,83.11,80.73,1.46,2.559,2.629,2.691,2.554,-4.62,104.58,105.13,105.35,104.04,-0.7,1424,1424,1424,1424,3.26,0.6577,0.6591,0.6642,0.6564,-0.2,96.83,95.53,96.93,95.3,1.5,14.155,14.155,14.155,14.155,-1.08,129.44,129.44,129.44,129.44,-0.03
3/13/2023,182.9,182.9,182.9,182.9,-1.27,80.77,82.6,83.48,78.34,-2.43,2.726,2.566,2.751,2.514,6.53,103.6,104.64,104.64,103.48,-0.94,1465,1465,1465,1465,2.88,0.6664,0.6587,0.6718,0.6581,1.32,92.99,96.3,96.3,92.37,-3.97,14.245,14.245,14.245,14.245,0.64,130.49,130.49,130.49,130.49,0.81
3/14/2023,180,180,180,180,-1.59,77.45,80.54,80.92,76.89,-4.11,2.69,2.74,2.789,2.65,-1.32,103.6,103.67,104.05,103.5,0,1587,1587,1587,1587,8.33,0.6679,0.6665,0.6698,0.6632,0.23,89.73,92.91,93.54,89.55,-3.51,14.2,14.2,14.2,14.2,-0.32,130.04,130.04,130.04,130.04,-0.34
3/15/2023,175,175,178.5,175,-2.78,73.69,77.82,78.73,71.67,-4.85,2.546,2.696,2.71,2.499,-5.35,104.65,103.74,105.1,103.44,1.01,1603,1603,1603,1603,1.01,0.6615,0.6683,0.6713,0.659,-0.96,86.65,90.36,91.23,86.53,-3.43,14.168,14.168,14.168,14.168,-0.23,130.09,130.09,130.09,130.09,0.04
3/16/2023,174,174,174,174,-0.57,74.7,74.3,75.54,71.86,1.37,2.626,2.59,2.657,2.527,3.14,104.42,104.62,104.74,104.2,-0.22,1560,1560,1560,1560,-2.68,0.6654,0.6617,0.6668,0.6607,0.59,85.27,88.3,88.3,83.71,-1.59,13.555,13.555,13.555,13.555,-4.33,128.91,128.91,128.91,128.91,-0.91
3/17/2023,173,173,173,173,-0.57,72.97,74.7,75.92,71.4,-2.32,2.446,2.638,2.639,2.436,-6.85,103.71,104.41,104.44,103.69,-0.68,1535,1535,1535,1535,-1.6,0.6695,0.6654,0.6726,0.6649,0.62,85.57,85.68,87.07,83.43,0.35,13.18,13.18,13.18,13.18,-2.77,130,130,130,130,0.85
3/20/2023,172.25,173,173,173,-0.43,73.79,73.01,73.87,70.12,1.12,2.331,2.46,2.521,2.324,-4.7,103.28,103.86,103.96,103.28,-0.41,1542,1542,1542,1542,0.46,0.6718,0.6709,0.6742,0.6666,0.34,85.18,83.7,86,82.13,-0.46,13.155,13.155,13.155,13.155,-0.19,128.26,128.26,128.26,128.26,-1.34
3/21/2023,174,174,174,174,1.02,75.32,73.64,75.42,72.82,2.07,2.485,2.339,2.493,2.24,6.61,103.26,103.31,103.51,103,-0.02,1512,1512,1512,1512,-1.95,0.6668,0.6719,0.6727,0.6649,-0.74,87.38,86.16,88.4,85.69,2.58,13.645,13.645,13.645,13.645,3.72,128.01,128.01,128.01,128.01,-0.19
3/22/2023,176.55,176.55,176.55,176.55,1.47,76.69,75.15,77.12,74.5,1.82,2.307,2.456,2.462,2.287,-7.16,102.35,103.19,103.26,102.07,-0.88,1456,1456,1456,1456,-3.7,0.6682,0.6669,0.676,0.6661,0.21,86.63,87.1,87.68,85.5,-0.86,12.64,12.64,12.64,12.64,-7.37,127.73,127.73,127.73,127.73,-0.22
3/23/2023,176.65,176.65,176.65,176.65,0.06,75.91,75.87,77.44,75.12,-1.02,2.283,2.354,2.383,2.263,-1.04,102.53,102.5,102.64,101.92,0.18,1484,1484,1484,1484,1.92,0.6683,0.6685,0.6757,0.667,0.01,90.18,87.45,90.4,87.45,4.1,13.335,13.335,13.335,13.335,5.5,126.66,126.66,126.66,126.66,-0.84
3/24/2023,175.35,175.35,175.35,175.35,-0.74,74.99,75.53,76.32,72.68,-1.21,2.361,2.277,2.382,2.267,3.42,103.12,102.6,103.36,102.5,0.57,1489,1489,1489,1489,0.34,0.6645,0.6685,0.6696,0.6625,-0.57,85.4,89.96,91.02,84.18,-5.3,12.7,12.7,12.7,12.7,-4.76,126.01,126.01,126.01,126.01,-0.51
3/27/2023,176.25,176.25,176.25,176.25,0.51,78.12,75,78.42,74.8,4.17,2.215,2.288,2.299,2.184,-6.18,102.86,103.11,103.23,102.83,-0.25,1456,1456,1456,1456,-2.22,0.6649,0.6649,0.6667,0.6633,0.06,88.13,88.02,89.19,86.73,3.2,12.525,12.525,12.525,12.525,-1.38,126.01,126.01,126.01,126.01,0
3/28/2023,176.5,176.5,176.5,176.5,0.14,78.65,78.23,79.2,77.54,0.68,2.147,2.221,2.26,2.142,-3.07,102.43,102.75,102.76,102.38,-0.42,1402,1402,1402,1402,-3.71,0.6709,0.6652,0.6712,0.6645,0.9,89.4,87.62,90.56,87.62,1.44,12.505,12.505,12.505,12.505,-0.16,126.01,126.01,126.01,126.01,0
3/29/2023,176.6,176.6,176.6,176.6,0.06,78.28,78.97,79.68,77.94,-0.47,2.184,2.161,2.225,2.103,1.72,102.64,102.49,102.79,102.37,0.21,1407,1407,1407,1407,0.36,0.6683,0.671,0.6714,0.6661,-0.39,90.02,89.47,91.1,89.33,0.69,12.535,12.535,12.535,12.535,0.24,126.01,126.01,126.01,126.01,0
3/30/2023,176.75,176.75,176.75,176.75,0.08,79.27,78.23,79.55,77.86,1.26,2.358,2.455,2.455,2.336,7.97,102.14,102.62,102.78,102.07,-0.48,1403,1403,1403,1403,-0.28,0.6707,0.6681,0.672,0.6661,0.36,90.8,90.43,91.76,89.55,0.87,12.7,12.7,12.7,12.7,1.32,126.01,126.01,126.01,126.01,0
3/31/2023,177.25,177.25,177.25,177.25,0.28,79.77,79.19,79.8,78.54,0.63,2.465,2.352,2.488,2.321,4.54,102.51,102.2,102.63,102.05,0.35,1389,1389,1389,1389,-1,0.6685,0.6713,0.6739,0.6669,-0.33,91.75,90.93,92.89,90.71,1.05,13.515,13.515,13.515,13.515,6.42,127.06,127.06,127.06,127.06,0.83
4/3/2023,200,197,198,197,12.83,84.93,86,86.44,83.5,6.47,2.333,2.345,2.398,2.28,-5.35,102.09,102.59,103.06,101.98,-0.4,1412,1412,1412,1412,1.66,0.6785,0.6691,0.679,0.6651,1.5,96,91.75,96.16,91.69,4.63,12.75,12.75,12.75,12.75,-5.66,122.19,122.19,122.19,122.19,-3.83
4/4/2023,192.65,192.65,192.65,192.65,-3.68,84.94,84.89,86.04,83.82,0.01,2.344,2.348,2.385,2.31,0.47,101.59,102.01,102.28,101.46,-0.5,1473,1473,1473,1473,4.32,0.6751,0.6786,0.6795,0.672,-0.5,94.98,96,97.35,94.63,-1.06,13.16,13.16,13.16,13.16,3.22,120.24,120.24,120.24,120.24,-1.6
4/5/2023,198,198,198,198,2.78,84.99,85.22,85.54,84.01,0.06,2.381,2.332,2.421,2.3,1.58,101.85,101.52,101.99,101.42,0.26,1525,1525,1525,1525,3.53,0.6718,0.6753,0.6781,0.6677,-0.49,97.01,94.97,98,94.78,2.14,12.68,12.68,12.68,12.68,-3.65,119.67,119.67,119.67,119.67,-0.47
4/6/2023,193.75,193.75,193.75,193.75,-2.15,85.12,84.89,85.45,84.05,0.15,2.238,2.375,2.4,2.22,-6.01,101.82,101.83,102.14,101.75,-0.03,1560,1560,1560,1560,2.3,0.6671,0.672,0.6726,0.6653,-0.7,96.75,97,97.9,96,-0.27,12.625,12.625,12.625,12.625,-0.43,119.16,119.16,119.16,119.16,-0.43
4/10/2023,193.75,193.75,193.75,193.75,0,84.18,85.1,85.66,84.09,-1.1,2.361,2.24,2.419,2.24,5.5,102.58,102.1,102.81,101.99,0.48,1560,1560,1560,1560,2.3,0.6637,0.6656,0.6682,0.6619,-0.46,96.75,97,97.9,96,-0.27,12.625,12.625,12.625,12.625,0,119.75,119.75,119.75,119.75,0.5
4/11/2023,194.15,194.15,194.15,194.15,0.21,85.61,84.24,85.67,83.75,1.7,2.351,2.372,2.42,2.306,-0.42,102.2,102.52,102.51,102.01,-0.36,1507,1507,1507,1507,-3.4,0.665,0.6642,0.6681,0.6634,0.2,97.47,96.75,98.43,96.72,0.74,12.57,12.57,12.57,12.57,-0.44,121.05,121.05,121.05,121.05,1.09
4/12/2023,194.6,194.6,194.6,194.6,0.23,87.33,85.59,87.49,85.39,2.01,2.267,2.373,2.384,2.241,-3.57,101.5,102.13,102.16,101.45,-0.69,1463,1463,1463,1463,-2.92,0.6688,0.6652,0.6725,0.6648,0.57,96.27,97.53,98.21,95.09,-1.23,12.625,12.625,12.625,12.625,0.44,120.5,120.5,120.5,120.5,-0.45
4/13/2023,190.75,190.75,190.75,190.75,-1.98,86.09,87.19,87.47,86.05,-1.42,2.197,2.257,2.302,2.184,-3.09,101.01,101.47,101.6,100.85,-0.48,1463,1463,1463,1463,0,0.6781,0.6689,0.6798,0.6685,1.39,94.39,96.15,96.5,93.1,-1.95,12.605,12.605,12.605,12.605,-0.16,119.92,119.92,119.92,119.92,-0.48
4/14/2023,188,188,188,188,-1.44,86.31,86.18,86.87,85.53,0.26,2.305,2.209,2.316,2.143,4.92,101.55,101,101.75,100.79,0.54,1435,1435,1435,1435,-1.91,0.6708,0.6781,0.6807,0.6695,-1.08,94.11,94.39,94.99,93.16,-0.3,12.593,12.593,12.593,12.593,-0.1,119.11,119.11,119.11,119.11,-0.68
4/17/2023,187,187,187,187,-0.53,84.76,86.43,86.52,84.34,-1.8,2.444,2.326,2.458,2.326,6.03,102.1,101.58,102.23,101.53,0.54,1412,1412,1412,1412,-1.6,0.67,0.6706,0.6721,0.6681,-0.12,92.91,94.14,94.75,92.16,-1.28,12.49,12.49,12.49,12.49,-0.82,120.01,120.01,120.01,120.01,0.76
4/18/2023,188.3,188.3,188.3,188.3,0.7,84.77,84.74,85.41,83.81,0.01,2.517,2.446,2.533,2.396,2.99,101.75,102.1,102.14,101.64,-0.35,1368,1368,1368,1368,-3.12,0.6722,0.6699,0.6749,0.6697,0.33,95.15,92.98,95.6,92.33,2.41,12.85,12.85,12.85,12.85,2.88,120.34,120.34,120.34,120.34,0.27
4/19/2023,192.5,192.5,192.5,192.5,2.23,83.12,84.9,85.15,82.39,-1.95,2.395,2.526,2.543,2.356,-4.85,101.97,101.71,102.23,101.66,0.22,1372,1372,1372,1372,0.29,0.6713,0.6721,0.6743,0.6689,-0.13,94.39,95.3,96.47,94.18,-0.8,12.245,12.245,12.245,12.245,-4.71,120.26,120.26,120.26,120.26,-0.07
4/20/2023,191.75,191.75,191.75,191.75,-0.39,81.1,82.75,82.92,80.77,-2.43,2.427,2.361,2.436,2.316,1.34,101.84,101.99,102.13,101.63,-0.13,1432,1432,1432,1432,4.37,0.674,0.6713,0.6773,0.6696,0.4,91.74,94.45,94.66,91.18,-2.81,12.235,12.235,12.235,12.235,-0.08,119.31,119.31,119.31,119.31,-0.79
4/21/2023,190.35,190.35,190.35,190.35,-0.73,81.66,80.79,82.05,80.45,0.69,2.408,2.374,2.448,2.35,-0.78,101.82,101.8,102.12,101.65,-0.02,1504,1504,1504,1504,5.03,0.669,0.6741,0.6748,0.6677,-0.74,89.86,91.95,92.41,89.25,-2.05,11.88,11.88,11.88,11.88,-2.9,117.21,117.21,117.21,117.21,-1.76
4/24/2023,190,190,190,190,-0.18,82.73,81.87,82.99,80.48,1.31,2.471,2.395,2.484,2.364,2.62,101.35,101.72,101.91,101.32,-0.47,1517,1517,1517,1517,0.86,0.6696,0.6698,0.6706,0.6665,0.09,88.56,90.11,90.11,87.59,-1.45,11.875,11.875,11.875,11.875,-0.04,116.76,116.76,116.76,116.76,-0.38
4/25/2023,189.05,189.05,189.05,189.05,-0.5,80.77,82.59,83.06,80.35,-2.37,2.437,2.466,2.468,2.368,-1.38,101.86,101.26,101.95,101.2,0.51,1510,1510,1510,1510,-0.46,0.6625,0.6695,0.6707,0.6614,-1.06,86.81,88.58,88.91,86.53,-1.98,11.845,11.845,11.845,11.845,-0.25,117.6,117.6,117.6,117.6,0.72
4/26/2023,190.15,190.15,190.15,190.15,0.58,77.69,80.92,81.47,77.46,-3.81,2.305,2.385,2.413,2.274,-5.42,101.47,101.82,101.89,101.01,-0.39,1536,1536,1536,1536,1.72,0.6598,0.6628,0.6641,0.6591,-0.41,86.24,86.9,87,85.16,-0.66,11.64,11.64,11.64,11.64,-1.73,116.71,116.71,116.71,116.71,-0.76
4/27/2023,189.95,189.95,189.95,189.95,-0.11,78.37,77.77,78.61,77.39,0.88,2.548,2.51,2.567,2.465,10.54,101.5,101.4,101.8,101.28,0.04,1581,1581,1581,1581,2.93,0.6629,0.6599,0.6637,0.6595,0.47,86.68,85.94,87.9,85.4,0.51,11.595,11.595,11.595,11.595,-0.39,116.21,116.21,116.21,116.21,-0.43
4/28/2023,189.7,189.7,189.7,189.7,-0.13,79.54,78.25,79.61,77.69,1.49,2.578,2.538,2.7,2.484,1.18,101.66,101.47,102.17,101.42,0.15,1576,1576,1576,1576,-0.32,0.6607,0.6631,0.6644,0.6573,-0.33,87.65,86.49,88.11,86.13,1.12,11.55,11.55,11.55,11.55,-0.39,116.14,116.14,116.14,116.14,-0.06
5/1/2023,185.15,185.15,185.15,185.15,-2.4,79.31,80.11,80.24,78.13,-0.29,2.498,2.568,2.582,2.473,-3.1,102.15,101.67,102.19,101.62,0.48,1576,1576,1576,1576,-0.32,0.663,0.661,0.6669,0.6604,0.35,85.63,87.39,88.36,85.5,-2.3,11.55,11.55,11.55,11.55,0,103.61,103.61,103.61,103.61,-10.79
5/2/2023,187.55,187.55,187.55,187.55,1.3,75.32,79.28,79.78,75.07,-5.03,2.417,2.501,2.524,2.389,-3.24,101.96,102.14,102.4,101.88,-0.19,1552,1552,1552,1552,-1.52,0.6661,0.6634,0.6719,0.662,0.47,88.52,85.66,90.82,85.42,3.37,11.495,11.495,11.495,11.495,-0.48,106.01,106.01,106.01,106.01,2.32
5/3/2023,180.6,180.6,180.6,180.6,-3.71,72.33,75.31,75.58,71.7,-3.97,2.36,2.428,2.443,2.312,-2.36,101.34,101.86,101.92,101.07,-0.6,1558,1558,1558,1558,0.39,0.6669,0.6662,0.6704,0.6648,0.12,85.15,89,89.35,84,-3.81,11.5,11.5,11.5,11.5,0.04,105.48,105.48,105.48,105.48,-0.5
5/4/2023,170.65,178.2,178.2,178.2,-5.51,72.5,71.28,73.72,71.28,0.24,2.297,2.347,2.374,2.275,-2.67,101.4,101.2,101.64,101.03,0.06,1545,1545,1545,1545,-0.83,0.6693,0.6669,0.6708,0.664,0.36,84.5,85.29,85.71,83.25,-0.76,11.31,11.31,11.31,11.31,-1.65,103.87,103.87,103.87,103.87,-1.53
5/5/2023,169.65,169.65,169.65,169.65,-0.59,75.3,72.69,75.75,72.41,3.86,2.321,2.281,2.349,2.233,1.04,101.21,101.34,101.78,101.12,-0.18,1558,1558,1558,1558,0.84,0.6748,0.6695,0.6758,0.669,0.82,84.96,84.66,86.9,84.3,0.54,11.315,11.315,11.315,11.315,0.04,103.55,103.55,103.55,103.55,-0.31
5/8/2023,169.65,169.65,169.65,169.65,0,77.01,75.23,77.43,74.95,2.27,2.412,2.329,2.424,2.32,3.92,101.38,101.28,101.42,101.04,0.16,1558,1558,1558,1558,0.84,0.6782,0.6748,0.6805,0.6739,0.5,85.59,85,85.99,84.5,0.74,11.315,11.315,11.315,11.315,0,107.4,107.4,107.4,107.4,3.72
5/9/2023,169,169,169,169,-0.38,77.44,76.71,77.5,75.07,0.56,2.427,2.416,2.463,2.36,0.62,101.61,101.4,101.83,101.36,0.22,1598,1598,1598,1598,2.57,0.676,0.6783,0.6788,0.6746,-0.32,87.51,85.57,87.75,85.2,2.24,11.24,11.24,11.24,11.24,-0.66,106.05,106.05,106.05,106.05,-1.26
5/10/2023,166.95,166.95,166.95,166.95,-1.21,76.41,77.36,77.6,75.68,-1.33,2.336,2.415,2.415,2.315,-3.75,101.48,101.62,101.81,101.21,-0.13,1640,1640,1640,1640,2.63,0.6778,0.6762,0.682,0.6744,0.27,89.06,87.69,89.75,87.2,1.77,11.21,11.21,11.21,11.21,-0.27,106.85,106.85,106.85,106.85,0.75
5/11/2023,163,163,163,163,-2.37,74.98,76.62,77.41,74.61,-1.87,2.345,2.331,2.389,2.31,0.39,102.06,101.41,102.15,101.3,0.57,1608,1608,1608,1608,-1.95,0.6701,0.6778,0.6797,0.6688,-1.14,88.57,89.22,90.12,87.68,-0.55,11.16,11.16,11.16,11.16,-0.45,104.8,104.8,104.8,104.8,-1.92
5/12/2023,164.9,166.5,166.5,166.5,1.17,74.17,75.35,75.85,74.03,-1.08,2.438,2.342,2.495,2.31,3.97,102.68,102.1,102.71,101.94,0.61,1558,1558,1558,1558,-3.11,0.6646,0.6703,0.6708,0.6637,-0.82,88.93,88.54,89.67,88.14,0.41,11.115,11.115,11.115,11.115,-0.4,105.16,105.16,105.16,105.16,0.34
5/15/2023,163.75,163.75,163.75,163.75,-0.7,75.23,74.15,75.75,73.49,1.43,2.542,2.445,2.55,2.417,4.27,102.43,102.71,102.75,102.38,-0.24,1522,1522,1522,1522,-2.31,0.6698,0.6646,0.671,0.6639,0.78,87.14,88.5,89.19,86.13,-2.01,11.049,11.049,11.049,11.049,-0.59,106.77,106.77,106.77,106.77,1.53
5/16/2023,163.8,163.8,163.8,163.8,0.03,74.91,75.55,75.95,74.5,-0.43,2.534,2.533,2.63,2.506,-0.31,102.56,102.43,102.69,102.2,0.13,1476,1476,1476,1476,-3.02,0.6655,0.6701,0.6711,0.6651,-0.64,88.93,87.14,89.2,86.66,2.05,9.855,9.855,9.855,9.855,-10.81,106.84,106.84,106.84,106.84,0.07
5/17/2023,165.25,165.25,165.25,165.25,0.89,76.96,74.67,77.31,74.1,2.74,2.509,2.524,2.586,2.471,-0.99,102.88,102.61,103.11,102.54,0.31,1425,1425,1425,1425,-3.46,0.6659,0.6655,0.6675,0.6628,0.06,88.04,88.77,89.75,87.55,-1,9.945,9.945,9.945,9.945,0.91,107.38,107.38,107.38,107.38,0.51
5/18/2023,159.35,159.35,159.35,159.35,-3.57,75.86,76.78,76.99,75.5,-1.43,2.715,2.519,2.755,2.488,8.21,103.58,102.9,103.62,102.79,0.68,1402,1402,1402,1402,-1.61,0.6617,0.666,0.6669,0.6605,-0.63,89.65,88.49,90.21,87.92,1.83,9.715,9.715,9.715,9.715,-2.31,107.27,107.27,107.27,107.27,-0.1
5/19/2023,162.25,162.25,162.25,162.25,1.82,75.58,76.03,77.5,75.12,-0.37,2.707,2.735,2.816,2.682,-0.29,103.2,103.51,103.62,103,-0.37,1384,1384,1384,1384,-1.28,0.665,0.6622,0.6677,0.6615,0.5,89.43,89.66,91.24,89.33,-0.25,9.84,9.84,9.84,9.84,1.29,107.1,107.1,107.1,107.1,-0.16
5/22/2023,160.35,160.35,160.35,160.35,-1.17,75.99,75.63,76.46,74.55,0.54,2.551,2.697,2.707,2.512,-5.76,103.2,103.19,103.37,102.96,0,1365,1365,1365,1365,-1.37,0.6653,0.6654,0.6669,0.6627,0.05,87.25,89.43,89.71,86.77,-2.44,9.755,9.755,9.755,9.755,-0.86,107.16,107.16,107.16,107.16,0.06
5/23/2023,160,160,160,160,-0.22,76.84,76.15,77.74,75.65,1.12,2.489,2.55,2.568,2.484,-2.43,103.49,103.27,103.65,103.16,0.28,1348,1348,1348,1348,-1.25,0.6609,0.6651,0.6663,0.6607,-0.66,85.8,87.4,87.72,85.36,-1.66,9.735,9.735,9.735,9.735,-0.21,106.54,106.54,106.54,106.54,-0.58
5/24/2023,160.25,160.25,160.25,160.25,0.16,78.36,77.7,78.66,77.03,1.98,2.566,2.514,2.575,2.495,3.09,103.89,103.54,103.91,103.35,0.39,1295,1295,1295,1295,-3.93,0.6543,0.6609,0.6617,0.6529,-1,84.79,85.81,86.26,84.55,-1.18,9.58,9.58,9.58,9.58,-1.59,105.56,105.56,105.56,105.56,-0.92
5/25/2023,160,160,160,160,-0.16,76.26,78.22,78.5,75.1,-2.68,2.476,2.572,2.607,2.429,-3.51,104.25,103.86,104.31,103.84,0.35,1215,1215,1215,1215,-6.18,0.6506,0.654,0.6549,0.6498,-0.57,82.63,85.03,85.15,82.63,-2.55,9.35,9.35,9.35,9.35,-2.4,105.6,105.6,105.6,105.6,0.04
5/26/2023,160,160,160,160,0,76.95,76.09,77.35,75.73,0.9,2.417,2.463,2.479,2.381,-2.38,104.21,104.23,104.42,103.85,-0.04,1172,1172,1172,1172,-3.54,0.6517,0.6506,0.6546,0.649,0.17,83.13,82.75,83.37,81.94,0.61,9.235,9.235,9.235,9.235,-1.23,105.41,105.41,105.41,105.41,-0.18
5/29/2023,140.65,140.65,140.65,140.65,-12.09,77.07,77.39,77.75,76.15,0.16,2.349,2.434,2.447,2.338,-3.53,104.26,104.24,104.31,104.04,0.06,1172,1172,1172,1172,-3.54,0.6537,0.6536,0.6555,0.6518,0.31,83,83.01,84.46,82.67,-0.16,9.235,9.235,9.235,9.235,-1.23,105.41,105.41,105.41,105.41,-0.18
5/30/2023,135.1,135.1,135.1,135.1,-3.95,73.54,76.98,77.57,73.2,-4.58,2.416,2.502,2.534,2.35,2.85,104.17,104.3,104.53,103.88,-0.09,1123,1123,1123,1123,-4.18,0.6517,0.654,0.656,0.6503,-0.31,80.38,83.05,83.34,80.36,-3.16,9.365,9.365,9.365,9.365,1.41,105.2,105.2,105.2,105.2,-0.2
5/31/2023,135,138,138,138,-0.07,72.66,73.6,73.81,71.39,-1.2,2.358,2.395,2.492,2.34,-2.4,104.33,104.05,104.7,104.01,0.15,977,977,977,977,-13,0.65,0.6515,0.6539,0.6458,-0.26,80.77,80.45,81.97,79.32,0.49,9.285,9.285,9.285,9.285,-0.85,105.07,105.07,105.07,105.07,-0.12
6/1/2023,130.15,130.15,130.15,130.15,-3.59,74.28,72.15,75.25,72.03,2.23,2.273,2.349,2.374,2.244,-3.6,103.56,104.15,104.5,103.5,-0.73,937,937,937,937,-4.09,0.657,0.6503,0.6583,0.6484,1.08,78.95,80.78,81.1,78.47,-2.25,9.265,9.265,9.265,9.265,-0.22,104.5,104.5,104.5,104.5,-0.54
6/2/2023,131,131,131,131,0.65,76.13,74.28,76.5,74.18,2.49,2.299,2.28,2.355,2.258,1.14,104.01,103.56,104.09,103.38,0.44,919,919,919,919,-1.92,0.6611,0.657,0.6639,0.6566,0.62,78.52,78.95,80.47,78.52,-0.54,9.285,9.285,9.285,9.285,0.22,106.33,106.33,106.33,106.33,1.75
6/5/2023,137.75,137.75,137.75,137.75,5.15,76.71,77.68,78.73,76.31,0.76,2.366,2.309,2.435,2.3,2.91,104,104.04,104.4,103.93,-0.01,939,939,939,939,2.18,0.6615,0.6611,0.6639,0.6579,0.06,82.86,79.05,83.25,78.01,5.53,9.265,9.265,9.265,9.265,-0.22,107.38,107.38,107.38,107.38,0.99
6/6/2023,134.45,134.45,134.45,134.45,-2.4,76.29,76.55,76.75,74.72,-0.55,2.381,2.391,2.408,2.294,0.63,104.13,104.01,104.37,103.82,0.12,1016,1016,1016,1016,8.2,0.6669,0.6618,0.6686,0.6609,0.82,81.64,83,83.48,80.28,-1.47,9.21,9.21,9.21,9.21,-0.59,108.59,108.59,108.59,108.59,1.13
6/7/2023,136,136,136,136,1.15,76.95,76.22,77.64,75.51,0.87,2.433,2.381,2.456,2.369,2.18,104.1,104.12,104.3,103.66,-0.02,1020,1020,1020,1020,0.39,0.665,0.6672,0.6719,0.6641,-0.28,83.86,81.64,84.19,80.1,2.72,9.235,9.235,9.235,9.235,0.27,109.18,109.18,109.18,109.18,0.54
6/8/2023,136.25,136.25,136.25,136.25,0.18,75.96,76.8,77.68,73.58,-1.29,2.434,2.431,2.469,2.368,0.04,103.34,104.07,104.07,103.3,-0.73,1040,1040,1040,1040,1.96,0.6715,0.6654,0.672,0.6651,0.98,83.35,83.99,84.95,82.63,-0.61,9.21,9.21,9.21,9.21,-0.27,111.43,111.43,111.43,111.43,2.06
6/9/2023,135.7,135.7,135.7,135.7,-0.4,74.79,75.53,76.57,74.71,-1.54,2.331,2.402,2.415,2.325,-4.23,103.56,103.3,103.61,103.29,0.21,1055,1055,1055,1055,1.44,0.6739,0.6716,0.6752,0.6692,0.36,86.14,83.75,87.3,83.5,3.35,9.25,9.25,9.25,9.25,0.43,112.96,112.96,112.96,112.96,1.37
6/12/2023,134,134,134,134,-1.25,71.84,74.87,74.87,71.58,-3.94,2.336,2.38,2.401,2.282,0.21,103.65,103.55,103.76,103.24,0.09,1056,1056,1056,1056,0.09,0.675,0.6744,0.6775,0.6729,0.16,88.22,86.75,88.46,84.88,2.41,9.265,9.265,9.265,9.265,0.16,111.14,111.14,111.14,111.14,-1.61
6/13/2023,132.25,132.25,132.25,132.25,-1.31,74.29,72.11,74.66,71.94,3.41,2.407,2.352,2.433,2.344,3.04,103.34,103.58,103.62,103.05,-0.3,1074,1074,1074,1074,1.7,0.6766,0.6748,0.6809,0.6738,0.24,90.72,88,91.03,86.91,2.83,9.3,9.3,9.3,9.3,0.38,112.45,112.45,112.45,112.45,1.18
6/14/2023,132,132,132,132,-0.19,73.2,74.05,75.49,73.03,-1.47,2.413,2.403,2.455,2.368,0.25,102.95,103.32,103.4,102.66,-0.38,1079,1079,1079,1079,0.47,0.6793,0.677,0.6837,0.6756,0.4,93.62,90.46,93.99,89.91,3.2,9.4,9.4,9.4,9.4,1.08,112.75,112.75,112.75,112.75,0.27
6/15/2023,135.95,135.95,135.95,135.95,2.99,75.67,73.41,75.97,72.91,3.37,2.609,2.424,2.639,2.394,8.12,102.11,102.96,103.38,102.09,-0.81,1094,1094,1094,1094,1.39,0.6885,0.6796,0.6894,0.6767,1.35,92.93,93.51,95.18,91.51,-0.74,9.584,9.584,9.584,9.584,1.96,112.93,112.93,112.93,112.93,0.16
6/16/2023,128.45,128.45,128.45,128.45,-5.52,76.61,75.64,76.74,75.08,1.24,2.721,2.627,2.733,2.594,4.29,102.24,102.12,102.43,102.01,0.13,1076,1076,1076,1076,-1.65,0.6877,0.6886,0.6901,0.6855,-0.12,91.92,92.92,93.18,90.5,-1.09,11.2,11.2,11.2,11.2,16.86,113.02,113.02,113.02,113.02,0.08
6/19/2023,128.35,128.35,128.35,128.35,-0.08,76.09,76.4,76.93,75.34,-0.68,2.643,2.604,2.683,2.569,1.58,102.52,102.3,102.55,102.25,0.27,1065,1065,1065,1065,-1.02,0.6849,0.6881,0.689,0.6834,-0.41,93.23,91.7,93.65,90.3,1.43,11.2,11.2,11.2,11.2,16.86,113.02,113.02,113.02,113.02,0.08
6/20/2023,126.55,126.55,126.55,126.55,-1.4,75.9,76.12,77.15,74.51,-0.25,2.57,2.72,2.783,2.562,-2.76,102.54,102.48,102.79,102.32,0.02,1078,1078,1078,1078,1.22,0.6783,0.685,0.6856,0.6753,-0.96,94.51,93.09,96,92.85,1.37,12.74,12.74,12.74,12.74,13.75,113.08,113.08,113.08,113.08,0.05
6/21/2023,124.15,124.15,124.15,124.15,-1.9,77.12,75.54,77.24,75.52,1.61,2.677,2.563,2.684,2.527,4.16,102.07,102.5,102.71,102.02,-0.46,1138,1138,1138,1138,5.57,0.6796,0.6782,0.6806,0.6741,0.19,90.85,94.41,95.4,90.39,-3.87,12.475,12.475,12.475,12.475,-2.08,112.85,112.85,112.85,112.85,-0.2
6/22/2023,125.75,125.75,125.75,125.75,1.29,74.14,77.03,77.2,73.59,-3.86,2.704,2.675,2.714,2.612,1.01,102.39,102.03,102.47,101.92,0.31,1216,1216,1216,1216,6.85,0.6755,0.6795,0.6808,0.6744,-0.6,90.95,90.2,91.2,88.33,0.11,12.065,12.065,12.065,12.065,-3.29,112.85,112.85,112.85,112.85,0
6/23/2023,125.5,125.5,125.5,125.5,-0.2,73.85,74.02,74.44,72.11,-0.39,2.843,2.707,2.852,2.611,5.14,102.9,102.38,103.17,102.38,0.5,1240,1240,1240,1240,1.97,0.6677,0.6757,0.6769,0.6663,-1.15,87.55,90.9,90.9,87.55,-3.74,11.835,11.835,11.835,11.835,-1.91,112.65,112.65,112.65,112.65,-0.18
6/26/2023,125.5,125.5,125.5,125.5,0,74.18,74.5,74.85,73.42,0.45,2.892,2.878,2.936,2.828,1.72,102.69,102.87,102.83,102.61,-0.21,1233,1233,1233,1233,-0.56,0.667,0.6677,0.6696,0.6666,-0.1,86.49,87.69,89.65,85.89,-1.21,11.79,11.79,11.79,11.79,-0.38,112.46,112.46,112.46,112.46,-0.17
6/27/2023,127.9,127.9,127.9,127.9,1.91,72.26,74.28,74.9,72.08,-2.59,2.789,2.881,2.895,2.759,-3.56,102.49,102.74,102.8,102.32,-0.19,1183,1183,1183,1183,-4.06,0.6684,0.6675,0.6722,0.6669,0.21,89.09,86.49,89.17,85.8,3.01,12.07,12.07,12.07,12.07,2.37,112.6,112.6,112.6,112.6,0.12
6/28/2023,127.9,127.9,127.9,127.9,0,74.03,72.62,74.2,71.57,2.45,2.668,2.807,2.878,2.647,-4.34,102.9,102.51,103.14,102.47,0.4,1138,1138,1138,1138,-3.8,0.6599,0.6685,0.6691,0.6597,-1.27,88.21,89.67,89.7,86.98,-0.99,12.02,12.02,12.02,12.02,-0.41,112.64,112.64,112.64,112.64,0.04
6/29/2023,127.9,127.9,127.9,127.9,0,74.34,73.72,74.98,73.39,0.42,2.691,2.642,2.734,2.607,0.86,103.34,102.96,103.44,102.78,0.42,1112,1112,1112,1112,-2.28,0.6614,0.6601,0.6642,0.6595,0.23,88.13,87.34,88.82,87.24,-0.09,12.12,12.12,12.12,12.12,0.83,112.62,112.62,112.62,112.62,-0.02
6/30/2023,128.05,128.05,128.05,128.05,0.12,74.9,74.22,75.4,74.21,0.75,2.774,2.664,2.801,2.629,3.08,102.91,103.35,103.54,102.75,-0.42,1091,1091,1091,1091,-1.89,0.6666,0.6616,0.6673,0.6603,0.79,89.57,88.1,89.61,87.11,1.63,12.24,12.24,12.24,12.24,0.99,112.57,112.57,112.57,112.57,-0.04
7/3/2023,148.05,145,145,145,15.62,74.65,75.11,76.6,74.56,-0.33,2.702,2.71,2.728,2.661,-2.6,102.96,102.93,103.27,102.75,0.05,1068,1068,1068,1068,-2.11,0.667,0.6667,0.6694,0.6637,0.06,87.58,89.12,89.83,87.18,-2.22,12.08,12.08,12.08,12.08,-1.31,110.87,110.87,110.87,110.87,-1.51
7/4/2023,143.15,142.5,142.5,142.5,-3.31,76.25,74.89,76.29,74.74,2.14,2.751,2.689,2.758,2.662,1.81,103.04,102.97,103.11,102.88,0.07,1044,1044,1044,1044,-2.25,0.6691,0.667,0.6707,0.6641,0.31,87.69,87.41,88.1,86.68,0.13,12.08,12.08,12.08,12.08,-1.31,110.87,110.87,110.87,110.87,-1.51
7/5/2023,144.8,144.8,144.8,144.8,1.15,76.65,76.03,76.95,75.3,0.52,2.643,2.694,2.78,2.63,-3.93,103.37,103.08,103.39,102.96,0.32,994,994,994,994,-4.79,0.6654,0.6689,0.67,0.6653,-0.55,85.81,87.06,87.32,85.71,-2.14,12.1,12.1,12.1,12.1,0.17,111.84,111.84,111.84,111.84,0.87
7/6/2023,139.65,140,140,140,-3.56,76.52,76.7,77.09,75.03,-0.17,2.599,2.637,2.678,2.579,-1.66,103.07,103.35,103.57,102.92,-0.29,993,993,993,993,-0.1,0.6625,0.6655,0.6689,0.6599,-0.44,86.29,85.7,86.45,85.33,0.56,12.075,12.075,12.075,12.075,-0.21,112.27,112.27,112.27,112.27,0.38
7/7/2023,138,138,138,138,-1.18,78.47,76.52,78.54,76.03,2.55,2.57,2.623,2.665,2.526,-1.12,102.27,103.08,103.19,102.23,-0.77,1009,1009,1009,1009,1.61,0.6688,0.6621,0.6703,0.6617,0.95,86.15,86.05,87.85,85.83,-0.16,12.085,12.085,12.085,12.085,0.08,110.54,110.54,110.54,110.54,-1.54
7/10/2023,133.7,133.7,133.7,133.7,-3.12,77.69,78.6,78.77,77.36,-0.99,2.641,2.566,2.671,2.562,2.76,101.97,102.29,102.56,101.95,-0.29,1024,1024,1024,1024,1.49,0.6675,0.6684,0.6698,0.6623,-0.19,86.26,86.16,87.17,85.48,0.13,12.06,12.06,12.06,12.06,-0.21,109.21,109.21,109.21,109.21,-1.2
7/11/2023,131,131,131,131,-2.02,79.4,77.82,79.5,77.63,2.2,2.692,2.639,2.716,2.606,1.93,101.73,101.94,101.97,101.65,-0.24,1032,1032,1032,1032,0.78,0.6686,0.6672,0.6697,0.665,0.16,87.05,86.34,87.22,85.11,0.92,12.02,12.02,12.02,12.02,-0.33,109.34,109.34,109.34,109.34,0.12
7/12/2023,129.05,129.05,129.05,129.05,-1.49,80.11,79.32,80.55,79.21,0.89,2.597,2.697,2.712,2.586,-3.53,100.52,101.59,101.61,100.51,-1.19,1088,1088,1088,1088,5.43,0.6787,0.6687,0.6798,0.6681,1.51,85.83,87.03,88.32,85.68,-1.4,11.975,11.975,11.975,11.975,-0.37,110.61,110.61,110.61,110.61,1.16
7/13/2023,128,128,128,128,-0.81,81.36,80.19,81.75,79.88,1.56,2.534,2.622,2.631,2.528,-2.43,99.77,100.52,100.61,99.74,-0.75,1103,1103,1103,1103,1.38,0.6887,0.6786,0.6896,0.6783,1.47,85.88,85.86,86.96,85.32,0.06,11.91,11.91,11.91,11.91,-0.54,110.95,110.95,110.95,110.95,0.31
7/14/2023,131.65,131.65,131.65,131.65,2.85,79.87,81.64,81.7,79.53,-1.83,2.53,2.545,2.592,2.487,-0.16,99.91,99.75,100.01,99.58,0.14,1090,1090,1090,1090,-1.18,0.6837,0.6887,0.6896,0.6831,-0.73,86.35,85.82,87.65,85.82,0.55,11.869,11.869,11.869,11.869,-0.34,112.38,112.38,112.38,112.38,1.29
7/17/2023,131.1,131.1,131.1,131.1,-0.42,78.5,79.36,80.64,78.25,-1.72,2.504,2.541,2.569,2.477,-1.03,99.84,99.96,100.18,99.75,-0.07,1073,1073,1073,1073,-1.56,0.6815,0.6841,0.6855,0.6787,-0.32,86.78,85.93,86.81,85.18,0.5,10.56,10.56,10.56,10.56,-11.03,111.81,111.81,111.81,111.81,-0.51
7/18/2023,134.35,134.35,134.35,134.35,2.48,79.63,78.52,79.99,78.19,1.44,2.618,2.529,2.634,2.522,4.55,99.94,99.89,100.11,99.59,0.1,1037,1037,1037,1037,-3.36,0.6814,0.6817,0.6839,0.6788,-0.01,88.18,86.78,88.32,86.25,1.61,11.02,11.02,11.02,11.02,4.36,112.17,112.17,112.17,112.17,0.32
7/19/2023,132,131,131,131,-1.75,79.46,79.84,80.93,79.17,-0.21,2.585,2.612,2.642,2.57,-1.26,100.28,99.98,100.53,99.92,0.34,1004,1004,1004,1004,-3.18,0.6774,0.6814,0.6822,0.675,-0.59,88.98,88.1,89.4,87.05,0.91,10.745,10.745,10.745,10.745,-2.5,112.08,112.08,112.08,112.08,-0.08
7/20/2023,132,132,132,132,0,79.64,79.33,80.27,78.66,0.23,2.731,2.611,2.759,2.599,5.65,100.88,100.78,100.97,100.02,0.6,977,977,977,977,-2.69,0.6779,0.6773,0.6848,0.6765,0.07,90.84,88.95,91.24,88.75,2.09,10.92,10.92,10.92,10.92,1.63,112.43,112.43,112.43,112.43,0.31
7/21/2023,133,133,133,133,0.76,81.07,79.78,81.24,79.65,1.8,2.707,2.718,2.759,2.684,-0.88,101.07,100.78,101.19,100.72,0.19,978,978,978,978,0.1,0.6727,0.678,0.6789,0.6722,-0.77,91.82,90.8,92.3,90.33,1.08,10.885,10.885,10.885,10.885,-0.32,112.47,112.47,112.47,112.47,0.04
7/24/2023,133.1,133.1,133.1,133.1,0.08,82.74,80.95,83.16,80.42,2.06,2.688,2.713,2.762,2.661,-0.7,101.35,101.05,101.43,100.89,0.27,967,967,967,967,-1.12,0.6739,0.6733,0.6758,0.6714,0.18,91.29,91.82,92.59,90.53,-0.58,11.26,11.26,11.26,11.26,3.45,112.51,112.51,112.51,112.51,0.04
7/25/2023,134,134,134,134,0.68,83.64,82.85,83.87,82.22,1.09,2.747,2.707,2.771,2.672,2.19,101.35,101.42,101.65,101.19,0,962,962,962,962,-0.52,0.6789,0.6737,0.6795,0.6725,0.74,92.34,91.25,92.52,91.14,1.15,11.46,11.46,11.46,11.46,1.78,112.72,112.72,112.72,112.72,0.19
7/26/2023,134,134,134,134,0,82.92,83.19,83.85,82.58,-0.86,2.693,2.734,2.759,2.65,-1.97,100.89,101.32,101.44,100.86,-0.46,1067,1067,1067,1067,10.91,0.6756,0.6787,0.6795,0.6728,-0.49,90.77,92.32,93.5,90.34,-1.7,11.1,11.1,11.1,11.1,-3.14,112.89,112.89,112.89,112.89,0.15
7/27/2023,134,134,134,134,0,84.24,82.93,84.5,82.93,1.59,2.595,2.684,2.691,2.551,-3.64,101.77,101.11,101.84,100.55,0.88,1097,1097,1097,1097,2.81,0.6706,0.676,0.6823,0.6698,-0.74,90.92,90.79,91.28,89.23,0.17,10.97,10.97,10.97,10.97,-1.17,112.9,112.9,112.9,112.9,0.01
7/28/2023,134.45,139,139,139,0.34,84.99,83.71,85.09,83.22,0.89,2.753,2.717,2.801,2.682,6.09,101.62,101.69,102.04,101.36,-0.15,1110,1110,1110,1110,1.19,0.6649,0.671,0.6715,0.6622,-0.85,88.7,90.92,90.92,88.16,-2.44,10.78,10.78,10.78,10.78,-1.73,112.69,112.69,112.69,112.69,-0.19
7/31/2023,137.3,137.3,137.3,137.3,2.12,85.56,84.95,85.8,84.4,0.67,2.741,2.768,2.804,2.72,-0.44,101.86,101.89,101.9,101.86,0.23,1127,1127,1127,1127,1.53,0.672,0.6659,0.6741,0.6645,1.07,86.81,88.34,89.42,86.37,-2.13,10.92,10.92,10.92,10.92,1.3,112.46,112.46,112.46,112.46,-0.2
8/1/2023,134.35,135,135,135,-2.15,84.91,85.24,85.91,84.21,-0.76,2.672,2.747,2.778,2.644,-2.52,102.3,101.87,102.43,101.85,0.44,1150,1150,1150,1150,2.04,0.6611,0.6718,0.6725,0.6602,-1.62,84.62,86.85,87.83,84.4,-2.52,10.925,10.925,10.925,10.925,0.05,108.32,108.32,108.32,108.32,-3.68
8/2/2023,133.5,134,134,134,-0.63,83.2,85.86,85.99,82.74,-2.01,2.586,2.689,2.69,2.57,-3.22,102.59,101.96,102.78,101.96,0.28,1123,1123,1123,1123,-2.35,0.6538,0.6614,0.6631,0.6526,-1.1,83.2,84.65,84.99,83.01,-1.68,10.97,10.97,10.97,10.97,0.41,107.41,107.41,107.41,107.41,-0.84
8/3/2023,136.85,136.85,136.85,136.85,2.51,85.14,83.46,85.41,82.36,2.33,2.67,2.592,2.685,2.58,3.25,102.54,102.59,102.84,102.36,-0.05,1128,1128,1128,1128,0.45,0.6552,0.6541,0.657,0.6513,0.21,84.41,83.23,85.8,83.1,1.45,11,11,11,11,0.27,104.26,104.26,104.26,104.26,-2.93
8/4/2023,137,136,136,136,0.11,86.24,85.31,86.65,85.06,1.29,2.681,2.658,2.72,2.635,0.41,102.02,102.45,102.62,101.74,-0.51,1136,1136,1136,1136,0.71,0.6569,0.6556,0.6611,0.6542,0.26,83.41,84.99,85.63,83.3,-1.18,10.955,10.955,10.955,10.955,-0.41,105.18,105.18,105.18,105.18,0.88
8/7/2023,141.1,141.1,141.1,141.1,2.99,85.34,86.23,86.73,85.03,-1.04,2.813,2.681,2.844,2.674,4.92,102.05,101.99,102.38,101.97,0.03,1145,1145,1145,1145,0.79,0.6572,0.657,0.6595,0.6555,0.05,82.64,83.55,84.56,82.56,-0.92,10.98,10.98,10.98,10.98,0.23,104.73,104.73,104.73,104.73,-0.43
8/8/2023,142.5,142.5,142.5,142.5,0.99,86.17,85.79,86.34,83.32,0.97,2.864,2.828,2.886,2.783,1.81,102.53,102.07,102.8,102.07,0.47,1142,1142,1142,1142,-0.26,0.6543,0.6572,0.6578,0.6496,-0.44,83.97,82.7,84.47,82.31,1.61,10.955,10.955,10.955,10.955,-0.23,104.41,104.41,104.41,104.41,-0.31
8/9/2023,142.5,142.5,142.5,142.5,0,87.55,86,87.65,85.91,1.6,3.053,2.883,3.096,2.855,6.6,102.49,102.55,102.58,102.29,-0.04,1144,1144,1144,1144,0.18,0.6526,0.6545,0.6573,0.652,-0.26,83.9,84.34,85.82,83.5,-0.08,11.03,11.03,11.03,11.03,0.68,104.7,104.7,104.7,104.7,0.28
8/10/2023,143,143,143,143,0.35,86.4,87.39,88.1,86.2,-1.31,2.87,3.062,3.089,2.857,-5.99,102.52,102.48,102.65,101.78,0.03,1137,1137,1137,1137,-0.61,0.6513,0.6528,0.6617,0.6514,-0.2,84.55,84.24,85.21,83.03,0.77,11.045,11.045,11.045,11.045,0.14,104.6,104.6,104.6,104.6,-0.1
8/11/2023,144,144,144,144,0.7,86.81,86.37,87.35,85.84,0.47,2.882,2.89,2.939,2.817,0.42,102.84,102.62,102.91,102.42,0.31,1129,1129,1129,1129,-0.7,0.6498,0.6518,0.6535,0.6486,-0.23,86.8,84.9,86.92,84,2.66,11.085,11.085,11.085,11.085,0.36,105.37,105.37,105.37,105.37,0.74
8/14/2023,146.5,146.5,146.5,146.5,1.74,86.21,86.53,86.71,85.5,-0.69,2.898,2.897,2.932,2.851,0.56,103.19,102.85,103.46,102.77,0.34,1135,1135,1135,1135,0.53,0.6484,0.6502,0.6509,0.6454,-0.22,87.95,86.57,88.13,86,1.32,11.145,11.145,11.145,11.145,0.54,104.63,104.63,104.63,104.63,-0.7
8/15/2023,147.15,147.15,147.15,147.15,0.44,84.89,86.12,86.68,84.29,-1.53,2.781,2.913,2.961,2.765,-4.04,103.21,103.21,103.28,103.15,0.02,1166,1166,1166,1166,2.73,0.6454,0.649,0.6523,0.6451,-0.46,86.87,88.23,88.6,86.7,-1.23,11.205,11.205,11.205,11.205,0.54,104.8,104.8,104.8,104.8,0.16
8/16/2023,147.5,147.5,147.5,147.5,0.24,83.45,85.2,85.36,83.13,-1.7,2.726,2.78,2.797,2.705,-1.98,103.43,103.21,103.53,102.94,0.22,1233,1233,1233,1233,5.75,0.6423,0.6458,0.6482,0.6415,-0.48,88.58,87.64,88.89,87.35,1.97,14.32,14.32,14.32,14.32,27.8,104.81,104.81,104.81,104.81,0.01
8/17/2023,147,147,147,147,-0.34,84.12,83.2,84.88,83.05,0.8,2.755,2.742,2.795,2.715,1.06,103.57,103.47,103.6,103.06,0.14,1247,1247,1247,1247,1.14,0.6403,0.6429,0.6452,0.6365,-0.31,88.85,88.6,89.87,87.7,0.3,14.16,14.16,14.16,14.16,-1.12,105.64,105.64,105.64,105.64,0.79
8/18/2023,149.5,149.5,149.5,149.5,1.7,84.8,83.88,85.08,83.33,0.81,2.691,2.763,2.774,2.663,-2.32,103.38,103.4,103.68,103.22,-0.19,1237,1237,1237,1237,-0.8,0.6402,0.6404,0.6431,0.6379,-0.02,88.05,88.68,89.09,87.27,-0.9,13.95,13.95,13.95,13.95,-1.48,106.1,106.1,106.1,106.1,0.44
8/21/2023,149.25,149.25,149.25,149.25,-0.17,84.46,84.8,85.86,84.31,-0.4,2.743,2.71,2.797,2.685,1.93,103.3,103.43,103.5,103.14,-0.07,1223,1223,1223,1223,-1.13,0.6412,0.6412,0.6423,0.6387,0.16,87.85,88.62,88.7,86.86,-0.23,14.3,14.3,14.3,14.3,2.51,106.48,106.48,106.48,106.48,0.36
8/22/2023,150,150,150,150,0.5,84.03,84.46,84.66,83.85,-0.51,2.652,2.732,2.737,2.632,-3.32,103.56,103.33,103.72,103.01,0.25,1194,1194,1194,1194,-2.37,0.6421,0.6412,0.6459,0.6403,0.14,90.01,87.85,90.39,87.76,2.46,14.3,14.3,14.3,14.3,0,106.77,106.77,106.77,106.77,0.27
8/23/2023,150,150,150,150,0,83.21,83.99,84.26,81.94,-0.98,2.592,2.654,2.673,2.57,-2.26,103.42,103.58,103.98,103.3,-0.14,1151,1151,1151,1151,-3.6,0.6476,0.6424,0.6483,0.641,0.86,88,89.96,90.23,87.35,-2.23,13.735,13.735,13.735,13.735,-3.95,107.47,107.47,107.47,107.47,0.66
8/24/2023,149,149,149,149,-0.67,83.36,82.95,83.62,81.97,0.18,2.636,2.583,2.68,2.529,1.7,103.98,103.36,104.03,103.27,0.54,1110,1110,1110,1110,-3.56,0.6419,0.6482,0.649,0.6412,-0.88,85.21,87.35,87.35,85.1,-3.17,12.92,12.92,12.92,12.92,-5.93,107.82,107.82,107.82,107.82,0.33
8/25/2023,149.4,149.4,149.4,149.4,0.27,84.48,83.26,84.97,82.67,1.34,2.657,2.631,2.679,2.585,0.8,104.08,104.1,104.45,103.74,0.09,1080,1080,1080,1080,-2.7,0.64,0.6418,0.6443,0.638,-0.3,85.25,85.06,86.42,84.5,0.05,13.46,13.46,13.46,13.46,4.18,108.21,108.21,108.21,108.21,0.36
8/28/2023,159.75,158.5,158.5,158.5,6.93,84.42,84.87,85.23,84.11,-0.07,2.665,2.74,2.829,2.653,0.3,104.06,104.19,104.21,103.97,-0.02,1080,1080,1080,1080,-2.7,0.6429,0.6409,0.644,0.6401,0.45,85.6,85.4,86.5,84.79,0.41,13.46,13.46,13.46,13.46,0,108.31,108.31,108.31,108.31,0.09
8/29/2023,159.5,158.5,158.5,158.5,-0.16,85.49,84.39,85.65,83.8,1.27,2.662,2.685,2.699,2.622,-0.11,103.53,103.92,104.36,103.36,-0.51,1107,1107,1107,1107,2.5,0.6482,0.6424,0.6488,0.6401,0.82,85,85.72,86.49,84.52,-0.7,13.395,13.395,13.395,13.395,-0.48,108.65,108.65,108.65,108.65,0.31
8/30/2023,156,156,156,156,-2.19,85.86,85.62,86.23,85.11,0.43,3.181,3.083,3.196,3.039,19.5,103.16,103.44,103.7,102.94,-0.36,1094,1094,1094,1094,-1.17,0.6476,0.6483,0.6524,0.6449,-0.09,86,84.91,86.63,84.64,1.18,13.405,13.405,13.405,13.405,0.07,108.99,108.99,108.99,108.99,0.31
8/31/2023,156,156,156,156,0,86.86,86,86.94,85.74,1.16,3.147,3.191,3.242,3.117,-1.07,103.62,103.1,103.74,103.01,0.45,1086,1086,1086,1086,-0.73,0.6483,0.6476,0.6508,0.6461,0.11,86.03,86.1,87.28,85.58,0.03,13.2,13.2,13.2,13.2,-1.53,109.4,109.4,109.4,109.4,0.38
9/1/2023,156.25,156.25,156.25,156.25,0.16,88.55,86.82,88.99,86.74,1.95,3.111,3.136,3.213,3.096,-1.14,104.24,103.62,104.29,103.27,0.6,1065,1065,1065,1065,-1.93,0.645,0.6482,0.6523,0.6438,-0.51,85.64,86.03,86.32,85,-0.45,13.395,13.395,13.395,13.395,1.48,118.19,118.19,118.19,118.19,8.03
9/4/2023,156.55,156.55,156.55,156.55,0.19,89,88.95,89.22,88.26,0.51,2.647,2.671,2.708,2.642,-0.9,104.24,104.26,104.27,104.03,0,1083,1083,1083,1083,1.69,0.6458,0.6458,0.6482,0.6442,0.12,84.08,85.63,85.63,83.75,-1.82,13.395,13.395,13.395,13.395,1.48,118.19,118.19,118.19,118.19,8.03
9/5/2023,160.5,160.5,160.5,160.5,2.52,90.04,88.91,91.15,88.06,1.17,2.991,3.05,3.075,2.976,13,104.81,104.13,104.91,104.11,0.55,1063,1063,1063,1063,-1.85,0.6377,0.6455,0.6466,0.6357,-1.25,83.91,84.18,84.81,83.6,-0.2,13.24,13.24,13.24,13.24,-1.16,117.13,117.13,117.13,117.13,-0.9
9/6/2023,160,160,160,160,-0.31,90.6,90.12,91.1,89.25,0.62,2.943,2.994,3.018,2.92,-1.6,104.86,104.75,105.02,104.59,0.05,1081,1081,1081,1081,1.69,0.6382,0.6381,0.6405,0.6357,0.08,83.7,83.95,84.81,83.11,-0.25,13.21,13.21,13.21,13.21,-0.23,118.97,118.97,118.97,118.97,1.57
9/7/2023,157.65,157.65,157.65,157.65,-1.47,89.92,90.81,90.89,89.46,-0.75,2.958,2.945,3.004,2.901,0.51,105.06,104.86,105.16,104.8,0.19,1141,1141,1141,1141,5.55,0.6376,0.6378,0.6396,0.6362,-0.09,83.29,83.67,84.28,82.67,-0.49,13.32,13.32,13.32,13.32,0.83,117.4,117.4,117.4,117.4,-1.32
9/8/2023,156.25,156.25,156.25,156.25,-0.89,90.65,89.79,91.02,89.3,0.81,2.966,2.946,3.025,2.942,0.27,105.09,105.06,105.1,104.66,0.03,1186,1186,1186,1186,3.94,0.6375,0.6377,0.6416,0.6366,-0.02,81.62,83.52,84,81.28,-2.01,13.33,13.33,13.33,13.33,0.08,116.9,116.9,116.9,116.9,-0.43
9/11/2023,158,158,158,158,1.12,90.64,90.83,91.45,90.11,-0.01,2.937,2.971,2.973,2.909,-0.98,104.57,105.06,104.94,104.42,-0.5,1209,1209,1209,1209,1.94,0.6431,0.6392,0.6451,0.6375,0.88,81.73,81.79,82.51,81.36,0.13,13.385,13.385,13.385,13.385,0.41,118.23,118.23,118.23,118.23,1.14
9/12/2023,159,159,159,159,0.63,92.06,90.62,92.4,90.52,1.57,3.015,2.949,3.061,2.93,2.66,104.71,104.56,104.92,104.46,0.14,1235,1235,1235,1235,2.15,0.6424,0.6435,0.6442,0.6407,-0.11,81.12,81.85,82.41,80.98,-0.75,13.39,13.39,13.39,13.39,0.04,120.33,120.33,120.33,120.33,1.78
9/13/2023,162.25,162.25,162.25,162.25,2.04,91.88,92.04,92.84,91.63,-0.2,2.987,3.019,3.042,2.953,-0.93,104.77,104.58,104.97,104.51,0.05,1290,1290,1290,1290,4.45,0.6421,0.6426,0.6436,0.638,-0.05,83.76,81.25,83.83,80.57,3.25,13.39,13.39,13.39,13.39,0,120.53,120.53,120.53,120.53,0.17
9/14/2023,160.15,160.5,160.5,160.5,-1.29,93.7,92.04,94.21,92.02,1.98,2.983,3.005,3.088,2.975,-0.13,105.4,104.74,105.43,104.56,0.61,1340,1340,1340,1340,3.88,0.6439,0.6425,0.6461,0.6415,0.28,82.93,83.71,84.07,82.45,-0.99,13.365,13.365,13.365,13.365,-0.19,120.56,120.56,120.56,120.56,0.02
9/15/2023,160.5,160.5,160.5,160.5,0.22,93.93,94.02,94.63,92.67,0.25,2.932,2.987,2.997,2.927,-1.71,105.32,105.38,105.41,105.08,-0.08,1381,1381,1381,1381,3.06,0.6432,0.6441,0.6475,0.6424,-0.11,82.1,82.88,84.09,81.86,-1,13.329,13.329,13.329,13.329,-0.27,121.29,121.29,121.29,121.29,0.61
9/18/2023,160.75,160.75,160.75,160.75,0.16,94.43,94.28,94.95,93.79,0.53,3.001,2.918,3.009,2.878,2.35,105.2,105.3,105.36,105.02,-0.11,1439,1439,1439,1439,4.2,0.6434,0.6443,0.6452,0.6416,0.03,80.88,82.18,82.65,80.74,-1.49,13.99,13.99,13.99,13.99,4.96,122.2,122.2,122.2,122.2,0.75
9/19/2023,160.75,160.75,160.75,160.75,0,94.34,94.66,95.96,94.16,-0.1,3.026,2.994,3.072,2.975,0.83,105.16,105.08,105.21,104.82,-0.04,1526,1526,1526,1526,6.05,0.6454,0.6438,0.6475,0.6427,0.31,81.3,80.97,81.69,80.55,0.52,14.25,14.25,14.25,14.25,1.86,122.16,122.16,122.16,122.16,-0.03
9/20/2023,160.75,160.75,160.75,160.75,0,93.53,94.49,94.72,92.76,-0.86,2.921,3.009,3.016,2.901,-3.47,105.12,105.11,105.44,104.67,-0.04,1584,1584,1584,1584,3.8,0.6445,0.6456,0.6513,0.6439,-0.14,82.76,81.6,82.97,80.51,1.8,14.24,14.24,14.24,14.24,-0.07,121.83,121.83,121.83,121.83,-0.27
9/21/2023,160.5,160.5,160.5,160.5,-0.16,93.3,93.08,94.6,92.2,-0.25,2.84,2.925,2.963,2.832,-2.77,105.36,105.44,105.74,105.28,0.23,1569,1569,1569,1569,-0.95,0.6417,0.6448,0.6455,0.6385,-0.43,84.43,82.7,84.61,81.7,2.02,14.33,14.33,14.33,14.33,0.63,121.69,121.69,121.69,121.69,-0.11
9/22/2023,160,160,160,160,-0.31,93.27,93.37,94.64,92.8,-0.03,2.879,2.844,2.912,2.834,1.37,105.58,105.38,105.78,105.32,0.21,1593,1593,1593,1593,1.53,0.6441,0.6418,0.6466,0.6403,0.37,85.3,83.94,86.05,83.65,1.03,14.595,14.595,14.595,14.595,1.85,121.33,121.33,121.33,121.33,-0.3
9/25/2023,160,160,160,160,0,93.29,93.75,94.25,92.54,0.02,2.906,2.889,2.937,2.862,0.94,106,105.57,106.1,105.52,0.39,1614,1614,1614,1614,1.32,0.6423,0.645,0.6454,0.6404,-0.28,84.89,85.95,85.95,84.77,-0.48,14.99,14.99,14.99,14.99,2.71,121.18,121.18,121.18,121.18,-0.12
9/26/2023,160.35,160.35,160.35,160.35,0.22,93.96,93.28,94.21,91.8,0.72,2.845,2.904,2.906,2.796,-2.1,106.23,105.94,106.26,105.86,0.22,1694,1694,1694,1694,4.96,0.6396,0.6424,0.6432,0.6386,-0.42,82.51,84.99,85.13,82.51,-2.8,14.65,14.65,14.65,14.65,-2.27,120.93,120.93,120.93,120.93,-0.21
9/27/2023,160.35,160.35,160.35,160.35,0,96.55,94.12,97.06,94.1,2.76,2.899,2.858,2.947,2.85,1.9,106.67,106.22,106.84,106.17,0.41,1752,1752,1752,1752,3.42,0.6352,0.64,0.6411,0.6331,-0.69,81.86,83,83.05,81.61,-0.79,14.595,14.595,14.595,14.595,-0.38,120.84,120.84,120.84,120.84,-0.07
9/28/2023,159.75,159.75,159.75,159.75,-0.37,95.38,96.74,97.69,94.76,-1.21,3.34,3.29,3.356,3.269,15.21,106.22,106.68,106.75,106.02,-0.41,1716,1716,1716,1716,-2.05,0.6423,0.6354,0.6434,0.6344,1.12,83.11,81.83,83.24,81.82,1.53,14.76,14.76,14.76,14.76,1.13,120.84,120.84,120.84,120.84,0
9/29/2023,160.1,157,157,157,0.22,95.31,95.07,96.26,94.9,-0.07,3.312,3.343,3.382,3.255,-0.84,106.22,106.15,106.24,105.66,0,1701,1701,1701,1701,-0.87,0.6434,0.6427,0.6503,0.6421,0.17,81.45,83,83.24,81.42,-2,14.63,14.63,14.63,14.63,-0.88,120.79,120.79,120.79,120.79,-0.04
10/2/2023,154.5,155,155,155,-3.5,90.71,92.18,93.33,90.35,-4.83,3.233,3.326,3.333,3.224,-2.39,106.9,106.17,107.03,106.04,0.64,1737,1737,1737,1737,2.12,0.6362,0.6431,0.6446,0.6362,-1.12,80.7,81.42,81.66,80.62,-0.92,14.395,14.395,14.395,14.395,-1.61,120.14,120.14,120.14,120.14,-0.54
10/3/2023,149.65,150,150,150,-3.14,90.92,90.4,91.56,89.5,0.23,3.313,3.237,3.327,3.216,2.47,107,107.03,107.35,106.91,0.09,1780,1780,1780,1780,2.48,0.6301,0.6363,0.6369,0.6284,-0.96,79.8,80.7,80.91,79.52,-1.12,14.245,14.245,14.245,14.245,-1.04,118.44,118.44,118.44,118.44,-1.42
10/4/2023,144.65,145,145,145,-3.34,85.81,91.04,91.21,85.75,-5.62,3.32,3.307,3.396,3.303,0.21,106.8,107.06,107.24,106.51,-0.19,1778,1778,1778,1778,-0.11,0.6323,0.6303,0.6344,0.6286,0.35,81.82,79.87,82.39,79.56,2.53,14.15,14.15,14.15,14.15,-0.67,118.03,118.03,118.03,118.03,-0.35
10/5/2023,139,140,140,140,-3.91,84.07,85.88,86.52,83.84,-2.03,3.511,3.334,3.547,3.324,5.75,106.33,106.77,106.86,106.32,-0.44,1827,1827,1827,1827,2.76,0.6369,0.6324,0.6379,0.6318,0.73,80.86,81.85,82.37,80.3,-1.17,14.105,14.105,14.105,14.105,-0.32,117.42,117.42,117.42,117.42,-0.52
10/6/2023,138.5,138.5,138.5,138.5,-0.36,84.58,84.49,84.95,83.44,0.61,3.641,3.537,3.659,3.521,3.7,106.04,106.36,106.97,105.95,-0.27,1929,1929,1929,1929,5.58,0.6383,0.637,0.6401,0.6313,0.22,80.62,80.85,81.15,80,-0.3,14.075,14.075,14.075,14.075,-0.21,117.74,117.74,117.74,117.74,0.27
10/9/2023,141.35,141.35,141.35,141.35,2.06,88.15,86.45,89,86,4.22,3.631,3.657,3.756,3.595,-0.27,106.08,106.1,106.6,106.02,0.04,1991,1991,1991,1991,3.21,0.641,0.6361,0.6415,0.6343,0.42,81.63,80.65,81.96,80,1.25,14.155,14.155,14.155,14.155,0.57,118.18,118.18,118.18,118.18,0.37
10/10/2023,141.9,141.9,141.9,141.9,0.39,87.65,88.17,88.49,86.91,-0.57,3.659,3.642,3.695,3.603,0.77,105.82,106.03,106.25,105.66,-0.24,1983,1983,1983,1983,-0.4,0.6431,0.6412,0.6435,0.639,0.33,84.74,81.87,85.06,81.6,3.81,14.245,14.245,14.245,14.245,0.64,117.4,117.4,117.4,117.4,-0.66
10/11/2023,140.5,141.5,141.5,141.5,-0.99,85.82,87.72,88.26,85.21,-2.09,3.658,3.679,3.725,3.525,-0.03,105.82,105.73,106.01,105.56,0,1948,1948,1948,1948,-1.77,0.6413,0.6432,0.6446,0.6387,-0.28,83.78,84.68,85.03,83.5,-1.13,14.305,14.305,14.305,14.305,0.42,118.31,118.31,118.31,118.31,0.78
10/12/2023,142.65,142.65,142.65,142.65,1.53,86,85.53,87.64,85.18,0.21,3.639,3.659,3.699,3.582,-0.52,106.6,105.67,106.6,105.54,0.74,1935,1935,1935,1935,-0.67,0.6314,0.6414,0.6432,0.6306,-1.54,85.45,83.78,85.69,83.5,1.99,14.36,14.36,14.36,14.36,0.38,117.42,117.42,117.42,117.42,-0.75
10/13/2023,143.85,143.85,143.85,143.85,0.84,90.89,86.35,91,86.28,5.69,3.584,3.636,3.639,3.535,-1.51,106.65,106.52,106.79,106.29,0.05,1945,1945,1945,1945,0.52,0.6291,0.6314,0.6335,0.6285,-0.36,85.66,85.23,86.6,84.73,0.25,14.475,14.475,14.475,14.475,0.8,118.57,118.57,118.57,118.57,0.98
10/16/2023,143.75,143.75,143.75,143.75,-0.07,89.65,90.98,91.39,89.5,-1.36,3.479,3.539,3.539,3.438,-2.93,106.24,106.58,106.63,106.18,-0.38,1972,1972,1972,1972,1.39,0.634,0.6301,0.6346,0.6294,0.78,83.41,85.58,85.93,82.99,-2.63,17.72,17.72,17.72,17.72,22.42,119.25,119.25,119.25,119.25,0.57
10/17/2023,142.25,142.25,142.25,142.25,-1.04,89.9,89.91,91,88.88,0.28,3.468,3.481,3.512,3.408,-0.32,106.25,106.26,106.53,106.02,0.01,2058,2058,2058,2058,4.36,0.6363,0.6343,0.6381,0.6334,0.36,82.65,83.29,83.66,81.45,-0.91,17.645,17.645,17.645,17.645,-0.42,119.31,119.31,119.31,119.31,0.05
10/18/2023,140,139.5,139.5,139.5,-1.58,91.5,91.25,93,90.6,1.78,3.463,3.45,3.542,3.441,-0.14,106.57,106.22,106.64,106.01,0.3,2105,2105,2105,2105,2.28,0.6336,0.6364,0.6395,0.6328,-0.42,81.79,82.61,83.35,81.52,-1.04,18.29,18.29,18.29,18.29,3.66,119.01,119.01,119.01,119.01,-0.25
10/19/2023,136.5,136.5,136.5,136.5,-2.5,92.38,91.35,93.48,89.57,0.96,3.326,3.485,3.498,3.317,-3.96,106.25,106.54,106.67,105.97,-0.29,2071,2071,2071,2071,-1.62,0.6328,0.6335,0.6358,0.6295,-0.13,82,81.7,82.24,80.84,0.26,18.245,18.245,18.245,18.245,-0.25,119.04,119.04,119.04,119.04,0.03
10/20/2023,138,138,138,138,1.1,92.16,93.23,93.79,91.66,-0.24,3.258,3.324,3.329,3.247,-2.04,106.16,106.25,106.42,106.07,-0.08,2046,2046,2046,2046,-1.21,0.6312,0.6333,0.6334,0.6297,-0.25,81.67,81.98,82.5,81.05,-0.4,18.4,18.4,18.4,18.4,0.85,118.65,118.65,118.65,118.65,-0.33
10/23/2023,138.35,138.35,138.35,138.35,0.25,89.83,92.11,92.45,89.62,-2.53,3.273,3.25,3.297,3.216,0.46,105.54,106.16,106.33,105.52,-0.59,2017,2017,2017,2017,-1.42,0.6335,0.6318,0.635,0.6289,0.36,80.3,81.39,81.5,80.06,-1.68,18.585,18.585,18.585,18.585,1.01,118.45,118.45,118.45,118.45,-0.17
10/24/2023,136.5,136.5,136.5,136.5,-1.34,88.07,90.47,90.68,87.35,-1.96,3.322,3.278,3.349,3.253,1.5,106.27,105.61,106.32,105.36,0.7,1949,1949,1949,1949,-3.37,0.6355,0.6337,0.6381,0.6331,0.32,80.66,80.26,81.34,80.21,0.45,17.84,17.84,17.84,17.84,-4.01,118.19,118.19,118.19,118.19,-0.22
10/25/2023,133.5,133.5,133.5,133.5,-2.2,90.13,88.04,90.35,86.68,2.34,3.376,3.331,3.406,3.317,1.63,106.53,106.25,106.57,106.14,0.24,1832,1832,1832,1832,-6,0.6308,0.6356,0.6401,0.6305,-0.74,79.93,80.74,80.98,79.75,-0.91,17.955,17.955,17.955,17.955,0.64,118.48,118.48,118.48,118.48,0.25
10/26/2023,135.7,135.7,135.7,135.7,1.65,87.93,89.92,90.4,87.53,-2.44,3.477,3.399,3.544,3.363,2.99,106.6,106.58,106.89,106.53,0.07,1662,1662,1662,1662,-9.28,0.6321,0.6308,0.6332,0.627,0.21,79.58,79.94,80.71,79.49,-0.44,17.91,17.91,17.91,17.91,-0.25,118.45,118.45,118.45,118.45,-0.03
10/27/2023,135.2,135.2,135.2,135.2,-0.37,90.48,88.4,90.75,87.83,2.9,3.483,3.511,3.643,3.435,0.17,106.56,106.58,106.8,106.32,-0.04,1563,1563,1563,1563,-5.96,0.6334,0.6325,0.637,0.6319,0.21,79.36,79.64,80.36,79.3,-0.28,17.895,17.895,17.895,17.895,-0.08,118.55,118.55,118.55,118.55,0.08
10/30/2023,131,131,131,131,-3.11,87.45,90.07,90.15,87.2,-3.35,3.589,3.639,3.647,3.563,3.04,106.12,106.58,106.7,106.06,-0.41,1502,1502,1502,1502,-3.9,0.6374,0.6341,0.6385,0.6331,0.63,78.78,79.45,80.98,78.48,-0.73,17.91,17.91,17.91,17.91,0.08,118.7,118.7,118.7,118.7,0.13
10/31/2023,121.1,123.5,123.5,123.5,-7.56,87.41,87.9,88.61,87.4,-0.05,3.813,3.567,3.865,3.558,6.24,106.66,106.16,106.86,105.91,0.51,1459,1459,1459,1459,-2.86,0.6336,0.6373,0.6379,0.6314,-0.6,79.41,78.65,79.5,78.15,0.8,17.72,17.72,17.72,17.72,-1.06,118.91,118.91,118.91,118.91,0.18
11/1/2023,119.65,117.45,117.45,117.45,-1.2,84.63,85.45,87.24,84.58,-3.18,3.753,3.84,3.841,3.684,-1.57,106.88,106.67,107.11,106.61,0.21,1401,1401,1401,1401,-3.98,0.6392,0.6336,0.6401,0.6318,0.88,78.66,79.4,80.16,78.37,-0.94,17.655,17.655,17.655,17.655,-0.37,122.33,122.33,122.33,122.33,2.88
11/2/2023,120,118,118,118,0.29,86.85,85,87.05,84.64,2.62,3.75,3.763,3.799,3.673,-0.08,106.12,106.5,106.51,105.81,-0.71,1385,1385,1385,1385,-1.14,0.6434,0.6394,0.6458,0.6389,0.66,79.06,78.35,79.2,76.24,0.51,17.645,17.645,17.645,17.645,-0.06,125.57,125.57,125.57,125.57,2.65
11/3/2023,122.5,122.5,122.5,122.5,2.08,84.89,86.92,87.8,84.56,-2.26,3.795,3.794,3.856,3.738,1.2,105.02,106.2,106.22,104.94,-1.04,1462,1462,1462,1462,5.56,0.6512,0.6434,0.652,0.642,1.21,77.2,78.61,79.7,77.1,-2.35,17.57,17.57,17.57,17.57,-0.43,126.15,126.15,126.15,126.15,0.46
11/6/2023,119,119,119,119,-2.86,85.18,85.55,86.46,84.88,0.34,3.564,3.66,3.693,3.556,-6.09,105.21,105.07,105.29,104.85,0.18,1523,1523,1523,1523,4.17,0.6488,0.6509,0.6524,0.6485,-0.37,75.88,77.48,77.48,75.6,-1.71,17.445,17.445,17.445,17.445,-0.71,126.63,126.63,126.63,126.63,0.38
11/7/2023,120.1,120.1,120.1,120.1,0.92,81.61,85.15,85.19,81.4,-4.19,3.463,3.566,3.593,3.458,-2.83,105.54,105.27,105.78,105.27,0.31,1559,1559,1559,1559,2.36,0.6435,0.6491,0.6502,0.6404,-0.82,75.36,75.71,76.5,74.86,-0.69,17.355,17.355,17.355,17.355,-0.52,125.95,125.95,125.95,125.95,-0.54
11/8/2023,122.5,122.5,122.5,122.5,2,79.54,81.4,81.96,79.2,-2.54,3.389,3.496,3.514,3.345,-2.14,105.59,105.54,105.87,105.45,0.05,1530,1530,1530,1530,-1.86,0.6401,0.6432,0.6451,0.6397,-0.53,75.4,75.28,76.38,74.84,0.05,17.29,17.29,17.29,17.29,-0.37,127.26,127.26,127.26,127.26,1.04
11/9/2023,123,123,123,122.5,0.41,80.01,79.7,81.48,79.44,0.59,3.333,3.4,3.426,3.299,-1.65,105.91,105.53,105.97,105.38,0.3,1598,1598,1598,1598,4.44,0.6365,0.6405,0.643,0.6363,-0.56,77.3,75.65,77.69,75.19,2.52,17.255,17.255,17.255,17.255,-0.2,127.38,127.38,127.38,127.38,0.09
11/10/2023,123.25,123.25,123.25,123.25,0.2,81.43,79.85,82.06,79.79,1.77,3.284,3.327,3.343,3.273,-1.47,105.86,105.93,106.01,105.74,-0.05,1643,1643,1643,1643,2.82,0.6364,0.6368,0.6374,0.6339,-0.02,78.5,77.69,78.85,76.29,1.55,17.185,17.185,17.185,17.185,-0.41,128.07,128.07,128.07,128.07,0.54
11/13/2023,122,122,122,122,-1.01,82.52,81.43,82.84,80.41,1.34,3.4,3.313,3.438,3.311,3.53,105.63,105.8,105.96,105.59,-0.22,1655,1655,1655,1655,0.73,0.638,0.6352,0.6393,0.6346,0.25,77.04,78.5,78.92,76.17,-1.86,17.2,17.2,17.2,17.2,0.09,128.34,128.34,128.34,128.34,0.21
11/14/2023,122.5,122.5,122.5,122.5,0.41,82.47,82.71,83.97,82.06,-0.06,3.316,3.435,3.465,3.297,-2.47,104.05,105.65,105.73,103.99,-1.49,1662,1662,1662,1662,0.42,0.6506,0.6377,0.6514,0.636,1.97,78.57,77.39,79.09,76.6,1.99,17.125,17.125,17.125,17.125,-0.44,128.78,128.78,128.78,128.78,0.34
11/15/2023,123.25,123.25,123.25,123.25,0.61,81.18,82.39,83.04,80.79,-1.56,3.362,3.316,3.448,3.269,1.39,104.39,104.22,104.51,103.98,0.33,1688,1688,1688,1688,1.56,0.6505,0.6506,0.6543,0.6483,-0.02,79.8,78.57,80.27,78.57,1.57,17.102,17.102,17.102,17.102,-0.13,129.25,129.25,129.25,129.25,0.36
11/16/2023,123.1,123.1,123.1,123.1,-0.12,77.42,80.98,81.17,76.6,-4.63,3.239,3.326,3.407,3.188,-3.66,104.35,104.36,104.56,104.01,-0.04,1758,1758,1758,1758,4.15,0.647,0.6506,0.6518,0.646,-0.54,77.2,79.8,79.89,76.49,-3.26,17.1,17.1,17.1,17.1,-0.01,129.42,129.42,129.42,129.42,0.13
11/17/2023,123.25,123.25,123.25,123.25,0.12,80.61,77.55,80.81,77.28,4.12,3.131,3.227,3.275,3.068,-3.33,103.92,104.4,104.55,103.81,-0.41,1820,1820,1820,1820,3.53,0.6508,0.6467,0.6517,0.6452,0.59,76.23,77.09,77.68,76.02,-1.26,16.975,16.975,16.975,16.975,-0.73,128.95,128.95,128.95,128.95,-0.36
11/20/2023,122.5,122.5,122.5,122.5,-0.61,82.32,80.3,82.94,79.58,2.12,3.05,3.115,3.134,3.04,-2.59,103.44,103.82,103.97,103.38,-0.46,1817,1817,1817,1817,-0.16,0.6556,0.6511,0.6566,0.65,0.74,76.66,76.63,77.8,76.15,0.56,17.125,17.125,17.125,17.125,0.88,129.31,129.31,129.31,129.31,0.28
11/21/2023,122.3,122.3,122.3,122.3,-0.16,82.45,82.13,82.54,81.43,0.16,2.993,3.047,3.084,2.986,-1.87,103.57,103.47,103.71,103.18,0.12,1796,1796,1796,1796,-1.16,0.6554,0.6555,0.6591,0.6544,-0.03,75.21,76.61,76.71,75.08,-1.89,16.465,16.465,16.465,16.465,-3.85,129.55,129.55,129.55,129.55,0.19
11/22/2023,122.15,122.15,122.15,122.15,-0.12,81.96,82.47,82.65,78.41,-0.59,3.033,2.994,3.055,2.961,1.34,103.92,103.55,104.21,103.48,0.34,1755,1755,1755,1755,-2.28,0.6541,0.6556,0.6571,0.6521,-0.2,75.1,75.37,76.2,74.88,-0.15,16.49,16.49,16.49,16.49,0.15,129.84,129.84,129.84,129.84,0.22
11/23/2023,122.15,122.15,122.15,122.15,0,81.42,81.6,81.63,80.19,-0.66,2.93,2.88,2.938,2.861,-3.4,103.77,103.86,103.88,103.54,-0.15,1855,1855,1855,1855,5.7,0.6557,0.6543,0.6576,0.654,0.24,76.57,75.3,77.22,74.88,1.96,16.49,16.49,16.49,16.49,0.15,129.84,129.84,129.84,129.84,0.22
11/24/2023,122,128,128,128,-0.12,80.58,81.4,82.2,80.13,-1.03,2.999,3.035,3.095,2.933,2.35,103.4,103.75,103.84,103.36,-0.35,2102,2102,2102,2102,13.32,0.6582,0.6556,0.6592,0.6549,0.38,76.46,76.68,77.19,76,-0.14,17.095,17.095,17.095,17.095,3.67,130.16,130.16,130.16,130.16,0.25
11/27/2023,127.5,128,128,128,4.51,79.98,80.4,81.17,79.13,-0.74,2.946,2.924,2.956,2.867,-1.77,103.2,103.42,103.53,103.19,-0.2,2259,2259,2259,2259,7.47,0.6606,0.6581,0.6615,0.6566,0.36,73.07,76.34,76.5,72.79,-4.43,16.505,16.505,16.505,16.505,-3.45,130.42,130.42,130.42,130.42,0.2
11/28/2023,127.45,127.45,127.45,127.45,-0.04,81.68,80.19,82.16,79.8,2.13,2.837,2.947,2.992,2.786,-3.7,102.75,103.13,103.32,102.61,-0.44,2391,2391,2391,2391,5.84,0.6648,0.6606,0.6667,0.6596,0.64,72.5,73.04,73.71,72.01,-0.78,16.42,16.42,16.42,16.42,-0.51,130.4,130.4,130.4,130.4,-0.02
11/29/2023,127.85,129,129,129,0.31,83.1,81.91,83.25,80.96,1.74,2.769,2.757,2.83,2.728,-2.4,102.76,102.65,103.01,102.47,0.02,2696,2696,2696,2696,12.76,0.6617,0.6648,0.6678,0.6606,-0.47,70.78,72.33,73.25,70.56,-2.37,16.245,16.245,16.245,16.245,-1.07,130.38,130.38,130.38,130.38,-0.02
11/30/2023,132.15,132.15,132.15,132.15,3.36,82.83,82.78,84.75,82.58,-0.32,2.763,2.761,2.814,2.724,-0.22,103.5,102.83,103.59,102.72,0.71,2937,2937,2937,2937,8.94,0.6605,0.6618,0.6652,0.6571,-0.18,70.56,70.55,71.71,70.44,-0.31,16.135,16.135,16.135,16.135,-0.68,130.46,130.46,130.46,130.46,0.06
12/1/2023,133.5,133.5,133.5,133.5,1.02,78.88,80.67,81.54,78.75,-4.77,2.773,2.77,2.801,2.712,0.36,103.27,103.36,103.72,103.11,-0.22,3192,3192,3192,3192,8.68,0.6672,0.6606,0.6678,0.6599,1.01,72.45,70.79,73.13,70.57,2.68,16.25,16.25,16.25,16.25,0.71,130.46,130.46,130.46,130.46,0
12/4/2023,134.45,135,135,135,0.71,78.03,79.5,79.72,77.52,-1.08,2.651,2.685,2.704,2.608,-4.4,103.71,103.19,103.85,103.06,0.43,3346,3346,3346,3346,4.82,0.6619,0.6669,0.6692,0.6604,-0.79,70.43,72.03,72.08,70.15,-2.79,16.05,16.05,16.05,16.05,-1.23,130.46,130.46,130.46,130.46,0
12/5/2023,134.15,134.15,134.15,134.15,-0.22,77.2,78.1,79.09,77,-1.06,2.667,2.655,2.738,2.632,0.6,104.05,103.56,104.09,103.55,0.33,3143,3143,3143,3143,-6.07,0.655,0.662,0.6627,0.6544,-1.04,68.91,70.72,70.88,68.42,-2.16,16.06,16.06,16.06,16.06,0.06,130.77,130.77,130.77,130.77,0.24
12/6/2023,140.45,140.45,140.45,140.45,4.7,74.3,77.12,77.65,74.11,-3.76,2.517,2.658,2.707,2.492,-5.62,104.15,103.99,104.23,103.87,0.1,2848,2848,2848,2848,-9.39,0.6549,0.6553,0.6599,0.6546,-0.02,68.96,69.11,70,68.37,0.07,16.005,16.005,16.005,16.005,-0.34,132.92,132.92,132.92,132.92,1.64
12/7/2023,148.75,148.75,148.75,148.75,5.91,74.05,74.5,75.48,73.6,-0.34,2.52,2.522,2.555,2.436,0.12,103.54,104.11,104.2,103.27,-0.59,2495,2495,2495,2495,-12.39,0.6601,0.6548,0.6621,0.6525,0.79,69.97,68.86,70.19,68.65,1.46,16.05,16.05,16.05,16.05,0.28,134.4,134.4,134.4,134.4,1.11
12/8/2023,151,151,151,151,1.51,75.84,74.59,76.36,74.2,2.42,2.504,2.487,2.534,2.459,-0.63,104.01,103.64,104.26,103.43,0.45,2483,2483,2483,2483,-0.48,0.6577,0.6602,0.6621,0.6558,-0.36,68.62,70,70.76,68.45,-1.93,15.975,15.975,15.975,15.975,-0.47,135.45,135.45,135.45,135.45,0.78
12/11/2023,152.5,152.5,152.5,152.5,0.99,76.03,75.73,76.5,75.01,0.25,2.35,2.408,2.417,2.217,-6.15,104.1,103.98,104.26,103.93,0.08,2509,2509,2509,2509,1.05,0.6565,0.6581,0.6586,0.6549,-0.18,67.34,68.5,68.5,66.26,-1.87,15.745,15.745,15.745,15.745,-1.44,135.16,135.16,135.16,135.16,-0.21
12/12/2023,146.25,145,146,145,-4.1,73.24,76.17,76.66,72.86,-3.67,2.24,2.359,2.369,2.223,-4.68,103.86,104.03,104.1,103.49,-0.22,2551,2551,2551,2551,1.67,0.6559,0.6568,0.6613,0.654,-0.09,68.24,67.3,68.6,66.88,1.34,15.615,15.615,15.615,15.615,-0.83,135.66,135.66,135.66,135.66,0.37
12/13/2023,146.25,146.25,146.25,146.25,0,74.26,73.26,74.7,72.29,1.39,2.292,2.225,2.342,2.187,2.32,102.87,103.82,104.03,102.78,-0.96,2438,2438,2438,2438,-4.43,0.6658,0.6558,0.6675,0.6541,1.51,68.88,68.21,69.98,68.01,0.94,15.455,15.455,15.455,15.455,-1.02,135.03,135.03,135.03,135.03,-0.46
12/14/2023,145.5,145.5,145.5,145.5,-0.51,76.61,74.76,77.35,74.44,3.16,2.347,2.309,2.374,2.28,2.4,101.96,102.78,102.8,101.77,-0.89,2411,2411,2411,2411,-1.11,0.6697,0.6662,0.6729,0.6654,0.59,66.73,69.12,70.16,65.99,-3.12,15.325,15.325,15.325,15.325,-0.84,135.22,135.22,135.22,135.22,0.14
12/15/2023,145.25,145.25,145.25,145.25,-0.17,76.55,76.66,77.23,75.29,-0.08,2.425,2.366,2.467,2.327,3.32,102.55,102.1,102.64,101.84,0.58,2348,2348,2348,2348,-2.61,0.6696,0.67,0.6729,0.6663,-0.01,67.57,66.76,67.82,66.22,1.26,15.197,15.197,15.197,15.197,-0.84,135.08,135.08,135.08,135.08,-0.1
12/18/2023,144.75,144.75,144.75,144.75,-0.34,77.95,76.8,79.51,75.76,1.83,2.416,2.434,2.509,2.411,-0.37,102.56,102.59,102.63,102.38,0.01,2288,2288,2288,2288,-2.56,0.6705,0.67,0.6737,0.6689,0.13,69.61,68.26,71.38,67.03,3.02,12.395,12.395,12.395,12.395,-18.44,134.61,134.61,134.61,134.61,-0.35
12/19/2023,145.25,145.25,145.25,145.25,0.35,79.23,78.06,79.67,77.41,1.64,2.366,2.429,2.44,2.288,-2.07,102.17,102.47,102.63,102.07,-0.38,2219,2219,2219,2219,-3.02,0.6761,0.6709,0.6776,0.67,0.84,69.76,69.99,69.99,68.75,0.22,11.775,11.775,11.775,11.775,-5,134.65,134.65,134.65,134.65,0.03
12/20/2023,144.25,144.25,144.25,144.25,-0.69,79.7,79.17,80.6,79.07,0.59,2.347,2.425,2.451,2.317,-0.8,102.41,102.19,102.54,102.16,0.24,2150,2150,2150,2150,-3.11,0.6729,0.6764,0.6781,0.6724,-0.47,73.2,69.75,73.55,69.75,4.93,11.81,11.81,11.81,11.81,0.3,134.85,134.85,134.85,134.85,0.15
12/21/2023,145.25,145.25,145.25,145.25,0.69,79.39,79,80.13,77.81,-0.39,2.459,2.331,2.492,2.313,4.77,101.84,102.39,102.45,101.74,-0.55,2087,2087,2087,2087,-2.93,0.6801,0.6731,0.6805,0.6725,1.07,75.88,73.5,76.42,73.5,3.66,11.935,11.935,11.935,11.935,1.06,135.31,135.31,135.31,135.31,0.34
12/22/2023,145.5,145.5,145.5,145.5,0.17,79.07,79.35,80.37,78.88,-0.4,2.49,2.465,2.501,2.41,1.26,101.7,101.76,101.89,101.43,-0.14,2094,2094,2094,2094,0.34,0.6799,0.6802,0.6826,0.6773,-0.03,76.94,75.88,77.08,75,1.4,11.945,11.945,11.945,11.945,0.08,135.52,135.52,135.52,135.52,0.16
12/26/2023,145.5,145.5,145.5,145.5,0,81.07,79.04,81.72,78.76,2.53,2.419,2.445,2.445,2.356,0.04,101.47,101.65,101.77,101.44,-0.23,2094,2094,2094,2094,0.34,0.6824,0.6811,0.6828,0.6793,0.41,76.94,75.88,77.08,75,1.4,11.945,11.945,11.945,11.945,0,135.75,135.75,135.75,135.75,0.17
12/27/2023,146,146,146,146,0.34,79.65,80.79,81.33,79.29,-1.75,2.437,2.429,2.57,2.429,0.74,100.99,101.55,101.57,100.83,-0.47,2094,2094,2094,2094,0.34,0.6843,0.6823,0.6853,0.6818,0.28,77.74,77.27,78.57,77.08,1.04,11.87,11.87,11.87,11.87,-0.63,136.07,136.07,136.07,136.07,0.24
12/28/2023,145.45,145.45,145.45,145.45,-0.38,78.39,79.8,79.95,78.25,-1.58,2.377,2.302,2.392,2.266,-2.46,101.23,100.87,101.3,100.62,0.24,2094,2094,2094,2094,0.34,0.6829,0.6845,0.6873,0.6824,-0.2,77.94,77.69,78.02,76.98,0.26,11.725,11.725,11.725,11.725,-1.22,136.16,136.16,136.16,136.16,0.07
12/29/2023,146.4,146.4,146.4,146.4,0.65,77.04,77.38,77.98,76.73,-1.72,2.327,2.371,2.395,2.307,-2.1,101.33,101.2,101.42,101.07,0.1,2094,2094,2094,2094,0.34,0.681,0.683,0.6848,0.6781,-0.28,77.98,78,78.61,77.28,0.05,11.52,11.52,11.52,11.52,-1.75,136.37,136.37,136.37,136.37,0.15
1/2/2024,127.75,132,132,131.9,-12.74,75.89,77.39,79.06,75.6,-1.49,2.386,2.398,2.467,2.349,-10.54,102.2,101.42,102.25,101.34,0.86,2093,2093,2093,2093,-0.05,0.676,0.6815,0.6841,0.6756,-0.75,74.09,78.17,78.22,73.04,-4.99,11.495,11.495,11.495,11.495,-0.22,136.37,136.37,136.37,136.37,0
1/3/2024,128.5,128.5,128.5,128.5,0.59,78.25,76.06,78.67,74.79,3.11,2.448,2.381,2.503,2.367,2.6,102.49,102.15,102.73,102.07,0.29,2091,2091,2091,2091,-0.1,0.6729,0.6765,0.6772,0.6702,-0.46,75.42,74.2,75.58,74.2,1.8,11.5,11.5,11.5,11.5,0.04,144.16,144.16,144.16,144.16,5.71
1/4/2024,130.9,130.9,130.9,130.9,1.87,77.59,78.56,79.41,76.5,-0.84,2.559,2.472,2.59,2.467,4.53,102.42,102.46,102.53,102.14,-0.07,2086,2086,2086,2086,-0.24,0.6705,0.6734,0.6762,0.6696,-0.36,73.78,75.45,76.1,73.1,-2.17,11.555,11.555,11.555,11.555,0.48,142.95,142.95,142.95,142.95,-0.84
1/5/2024,131.55,131.55,131.55,131.55,0.5,78.76,77.71,79.26,77.66,1.51,2.621,2.58,2.631,2.467,2.42,102.41,102.39,103.1,101.91,-0.01,2110,2110,2110,2110,1.15,0.6713,0.6711,0.6749,0.664,0.12,73.97,73.32,74.54,73.18,0.26,11.565,11.565,11.565,11.565,0.09,141.45,141.45,141.45,141.45,-1.05
1/8/2024,132,131.5,131.5,131.5,0.34,76.12,78.7,78.95,75.26,-3.35,2.598,2.649,2.654,2.43,-0.88,102.21,102.43,102.62,102.07,-0.2,2022,2022,2022,2022,-4.17,0.6718,0.672,0.6736,0.6677,0.07,69.96,73.68,73.75,69.89,-5.42,11.48,11.48,11.48,11.48,-0.73,140.87,140.87,140.87,140.87,-0.41
1/9/2024,135.65,134.5,134.5,134,2.77,77.59,76.3,78.19,75.95,1.93,2.697,2.565,2.791,2.529,3.81,102.57,102.22,102.66,102.11,0.35,1875,1875,1875,1875,-7.27,0.6682,0.6716,0.6736,0.6677,-0.54,69.9,69.5,70.73,69.25,-0.09,11.3,11.3,11.3,11.3,-1.57,140.52,140.52,140.52,140.52,-0.25
1/10/2024,133.5,133.5,133.5,133.5,-1.58,76.8,77.48,78.73,76.38,-1.02,2.562,2.697,2.71,2.535,-5.01,102.36,102.48,102.64,102.34,-0.2,1664,1664,1664,1664,-11.25,0.6698,0.6686,0.6715,0.6679,0.24,67.72,70.3,70.5,67.47,-3.12,11.285,11.285,11.285,11.285,-0.13,138.16,138.16,138.16,138.16,-1.68
1/11/2024,130.75,130.75,130.75,130.75,-2.06,77.41,76.7,79.1,76.66,0.79,2.54,2.551,2.644,2.494,-0.86,102.29,102.3,102.76,102.16,-0.07,1554,1554,1554,1554,-6.61,0.6687,0.6696,0.6727,0.6647,-0.16,65.96,67.67,67.7,65.2,-2.6,11.245,11.245,11.245,11.245,-0.35,138.85,138.85,138.85,138.85,0.5
1/12/2024,130.85,130.85,130.85,130.85,0.08,78.29,78.75,80.75,77.96,1.14,2.617,2.557,2.647,2.543,3.03,102.4,102.3,102.59,102.09,0.11,1460,1460,1460,1460,-6.05,0.6685,0.6686,0.673,0.6677,-0.03,63.8,66.93,66.93,63,-3.27,11.2,11.2,11.2,11.2,-0.4,137.22,137.22,137.22,137.22,-1.17
1/15/2024,129.85,129.85,129.85,129.85,-0.76,78.15,78.14,78.9,76.85,-0.18,3.066,3.112,3.188,3.055,-1.45,102.4,102.44,102.67,102.31,0,1360,1360,1360,1360,-6.85,0.666,0.669,0.6706,0.6649,-0.37,66.9,66,67.46,64.61,4.86,11.2,11.2,11.2,11.2,-0.4,137.22,137.22,137.22,137.22,-1.17
1/16/2024,129.5,129,129,129,-0.27,78.29,78.43,79.4,77.6,0.18,2.477,2.545,2.545,2.409,-19.21,103.36,102.74,103.43,102.74,0.93,1324,1324,1324,1324,-2.65,0.6583,0.6661,0.6666,0.6576,-1.16,65.49,66.98,67.4,65.05,-2.11,10.025,10.025,10.025,10.025,-10.49,136.75,136.75,136.75,136.75,-0.34
1/17/2024,129.5,129.5,129.5,129.5,0,77.88,77.77,78.19,76.5,-0.52,2.496,2.438,2.516,2.402,0.77,103.45,103.36,103.69,103.26,0.09,1308,1308,1308,1308,-1.21,0.655,0.6584,0.6596,0.6525,-0.5,63.31,65.39,66.07,62.86,-3.33,9.55,9.55,9.55,9.55,-4.74,135.79,135.79,135.79,135.79,-0.7
1/18/2024,128.9,128.9,128.9,128.9,-0.46,79.1,78.15,79.3,77.33,1.57,2.413,2.496,2.496,2.364,-3.33,103.54,103.37,103.63,103.15,0.08,1357,1357,1357,1357,3.75,0.657,0.6554,0.6576,0.6526,0.31,63.28,63.09,64.13,62.5,-0.05,9.555,9.555,9.555,9.555,0.05,136.08,136.08,136.08,136.08,0.21
1/19/2024,128,128,128,128,-0.7,78.56,79.1,79.73,78.32,-0.68,2.252,2.42,2.421,2.237,-6.67,103.29,103.37,103.55,103.24,-0.24,1503,1503,1503,1503,10.76,0.6597,0.6573,0.6603,0.6565,0.41,63.42,63.37,64.23,62.93,0.22,9.585,9.585,9.585,9.585,0.31,135.88,135.88,135.88,135.88,-0.15
1/22/2024,127.45,127.45,127.45,127.45,-0.43,80.06,78.89,80.55,77.81,1.91,2.125,2.165,2.187,2.114,-5.64,103.33,103.24,103.37,103.11,0.04,1518,1518,1518,1518,1,0.657,0.6593,0.6615,0.6566,-0.41,62.41,63.03,63.03,60.86,-1.59,9.405,9.405,9.405,9.405,-1.88,135.42,135.42,135.42,135.42,-0.34
1/23/2024,127.3,127.3,127.3,127.3,-0.12,79.55,79.92,80.43,78.7,-0.64,2.167,2.133,2.194,2.079,1.98,103.62,103.35,103.82,102.98,0.28,1473,1473,1473,1473,-2.96,0.6578,0.6571,0.6614,0.6551,0.12,63.27,62,63.8,61.6,1.38,9.335,9.335,9.335,9.335,-0.74,135.48,135.48,135.48,135.48,0.04
1/24/2024,127.2,127.2,127.2,127.2,-0.08,80.04,79.56,80.73,79.05,0.62,2.262,2.213,2.29,2.19,4.38,103.24,103.51,103.55,102.77,-0.37,1507,1507,1507,1507,2.31,0.6576,0.658,0.6623,0.6565,-0.03,65.8,63.36,66.1,63.16,4,9.575,9.575,9.575,9.575,2.57,135.49,135.49,135.49,135.49,0.01
1/25/2024,126.8,126.8,126.8,126.8,-0.31,82.43,80.31,82.57,80.06,2.99,2.18,2.288,2.334,2.158,-3.63,103.57,103.35,103.68,103.12,0.33,1499,1499,1499,1499,-0.53,0.6581,0.6575,0.6611,0.6566,0.08,63.41,66.43,66.43,62.9,-3.63,9.39,9.39,9.39,9.39,-1.93,135.54,135.54,135.54,135.54,0.04
1/26/2024,127.1,118.25,118.25,118.25,0.24,83.55,82.44,83.81,81.31,1.36,2.175,2.19,2.235,2.093,-0.23,103.43,103.51,103.73,103.15,-0.14,1518,1518,1518,1518,1.27,0.6574,0.6584,0.6611,0.6572,-0.11,63.1,63.15,65.03,62.1,-0.49,9.29,9.29,9.29,9.29,-1.06,135.55,135.55,135.55,135.55,0.01
1/29/2024,116.4,116,116,116,-8.42,82.4,84.13,84.8,82.03,-1.38,2.054,2.159,2.166,2.047,-5.56,103.61,103.47,103.82,103.4,0.17,1460,1460,1460,1460,-3.82,0.661,0.6581,0.6617,0.6569,0.55,61.77,63.6,64.06,61.58,-2.11,9.39,9.39,9.39,9.39,1.08,135.55,135.55,135.55,135.55,0
1/30/2024,119.55,118,118,118,2.71,82.87,82.62,83.3,81.34,0.57,2.104,2.095,2.143,2.082,2.43,103.4,103.44,103.61,103.31,-0.2,1397,1397,1397,1397,-4.32,0.6601,0.6611,0.6626,0.6575,-0.14,64.02,61.63,64.02,61.3,3.64,9.48,9.48,9.48,9.48,0.96,135.61,135.61,135.61,135.61,0.04
1/31/2024,116.5,116.5,116.5,116.5,-2.55,81.71,82.94,82.94,81.59,-1.4,2.121,2.112,2.175,2.063,0.81,103.27,103.42,103.74,102.94,-0.12,1398,1398,1398,1398,0.07,0.6565,0.6602,0.6624,0.6551,-0.55,64.4,63.92,65.14,62.94,0.59,9.53,9.53,9.53,9.53,0.53,135.13,135.13,135.13,135.13,-0.35
2/1/2024,116,116,116,116,-0.43,78.7,80.57,81.55,78.57,-3.68,2.064,2.151,2.177,2.047,-2.69,103.05,103.51,103.81,103.02,-0.22,1388,1388,1388,1388,-0.72,0.6569,0.6567,0.658,0.6507,0.06,62.32,64.16,64.87,62.1,-3.23,9.46,9.46,9.46,9.46,-0.73,132.67,132.67,132.67,132.67,-1.82
2/2/2024,116.75,116,116,116,0.65,77.33,79.15,79.44,76.85,-1.74,2.086,2.067,2.106,2.034,1.07,103.92,102.99,104.04,102.9,0.85,1407,1407,1407,1407,1.37,0.6512,0.6571,0.6612,0.6502,-0.87,63.5,62.05,64.37,61.9,1.89,9.46,9.46,9.46,9.46,0,128.63,128.63,128.63,128.63,-3.05
2/5/2024,119,119,119,119,1.93,77.99,77.9,78.33,76.62,0.85,2.074,2.114,2.13,2.045,-0.58,104.45,103.96,104.6,103.96,0.51,1436,1436,1436,1436,2.06,0.6482,0.6516,0.6525,0.6469,-0.46,62.59,63.8,64.31,62.07,-1.43,9.455,9.455,9.455,9.455,-0.05,128.94,128.94,128.94,128.94,0.24
2/6/2024,119,119,119,119,0,78.59,77.95,79.08,77.63,0.77,2.007,2.054,2.072,1.996,-3.23,104.21,104.44,104.59,104.14,-0.23,1516,1516,1516,1516,5.57,0.6523,0.6482,0.6526,0.6477,0.63,63.49,62.79,63.97,62,1.44,9.47,9.47,9.47,9.47,0.16,127.39,127.39,127.39,127.39,-1.2
2/7/2024,120.5,120.5,120.5,120.5,1.26,79.21,78.7,79.5,78.49,0.79,1.98,2,2.035,1.967,-1.35,104.06,104.15,104.17,103.94,-0.15,1487,1487,1487,1487,-1.91,0.6518,0.6524,0.6542,0.6515,-0.08,62.32,63.35,63.68,62.25,-1.84,9.45,9.45,9.45,9.45,-0.21,127.03,127.03,127.03,127.03,-0.28
2/8/2024,120.6,120,120,120,0.08,81.63,79.3,81.9,79.03,3.06,1.948,1.981,1.994,1.9,-1.62,104.17,104.03,104.43,103.96,0.1,1473,1473,1473,1473,-0.94,0.6491,0.652,0.6534,0.648,-0.41,60.71,62.5,62.5,60.27,-2.58,9.45,9.45,9.45,9.45,0,129.07,129.07,129.07,129.07,1.61
2/9/2024,120.6,120.6,120.6,120.6,0,82.19,81.72,82.45,81.21,0.69,1.885,1.915,1.921,1.852,-3.23,104.11,104.14,104.26,103.95,-0.05,1545,1545,1545,1545,4.89,0.6523,0.6494,0.6536,0.6486,0.49,58.8,60.5,60.5,58.2,-3.15,9.435,9.435,9.435,9.435,-0.16,128.75,128.75,128.75,128.75,-0.25
2/12/2024,120,120,120,120,-0.5,82,81.94,82.19,80.77,-0.23,1.8,1.841,1.89,1.77,-4.51,104.17,104.08,104.28,103.89,0.06,1572,1572,1572,1572,1.75,0.6529,0.6519,0.6545,0.6508,0.09,57.2,58.64,58.8,56.59,-2.72,9.435,9.435,9.435,9.435,0,128.87,128.87,128.87,128.87,0.09
2/13/2024,120.5,120.5,120.5,120.5,0.42,82.77,82,83.24,81.96,0.94,1.742,1.793,1.826,1.707,-3.22,104.96,104.18,104.96,103.97,0.76,1585,1585,1585,1585,0.83,0.6452,0.6531,0.6536,0.6442,-1.18,56.65,57.2,57.89,55.65,-0.96,9.405,9.405,9.405,9.405,-0.32,129.02,129.02,129.02,129.02,0.12
2/14/2024,119.75,119.75,119.75,119.75,-0.62,81.6,82.6,83.6,81.39,-1.41,1.665,1.725,1.744,1.64,-4.42,104.72,104.83,104.98,104.66,-0.23,1582,1582,1582,1582,-0.19,0.649,0.6452,0.6497,0.6446,0.59,56.44,56.43,57.57,55.41,-0.37,9.365,9.365,9.365,9.365,-0.43,129.1,129.1,129.1,129.1,0.06
2/15/2024,119.25,119.25,119.25,119.25,-0.42,82.86,81.42,83.25,80.72,1.54,1.647,1.672,1.718,1.633,-1.08,104.3,104.66,104.71,104.18,-0.41,1581,1581,1581,1581,-0.06,0.6524,0.6489,0.6531,0.6477,0.52,57.95,56.44,59.05,56.13,2.68,9.347,9.347,9.347,9.347,-0.19,129.17,129.17,129.17,129.17,0.05
2/16/2024,119.25,119.25,119.25,119.25,0,83.47,82.79,83.66,81.89,0.74,1.68,1.654,1.704,1.638,2,104.3,104.3,104.67,104.17,0,1610,1610,1610,1610,1.83,0.6531,0.6524,0.6546,0.6496,0.11,57.11,57.95,58.21,56.29,-1.45,8.57,8.57,8.57,8.57,-8.31,129.29,129.29,129.29,129.29,0.09
2/19/2024,119.6,119.6,119.6,119.6,0.29,83.56,83.28,83.6,82.55,0.11,1.558,1.552,1.583,1.54,0.45,104.29,104.28,104.37,104.14,0,1629,1629,1629,1629,1.18,0.6537,0.6527,0.6553,0.6524,0.09,53.14,57.11,57.11,52.9,-6.95,8.57,8.57,8.57,8.57,-8.31,129.29,129.29,129.29,129.29,0.09
2/20/2024,119.6,119.6,119.6,119.6,0,82.34,83.24,83.63,82.05,-1.46,1.646,1.62,1.783,1.6,5.65,104.08,104.32,104.41,103.8,-0.2,1632,1632,1632,1632,0.18,0.6548,0.6541,0.658,0.6521,0.17,54.21,53.5,55.04,51.86,2.01,8.37,8.37,8.37,8.37,-2.33,127.92,127.92,127.92,127.92,-1.06
2/21/2024,119.4,115,115,115,-0.17,83.03,82.5,83.17,81.66,0.84,1.863,1.792,1.877,1.749,13.18,104.01,104.04,104.21,103.94,-0.07,1676,1676,1676,1676,2.7,0.655,0.6548,0.6575,0.6533,0.03,54.51,54.05,54.98,53.28,0.55,8.295,8.295,8.295,8.295,-0.9,127.3,127.3,127.3,127.3,-0.48
2/22/2024,119.4,119.4,119.4,119.4,0,83.67,83.2,83.96,82.33,0.77,1.832,1.863,1.868,1.752,-1.66,103.96,103.91,104.13,103.43,-0.05,1752,1752,1752,1752,4.53,0.6553,0.6551,0.6597,0.654,0.05,52.59,54.48,54.48,52.37,-3.52,8.155,8.155,8.155,8.155,-1.69,127.82,127.82,127.82,127.82,0.41
2/23/2024,119.4,119.4,119.4,119.4,0,81.62,83.39,83.48,81.43,-2.45,1.699,1.817,1.819,1.683,-7.26,103.94,103.95,104.05,103.77,-0.02,1866,1866,1866,1866,6.51,0.656,0.6558,0.6582,0.655,0.11,52.51,52.9,53.01,51.12,-0.15,8.125,8.125,8.125,8.125,-0.37,126.85,126.85,126.85,126.85,-0.76
2/26/2024,127.75,127.5,127.5,127.5,6.99,82.53,81.41,83.07,81,1.11,1.744,1.75,1.834,1.716,2.65,103.83,103.96,104.02,103.71,-0.1,1871,1871,1871,1871,0.27,0.654,0.6558,0.6571,0.6531,-0.3,53.83,52.11,54.52,51.55,2.51,8.3,8.3,8.3,8.3,2.15,126.11,126.11,126.11,126.11,-0.58
2/27/2024,129.2,130.5,130.5,129,1.14,83.65,82.64,83.7,82.1,1.36,1.808,1.751,1.838,1.71,3.67,103.83,103.78,103.92,103.61,0,1899,1899,1899,1899,1.5,0.6543,0.6542,0.656,0.6525,0.05,55.96,53.76,56.14,52.45,3.96,8.22,8.22,8.22,8.22,-0.96,125.84,125.84,125.84,125.84,-0.21
2/28/2024,129.5,129.75,131,129.75,0.23,83.68,83.3,84.31,82.6,0.04,2.052,1.965,2.071,1.94,13.5,103.97,103.84,104.24,103.81,0.14,2041,2041,2041,2041,7.48,0.6496,0.6546,0.6551,0.6489,-0.72,57.21,56.21,58.87,55.45,2.23,8.495,8.495,8.495,8.495,3.35,125.36,125.36,125.36,125.36,-0.38
2/29/2024,131,131,131,131,1.16,83.62,83.23,83.9,83.05,-0.07,2.008,2.044,2.064,1.988,-2.14,104.16,103.92,104.2,103.66,0.17,2111,2111,2111,2111,3.43,0.6495,0.6496,0.6533,0.6486,-0.02,56.44,57.53,57.81,55.25,-1.35,8.37,8.37,8.37,8.37,-1.47,124.86,124.86,124.86,124.86,-0.4
3/1/2024,132,132,132,132,0.76,83.55,82.07,84.34,81.81,-0.08,1.975,1.993,2.021,1.948,-1.64,103.86,104.13,104.29,103.84,-0.28,2203,2203,2203,2203,4.36,0.6523,0.65,0.6536,0.6489,0.43,56.31,56.5,56.84,55.08,-0.23,8.3,8.3,8.3,8.3,-0.84,113.89,113.89,113.89,113.89,-8.79
3/4/2024,136,136,136,136,3.03,82.8,83.5,84.08,82.57,-0.9,2.073,2.012,2.132,2.011,4.96,103.83,103.89,103.96,103.73,-0.03,2297,2297,2297,2297,4.27,0.6511,0.6526,0.6537,0.6506,-0.18,57.28,56.4,57.77,53.5,1.72,8.34,8.34,8.34,8.34,0.48,116.94,116.94,116.94,116.94,2.68
3/5/2024,137.45,137.5,137.5,137.1,1.07,82.04,82.74,83.14,81.72,-0.92,2.095,2.076,2.152,2.039,1.06,103.8,103.85,103.95,103.58,-0.03,2291,2291,2291,2291,-0.26,0.6503,0.6513,0.6523,0.6477,-0.12,60,57.28,61.23,56.73,4.75,8.38,8.38,8.38,8.38,0.48,116.21,116.21,116.21,116.21,-0.62
3/6/2024,136.75,136.75,136.75,136.75,-0.51,82.96,82.01,84.05,81.85,1.12,2.072,2.088,2.115,2.061,-1.1,103.37,103.81,103.89,103.2,-0.41,2176,2176,2176,2176,-5.02,0.6563,0.6502,0.6583,0.6492,0.92,58.79,60.25,62.8,58.09,-2.02,8.415,8.415,8.415,8.415,0.42,116.96,116.96,116.96,116.96,0.65
3/7/2024,135.5,135.5,135.5,135.5,-0.91,82.96,82.92,83.53,82.07,0,1.952,2.075,2.087,1.926,-5.79,102.82,103.31,103.35,102.79,-0.53,2251,2251,2251,2251,3.45,0.6616,0.6565,0.6626,0.656,0.81,59.44,58.79,61.09,57.4,1.11,8.4,8.4,8.4,8.4,-0.18,117.96,117.96,117.96,117.96,0.85
3/8/2024,134.4,134.4,134.4,134.4,-0.81,82.08,83.18,83.84,81.71,-1.06,1.923,1.942,1.955,1.896,-1.49,102.71,102.73,102.9,102.36,-0.11,2345,2345,2345,2345,4.18,0.6627,0.6621,0.6669,0.6613,0.17,58.5,59,60.2,57.8,-1.58,8.46,8.46,8.46,8.46,0.71,117.05,117.05,117.05,117.05,-0.77
3/11/2024,133,134,134,132.75,-1.04,82.21,82,82.75,81.08,0.16,1.862,1.92,1.961,1.852,-3.17,102.87,102.74,102.93,102.64,0.15,2377,2377,2377,2377,1.36,0.6614,0.6631,0.6637,0.6596,-0.2,56.13,58.22,58.24,55.8,-4.05,8.465,8.465,8.465,8.465,0.06,113,113,113,113,-3.46
3/12/2024,130.65,130.65,130.65,130.65,-1.77,81.92,82.45,83.01,81.69,-0.35,1.823,1.855,1.921,1.8,-2.09,102.96,102.82,103.18,102.72,0.09,2315,2315,2315,2315,-2.61,0.6605,0.6614,0.664,0.6584,-0.14,57,56.26,57.08,55.24,1.55,8.465,8.465,8.465,8.465,0,113.15,113.15,113.15,113.15,0.13
3/13/2024,131.1,131.1,131.1,131.1,0.34,84.03,82.45,84.24,81.96,2.58,1.784,1.822,1.833,1.766,-2.14,102.79,102.93,103.02,102.67,-0.16,2370,2370,2370,2370,2.38,0.662,0.6604,0.6637,0.66,0.23,55.87,56.86,57.9,55.65,-1.98,8.475,8.475,8.475,8.475,0.12,111.77,111.77,111.77,111.77,-1.22
3/14/2024,131.5,131.5,131.5,131.5,0.31,85.42,84.04,85.69,83.98,1.65,1.862,1.791,1.884,1.761,4.37,103.36,102.76,103.4,102.74,0.56,2350,2350,2350,2350,-0.84,0.658,0.6622,0.6633,0.6568,-0.6,58.8,55.85,59.18,55.08,5.24,8.49,8.49,8.49,8.49,0.18,110.94,110.94,110.94,110.94,-0.74
3/15/2024,131,131,131,131,-0.38,85.34,85.15,85.55,84.6,-0.09,1.789,1.875,1.893,1.781,-3.92,103.43,103.39,103.49,103.3,0.07,2374,2374,2374,2374,1.02,0.656,0.6579,0.6586,0.6552,-0.3,59.38,58.9,60.25,58.14,0.99,8.521,8.521,8.521,8.521,0.37,109.61,109.61,109.61,109.61,-1.2
3/18/2024,129.75,129.75,129.75,129.75,-0.95,86.89,85.32,87.18,85.25,1.82,1.833,1.824,1.884,1.801,2.46,103.59,103.45,103.65,103.33,0.16,2419,2419,2419,2419,1.9,0.6559,0.6562,0.6576,0.655,-0.02,61.42,59.5,62.32,59.5,3.44,9.88,9.88,9.88,9.88,15.95,110.47,110.47,110.47,110.47,0.78
3/19/2024,129.4,129.4,129.4,129.4,-0.27,87.38,86.94,87.7,86.48,0.56,1.876,1.844,1.89,1.832,2.35,103.84,103.59,104.06,103.58,0.24,2392,2392,2392,2392,-1.12,0.6529,0.6559,0.6566,0.6503,-0.46,61.31,61.3,62.87,59.65,-0.18,9.9,9.9,9.9,9.9,0.2,110.71,110.71,110.71,110.71,0.22
3/20/2024,128.9,128.9,128.9,128.9,-0.39,85.95,87.15,87.35,85.59,-1.64,1.845,1.882,1.9,1.824,-1.65,103.41,103.84,104.15,103.38,-0.41,2284,2284,2284,2284,-4.52,0.6585,0.6533,0.6588,0.6511,0.86,60.01,61.3,61.46,59.99,-2.12,9.57,9.57,9.57,9.57,-3.33,110.29,110.29,110.29,110.29,-0.38
3/21/2024,128.25,128.25,128.25,128.25,-0.5,85.78,86.24,86.64,85.06,-0.2,1.831,1.839,1.855,1.797,-0.76,104,103.24,104.05,103.17,0.57,2240,2240,2240,2240,-1.93,0.6569,0.6587,0.6636,0.6561,-0.24,59.37,60.04,60.26,58.8,-1.07,9.285,9.285,9.285,9.285,-2.98,110.94,110.94,110.94,110.94,0.59
3/22/2024,127.7,127.7,127.7,127.7,-0.43,85.43,85.66,86.15,85.11,-0.41,1.812,1.838,1.859,1.791,-1.04,104.47,103.99,104.5,103.92,0.45,2196,2196,2196,2196,-1.96,0.6514,0.657,0.6581,0.651,-0.84,61.5,59.1,62.06,58.8,3.59,9.445,9.445,9.445,9.445,1.72,110.64,110.64,110.64,110.64,-0.27
3/25/2024,128.95,128.95,128.95,128.95,0.98,86.75,85.5,87.17,85.4,1.55,1.789,1.817,1.825,1.758,-1.27,104.24,104.43,104.47,104.14,-0.23,2123,2123,2123,2123,-3.32,0.6539,0.6523,0.6547,0.6508,0.38,64.84,61.69,65.49,61.68,5.43,9.715,9.715,9.715,9.715,2.86,110.67,110.67,110.67,110.67,0.03
3/26/2024,128.9,128.9,128.9,128.9,-0.04,86.25,86.81,87.06,85.8,-0.58,1.788,1.805,1.83,1.775,-0.06,104.29,104.22,104.34,104.01,0.06,1989,1989,1989,1989,-6.31,0.6532,0.654,0.6561,0.653,-0.11,63,64.45,65.74,62.16,-2.84,9.575,9.575,9.575,9.575,-1.44,110.28,110.28,110.28,110.28,-0.35
3/27/2024,129,129,129,129,0.08,86.09,85.86,86.39,85.17,-0.19,1.953,2.012,2.014,1.943,9.23,104.35,104.29,104.46,104.22,0.05,1845,1845,1845,1845,-7.24,0.6533,0.6534,0.654,0.6511,0.02,62.61,62.5,63.31,61.08,-0.62,9.4,9.4,9.4,9.4,-1.83,109.84,109.84,109.84,109.84,-0.4
3/28/2024,129.1,129.1,129.1,129.1,0.08,87.48,86.41,87.52,86.3,1.61,1.997,1.954,2.017,1.928,2.25,104.55,104.43,104.73,104.31,0.19,1821,1821,1821,1821,-1.3,0.6515,0.6535,0.6542,0.6485,-0.28,61.93,62.5,62.89,61.32,-1.09,9.535,9.535,9.535,9.535,1.44,109.53,109.53,109.53,109.53,-0.28
4/1/2024,132,132,132,132,2.25,87.42,86.98,87.98,86.4,-0.07,2.074,1.999,2.088,1.958,3.86,105.02,104.49,105.07,104.42,0.45,1821,1821,1821,1821,-1.3,0.6488,0.6522,0.654,0.648,-0.51,61.93,62.5,62.89,61.32,-1.09,9.535,9.535,9.535,9.535,0,102.33,102.33,102.33,102.33,-6.57
4/2/2024,132.25,132.25,132.25,132.25,0.19,88.92,87.62,89.32,87.62,1.72,2.105,2.075,2.115,2.018,1.49,104.82,105,105.1,104.68,-0.19,1714,1714,1714,1714,-5.88,0.6517,0.649,0.6525,0.6482,0.45,58.9,61.22,61.5,58.56,-4.89,9.465,9.465,9.465,9.465,-0.73,102.91,102.91,102.91,102.91,0.57
4/3/2024,129.65,129.65,129.65,129.65,-1.97,89.35,89.22,89.99,88.67,0.48,2.067,2.093,2.136,2.06,-1.81,104.25,104.77,104.84,104.23,-0.54,1711,1711,1711,1711,-0.18,0.6563,0.6514,0.6571,0.6502,0.71,57.55,59.29,59.43,56.91,-2.29,9.5,9.5,9.5,9.5,0.37,100.41,100.41,100.41,100.41,-2.43
4/4/2024,128.2,128.2,128.2,128.2,-1.12,90.65,89.48,91.3,88.72,1.45,1.997,2.068,2.074,1.992,-3.39,104.12,104.23,104.26,103.92,-0.12,1669,1669,1669,1669,-2.45,0.6587,0.6564,0.6621,0.6561,0.37,58.39,57.5,59.24,57.1,1.46,9.545,9.545,9.545,9.545,0.47,99.89,99.89,99.89,99.89,-0.52
4/5/2024,129.1,129.1,129.1,129.1,0.7,91.17,91.21,91.91,90.57,0.57,2.01,2.001,2.036,1.972,0.65,104.3,104.21,104.69,104.14,0.17,1628,1628,1628,1628,-2.46,0.6578,0.6589,0.6594,0.6549,-0.14,61.01,58.87,61.15,58.26,4.49,9.545,9.545,9.545,9.545,0,99.97,99.97,99.97,99.97,0.08
4/8/2024,128.2,128.2,128.2,128.2,-0.7,90.38,90.09,91.1,88.78,-0.87,2.051,1.996,2.057,1.975,2.04,104.14,104.29,104.44,104.1,-0.15,1594,1594,1594,1594,-2.09,0.6603,0.6579,0.6612,0.6559,0.38,63.39,60.72,63.77,59.69,3.9,9.575,9.575,9.575,9.575,0.31,102.68,102.68,102.68,102.68,2.71
4/9/2024,127.75,127,127,127,-0.35,89.42,90.63,90.94,89.25,-1.06,2.064,2.046,2.11,2.037,0.63,104.15,104.12,104.2,103.88,0.01,1570,1570,1570,1570,-1.51,0.6627,0.6604,0.6646,0.6597,0.36,63.96,63.39,64.64,62.53,0.9,9.585,9.585,9.585,9.585,0.1,104.33,104.33,104.33,104.33,1.61
4/10/2024,128,128,128,128,0.2,90.48,89.55,90.71,88.83,1.19,2.074,2.085,2.118,2.054,0.48,105.25,104.1,105.3,104.02,1.05,1587,1587,1587,1587,1.08,0.651,0.663,0.6633,0.6498,-1.77,62.85,63.82,65.07,62.3,-1.74,9.585,9.585,9.585,9.585,0,104.02,104.02,104.02,104.02,-0.3
4/11/2024,128.75,128.75,128.75,128.75,0.59,89.74,90.52,90.92,89.38,-0.82,2,2.061,2.074,1.992,-3.57,105.28,105.18,105.53,105.03,0.04,1690,1690,1690,1690,6.49,0.6536,0.6512,0.6554,0.6501,0.4,68.83,62.98,68.92,62.81,9.51,9.61,9.61,9.61,9.61,0.26,104.71,104.71,104.71,104.71,0.66
4/12/2024,129.25,129.25,129.25,129.25,0.39,90.45,90.13,92.18,90.01,0.79,2.029,2.005,2.043,1.973,1.45,106.04,105.28,106.11,105.24,0.72,1729,1729,1729,1729,2.31,0.6463,0.6538,0.6545,0.6456,-1.12,71.64,68.6,71.81,68.07,4.08,9.645,9.645,9.645,9.645,0.36,106.05,106.05,106.05,106.05,1.28
4/15/2024,129.75,129.75,129.75,129.75,0.39,90.1,90.95,91.05,88.73,-0.39,1.946,2.035,2.052,1.931,-4.09,106.21,106.01,106.25,105.84,0.16,1730,1730,1730,1730,0.06,0.6441,0.6465,0.6495,0.6437,-0.34,70.16,71.55,71.64,69.12,-2.07,9.687,9.687,9.687,9.687,0.44,106.05,106.05,106.05,106.05,0
4/16/2024,129.25,130,130,130,-0.39,90.02,90.43,90.84,89.41,-0.09,1.988,1.946,2.046,1.907,2.16,106.26,106.17,106.52,106.07,0.05,1779,1779,1779,1779,2.83,0.6401,0.644,0.6446,0.6389,-0.62,74.25,70.26,74.9,69.87,5.83,11.26,11.26,11.26,11.26,16.24,106.07,106.07,106.07,106.07,0.02
4/17/2024,129.6,129.6,129.6,129.6,0.27,87.29,90.11,90.17,87.13,-3.03,1.962,1.94,1.976,1.914,-1.31,105.95,106.33,106.44,105.87,-0.29,1844,1844,1844,1844,3.65,0.6434,0.6403,0.6447,0.64,0.52,70.33,74.13,74.48,69.24,-5.28,10.745,10.745,10.745,10.745,-4.57,107.3,107.3,107.3,107.3,1.16
4/18/2024,129.6,129.6,129.6,129.6,0,87.11,87.42,87.8,86.09,-0.21,1.986,1.971,2.004,1.964,1.22,106.15,105.93,106.18,105.74,0.19,1901,1901,1901,1901,3.09,0.642,0.6438,0.6458,0.6416,-0.22,71.55,69.9,72.22,68.15,1.73,10.88,10.88,10.88,10.88,1.26,107.95,107.95,107.95,107.95,0.61
4/19/2024,130.6,130.6,130.6,130.6,0.77,87.29,87.04,90.75,86.19,0.21,1.988,1.974,2.029,1.951,0.1,106.15,106.19,106.35,105.85,0,1919,1919,1919,1919,0.95,0.6417,0.6423,0.6434,0.6362,-0.05,68.52,72.57,73.3,68.13,-4.23,10.5,10.5,10.5,10.5,-3.49,108.25,108.25,108.25,108.25,0.28
4/22/2024,129.5,129.5,129.5,129.5,-0.84,87,87.07,87.26,85.79,-0.33,2.065,1.988,2.072,1.961,3.87,106.08,106.12,106.39,105.98,-0.07,1882,1882,1882,1882,-1.93,0.6449,0.641,0.6457,0.6408,0.5,66.4,68,68.19,66.02,-3.09,10.53,10.53,10.53,10.53,0.29,108.62,108.62,108.62,108.62,0.34
4/23/2024,129.75,129.75,129.75,129.75,0.19,88.42,87.2,88.51,86.03,1.63,2.094,2.07,2.14,2.018,1.4,105.68,106.12,106.24,105.61,-0.38,1804,1804,1804,1804,-4.14,0.6485,0.6449,0.6492,0.6441,0.56,66.38,66.39,67.21,65.34,-0.03,10.225,10.225,10.225,10.225,-2.9,108.76,108.76,108.76,108.76,0.13
4/24/2024,129,129,129,129,-0.58,88.02,88.45,88.86,87.65,-0.45,1.979,2.128,2.133,1.96,-5.49,105.86,105.69,105.95,105.59,0.17,1774,1774,1774,1774,-1.66,0.6497,0.6487,0.6531,0.6482,0.19,66.85,66.25,67.45,64.8,0.71,10.435,10.435,10.435,10.435,2.05,109.23,109.23,109.23,109.23,0.43
4/25/2024,129.25,129.25,129.25,129.25,0.19,89.01,87.89,89.31,87.31,1.12,1.986,1.969,1.993,1.926,0.35,105.6,105.82,106,105.51,-0.24,1743,1743,1743,1743,-1.75,0.6517,0.6496,0.654,0.6485,0.31,68.41,67,69.92,66.54,2.33,10.43,10.43,10.43,10.43,-0.05,109.68,109.68,109.68,109.68,0.41
4/26/2024,129.75,129.75,129.75,129.75,0.39,89.5,89.23,89.83,88.78,0.55,1.923,1.977,2.002,1.909,-3.17,105.94,105.58,106.19,105.41,0.32,1721,1721,1721,1721,-1.26,0.6533,0.6519,0.6556,0.6517,0.25,67.51,68.21,69.2,66.57,-1.32,10.325,10.325,10.325,10.325,-1.01,110.16,110.16,110.16,110.16,0.44
4/29/2024,137.4,136.75,136.75,136.75,5.9,88.4,89.22,89.29,88.11,-1.23,2.373,2.282,2.391,2.279,23.4,105.58,106.09,106.08,105.46,-0.34,1684,1684,1684,1684,-2.15,0.6566,0.6534,0.6587,0.6522,0.51,65.8,67,67.35,65.01,-2.53,10.21,10.21,10.21,10.21,-1.11,110.54,110.54,110.54,110.54,0.34
4/30/2024,142.25,142.25,142.25,142.25,3.53,87.86,88.41,88.79,87.46,-0.61,2.319,2.394,2.42,2.287,-2.28,106.22,105.67,106.35,105.67,0.61,1685,1685,1685,1685,0.06,0.6472,0.6563,0.6568,0.6472,-1.43,69.2,65.95,69.6,65.38,5.17,10.335,10.335,10.335,10.335,1.22,110.91,110.91,110.91,110.91,0.33
5/1/2024,147,151.65,151.65,151.65,3.34,83.44,85.8,85.89,83.29,-5.03,2.266,2.285,2.3,2.255,-2.29,105.75,106.32,106.49,105.43,-0.44,1688,1688,1688,1688,0.18,0.6523,0.6473,0.6541,0.6465,0.79,67.91,69.19,69.26,67.35,-1.86,10.235,10.235,10.235,10.235,-0.97,117.21,117.21,117.21,117.21,5.68
5/2/2024,147.75,147.75,147.75,147.75,0.51,83.67,83.59,84.44,83.05,0.28,2.331,2.263,2.344,2.261,2.87,105.3,105.73,105.9,105.3,-0.43,1774,1774,1774,1774,5.09,0.6563,0.6523,0.6574,0.6515,0.61,72.69,67.88,73.18,67.25,7.04,10.41,10.41,10.41,10.41,1.71,118.08,118.08,118.08,118.08,0.74
5/3/2024,145.15,145.15,145.15,145.15,-1.76,82.96,83.9,84.39,82.78,-0.85,2.416,2.333,2.43,2.305,3.65,105.03,105.31,105.37,104.52,-0.26,1876,1876,1876,1876,5.75,0.6608,0.6565,0.6649,0.6562,0.69,71.84,72.69,74.55,71.45,-1.17,10.47,10.47,10.47,10.47,0.58,118.03,118.03,118.03,118.03,-0.04
5/6/2024,145.3,145.3,145.3,145.3,0.1,83.33,82.99,83.83,82.77,0.45,2.463,2.439,2.521,2.396,1.95,105.05,105.08,105.2,104.87,0.02,1876,1876,1876,1876,5.75,0.6624,0.6627,0.664,0.6605,0.24,73.67,71.74,74.49,71.52,2.55,10.47,10.47,10.47,10.47,0,119.56,119.56,119.56,119.56,1.3
5/7/2024,146.4,146.4,146.4,146.4,0.76,83.16,83.72,83.88,82.41,-0.2,2.471,2.476,2.493,2.423,0.32,105.41,105.14,105.45,105.03,0.34,2083,2083,2083,2083,11.03,0.6596,0.6621,0.6646,0.6586,-0.42,70.85,73.25,74.3,70.57,-3.83,10.5,10.5,10.5,10.5,0.29,118.69,118.69,118.69,118.69,-0.73
5/8/2024,145.25,145.25,145.25,145.25,-0.79,83.58,83.02,83.82,81.71,0.51,2.474,2.479,2.533,2.45,0.12,105.55,105.42,105.64,105.39,0.13,2203,2203,2203,2203,5.76,0.6578,0.6598,0.6601,0.6558,-0.27,71.92,71.03,72.7,69.61,1.51,10.46,10.46,10.46,10.46,-0.38,116.59,116.59,116.59,116.59,-1.77
5/9/2024,144.95,144.95,144.95,144.95,-0.21,83.88,83.79,84.33,83.45,0.36,2.537,2.47,2.561,2.438,2.55,105.23,105.52,105.74,105.2,-0.3,2166,2166,2166,2166,-1.68,0.6619,0.6578,0.6623,0.6565,0.62,73.62,71.4,74.08,71.13,2.36,10.46,10.46,10.46,10.46,0,116.96,116.96,116.96,116.96,0.32
5/10/2024,144.4,144.4,144.4,144.4,-0.38,82.79,84.21,84.53,82.7,-1.3,2.484,2.539,2.567,2.473,-2.09,105.3,105.21,105.4,105.14,0.07,2129,2129,2129,2129,-1.71,0.6601,0.662,0.6624,0.6596,-0.27,71.59,73.5,75.5,71.28,-2.76,10.475,10.475,10.475,10.475,0.14,116.93,116.93,116.93,116.93,-0.03
5/13/2024,142.1,142.1,142.1,142.1,-1.59,83.36,82.78,83.84,82.26,0.69,2.587,2.477,2.59,2.447,4.15,105.22,105.31,105.37,105.06,-0.08,2066,2066,2066,2066,-2.96,0.6607,0.6602,0.663,0.6585,0.09,70.07,71.33,71.49,68.75,-2.12,10.45,10.45,10.45,10.45,-0.24,117.31,117.31,117.31,117.31,0.32
5/14/2024,142.65,142.65,142.65,142.65,0.39,82.38,83.41,83.62,82.1,-1.18,2.559,2.576,2.61,2.52,-1.08,105.01,105.2,105.46,104.96,-0.19,1993,1993,1993,1993,-3.53,0.6623,0.6609,0.6629,0.6579,0.24,70.1,70.02,71.32,69.02,0.04,10.45,10.45,10.45,10.45,0,116.65,116.65,116.65,116.65,-0.56
5/15/2024,143,143,143,143,0.25,82.75,82.76,83.07,81.05,0.45,2.631,2.559,2.637,2.542,2.81,104.35,105.05,105.06,104.28,-0.64,1889,1889,1889,1889,-5.22,0.6692,0.6627,0.6696,0.6621,1.04,69.19,70.2,71.83,69.09,-1.3,10.469,10.469,10.469,10.469,0.18,116.3,116.3,116.3,116.3,-0.3
5/16/2024,143.5,143.5,143.5,143.5,0.35,83.27,83.03,83.78,82.31,0.63,2.687,2.622,2.753,2.609,2.13,104.46,104.21,104.63,104.08,0.11,1817,1817,1817,1817,-3.81,0.6677,0.6694,0.6716,0.6654,-0.22,70.79,69.09,71.27,68.88,2.31,11.045,11.045,11.045,11.045,5.5,116.85,116.85,116.85,116.85,0.47
5/17/2024,141.5,141.5,141.5,141.5,-1.39,83.98,83.43,84.04,83.08,0.85,2.789,2.681,2.809,2.673,3.8,104.44,104.5,104.8,104.39,-0.02,1844,1844,1844,1844,1.49,0.6692,0.6679,0.6702,0.6647,0.22,70.52,70.5,71.52,69.6,-0.38,11.16,11.16,11.16,11.16,1.04,117.02,117.02,117.02,117.02,0.15
5/20/2024,141,141,141,141,-0.35,83.71,83.98,84.49,83.11,-0.32,2.901,2.815,2.905,2.785,4.02,104.57,104.5,104.65,104.39,0.11,1847,1847,1847,1847,0.16,0.6667,0.6693,0.6711,0.6662,-0.37,74.24,71,74.9,71,5.28,11.505,11.505,11.505,11.505,3.09,117.24,117.24,117.24,117.24,0.19
5/21/2024,142.05,142.05,142.05,142.05,0.74,82.88,83.75,83.76,82.04,-0.99,2.839,2.891,2.945,2.802,-2.14,104.66,104.6,104.77,104.48,0.09,1829,1829,1829,1829,-0.97,0.6664,0.6667,0.668,0.6646,-0.04,76.2,74.18,76.64,73.05,2.64,11.825,11.825,11.825,11.825,2.78,117.57,117.57,117.57,117.57,0.28
5/22/2024,142.4,142.4,142.4,142.4,0.25,81.9,82.58,82.63,81.57,-1.18,3.052,2.834,3.06,2.786,7.5,104.93,104.62,104.97,104.56,0.26,1804,1804,1804,1804,-1.37,0.6618,0.6665,0.6687,0.6607,-0.69,76.67,75.83,77.5,75.5,0.62,11.975,11.975,11.975,11.975,1.27,117.64,117.64,117.64,117.64,0.06
5/23/2024,142.75,142.75,142.75,142.75,0.25,81.36,81.59,82.97,80.93,-0.66,2.923,3.004,3.161,2.896,-4.23,105.11,104.9,105.11,104.63,0.17,1796,1796,1796,1796,-0.44,0.6606,0.662,0.6654,0.6598,-0.18,76.1,76.5,78.1,75.52,-0.74,12.255,12.255,12.255,12.255,2.34,117.53,117.53,117.53,117.53,-0.09
5/24/2024,142.8,142.8,142.8,142.8,0.04,82.12,81.4,82.46,80.65,0.93,2.773,2.938,2.965,2.759,-5.13,104.72,105.04,105.12,104.64,-0.37,1797,1797,1797,1797,0.06,0.6627,0.6605,0.6638,0.6591,0.32,75.78,76.1,76.7,73.9,-0.42,11.94,11.94,11.94,11.94,-2.57,117.66,117.66,117.66,117.66,0.11
5/27/2024,142.8,142.8,142.8,142.8,0,83.1,82.2,83.2,82.08,1.19,2.78,2.747,2.853,2.742,1.16,104.6,104.75,104.75,104.57,-0.12,1797,1797,1797,1797,0.06,0.6651,0.6625,0.6661,0.6621,0.36,76.51,75.7,76.99,75.58,0.96,11.94,11.94,11.94,11.94,-2.57,117.66,117.66,117.66,117.66,0.11
5/28/2024,142.4,142.4,142.4,142.4,-0.28,84.22,83,84.62,83,1.35,2.825,2.761,2.853,2.732,1.62,104.61,104.58,104.64,104.33,0.02,1784,1784,1784,1784,-0.72,0.6648,0.6653,0.6681,0.6642,-0.05,74.6,75.99,76.24,74.15,-2.5,11.955,11.955,11.955,11.955,0.13,117.68,117.68,117.68,117.68,0.02
5/29/2024,142.4,142.4,142.4,142.4,0,83.6,84.61,85.02,83.29,-0.74,2.666,2.836,2.848,2.655,-5.63,105.1,104.64,105.14,104.59,0.46,1790,1790,1790,1790,0.34,0.6611,0.6649,0.6667,0.6608,-0.56,73.95,74.5,75.6,72.95,-0.87,11.83,11.83,11.83,11.83,-1.05,117.74,117.74,117.74,117.74,0.05
5/30/2024,142.4,142.4,142.4,142.4,0,81.86,83.51,83.77,81.8,-2.08,2.647,2.715,2.731,2.637,-0.71,104.72,105.13,105.18,104.63,-0.36,1801,1801,1801,1801,0.61,0.6632,0.661,0.6649,0.659,0.32,75.2,73.66,75.84,73.37,1.69,11.96,11.96,11.96,11.96,1.1,117.62,117.62,117.62,117.62,-0.1
5/31/2024,142.4,142.4,142.4,142.4,0,81.62,81.74,82.18,81.17,-0.29,2.662,2.647,2.701,2.605,0.57,104.67,104.76,104.9,104.36,-0.04,1815,1815,1815,1815,0.78,0.6652,0.6633,0.6674,0.6626,0.3,74.07,75.48,76.42,73.85,-1.5,11.905,11.905,11.905,11.905,-0.46,117.52,117.52,117.52,117.52,-0.09
6/3/2024,140.2,139,140.75,138.75,-1.54,78.36,81.15,81.65,78.09,-3.99,2.804,2.716,2.85,2.688,5.33,104.14,104.63,104.77,104.04,-0.51,1808,1808,1808,1808,-0.39,0.6688,0.6653,0.6696,0.6632,0.54,74.63,74.44,77.8,74.25,0.76,12.05,12.05,12.05,12.05,1.22,110.1,110.1,110.1,110.1,-6.31
6/4/2024,137.95,137.95,137.95,137.95,-1.6,77.52,78.14,78.22,76.76,-1.07,2.67,2.814,2.874,2.656,-4.78,104.11,104.05,104.33,103.99,-0.03,1813,1813,1813,1813,0.28,0.6644,0.6689,0.67,0.6631,-0.66,72.58,74.52,74.71,72.27,-2.75,11.99,11.99,11.99,11.99,-0.5,107.69,107.69,107.69,107.69,-2.19
6/5/2024,136,136,136,136,-1.41,78.41,77.29,78.66,77.18,1.15,2.828,2.694,2.854,2.681,5.92,104.27,104.17,104.46,104.13,0.15,1852,1852,1852,1852,2.15,0.6647,0.6646,0.6666,0.6626,0.05,72,72.72,73.26,70.96,-0.8,11.97,11.97,11.97,11.97,-0.17,107.02,107.02,107.02,107.02,-0.62
6/6/2024,134.35,134.35,134.35,134.35,-1.21,79.87,78.7,80.08,78.38,1.86,2.892,2.829,2.946,2.796,2.26,104.1,104.25,104.37,104.05,-0.16,1869,1869,1869,1869,0.92,0.6665,0.6649,0.6685,0.6633,0.27,71.53,71.82,72.98,71.25,-0.65,11.985,11.985,11.985,11.985,0.13,108.5,108.5,108.5,108.5,1.38
6/7/2024,131.45,131,131,131,-2.16,79.62,80.05,80.38,79.32,-0.31,2.996,2.883,3.037,2.871,3.6,104.89,104.09,104.95,104,0.75,1881,1881,1881,1881,0.64,0.6582,0.6666,0.6682,0.6579,-1.25,71.42,71.78,71.88,71.02,-0.15,11.97,11.97,11.97,11.97,-0.13,108.48,108.48,108.48,108.48,-0.02
6/10/2024,131.85,131.85,131.85,131.85,0.3,81.63,79.38,82.17,79.34,2.52,2.977,3.055,3.163,2.945,-0.63,105.15,104.93,105.39,105.04,0.25,1883,1883,1883,1883,0.11,0.6609,0.6587,0.6613,0.6576,0.41,70.91,71.14,71.2,69.29,-0.71,11.965,11.965,11.965,11.965,-0.04,107.38,107.38,107.38,107.38,-1.01
6/11/2024,131.25,131.25,131.25,131.25,-0.46,81.92,81.97,82.36,81.19,0.36,3.193,3.046,3.221,3.031,7.26,105.23,105.15,105.46,105.1,0.08,1831,1831,1831,1831,-2.76,0.661,0.661,0.6615,0.6587,0.02,70.41,70.8,72.17,69.87,-0.71,12,12,12,12,0.29,106.27,106.27,106.27,106.27,-1.03
6/12/2024,132.95,132.95,132.95,132.95,1.3,82.6,82.08,83.34,81.96,0.83,3.122,3.194,3.194,3.073,-2.22,104.64,105.28,105.32,104.26,-0.56,1836,1836,1836,1836,0.27,0.6663,0.6607,0.6706,0.6597,0.8,70.3,70.45,71.75,69.97,-0.16,12.03,12.03,12.03,12.03,0.25,106.42,106.42,106.42,106.42,0.14
6/13/2024,134.7,134.7,134.7,134.7,1.32,82.75,82.42,83.05,81.8,0.18,3.037,3.104,3.167,2.978,-2.72,105.2,104.69,105.28,104.64,0.53,1942,1942,1942,1942,5.77,0.6635,0.6663,0.6677,0.6626,-0.42,70.87,70.3,71.99,70.3,0.81,12.095,12.095,12.095,12.095,0.54,107.12,107.12,107.12,107.12,0.66
6/14/2024,133.15,133.15,133.15,133.15,-1.15,82.62,82.05,83.39,81.92,-0.16,2.963,3,3.068,2.95,-2.44,105.55,105.23,105.81,105.18,0.34,1948,1948,1948,1948,0.31,0.6614,0.6635,0.6643,0.6591,-0.32,68.53,70.75,71.09,68.18,-3.3,12.138,12.138,12.138,12.138,0.36,107.33,107.33,107.33,107.33,0.2
6/17/2024,133.9,133.9,133.9,133.9,0.56,84.25,82.61,84.55,82.1,1.97,2.867,2.93,2.93,2.837,-3.24,105.32,105.51,105.65,105.31,-0.22,1948,1948,1948,1948,0,0.6612,0.6616,0.6626,0.6585,-0.03,68.16,68.7,69.21,67.63,-0.54,12.575,12.575,12.575,12.575,3.6,107.05,107.05,107.05,107.05,-0.26
6/18/2024,133.9,133.9,133.9,133.9,0,85.33,84.31,85.49,83.67,1.28,2.99,2.87,2.997,2.858,4.29,105.26,105.3,105.56,105.13,-0.06,1961,1961,1961,1961,0.67,0.6655,0.6609,0.6659,0.66,0.65,68.38,68.26,69.25,67.72,0.32,12.6,12.6,12.6,12.6,0.2,107.11,107.11,107.11,107.11,0.06
6/19/2024,134.1,134.1,134.1,134.1,0.15,85.07,85.4,85.84,84.9,-0.3,2.916,2.904,2.928,2.859,-2.47,105.25,105.26,105.34,105.15,0,1943,1943,1943,1943,-0.92,0.6671,0.6656,0.6679,0.6653,0.24,70.74,68.74,70.81,68.5,3.45,12.6,12.6,12.6,12.6,0.2,107.11,107.11,107.11,107.11,0.06
6/20/2024,133.9,133.9,133.9,133.9,-0.15,85.71,85.19,85.96,84.95,0.75,2.854,2.995,3.027,2.833,-2.13,105.59,105.2,105.67,105.2,0.32,1984,1984,1984,1984,2.11,0.6654,0.6672,0.6681,0.6647,-0.25,69.19,70.6,71.59,69.07,-2.19,12.6,12.6,12.6,12.6,0,107.15,107.15,107.15,107.15,0.04
6/21/2024,132.05,132.05,132.05,132.05,-1.38,85.24,85.66,86.24,84.84,-0.55,2.836,2.838,2.888,2.793,-0.63,105.8,105.64,105.92,105.54,0.2,1997,1997,1997,1997,0.66,0.6639,0.6654,0.6671,0.6631,-0.23,68.05,69.51,69.51,67.94,-1.65,12.465,12.465,12.465,12.465,-1.07,106.96,106.96,106.96,106.96,-0.18
6/24/2024,132.95,132.95,132.95,132.95,0.68,86.01,84.99,86.16,84.71,0.9,2.948,2.813,2.953,2.78,3.95,105.47,105.83,105.9,105.37,-0.31,1973,1973,1973,1973,-1.2,0.6656,0.6641,0.6669,0.6626,0.26,67.56,68.02,68.27,67.01,-0.72,12.61,12.61,12.61,12.61,1.16,106.55,106.55,106.55,106.55,-0.38
6/25/2024,134.1,134.1,134.1,134.1,0.86,85.01,86.06,86.23,84.74,-1.16,2.863,2.943,2.951,2.831,-2.88,105.61,105.51,105.78,105.37,0.13,1926,1926,1926,1926,-2.38,0.6645,0.6655,0.6674,0.6635,-0.17,67.8,67.45,68.07,66.85,0.36,12.735,12.735,12.735,12.735,0.99,106.46,106.46,106.46,106.46,-0.08
6/26/2024,132,132,132,132,-1.57,85.25,84.89,85.81,84.47,0.28,2.745,2.85,2.863,2.731,-4.12,106.05,105.66,106.13,105.61,0.42,1964,1964,1964,1964,1.97,0.6646,0.6647,0.669,0.6635,0.02,67.23,68.35,69.09,66.8,-0.84,12.62,12.62,12.62,12.62,-0.9,106.56,106.56,106.56,106.56,0.09
6/27/2024,132.75,132.75,132.75,132.75,0.57,86.39,85.01,86.5,84.88,1.34,2.675,2.725,2.773,2.665,-2.55,105.91,106.07,106.08,105.71,-0.14,2031,2031,2031,2031,3.41,0.6645,0.6648,0.6674,0.6639,-0.02,66.49,67.03,67.78,66.42,-1.1,12.66,12.66,12.66,12.66,0.32,106.51,106.51,106.51,106.51,-0.05
6/28/2024,133.45,133.45,133.45,133.45,0.53,86.41,86.56,87.22,86.24,0.02,2.598,2.694,2.749,2.591,-2.88,105.87,105.92,106.13,105.75,-0.04,2050,2050,2050,2050,0.94,0.6667,0.6647,0.6686,0.6619,0.33,67.36,66.71,68.4,65.79,1.31,12.635,12.635,12.635,12.635,-0.2,106.51,106.51,106.51,106.51,0
7/1/2024,132.1,132.1,132.1,132.1,-1.01,86.6,84.9,86.88,84.85,0.22,2.492,2.581,2.599,2.474,-4.08,105.9,105.85,105.98,105.43,0.03,2158,2158,2158,2158,5.27,0.6659,0.6668,0.6689,0.6644,-0.12,68.33,67.41,69.68,67.13,1.44,12.535,12.535,12.535,12.535,-0.79,108,108,108,108,1.4
7/2/2024,132.25,132.25,132.25,132.25,0.11,86.24,86.71,87.46,86.16,-0.42,2.454,2.482,2.497,2.436,-1.52,105.72,105.85,106.05,105.66,-0.17,2179,2179,2179,2179,0.97,0.6666,0.6661,0.6672,0.6634,0.11,70.93,68.3,71.03,67.52,3.81,12.56,12.56,12.56,12.56,0.2,110.32,110.32,110.32,110.32,2.15
7/3/2024,135,135,135,135,2.08,87.34,86.44,87.39,85.89,1.28,2.447,2.485,2.503,2.434,-0.29,105.4,105.67,105.8,105.05,-0.3,2064,2064,2064,2064,-5.28,0.6704,0.6666,0.6735,0.6664,0.57,70.91,70.67,71.95,70,-0.03,12.42,12.42,12.42,12.42,-1.11,113.06,113.06,113.06,113.06,2.48
7/4/2024,136.5,136.5,136.5,136.5,1.11,87.43,87.09,87.59,86.51,0.1,2.371,2.431,2.439,2.335,-3.11,105.13,105.32,105.36,105.1,-0.26,2021,2021,2021,2021,-2.08,0.6727,0.6705,0.6733,0.6703,0.34,70.18,70.76,71.16,69.83,-1.03,12.42,12.42,12.42,12.42,-1.11,113.06,113.06,113.06,113.06,2.48
7/5/2024,135.75,135.75,135.75,135.75,-0.55,86.54,87.45,87.95,86.49,-1.02,2.35,2.459,2.466,2.347,-0.89,104.88,105.17,105.17,104.82,-0.24,1966,1966,1966,1966,-2.72,0.6749,0.6727,0.6754,0.6712,0.33,70.35,70.12,71.15,69.94,0.24,12.485,12.485,12.485,12.485,0.52,111.31,111.31,111.31,111.31,-1.55
7/8/2024,135.05,135,135,135,-0.52,85.75,86.74,86.92,85.56,-0.91,2.382,2.3,2.417,2.3,1.36,105,104.88,105.03,104.8,0.12,1940,1940,1940,1940,-1.32,0.6736,0.675,0.6763,0.6732,-0.19,69.04,70.59,71.85,68.8,-1.86,12.39,12.39,12.39,12.39,-0.76,110.02,110.02,110.02,110.02,-1.16
7/9/2024,135.25,135.25,135.25,135.25,0.15,84.66,85.67,85.85,84.53,-1.27,2.36,2.384,2.454,2.351,-0.92,105.13,104.99,105.21,104.96,0.12,1894,1894,1894,1894,-2.37,0.674,0.6736,0.6749,0.6724,0.06,68.52,69.15,69.19,68.18,-0.75,12.365,12.365,12.365,12.365,-0.2,110.51,110.51,110.51,110.51,0.45
7/10/2024,133.75,133.75,133.75,133.75,-1.11,85.08,84.92,85.66,84,0.5,2.345,2.366,2.396,2.313,-0.64,105.05,105.12,105.17,104.98,-0.08,1939,1939,1939,1939,2.38,0.6747,0.6741,0.6753,0.6732,0.1,67.96,68.66,69.4,67.86,-0.82,12.35,12.35,12.35,12.35,-0.12,108.74,108.74,108.74,108.74,-1.6
7/11/2024,133.75,133.75,133.75,133.75,0,85.4,85.45,85.89,84.64,0.38,2.282,2.339,2.353,2.277,-2.69,104.44,104.99,105,104.08,-0.58,1947,1947,1947,1947,0.41,0.6759,0.6748,0.68,0.6744,0.18,68.52,68.15,68.83,67.6,0.82,12.365,12.365,12.365,12.365,0.12,109.58,109.58,109.58,109.58,0.77
7/12/2024,133.85,133,134,133,0.07,85.03,85.69,86.35,84.95,-0.43,2.331,2.287,2.357,2.252,2.15,104.09,104.52,104.55,104.04,-0.33,1997,1997,1997,1997,2.57,0.6783,0.676,0.6795,0.6753,0.36,69.35,68.55,69.52,67.69,1.21,12.33,12.33,12.33,12.33,-0.28,109.58,109.58,109.58,109.58,0
7/15/2024,134.95,134.85,134.85,134.85,0.82,84.85,85.1,85.37,84.42,-0.21,2.178,2.283,2.284,2.167,-6.56,104.19,104.08,104.32,104.03,0.09,1993,1993,1993,1993,-0.2,0.6759,0.6781,0.6791,0.6752,-0.35,67.58,69.58,69.58,67.1,-2.55,12.321,12.321,12.321,12.321,-0.07,109.67,109.67,109.67,109.67,0.08
7/16/2024,134.4,134.4,134.4,134.4,-0.41,83.73,84.78,84.86,83.3,-1.32,2.206,2.189,2.235,2.171,1.29,104.27,104.25,104.51,104.2,0.08,1942,1942,1942,1942,-2.56,0.6733,0.676,0.6766,0.6714,-0.38,67.94,67.85,68.27,67.16,0.53,12.3,12.3,12.3,12.3,-0.17,109.39,109.39,109.39,109.39,-0.26
7/17/2024,134.75,134.75,134.75,134.75,0.26,85.08,83.66,85.2,83.43,1.61,2.071,2.203,2.224,2.055,-6.12,103.75,104.22,104.29,103.65,-0.5,1890,1890,1890,1890,-2.68,0.6727,0.6734,0.6756,0.6721,-0.09,66.42,68.01,68.13,66.41,-2.24,12.09,12.09,12.09,12.09,-1.71,108.94,108.94,108.94,108.94,-0.41
7/18/2024,135,135,135,135,0.19,85.11,85.23,85.81,84.22,0.04,2.168,2.088,2.172,2.063,4.68,104.17,103.7,104.23,103.65,0.41,1912,1912,1912,1912,1.16,0.6705,0.6729,0.6745,0.6697,-0.33,66.11,66.43,66.98,66.01,-0.47,12.2,12.2,12.2,12.2,0.91,108.73,108.73,108.73,108.73,-0.19
7/19/2024,135.1,135.1,135.1,135.1,0.07,82.63,84.72,85.35,82.56,-2.91,2.165,2.128,2.179,2.095,-0.14,104.4,104.16,104.42,104.13,0.21,1902,1902,1902,1902,-0.52,0.6682,0.6705,0.671,0.668,-0.34,66,66.35,67.49,65.73,-0.17,12.115,12.115,12.115,12.115,-0.7,108.45,108.45,108.45,108.45,-0.26
7/22/2024,135,135,135,135,-0.07,82.4,82.8,83.22,81.6,-0.28,2.286,2.145,2.302,2.131,5.59,104.31,104.36,104.42,104.18,-0.08,1896,1896,1896,1896,-0.32,0.6642,0.6692,0.6704,0.6631,-0.6,64.79,66.28,66.73,64.25,-1.83,12.095,12.095,12.095,12.095,-0.17,108.16,108.16,108.16,108.16,-0.27
7/23/2024,134.7,134.7,134.7,134.7,-0.22,81.01,82.25,82.79,80.51,-1.69,2.224,2.279,2.29,2.16,-2.71,104.45,104.31,104.54,104.2,0.13,1869,1869,1869,1869,-1.42,0.6614,0.6645,0.6647,0.6611,-0.42,65.79,64.82,66.22,64.26,1.54,12.01,12.01,12.01,12.01,-0.7,107.79,107.79,107.79,107.79,-0.34
7/24/2024,134.75,134.75,134.75,134.75,0.04,81.71,81.46,82.23,80.93,0.86,2.158,2.19,2.208,2.139,-2.97,104.39,104.48,104.56,104.12,-0.06,1864,1864,1864,1864,-0.27,0.6581,0.6616,0.6618,0.6577,-0.5,68.9,65.79,69.02,65.55,4.73,12.235,12.235,12.235,12.235,1.87,107.47,107.47,107.47,107.47,-0.3
7/25/2024,134.75,134.75,134.75,134.75,0,82.37,81.58,82.53,80.09,0.81,2.072,2.161,2.193,2.064,-3.99,104.36,104.38,104.46,104.08,-0.03,1834,1834,1834,1834,-1.61,0.6538,0.6581,0.6583,0.6514,-0.65,67.08,68.91,68.91,66.65,-2.64,12.075,12.075,12.075,12.075,-1.31,107.14,107.14,107.14,107.14,-0.31
7/26/2024,134.8,134.8,134.8,134.8,0.04,81.13,82.4,82.71,80.33,-1.51,2.051,2.082,2.096,2.039,-1.01,104.32,104.36,104.45,104.21,-0.04,1808,1808,1808,1808,-1.42,0.6548,0.6537,0.657,0.6535,0.15,67.71,66.9,68.15,66.79,0.94,12.205,12.205,12.205,12.205,1.08,106.86,106.86,106.86,106.86,-0.26
7/29/2024,140.1,140.1,140.1,140.1,3.93,79.78,81.3,81.74,79.36,-1.66,2.036,2.053,2.102,1.999,-0.73,104.56,104.33,104.75,104.14,0.24,1797,1797,1797,1797,-0.61,0.6548,0.6553,0.657,0.6524,0,68.78,67.7,68.9,67.2,1.58,12.445,12.445,12.445,12.445,1.97,106.59,106.59,106.59,106.59,-0.25
7/30/2024,139.25,139.25,139.25,139.25,-0.61,78.63,79.64,79.99,78.43,-1.44,2.244,2.189,2.252,2.113,10.22,104.55,104.56,104.8,104.45,-0.01,1762,1762,1762,1762,-1.95,0.6537,0.6549,0.6564,0.6528,-0.17,68.58,68.67,69.29,67.47,-0.29,12.475,12.475,12.475,12.475,0.24,106.25,106.25,106.25,106.25,-0.32
7/31/2024,140.1,139.5,140.5,139.5,0.61,80.72,79.02,80.95,79.02,2.66,2.162,2.241,2.261,2.149,-3.65,104.1,104.43,104.53,103.93,-0.44,1708,1708,1708,1708,-3.06,0.654,0.6538,0.6557,0.6479,0.05,69.24,68.95,69.44,68.04,0.96,12.525,12.525,12.525,12.525,0.4,105.94,105.94,105.94,105.94,-0.29
8/1/2024,142.55,141,144,141,1.75,79.52,81.44,81.8,79.43,-1.49,2.096,2.158,2.243,2.093,-3.05,104.42,104.07,104.45,103.86,0.31,1668,1668,1668,1668,-2.34,0.6498,0.654,0.6561,0.6489,-0.64,71.17,69.55,71.5,68.83,2.79,12.49,12.49,12.49,12.49,-0.28,102.83,102.83,102.83,102.83,-2.94
8/2/2024,144.1,144.1,144.1,144.1,1.09,76.81,79.98,80.46,76.42,-3.41,2.078,2.114,2.147,2.041,-0.86,103.21,104.31,104.43,103.13,-1.16,1675,1675,1675,1675,0.42,0.6509,0.6502,0.6548,0.6486,0.17,70.44,71.18,71.31,69.45,-1.03,12.52,12.52,12.52,12.52,0.24,104,104,104,104,1.14
8/5/2024,143.7,143.7,143.7,143.7,-0.28,76.3,77.61,77.74,75.05,-0.66,2.045,2.069,2.083,1.991,-1.59,102.69,103.22,103.28,102.16,-0.5,1677,1677,1677,1677,0.12,0.6495,0.6516,0.6528,0.6348,-0.22,68.86,69.75,69.75,67.86,-2.24,12.445,12.445,12.445,12.445,-0.6,104.18,104.18,104.18,104.18,0.17
8/6/2024,145.5,145.5,145.5,145.5,1.25,76.48,77.45,77.85,75.58,0.24,2.121,2.058,2.14,2.015,3.72,102.97,102.78,103.22,102.7,0.27,1685,1685,1685,1685,0.48,0.6518,0.6498,0.6542,0.6472,0.35,69.92,69.28,70.39,69.07,1.54,12.51,12.51,12.51,12.51,0.52,102.86,102.86,102.86,102.86,-1.27
8/7/2024,145,145,145,145,-0.34,78.33,76.16,78.87,75.95,2.42,2.239,2.133,2.247,2.125,5.56,103.2,102.95,103.37,102.92,0.22,1698,1698,1698,1698,0.77,0.6517,0.6517,0.6576,0.6508,-0.02,70.57,69.96,71.43,69.1,0.93,12.535,12.535,12.535,12.535,0.2,101.71,101.71,101.71,101.71,-1.12
8/8/2024,145.5,145.5,145.5,145.5,0.34,79.16,78.55,79.37,77.63,1.06,2.27,2.228,2.321,2.161,1.38,103.21,103.09,103.55,102.92,0.01,1683,1683,1683,1683,-0.88,0.6592,0.6519,0.6595,0.6506,1.15,71.06,71.19,71.73,69.72,0.69,12.565,12.565,12.565,12.565,0.24,100.75,100.75,100.75,100.75,-0.94
8/9/2024,146,146,146,146,0.34,79.66,79.03,79.83,78.77,0.63,2.292,2.29,2.333,2.247,0.97,103.14,103.26,103.3,103.03,-0.07,1670,1670,1670,1670,-0.77,0.6572,0.6593,0.6607,0.6566,-0.3,70.14,71,71.86,69.61,-1.29,12.55,12.55,12.55,12.55,-0.12,101.26,101.26,101.26,101.26,0.51
8/12/2024,146.75,146.75,146.75,146.75,0.51,82.3,79.56,82.4,79.46,3.31,2.342,2.311,2.394,2.301,2.18,103.14,103.15,103.31,103.09,0,1655,1655,1655,1655,-0.9,0.6585,0.658,0.6607,0.6565,0.2,72.65,70.08,74.13,69.46,3.58,12.625,12.625,12.625,12.625,0.6,100.67,100.67,100.67,100.67,-0.58
8/13/2024,146.9,146.9,146.9,146.9,0.1,80.69,81.88,82.3,80.55,-1.96,2.28,2.324,2.373,2.267,-2.65,102.56,103.09,103.27,102.55,-0.56,1670,1670,1670,1670,0.91,0.6631,0.6587,0.6639,0.6578,0.7,71.29,72.14,73.06,71.14,-1.87,12.655,12.655,12.655,12.655,0.24,100.44,100.44,100.44,100.44,-0.23
8/14/2024,145.75,145.75,145.75,145.75,-0.78,79.76,81,81.44,79.6,-1.15,2.343,2.288,2.395,2.272,2.76,102.57,102.61,102.72,102.27,0.01,1728,1728,1728,1728,3.47,0.6596,0.6634,0.6644,0.6595,-0.53,71.87,71.35,72.44,71.26,0.81,12.72,12.72,12.72,12.72,0.51,99.2,99.2,99.2,99.2,-1.23
8/15/2024,150,150,150,150,2.92,81.04,79.96,81.43,79.61,1.6,2.332,2.345,2.421,2.317,-0.47,102.98,102.63,103.23,102.54,0.4,1692,1692,1692,1692,-2.08,0.6612,0.6597,0.6636,0.6571,0.24,72.11,71.98,72.23,70.48,0.33,12.778,12.778,12.778,12.778,0.46,98.55,98.55,98.55,98.55,-0.66
8/16/2024,146.75,146.75,146.75,146.75,-2.17,79.68,80.86,81.02,78.62,-1.68,2.247,2.341,2.343,2.237,-3.64,102.46,103.04,103.05,102.39,-0.5,1691,1691,1691,1691,-0.06,0.6666,0.6613,0.6672,0.6607,0.82,72.52,72.19,72.98,71.5,0.57,14.515,14.515,14.515,14.515,13.59,97.81,97.81,97.81,97.81,-0.75
8/19/2024,146.5,146.5,146.5,146.5,-0.17,77.66,79.6,79.81,77.48,-2.54,2.357,2.25,2.374,2.225,4.9,101.89,102.4,102.48,101.85,-0.56,1708,1708,1708,1708,1.01,0.6728,0.6669,0.6735,0.6661,0.93,73.14,72.5,73.8,72.01,0.85,14.465,14.465,14.465,14.465,-0.34,98.1,98.1,98.1,98.1,0.3
8/20/2024,146,148.25,148.25,148.25,-0.34,77.2,77.66,78.35,76.55,-0.59,2.33,2.367,2.401,2.301,-1.15,101.44,101.88,102.01,101.36,-0.44,1735,1735,1735,1735,1.58,0.6741,0.6729,0.6751,0.6713,0.19,73.07,72.94,74.75,72.65,-0.1,13.935,13.935,13.935,13.935,-3.66,97.99,97.99,97.99,97.99,-0.11
8/21/2024,145.9,145.9,145.9,145.9,-0.07,76.05,77.13,78.21,75.65,-1.49,2.314,2.333,2.364,2.271,-0.69,101.04,101.35,101.63,100.92,-0.4,1759,1759,1759,1759,1.38,0.6742,0.6745,0.6762,0.6731,0.01,72.14,73.29,73.83,71.68,-1.27,13.79,13.79,13.79,13.79,-1.04,98.38,98.38,98.38,98.38,0.4
8/22/2024,146.75,146.75,146.75,146.75,0.58,77.22,75.96,77.7,75.77,1.54,2.194,2.328,2.337,2.167,-5.19,101.51,101.13,101.63,101.09,0.46,1768,1768,1768,1768,0.51,0.6704,0.6746,0.6754,0.6697,-0.56,71.57,72.42,72.64,71.17,-0.79,13.75,13.75,13.75,13.75,-0.29,98.19,98.19,98.19,98.19,-0.19
8/23/2024,145.2,145.2,145.2,145.2,-1.06,79.02,77.25,79.27,77.03,2.33,2.18,2.201,2.211,2.154,-0.64,100.72,101.46,101.55,100.6,-0.78,1762,1762,1762,1762,-0.34,0.6792,0.6703,0.6799,0.6701,1.31,71.13,71.51,72.37,70.62,-0.61,13.82,13.82,13.82,13.82,0.51,98.05,98.05,98.05,98.05,-0.14
8/26/2024,145.7,145.7,145.7,145.7,0.34,81.43,79.35,81.58,79.24,3.05,2.13,2.16,2.186,2.114,-2.29,100.85,100.68,100.92,100.53,0.13,1762,1762,1762,1762,-0.34,0.6771,0.6786,0.6798,0.6766,-0.31,70.49,71.1,71.75,70.07,-0.9,13.82,13.82,13.82,13.82,0,98.3,98.3,98.3,98.3,0.25
8/27/2024,146,146,146,146,0.21,79.55,81.26,81.59,79.47,-2.31,2.085,2.123,2.126,2.045,-2.11,100.55,100.82,100.93,100.51,-0.3,1721,1721,1721,1721,-2.33,0.6792,0.6772,0.6797,0.6761,0.31,71.49,70.67,71.93,70.24,1.42,14.055,14.055,14.055,14.055,1.7,98.45,98.45,98.45,98.45,0.15
8/28/2024,145,145,145,145,-0.68,78.65,79.87,80.01,77.95,-1.13,2.097,2.085,2.14,2.021,0.58,101.09,100.55,101.18,100.55,0.54,1755,1755,1755,1755,1.98,0.6785,0.6793,0.6814,0.6764,-0.1,70.77,71.51,72.21,70.35,-1.01,14.065,14.065,14.065,14.065,0.07,98.51,98.51,98.51,98.51,0.06
8/29/2024,145,145,145,145,0,79.94,78.52,80.78,78.12,1.64,2.529,2.524,2.552,2.454,20.6,101.34,101,101.58,100.89,0.25,1827,1827,1827,1827,4.1,0.6797,0.6785,0.6825,0.678,0.18,71.06,70.65,71.23,70.08,0.41,14.01,14.01,14.01,14.01,-0.39,98.63,98.63,98.63,98.63,0.12
8/30/2024,146.2,146.2,146.2,146.2,0.83,78.8,79.92,80.6,78.57,-1.43,2.498,2.535,2.553,2.479,-1.23,101.7,101.38,101.78,101.25,0.35,1814,1814,1814,1814,-0.71,0.6764,0.6798,0.6818,0.6751,-0.49,70.3,71.09,71.45,69.96,-1.07,14.09,14.09,14.09,14.09,0.57,98.7,98.7,98.7,98.7,0.07
9/2/2024,143.9,143.9,143.9,143.9,-1.57,77.52,76.95,77.63,76.21,-1.62,2.498,2.535,2.553,2.479,-1.23,101.65,101.73,101.8,101.57,-0.04,1919,1919,1919,1919,5.79,0.679,0.6773,0.6796,0.6756,0.38,70.43,70.03,70.99,69.56,0.18,14.09,14.09,14.09,14.09,0.57,98.7,98.7,98.7,98.7,0.07
9/3/2024,142,142,142,142,-1.32,73.75,77.16,77.55,73.51,-4.86,2.55,2.512,2.571,2.439,2.08,101.82,101.66,101.92,101.56,0.17,1947,1947,1947,1947,1.46,0.6709,0.6791,0.6794,0.6707,-1.19,68.16,70.41,70.44,68.1,-3.22,13.825,13.825,13.825,13.825,-1.88,100.55,100.55,100.55,100.55,1.87
9/4/2024,139.5,139.5,139.5,139.5,-1.76,72.7,73.67,74.8,72.35,-1.42,2.506,2.541,2.612,2.499,-1.73,101.36,101.69,101.78,101.24,-0.46,1902,1902,1902,1902,-2.31,0.6724,0.6712,0.6751,0.6686,0.22,67,68.1,68.47,66.75,-1.7,13.785,13.785,13.785,13.785,-0.29,92.93,92.93,92.93,92.93,-7.58
9/5/2024,141,141,141,141,1.08,72.69,72.76,74.2,72.37,-0.01,2.579,2.503,2.614,2.482,2.91,101.11,101.28,101.37,100.96,-0.25,1919,1919,1919,1919,0.89,0.674,0.6725,0.6743,0.6713,0.24,66.2,66.79,67.68,65.95,-1.19,13.815,13.815,13.815,13.815,0.22,91.3,91.3,91.3,91.3,-1.75
9/6/2024,141.5,141.35,141.35,141.35,0.35,71.06,72.81,73.53,70.61,-2.24,2.597,2.58,2.615,2.561,0.7,101.18,101.06,101.39,100.58,0.07,1941,1941,1941,1941,1.15,0.667,0.6738,0.6768,0.6659,-1.04,66.5,66.1,67.74,66.04,0.45,13.79,13.79,13.79,13.79,-0.18,91.61,91.61,91.61,91.61,0.34
9/9/2024,141.65,141.65,141.65,141.65,0.11,71.84,71.66,72.21,70.65,1.1,2.527,2.557,2.581,2.506,-2.7,101.55,101.19,101.7,101.14,0.37,1958,1958,1958,1958,0.88,0.666,0.6666,0.669,0.6647,-0.15,66.52,66.5,67.45,66.06,0.03,13.78,13.78,13.78,13.78,-0.07,91.76,91.76,91.76,91.76,0.16
9/10/2024,138.75,139.5,139.5,139.5,-2.05,69.19,71.92,72.28,68.68,-3.69,2.545,2.516,2.58,2.497,0.71,101.63,101.64,101.77,101.54,0.08,1941,1941,1941,1941,-0.87,0.6651,0.6661,0.6678,0.6641,-0.14,64.92,66.27,67.18,64.76,-2.41,13.785,13.785,13.785,13.785,0.04,91.28,91.28,91.28,91.28,-0.52
9/11/2024,139,139,139,139,0.18,70.61,69.68,71.09,69,2.05,2.577,2.538,2.597,2.513,1.26,101.68,101.66,101.82,101.27,0.05,1963,1963,1963,1963,1.13,0.6672,0.6656,0.6677,0.6622,0.32,66.4,65.14,66.53,64.71,2.28,13.735,13.735,13.735,13.735,-0.36,92.3,92.3,92.3,92.3,1.12
9/12/2024,138.15,138.15,138.15,138.15,-0.61,71.97,70.6,72.87,70.59,1.93,2.633,2.583,2.666,2.533,2.17,101.37,101.78,101.84,101.22,-0.31,1927,1927,1927,1927,-1.83,0.6722,0.6675,0.6727,0.6657,0.75,65.45,66.08,66.43,65.11,-1.43,13.685,13.685,13.685,13.685,-0.36,93.06,93.06,93.06,93.06,0.82
9/13/2024,137.9,137.9,137.9,137.9,-0.18,71.61,72.3,73.24,71.46,-0.5,2.589,2.638,2.666,2.575,-1.67,101.11,101.2,101.2,100.88,-0.25,1890,1890,1890,1890,-1.92,0.6703,0.6722,0.6734,0.6692,-0.28,64.99,65.25,65.94,64.6,-0.7,13.674,13.674,13.674,13.674,-0.08,92.26,92.26,92.26,92.26,-0.86
9/16/2024,137.25,137.25,137.25,137.25,-0.47,72.75,72.09,73.39,71.52,1.59,2.639,2.58,2.656,2.547,1.93,100.76,101.04,101.1,100.59,-0.35,1896,1896,1896,1896,0.32,0.6751,0.6717,0.6755,0.6696,0.72,63.21,64.85,64.97,63.15,-2.74,13.13,13.13,13.13,13.13,-3.98,91.94,91.94,91.94,91.94,-0.35
9/17/2024,139.65,139,139,139,1.75,73.7,72.91,74.28,72.17,1.31,2.613,2.645,2.691,2.603,-0.99,100.89,100.76,101.03,100.57,0.13,1901,1901,1901,1901,0.26,0.6755,0.6753,0.677,0.6741,0.06,64.34,63.2,65.16,62.45,1.79,13.3,13.3,13.3,13.3,1.29,91.98,91.98,91.98,91.98,0.04
9/18/2024,139,139,139,139,-0.47,73.65,73.69,74.1,72.31,-0.07,2.565,2.606,2.656,2.56,-1.84,100.6,100.94,101.15,100.21,-0.3,1890,1890,1890,1890,-0.58,0.6763,0.6757,0.6821,0.6742,0.12,63.7,64.49,64.88,63.21,-0.99,13.22,13.22,13.22,13.22,-0.6,91.57,91.57,91.57,91.57,-0.45
9/19/2024,139.5,140,140,140,0.36,74.88,73.13,75.18,72.91,1.67,2.595,2.568,2.604,2.505,1.17,100.61,101.01,101.47,100.52,0.02,1976,1976,1976,1976,4.55,0.6814,0.6764,0.6841,0.6737,0.75,62.82,63.93,65.42,62.39,-1.38,12.83,12.83,12.83,12.83,-2.95,92.03,92.03,92.03,92.03,0.5
9/20/2024,139.5,139.5,139.5,139.5,0,74.49,74.77,75,74,-0.52,2.719,2.603,2.743,2.582,4.78,100.72,100.68,101.01,100.41,0.11,1977,1977,1977,1977,0.05,0.6806,0.6816,0.683,0.6783,-0.12,63.39,63.5,64.15,62.88,0.91,12.97,12.97,12.97,12.97,1.09,91.93,91.93,91.93,91.93,-0.11
9/23/2024,139.5,139.5,139.5,139.5,0,73.9,74.71,75.17,73.1,-0.79,2.854,2.735,2.874,2.728,4.97,100.85,100.74,101.23,100.71,0.13,1999,1999,1999,1999,1.11,0.6838,0.6802,0.6855,0.6792,0.47,64.1,63.7,64.72,63.34,1.12,13.205,13.205,13.205,13.205,1.81,91.6,91.6,91.6,91.6,-0.36
9/24/2024,139.5,139.5,139.5,139.5,0,75.17,74.13,75.87,73.95,1.72,2.791,2.861,2.895,2.776,-2.21,100.47,100.97,101.05,100.34,-0.38,2014,2014,2014,2014,0.75,0.6891,0.6839,0.6894,0.6814,0.78,63.87,64.21,64.93,63.53,-0.36,13.055,13.055,13.055,13.055,-1.14,91.88,91.88,91.88,91.88,0.31
9/25/2024,139.75,139.75,139.75,139.75,0.18,73.46,75.18,75.35,73.06,-2.27,2.817,2.814,2.887,2.795,0.93,100.91,100.28,100.99,100.22,0.44,2016,2016,2016,2016,0.1,0.6822,0.6893,0.6909,0.6818,-1,65.24,64.28,65.59,63.65,2.14,13.095,13.095,13.095,13.095,0.31,92.25,92.25,92.25,92.25,0.4
9/26/2024,139.6,139.6,139.6,139.6,-0.11,71.6,73.4,73.8,70.72,-2.53,2.753,2.829,2.883,2.731,-2.27,100.52,100.93,100.97,100.48,-0.39,2091,2091,2091,2091,3.72,0.6895,0.6824,0.6906,0.6818,1.07,66.52,65.25,66.75,64.34,1.96,13.19,13.19,13.19,13.19,0.73,92.54,92.54,92.54,92.54,0.31
9/27/2024,139.75,139.75,139.75,139.75,0.11,71.98,71.42,72.45,70.91,0.53,3.304,3.173,3.332,3.145,20.01,100.38,100.59,100.88,100.16,-0.14,2110,2110,2110,2110,0.91,0.6902,0.6896,0.6939,0.6868,0.1,66.33,66,66.46,65.28,-0.29,13.205,13.205,13.205,13.205,0.11,92.98,92.98,92.98,92.98,0.48
9/30/2024,145.1,149,149,145,3.83,71.77,72.5,73.17,71.26,-0.29,3.345,3.302,3.368,3.274,1.24,100.78,100.42,100.92,100.18,0.4,2084,2084,2084,2084,-1.23,0.6913,0.6912,0.6943,0.6895,0.16,65.56,66.46,66.97,65.13,-1.16,13.125,13.125,13.125,13.125,-0.61,93.83,93.83,93.83,93.83,0.91
10/1/2024,141.65,142.75,142.75,142.75,-2.38,73.56,71.85,75.45,69.91,2.49,3.288,3.33,3.338,3.253,-1.7,101.19,100.74,101.39,100.7,0.41,2030,2030,2030,2030,-2.59,0.6882,0.6913,0.6936,0.6856,-0.45,63.61,65.23,65.23,62.75,-2.97,13.175,13.175,13.175,13.175,0.38,108.74,108.74,108.74,108.74,15.89
10/2/2024,140.25,142.1,142.1,142.1,-0.99,73.9,74.47,76.14,73.59,0.46,3.297,3.288,3.378,3.272,0.27,101.68,101.24,101.69,101.16,0.48,1978,1978,1978,1978,-2.56,0.6884,0.6884,0.6917,0.6875,0.03,62.6,63.9,65.04,62.54,-1.59,13.09,13.09,13.09,13.09,-0.65,109.29,109.29,109.29,109.29,0.51
10/3/2024,140.8,140.8,140.8,140.8,0.39,77.62,74.59,77.99,74.31,5.03,3.369,3.329,3.387,3.303,2.18,101.99,101.64,102.1,101.63,0.31,1941,1941,1941,1941,-1.87,0.6839,0.6884,0.689,0.6829,-0.65,62.76,62.56,62.96,62.01,0.26,13.095,13.095,13.095,13.095,0.04,108.31,108.31,108.31,108.31,-0.9
10/4/2024,148.2,148.2,148.2,148.2,5.26,78.05,77.79,79.3,77.39,0.55,3.305,3.37,3.406,3.288,-1.9,102.52,101.91,102.69,101.81,0.52,1928,1928,1928,1928,-0.67,0.6794,0.6841,0.6854,0.6785,-0.66,62.05,62.04,62.57,61.41,-1.13,13.09,13.09,13.09,13.09,-0.04,108.84,108.84,108.84,108.84,0.49
10/7/2024,148.5,148.5,148.5,148.5,0.2,80.93,78.07,81.16,77.23,3.69,3.218,3.282,3.316,3.197,-2.63,102.54,102.49,102.62,102.37,0.02,1907,1907,1907,1907,-1.09,0.6757,0.6799,0.6813,0.6743,-0.54,61.76,61.52,62.5,60.06,-0.47,13.135,13.135,13.135,13.135,0.34,112.39,112.39,112.39,112.39,3.26
10/8/2024,147.8,147.8,147.8,147.8,-0.47,77.18,80.96,81.14,76.36,-4.63,3.199,3.202,3.23,3.162,-0.59,102.55,102.46,102.64,102.29,0.01,1860,1860,1860,1860,-2.46,0.6745,0.6758,0.677,0.6715,-0.18,60.29,61.92,61.92,60.07,-2.38,13.095,13.095,13.095,13.095,-0.3,106.3,106.3,106.3,106.3,-5.42
10/9/2024,145.45,145.45,145.45,145.45,-1.59,76.58,77.49,78.02,75.15,-0.78,3.116,3.176,3.185,3.084,-2.59,102.93,102.49,102.93,102.46,0.37,1799,1799,1799,1799,-3.28,0.6717,0.6747,0.6763,0.6707,-0.42,62.01,60.19,62.71,59.95,2.85,13.07,13.07,13.07,13.07,-0.19,106.53,106.53,106.53,106.53,0.22
10/10/2024,148,147,148.5,147,1.75,79.4,76.76,79.72,76.72,3.68,3.102,3.099,3.128,3.048,-0.45,102.99,102.88,103.18,102.72,0.06,1790,1790,1790,1790,-0.5,0.6739,0.6722,0.6744,0.671,0.33,65,62.52,65.21,62.04,4.82,13.075,13.075,13.075,13.075,0.04,105.81,105.81,105.81,105.81,-0.68
10/11/2024,146.7,148.05,148.05,148.05,-0.88,79.04,79.14,79.5,78.04,-0.45,3.047,3.115,3.146,3.03,-1.77,102.89,102.88,102.99,102.77,-0.1,1809,1809,1809,1809,1.06,0.675,0.674,0.6761,0.6724,0.16,64.62,64.9,65.09,63.75,-0.58,13.08,13.08,13.08,13.08,0.04,106.44,106.44,106.44,106.44,0.6
10/14/2024,148.2,148.2,148.2,148.2,1.02,77.46,78.55,78.55,74.86,-2,2.93,3.03,3.039,2.915,-3.84,103.3,102.92,103.36,102.93,0.4,1814,1814,1814,1814,0.28,0.6725,0.6738,0.6751,0.6702,-0.37,65.97,64.75,66.18,63.85,2.09,13.105,13.105,13.105,13.105,0.19,107.11,107.11,107.11,107.11,0.63
10/15/2024,146.05,146.05,146.05,146.05,-1.45,74.25,75.22,75.57,73.34,-4.14,2.944,2.922,3.001,2.882,0.48,103.26,103.21,103.35,103.03,-0.04,1766,1766,1766,1766,-2.65,0.6702,0.6726,0.6734,0.6698,-0.34,65.09,65.41,65.59,64.17,-1.33,13.109,13.109,13.109,13.109,0.03,106.63,106.63,106.63,106.63,-0.45
10/16/2024,145.95,145.95,145.95,145.95,-0.07,74.22,74.71,74.93,73.42,-0.04,2.841,2.937,2.942,2.83,-3.5,103.59,103.26,103.61,103.17,0.32,1676,1676,1676,1676,-5.1,0.6666,0.6704,0.6709,0.6658,-0.54,63.03,64.84,65.63,62.8,-3.16,13.465,13.465,13.465,13.465,2.72,106.2,106.2,106.2,106.2,-0.4
10/17/2024,145.75,145.75,145.75,145.75,-0.14,74.45,74.47,74.92,73.26,0.31,2.83,2.851,2.892,2.819,-0.39,103.82,103.56,103.87,103.44,0.23,1594,1594,1594,1594,-4.89,0.6696,0.6667,0.6712,0.6659,0.45,62.98,63.03,63.64,62.63,-0.08,13.495,13.495,13.495,13.495,0.22,105.36,105.36,105.36,105.36,-0.79
10/18/2024,145.4,145.4,145.4,145.4,-0.24,73.06,74.59,74.95,72.5,-1.87,2.765,2.829,2.842,2.762,-2.3,103.49,103.81,103.81,103.46,-0.32,1576,1576,1576,1576,-1.13,0.6706,0.6697,0.6721,0.6691,0.15,62.28,63,63.47,62.22,-1.11,13.275,13.275,13.275,13.275,-1.63,105.37,105.37,105.37,105.37,0.01
10/21/2024,145.6,145.6,145.6,145.6,0.14,74.29,73.11,74.57,72.8,1.68,2.807,2.74,2.862,2.712,1.52,104.01,103.46,104.02,103.42,0.5,1546,1546,1546,1546,-1.9,0.6658,0.6708,0.6725,0.6653,-0.72,61.76,62.45,62.95,61.36,-0.83,13.34,13.34,13.34,13.34,0.49,105.23,105.23,105.23,105.23,-0.13
10/22/2024,144.7,144.7,144.7,144.7,-0.62,76.04,74.23,76.32,73.57,2.36,2.895,2.85,2.92,2.787,3.14,104.07,103.97,104.13,103.82,0.06,1480,1480,1480,1480,-4.27,0.6681,0.6659,0.6696,0.665,0.35,62.25,61.9,62.56,61.29,0.79,13.525,13.525,13.525,13.525,1.39,104.94,104.94,104.94,104.94,-0.28
10/23/2024,145.25,145.25,145.25,145.25,0.38,74.96,75.73,76.05,74.42,-1.42,2.901,2.878,2.98,2.848,0.21,104.43,104.09,104.57,104.09,0.34,1445,1445,1445,1445,-2.36,0.6633,0.6683,0.6693,0.6614,-0.72,64.89,62.35,65.36,61.71,4.24,13.595,13.595,13.595,13.595,0.52,104.62,104.62,104.62,104.62,-0.3
10/24/2024,145.5,145.5,145.5,145.5,0.17,74.38,75.35,76.54,74,-0.77,3.018,2.952,3.062,2.903,4.03,104.06,104.43,104.46,104.01,-0.36,1417,1417,1417,1417,-1.94,0.664,0.6634,0.6663,0.6621,0.11,66.63,64.95,67.57,64.75,2.68,13.72,13.72,13.72,13.72,0.92,104.4,104.4,104.4,104.4,-0.21
10/25/2024,144.9,144.9,144.9,144.9,-0.41,76.05,74.66,76.14,74.17,2.25,3.092,3.017,3.101,2.967,2.45,104.26,104.04,104.34,103.93,0.19,1410,1410,1410,1410,-0.49,0.6603,0.6641,0.6647,0.6601,-0.56,66.97,66.61,67.36,66.08,0.51,13.795,13.795,13.795,13.795,0.55,104.23,104.23,104.23,104.23,-0.16
10/28/2024,144.5,143.75,143.75,143.75,-0.28,71.42,72.77,73.28,71.18,-6.09,2.863,3.044,3.044,2.801,-7.41,104.32,104.32,104.57,104.12,0.06,1382,1382,1382,1382,-1.99,0.6583,0.6619,0.6629,0.6579,-0.3,66.4,66.25,66.61,64.61,-0.85,13.755,13.755,13.755,13.755,-0.29,104.15,104.15,104.15,104.15,-0.08
10/29/2024,145.25,145.25,145.25,145.25,0.52,71.12,72,72.6,70.72,-0.42,2.859,2.841,2.908,2.794,-0.14,104.32,104.31,104.64,104.21,0,1402,1402,1402,1402,1.45,0.656,0.6584,0.6587,0.6545,-0.35,67.28,66.82,67.75,66.14,1.33,13.685,13.685,13.685,13.685,-0.51,104.09,104.09,104.09,104.09,-0.06
10/30/2024,145,144,144.05,144,-0.17,72.55,71.39,73.12,71.08,2.01,3.101,3.169,3.171,3.032,8.46,103.99,104.25,104.44,103.98,-0.31,1395,1395,1395,1395,-0.5,0.6571,0.6561,0.6598,0.6536,0.17,65.47,66.85,67.19,64.94,-2.69,13.52,13.52,13.52,13.52,-1.21,104.08,104.08,104.08,104.08,-0.01
10/31/2024,144.05,144.05,144.05,144.05,-0.66,73.16,72.85,73.38,72.2,0.84,2.968,3.073,3.087,2.958,-4.29,103.98,104.08,104.22,103.82,-0.02,1388,1388,1388,1388,-0.5,0.6581,0.6573,0.6585,0.6539,0.15,64.58,65.48,65.95,63.54,-1.36,13.62,13.62,13.62,13.62,0.74,103.78,103.78,103.78,103.78,-0.29
11/1/2024,143.95,144.15,144.15,144.15,-0.07,73.1,74.11,74.94,72.89,-0.08,2.936,2.965,2.983,2.908,-1.08,104.28,103.86,104.35,103.68,0.29,1378,1378,1378,1378,-0.72,0.6559,0.6583,0.6593,0.6554,-0.33,63.87,63.78,64.96,63.22,-1.1,13.475,13.475,13.475,13.475,-1.06,102.49,102.49,102.49,102.49,-1.24
11/4/2024,143.9,143.9,143.9,143.9,-0.03,75.08,74,75.4,73.88,2.71,3.036,2.849,3.053,2.8,3.41,103.89,104.32,103.97,103.58,-0.38,1374,1374,1374,1374,-0.29,0.6584,0.6579,0.6621,0.6572,0.38,65.22,64.09,65.89,64,2.11,13.475,13.475,13.475,13.475,0,103.91,103.91,103.91,103.91,1.39
11/5/2024,142.9,142.9,142.9,142.9,-0.69,75.53,75,76.24,74.9,0.6,2.936,3.042,3.07,2.915,-3.29,103.42,103.91,103.96,103.37,-0.44,1405,1405,1405,1405,2.26,0.6635,0.6586,0.6643,0.6578,0.77,64.3,65.46,65.69,64.1,-1.41,13.54,13.54,13.54,13.54,0.48,105.09,105.09,105.09,105.09,1.14
11/6/2024,141.1,141.1,141.1,141.1,-1.26,74.92,75.3,75.98,73.34,-0.81,3.007,2.948,3.05,2.921,2.42,105.09,103.7,105.44,103.7,1.61,1427,1427,1427,1427,1.57,0.6568,0.6638,0.6646,0.6512,-1.01,63.76,64,64.19,62.37,-0.84,13.495,13.495,13.495,13.495,-0.33,104.01,104.01,104.01,104.01,-1.03
11/7/2024,142.2,142.2,142.2,142.2,0.78,75.63,74.99,76.08,74.02,0.95,2.948,2.966,3.029,2.915,-1.96,104.51,105.15,105.25,104.19,-0.55,1451,1451,1451,1451,1.68,0.6678,0.6568,0.6689,0.6564,1.67,66.04,63.78,66.29,63.65,3.58,13.495,13.495,13.495,13.495,0,105.22,105.22,105.22,105.22,1.16
11/8/2024,143.35,143.35,143.35,143.35,0.81,73.87,75.55,75.61,73.44,-2.33,2.922,2.952,3.002,2.905,-0.88,105,104.45,105.21,104.34,0.47,1495,1495,1495,1495,3.03,0.658,0.6674,0.6682,0.6558,-1.47,68.02,66.25,68.28,65.96,3,13.55,13.55,13.55,13.55,0.41,103.82,103.82,103.82,103.82,-1.33
11/11/2024,142.25,142.25,142.25,142.25,-0.77,71.83,73.85,74.13,71.57,-2.76,3.126,3.013,3.169,3.009,6.98,105.54,104.95,105.71,104.93,0.52,1558,1558,1558,1558,4.21,0.6574,0.6594,0.6602,0.6562,-0.09,67.57,67.27,68.8,66.92,-0.66,13.55,13.55,13.55,13.55,0,103.1,103.1,103.1,103.1,-0.69
11/12/2024,142.25,142.25,142.25,142.25,0,71.89,71.97,72.82,71.55,0.08,3.133,3.155,3.216,3.081,0.22,106.02,105.49,106.18,105.49,0.46,1634,1634,1634,1634,4.88,0.6533,0.6575,0.6583,0.6513,-0.62,67.53,67.5,67.77,65.76,-0.06,13.565,13.565,13.565,13.565,0.11,102.96,102.96,102.96,102.96,-0.14
11/13/2024,141.5,141.5,141.5,141.5,-0.53,72.28,71.78,72.63,70.72,0.54,3.202,3.137,3.234,3.057,2.2,106.48,106.02,106.54,105.72,0.43,1630,1630,1630,1630,-0.24,0.6485,0.6535,0.6547,0.648,-0.73,66.31,67.12,67.24,65.39,-1.81,13.555,13.555,13.555,13.555,-0.07,102.88,102.88,102.88,102.88,-0.08
11/14/2024,141.5,141.5,141.5,141.5,0,72.56,72.12,73.22,71.79,0.39,3.054,3.201,3.201,3.036,-4.62,106.67,106.5,107.06,106.38,0.18,1692,1692,1692,1692,3.8,0.6452,0.6489,0.6499,0.644,-0.51,68.27,66.72,68.46,66.61,2.96,13.565,13.565,13.565,13.565,0.07,102.22,102.22,102.22,102.22,-0.64
11/15/2024,141.75,141.75,141.75,141.75,0.18,71.04,72.28,72.49,70.83,-2.09,3.096,3.037,3.113,2.975,1.38,106.69,106.9,106.96,106.33,0.01,1785,1785,1785,1785,5.5,0.6461,0.6453,0.6482,0.6442,0.14,68.01,68.25,68.8,66.75,-0.38,13.579,13.579,13.579,13.579,0.1,101.63,101.63,101.63,101.63,-0.58
11/18/2024,141.75,141.75,141.75,141.75,0,73.3,70.8,73.47,70.7,3.18,3.186,3.198,3.22,3.088,2.91,106.28,106.67,106.81,106.13,-0.39,1756,1756,1756,1756,-1.62,0.6507,0.6461,0.6512,0.6447,0.71,69.51,67.28,70.03,66.96,2.21,14.65,14.65,14.65,14.65,7.89,101.76,101.76,101.76,101.76,0.13
11/19/2024,141.25,141.25,141.25,141.25,-0.35,73.31,73.15,73.87,72.61,0.01,3.228,3.166,3.28,3.132,1.32,106.21,106.26,106.63,106.11,-0.06,1627,1627,1627,1627,-7.35,0.6531,0.6508,0.6535,0.6482,0.37,68.13,69.47,69.83,67.84,-1.99,14.4,14.4,14.4,14.4,-1.71,101.89,101.89,101.89,101.89,0.13
11/20/2024,141.5,141.5,141.5,141.5,0.18,72.81,73.38,73.94,72.7,-0.68,3.193,2.962,3.237,2.942,-1.08,106.68,106.12,106.92,106.11,0.45,1616,1616,1616,1616,-0.68,0.6503,0.6532,0.6546,0.6484,-0.43,68.38,68.02,69.4,67.89,0.37,14.66,14.66,14.66,14.66,1.81,101.95,101.95,101.95,101.95,0.06
11/21/2024,141.5,141.5,141.5,141.5,0,74.23,73.1,74.4,72.91,1.95,3.339,3.216,3.451,3.195,4.57,106.97,106.59,107.16,106.46,0.27,1576,1576,1576,1576,-2.48,0.6511,0.6502,0.6534,0.6497,0.12,69.99,68.46,70.78,68.45,2.35,15.075,15.075,15.075,15.075,2.83,102.02,102.02,102.02,102.02,0.07
11/22/2024,141.25,141.25,141.25,141.25,-0.18,75.17,74.29,75.41,73.43,1.27,3.129,3.39,3.563,3.071,-6.29,107.55,107.06,108.07,106.92,0.54,1537,1537,1537,1537,-2.47,0.6501,0.6512,0.6523,0.6471,-0.15,69.27,70.49,70.96,69.01,-1.03,14.785,14.785,14.785,14.785,-1.92,101.95,101.95,101.95,101.95,-0.07
11/25/2024,141,141,141,141,-0.18,73.01,75.38,75.38,72.84,-2.87,3.369,3.356,3.461,3.264,7.67,106.82,107.49,107.49,106.58,-0.69,1529,1529,1529,1529,-0.52,0.6502,0.6506,0.6551,0.6486,0.02,69.86,69.75,71.54,69.24,0.85,15.015,15.015,15.015,15.015,1.56,102.01,102.01,102.01,102.01,0.06
11/26/2024,141,141,141,141,0,72.81,72.85,74.36,72.09,-0.27,3.431,3.33,3.5,3.255,1.84,107.01,107.49,107.5,106.49,0.18,1581,1581,1581,1581,3.4,0.6472,0.6504,0.6508,0.6434,-0.46,69.23,69.7,69.75,68.25,-0.9,14.94,14.94,14.94,14.94,-0.5,102.06,102.06,102.06,102.06,0.05
11/27/2024,140.7,140.7,140.7,140.7,-0.21,72.83,72.88,73.37,72.27,0.03,3.204,3.468,3.47,3.189,-6.62,106.08,106.82,106.92,105.86,-0.87,1509,1509,1509,1509,-4.55,0.6495,0.6475,0.6502,0.6464,0.36,68.47,69.24,69.38,67.7,-1.1,15.02,15.02,15.02,15.02,0.54,102.17,102.17,102.17,102.17,0.11
11/28/2024,140.7,140.7,140.7,140.7,0,73.28,72.87,73.49,72.38,0.62,3.204,3.468,3.47,3.189,-6.62,106.14,106.16,106.42,106.1,0.05,1419,1419,1419,1419,-5.96,0.6499,0.6497,0.6511,0.6477,0.06,67.63,68.13,68.91,67.53,-1.23,15.02,15.02,15.02,15.02,0.54,102.17,102.17,102.17,102.17,0.11
11/29/2024,141.5,141.5,141.5,141.5,0.57,72.94,73.11,73.47,72.56,-0.46,3.363,3.195,3.384,3.175,4.96,105.74,105.95,106.13,105.61,-0.38,1354,1354,1354,1354,-4.58,0.651,0.6499,0.6529,0.6492,0.17,68.4,67.85,68.54,67.13,1.14,14.925,14.925,14.925,14.925,-0.63,102.44,102.44,102.44,102.44,0.26
12/2/2024,135,136,136.05,136,-4.59,71.83,72,72.89,71.52,-1.52,3.213,3.22,3.279,3.148,-4.46,106.45,105.83,106.73,105.82,0.67,1298,1298,1298,1298,-4.14,0.6471,0.6516,0.6527,0.6443,-0.6,68.83,68.55,70.14,68.1,0.63,15.115,15.115,15.115,15.115,1.27,105.32,105.32,105.32,105.32,2.81
12/3/2024,134.8,134.8,134.8,134.8,-0.15,73.62,71.93,73.93,71.68,2.49,3.042,3.207,3.217,3.03,-5.32,106.36,106.48,106.6,106.09,-0.08,1237,1237,1237,1237,-4.7,0.6483,0.6474,0.6506,0.6455,0.19,68.49,68.9,69.25,67.85,-0.49,15.125,15.125,15.125,15.125,0.07,106.08,106.08,106.08,106.08,0.72
12/4/2024,133.4,133.4,133.4,133.4,-1.04,72.31,73.62,74.28,72.25,-1.78,3.043,3.048,3.088,2.977,0.03,106.32,106.43,106.72,106.09,-0.04,1180,1180,1180,1180,-4.61,0.6428,0.6486,0.649,0.6399,-0.85,67.86,68.01,68.28,67.28,-0.92,15.075,15.075,15.075,15.075,-0.33,106.29,106.29,106.29,106.29,0.2
12/5/2024,133.25,133,133,133,-0.11,72.09,72.52,72.92,71.8,-0.3,3.079,3.071,3.155,3.035,1.18,105.71,106.34,106.37,105.7,-0.57,1160,1160,1160,1160,-1.69,0.645,0.643,0.6456,0.6421,0.34,67.34,67.81,68.69,66.91,-0.77,15.065,15.065,15.065,15.065,-0.07,106.29,106.29,106.29,106.29,0
12/6/2024,133.25,133.25,133.25,133.25,0,71.12,72.12,72.19,70.85,-1.35,3.076,3.087,3.108,3.004,-0.1,106.06,105.79,106.16,105.42,0.32,1167,1167,1167,1167,0.6,0.6389,0.6453,0.6457,0.6372,-0.95,68.31,67.25,68.74,66.92,1.44,15.075,15.075,15.075,15.075,0.07,106.29,106.29,106.29,106.29,0
12/9/2024,133.75,133.75,133.75,133.75,0.38,72.14,70.92,72.65,70.92,1.43,3.182,3.26,3.324,3.137,3.45,106.14,105.97,106.21,105.8,0.08,1168,1168,1168,1168,0.09,0.6437,0.6392,0.6473,0.6379,0.75,66.37,68.55,68.7,65.93,-2.84,15.06,15.06,15.06,15.06,-0.1,106.34,106.34,106.34,106.34,0.05
12/10/2024,133.45,133.45,133.45,133.45,-0.22,72.19,71.94,72.72,71.53,0.07,3.163,3.189,3.193,3.069,-0.6,106.4,106.18,106.64,106.04,0.24,1156,1156,1156,1156,-1.03,0.6375,0.644,0.6444,0.6365,-0.96,68.89,66.86,69.37,66.86,3.8,15.02,15.02,15.02,15.02,-0.27,105.63,105.63,105.63,105.63,-0.67
12/11/2024,133.75,133.75,133.75,133.75,0.22,73.52,72.15,73.75,72.15,1.84,3.378,3.193,3.404,3.181,6.8,106.71,106.37,106.81,106.27,0.29,1106,1106,1106,1106,-4.33,0.6368,0.6378,0.6391,0.6336,-0.11,69.36,68.75,70.16,68.68,0.68,15,15,15,15,-0.13,105.52,105.52,105.52,105.52,-0.1
12/12/2024,132.5,132.5,132.5,132.5,-0.93,73.41,73.6,74,72.42,-0.15,3.455,3.364,3.559,3.282,2.28,106.96,106.57,107.04,106.35,0.23,1055,1055,1055,1055,-4.61,0.6367,0.6369,0.6431,0.6361,-0.02,66.81,69.23,69.43,66.28,-3.68,14.95,14.95,14.95,14.95,-0.33,105.49,105.49,105.49,105.49,-0.03
12/13/2024,130.75,130.75,130.75,130.75,-1.32,74.49,73.33,74.59,73.3,1.47,3.28,3.458,3.489,3.264,-5.07,107,106.97,107.19,106.72,0.04,1051,1051,1051,1051,-0.38,0.6361,0.6369,0.6384,0.6352,-0.09,65.11,66.64,67.29,64.82,-2.54,14.877,14.877,14.877,14.877,-0.49,105.31,105.31,105.31,105.31,-0.17
12/16/2024,129.25,129.25,129.25,129.25,-1.15,73.91,74.6,74.6,73.7,-0.78,2.702,2.71,2.727,2.672,-17.62,106.86,106.94,107.17,106.75,-0.14,1071,1071,1071,1071,1.9,0.637,0.636,0.6384,0.6345,0.14,63.97,64.67,64.81,63.52,-1.75,12.765,12.765,12.765,12.765,-14.2,105.41,105.41,105.41,105.41,0.09
12/17/2024,129,129,129,129,-0.19,73.19,73.91,74.18,72.48,-0.97,3.08,3.03,3.147,2.919,13.99,106.96,106.82,107.08,106.7,0.09,1053,1053,1053,1053,-1.68,0.6336,0.6369,0.6379,0.6331,-0.53,62.96,63.66,64.46,62.89,-1.58,13.32,13.32,13.32,13.32,4.35,105.58,105.58,105.58,105.58,0.16
12/18/2024,128.25,128,128.05,128,-0.58,73.39,73.26,74.2,72.8,0.27,3.115,3.123,3.175,3.084,1.14,108.03,106.93,108.27,106.82,1,1028,1028,1028,1028,-2.37,0.6217,0.6339,0.6341,0.6214,-1.88,63.6,63.12,64.27,62.98,1.02,13.005,13.005,13.005,13.005,-2.36,104.73,104.73,104.73,104.73,-0.81
12/19/2024,127.1,128,128,128,-0.9,72.88,72.91,73.86,72.53,-0.69,3.296,3.135,3.338,3.126,5.81,108.41,108.1,108.49,107.82,0.35,976,976,976,976,-5.06,0.6236,0.6218,0.6266,0.6198,0.31,66.36,64.1,66.65,63.59,4.34,13.46,13.46,13.46,13.46,3.5,104.08,104.08,104.08,104.08,-0.62
12/20/2024,127.4,127.4,127.4,127.4,0.24,72.94,72.57,73.29,72,0.08,3.412,3.327,3.457,3.264,3.52,107.62,108.48,108.54,107.59,-0.73,990,990,990,990,1.43,0.625,0.624,0.6276,0.6214,0.22,66.85,67,67,66.1,0.74,13.665,13.665,13.665,13.665,1.52,103.84,103.84,103.84,103.84,-0.23
12/23/2024,126.75,126.75,126.75,126.75,-0.51,72.63,72.86,73.38,71.98,-0.43,3.656,3.869,3.944,3.581,7.15,108.04,107.82,108.28,107.68,0.39,994,994,994,994,0.4,0.6246,0.6266,0.6271,0.6219,-0.06,68.29,66.38,68.74,66.36,2.15,13.985,13.985,13.985,13.985,2.34,103.84,103.84,103.84,103.84,0
12/24/2024,126.75,126.75,126.75,126.75,0,73.58,72.96,73.81,72.79,1.31,3.946,3.695,3.958,3.666,7.93,108.2,108.16,108.3,107.92,0.15,997,997,997,997,0.3,0.6236,0.6249,0.6254,0.6224,-0.16,68.08,68.13,68.57,67.78,-0.31,13.965,13.965,13.965,13.965,-0.14,104.08,104.08,104.08,104.08,0.23
12/26/2024,126.75,126.75,126.75,126.75,0,73.26,73.77,74.17,72.99,-0.43,3.715,3.97,4.01,3.652,-5.85,108.13,108.17,108.3,108.03,-0.07,997,997,997,997,0.3,0.622,0.6236,0.6256,0.6216,-0.27,68.08,68.13,68.57,67.78,-0.31,13.965,13.965,13.965,13.965,0,104.08,104.08,104.08,104.08,0
12/27/2024,126.75,126.75,126.75,126.75,0,74.17,73.16,74.29,73.05,1.24,3.514,3.707,3.887,3.37,-5.41,108,108.08,108.2,107.87,-0.12,997,997,997,997,0.3,0.6215,0.6221,0.6229,0.62,-0.08,70.15,68.97,70.38,68.76,3.04,14.29,14.29,14.29,14.29,2.33,103.9,103.9,103.9,103.9,-0.17
12/30/2024,124.55,124,124,124,-1.74,74.39,73.81,74.63,73.8,0.3,3.936,3.657,4.201,3.648,12.01,108.13,108.01,108.38,107.74,0.12,997,997,997,997,0.3,0.6218,0.621,0.6248,0.6202,0.05,70.58,69.53,70.64,69.05,0.61,14.155,14.155,14.155,14.155,-0.94,103.78,103.78,103.78,103.78,-0.12
12/31/2024,125.25,123,126.5,123,0.56,74.64,74.25,74.89,73.84,0.34,3.633,3.915,4.012,3.577,-7.7,108.49,108.09,108.58,107.87,0.33,997,997,997,997,0.3,0.6187,0.6221,0.6233,0.6179,-0.5,71.57,70.88,72.09,70.88,1.4,14.24,14.24,14.24,14.24,0.6,103.61,103.61,103.61,103.61,-0.16
1/2/2025,124.6,124.6,124.6,124.6,-0.52,75.93,74.93,76.55,74.72,1.73,3.66,3.656,3.801,3.541,0.74,109.39,108.53,109.53,108.27,0.84,1029,1029,1029,1029,3.21,0.6203,0.6187,0.6224,0.6183,0.21,73.74,72.46,73.86,70.84,3.03,14.38,14.38,14.38,14.38,0.98,100.61,100.61,100.61,100.61,-2.9
1/3/2025,123.5,123.5,123.5,123.5,-0.88,76.51,75.98,76.73,75.53,0.76,3.354,3.669,3.68,3.33,-8.36,108.95,109.2,109.22,108.9,-0.4,1072,1072,1072,1072,4.18,0.6212,0.6205,0.6227,0.6198,0.15,74.45,73.94,74.7,73.61,0.96,14.36,14.36,14.36,14.36,-0.14,99.44,99.44,99.44,99.44,-1.16
1/6/2025,119.75,122,122,121,-3.04,76.3,76.58,77.5,75.94,-0.27,3.672,3.554,3.726,3.502,9.48,108.26,108.92,109.07,107.75,-0.64,1043,1043,1043,1043,-2.71,0.6243,0.6215,0.6304,0.6205,0.5,72.87,73.99,73.99,72.48,-2.12,14.285,14.285,14.285,14.285,-0.52,99.44,99.44,99.44,99.44,0
1/7/2025,118.3,119.25,119.25,118.5,-1.21,77.05,76.18,77.3,75.91,0.98,3.449,3.705,3.738,3.427,-6.07,108.54,108.34,108.7,107.85,0.26,1015,1015,1015,1015,-2.68,0.6229,0.6247,0.629,0.6228,-0.22,72.56,72.34,73.01,71.52,-0.43,14.27,14.27,14.27,14.27,-0.11,97.84,97.84,97.84,97.84,-1.61
1/8/2025,117.45,117.45,117.45,117.45,-0.72,76.16,77.3,77.89,76.04,-1.16,3.651,3.448,3.694,3.427,5.86,109.09,108.62,109.38,108.55,0.5,966,966,966,966,-4.83,0.6215,0.6231,0.6244,0.6187,-0.22,70.7,72.62,72.68,70.64,-2.56,14.225,14.225,14.225,14.225,-0.32,97.74,97.74,97.74,97.74,-0.1
1/9/2025,115.75,115.75,115.75,115.75,-1.45,76.92,76.18,77.27,75.68,1,3.701,3.682,3.83,3.552,1.37,109.18,109.08,109.38,108.94,0.08,969,969,969,969,0.31,0.6193,0.6215,0.6218,0.6172,-0.35,71.98,71,72.19,70.1,1.81,14.19,14.19,14.19,14.19,-0.25,98.09,98.09,98.09,98.09,0.36
1/10/2025,113.5,113.5,113.5,113.5,-1.94,79.76,77.26,80.75,77.03,3.69,3.989,3.709,4.018,3.685,7.78,109.65,109.23,109.97,109.08,0.43,1048,1048,1048,1048,8.15,0.6145,0.6199,0.6207,0.6139,-0.78,73.34,71.68,73.6,71.06,1.89,14.155,14.155,14.155,14.155,-0.25,98.09,98.09,98.09,98.09,0
1/13/2025,114.5,114.5,115,114,0.88,81.01,79.76,81.68,79.76,1.57,3.934,4.347,4.369,3.845,-1.38,109.96,109.64,110.18,109.35,0.28,1093,1093,1093,1093,4.29,0.6177,0.615,0.6179,0.6131,0.52,75.34,74,75.35,74,2.73,14.14,14.14,14.14,14.14,-0.11,98.72,98.72,98.72,98.72,0.64
1/14/2025,115.4,115,115.25,115,0.79,79.92,80.92,81.15,79.87,-1.35,3.968,3.93,4.059,3.736,0.86,109.27,109.57,109.76,109.18,-0.62,1080,1080,1080,1080,-1.19,0.6192,0.6178,0.6209,0.6165,0.24,75.36,75.22,75.59,74.24,0.03,14.135,14.135,14.135,14.135,-0.04,99.99,99.99,99.99,99.99,1.29
1/15/2025,114.45,114.45,114.45,114.45,-0.82,82.03,80.29,82.63,79.62,2.64,4.083,3.955,4.141,3.859,2.9,109.09,109.23,109.38,108.6,-0.17,1063,1063,1063,1063,-1.57,0.6226,0.6195,0.6248,0.6181,0.55,76.34,76.15,77.22,76.15,1.3,14.129,14.129,14.129,14.129,-0.04,100.2,100.2,100.2,100.2,0.21
1/16/2025,114.7,115.5,115.5,115.25,0.22,81.29,82.42,82.57,80.39,-0.9,4.258,4.13,4.328,4.018,4.29,108.96,109.07,109.38,108.83,-0.12,1023,1023,1023,1023,-3.76,0.6212,0.6227,0.6245,0.6192,-0.22,76.69,75.93,76.75,75.81,0.46,13.745,13.745,13.745,13.745,-2.72,100.49,100.49,100.49,100.49,0.29
1/17/2025,117.25,117.25,117.25,117.25,2.22,80.79,81.44,81.93,80.5,-0.62,3.948,4.28,4.308,3.91,-7.28,109.35,108.93,109.42,108.83,0.36,987,987,987,987,-3.52,0.619,0.6213,0.6229,0.6164,-0.35,77.6,76.23,78.57,76.23,1.19,13.78,13.78,13.78,13.78,0.25,101.21,101.21,101.21,101.21,0.72
1/20/2025,118.15,115.5,115.5,115.5,0.77,79.1,79.72,79.99,78.43,-2.09,3.948,4.28,4.308,3.91,-7.28,109.35,109.4,109.47,107.92,0,957,957,957,957,-3.04,0.6274,0.62,0.6288,0.6189,1.36,78.32,77.4,78.37,76.93,0.93,13.78,13.78,13.78,13.78,0.25,101.21,101.21,101.21,101.21,0.72
1/21/2025,117.75,118.5,118.5,117.5,-0.34,78.4,78.78,79.37,77.66,-0.88,3.343,3.392,3.466,3.334,-15.32,108.06,107.98,108.79,107.92,-1.18,928,928,928,928,-3.03,0.6271,0.6276,0.629,0.6209,-0.05,78.6,78.3,78.68,76.33,0.36,14.41,14.41,14.41,14.41,4.57,101.21,101.21,101.21,101.21,0
1/22/2025,116.75,116.75,116.75,116.75,-0.85,78.15,78.47,78.91,77.95,-0.32,3.506,3.371,3.532,3.321,4.88,108.17,107.99,108.28,107.75,0.1,893,893,893,893,-3.77,0.6273,0.6275,0.6297,0.6253,0.03,77.29,78.29,78.29,76.87,-1.67,14.115,14.115,14.115,14.115,-2.05,101.4,101.4,101.4,101.4,0.19
1/23/2025,116.5,116.5,116.5,116.5,-0.21,77.56,78.01,78.8,77.12,-0.75,3.945,4.001,4.048,3.861,12.52,108.05,108.25,108.51,107.92,-0.11,824,824,824,824,-7.73,0.6285,0.6274,0.6301,0.6255,0.19,79.06,77.7,80.05,77.7,2.29,13.975,13.975,13.975,13.975,-0.99,101.34,101.34,101.34,101.34,-0.06
1/24/2025,116.35,116.35,116.35,116.35,-0.13,77.55,77.17,78.08,76.92,-0.01,4.027,3.933,4.05,3.808,2.08,107.44,108.09,108.19,107.22,-0.56,778,778,778,778,-5.58,0.6309,0.6286,0.6332,0.6278,0.38,79.95,79.38,80,78.3,1.13,14.11,14.11,14.11,14.11,0.97,101.34,101.34,101.34,101.34,0
1/27/2025,114.55,114.55,114.55,114.55,-1.55,77.08,78.34,79,76.3,-0.61,3.697,3.785,3.827,3.609,-8.19,107.34,107.46,107.81,106.97,-0.09,761,761,761,761,-2.19,0.6291,0.6321,0.6324,0.6275,-0.29,77.65,79.41,79.43,77.54,-2.88,14.02,14.02,14.02,14.02,-0.64,101.34,101.34,101.34,101.34,0
1/28/2025,115.05,115.05,115.05,115.05,0.44,77.49,77.01,78.18,76.85,0.53,3.471,3.699,3.72,3.361,-6.11,107.87,107.71,108.05,107.69,0.49,746,746,746,746,-1.97,0.6251,0.6293,0.6295,0.6237,-0.64,78.55,77.5,78.66,77.15,1.16,13.985,13.985,13.985,13.985,-0.25,101.3,101.3,101.3,101.3,-0.04
1/29/2025,114.8,114.8,114.8,114.8,-0.22,76.58,77.62,77.7,76.31,-1.17,3.535,3.335,3.588,3.313,1.84,108,107.89,108.29,107.75,0.12,726,726,726,726,-2.68,0.623,0.6254,0.6257,0.621,-0.34,81.18,79.37,81.93,79.34,3.35,14.295,14.295,14.295,14.295,2.22,101.33,101.33,101.33,101.33,0.03
1/30/2025,114.85,114.85,114.85,114.85,0.04,76.87,76.77,77.63,76,0.38,3.047,3.175,3.24,3.035,-13.8,107.8,107.86,108.24,107.5,-0.19,715,715,715,715,-1.52,0.6207,0.623,0.6245,0.6199,-0.37,80.91,81.04,82.67,80.57,-0.33,14.225,14.225,14.225,14.225,-0.49,101.33,101.33,101.33,101.33,0
1/31/2025,115.5,115.5,115.5,115.5,0.57,76.76,77.25,77.51,76.48,-0.14,3.044,3.081,3.118,2.99,-0.1,108.37,108.16,108.57,107.79,0.53,735,735,735,735,2.8,0.6211,0.621,0.6264,0.6202,0.06,82.19,81.41,82.6,81.08,1.58,14.44,14.44,14.44,14.44,1.51,101.59,101.59,101.59,101.59,0.26
2/3/2025,115.65,114.5,116,114.5,0.13,75.96,76.79,77.34,75.04,-1.04,3.352,3.23,3.407,3.23,10.12,108.99,108.5,109.88,108.34,0.57,738,738,738,738,0.41,0.6226,0.6211,0.6238,0.6087,0.24,79.3,81.73,81.73,78.5,-3.52,14.405,14.405,14.405,14.405,-0.24,105.02,105.02,105.02,105.02,3.38
2/4/2025,112.5,112.25,112.25,112.25,-2.72,76.2,75.4,76.66,74.15,0.32,3.253,3.327,3.35,3.168,-2.95,107.96,108.68,109.04,107.92,-0.95,753,753,753,753,2.03,0.6253,0.6226,0.6263,0.617,0.43,79.23,79.39,80,78.06,-0.09,14.495,14.495,14.495,14.495,0.62,105.4,105.4,105.4,105.4,0.36
2/5/2025,111.25,111.9,111.9,111.9,-1.11,74.61,76.21,76.34,74.56,-2.09,3.36,3.229,3.375,3.161,3.29,107.58,108.05,108.05,107.3,-0.35,771,771,771,771,2.39,0.6285,0.625,0.6298,0.624,0.51,79.49,79.08,80.87,78.28,0.33,14.43,14.43,14.43,14.43,-0.45,104.81,104.81,104.81,104.81,-0.56
2/6/2025,108.95,109,109,109,-2.07,74.29,74.71,75.4,74.1,-0.43,3.408,3.355,3.434,3.303,1.43,107.69,107.62,108.1,107.54,0.1,793,793,793,793,2.85,0.6283,0.6285,0.629,0.6254,-0.03,80.3,79.36,81.06,79.32,1.02,14.515,14.515,14.515,14.515,0.59,106.23,106.23,106.23,106.23,1.35
2/7/2025,107.25,107.25,107.25,107.25,-1.56,74.66,74.31,75.12,74.26,0.5,3.309,3.38,3.435,3.296,-2.9,108.04,107.7,108.32,107.52,0.33,815,815,815,815,2.77,0.6271,0.628,0.6301,0.6253,-0.19,80.65,80.15,81,79.7,0.44,14.725,14.725,14.725,14.725,1.45,106.37,106.37,106.37,106.37,0.13
2/10/2025,105.65,105.65,105.65,105.65,-1.49,75.87,74.59,76.23,74.51,1.62,3.444,3.406,3.487,3.352,4.08,108.32,108.1,108.44,108.09,0.26,809,809,809,809,-0.74,0.6275,0.6271,0.6289,0.6231,0.06,81.29,81.53,82.55,81.2,0.79,14.79,14.79,14.79,14.79,0.44,106.97,106.97,106.97,106.97,0.56
2/11/2025,104.75,104.75,104.75,104.75,-0.85,77,75.94,77.29,75.9,1.49,3.519,3.442,3.576,3.431,2.18,107.96,108.34,108.46,107.78,-0.33,801,801,801,801,-0.99,0.6294,0.6278,0.6303,0.626,0.3,80.92,80.61,82.16,80.07,-0.46,14.89,14.89,14.89,14.89,0.68,106.32,106.32,106.32,106.32,-0.61
2/12/2025,104.5,104.5,104.5,104.5,-0.24,75.18,76.82,76.91,74.92,-2.36,3.565,3.51,3.583,3.469,1.31,107.94,108.01,108.52,107.63,-0.02,776,776,776,776,-3.12,0.6279,0.6295,0.6311,0.6235,-0.24,78.64,80.3,80.3,78.5,-2.82,14.92,14.92,14.92,14.92,0.2,107.26,107.26,107.26,107.26,0.88
2/13/2025,104.3,104.3,104.3,104.3,-0.19,75.02,74.97,75.37,74.06,-0.21,3.628,3.591,3.786,3.583,1.77,107.31,107.92,108,107.03,-0.58,780,780,780,780,0.52,0.6315,0.6286,0.6324,0.6254,0.57,76.44,78.01,78.33,76.35,-2.8,14.935,14.935,14.935,14.935,0.1,106.77,106.77,106.77,106.77,-0.46
2/14/2025,102.75,102.75,102.75,102.75,-1.49,74.74,75,75.85,74.53,-0.37,3.725,3.65,3.801,3.635,2.67,106.71,107.12,107.18,106.57,-0.56,792,792,792,792,1.54,0.635,0.6318,0.6369,0.631,0.55,78.12,75.81,78.18,75.74,2.2,14.95,14.95,14.95,14.95,0.1,106.83,106.83,106.83,106.83,0.06
2/17/2025,102,102,102,102,-0.73,74.93,74.36,75.07,73.91,0.25,3.725,3.65,3.801,3.635,2.67,106.57,106.79,106.9,106.57,-0.13,806,806,806,806,1.77,0.6353,0.6357,0.6376,0.6344,0.05,75.61,77.67,77.7,75.26,-3.21,14.95,14.95,14.95,14.95,0.1,106.83,106.83,106.83,106.83,0.06
2/18/2025,100.85,100.85,100.85,100.85,-1.13,75.43,74.95,75.67,74.59,0.67,3.977,3.61,3.981,3.557,6.77,107.05,106.82,107.12,106.81,0.45,841,841,841,841,4.34,0.635,0.6355,0.6369,0.6334,-0.05,74.16,75.4,75.75,73.09,-1.92,14.55,14.55,14.55,14.55,-2.68,106.74,106.74,106.74,106.74,-0.08
2/19/2025,103.5,103.5,103.5,103.5,2.63,75.67,75.44,76.4,75.38,0.32,4.205,3.974,4.289,3.911,5.73,107.17,107.03,107.38,106.88,0.11,904,904,904,904,7.49,0.6344,0.6353,0.6372,0.6336,-0.09,72.47,74.39,74.67,72.15,-2.28,14.115,14.115,14.115,14.115,-2.99,106.76,106.76,106.76,106.76,0.02
2/20/2025,103.5,103.5,103.5,103.5,0,76.05,75.68,76.71,75.36,0.5,4.152,4.381,4.476,4.034,-1.26,106.37,107.12,107.15,106.33,-0.75,941,941,941,941,4.09,0.6398,0.6345,0.6405,0.6327,0.85,71.13,71.95,72.17,70.82,-1.85,14.25,14.25,14.25,14.25,0.96,107,107,107,107,0.22
2/21/2025,102,102,102,102,-1.45,74.05,76.21,76.32,73.8,-2.63,4.234,4.174,4.444,4.148,1.97,106.61,106.46,106.75,106.38,0.23,981,981,981,981,4.25,0.6355,0.6399,0.641,0.6351,-0.67,72.37,71.22,73.25,71.22,1.74,14.175,14.175,14.175,14.175,-0.53,107.13,107.13,107.13,107.13,0.12
2/24/2025,102.25,102.25,102.25,102.25,0.25,74.31,73.76,74.5,73.71,0.35,3.994,4.065,4.09,3.906,-5.67,106.6,106.64,106.75,106.13,-0.02,1002,1002,1002,1002,2.14,0.6348,0.6354,0.6393,0.6344,-0.11,72.14,72.78,72.79,70.69,-0.32,14.335,14.335,14.335,14.335,1.13,107.19,107.19,107.19,107.19,0.06
2/25/2025,102,102,102,102,-0.24,73.02,74.74,75.26,72.7,-1.74,4.174,3.987,4.186,3.935,4.51,106.31,106.77,106.79,106.19,-0.27,1039,1039,1039,1039,3.69,0.6343,0.635,0.6358,0.6321,-0.08,70.26,72.06,72.07,69.68,-2.61,13.855,13.855,13.855,13.855,-3.35,107.17,107.17,107.17,107.17,-0.02
2/26/2025,102.4,102.4,102.4,102.4,0.39,72.53,73.16,73.34,72.39,-0.67,3.906,4.13,4.212,3.86,-6.42,106.42,106.17,106.65,106.16,0.1,1112,1112,1112,1112,7.03,0.6306,0.6344,0.6355,0.6296,-0.58,69.56,69.96,70.98,69.26,-1,13.49,13.49,13.49,13.49,-2.63,107.15,107.15,107.15,107.15,-0.02
2/27/2025,102.4,102.4,102.4,102.4,0,74.04,72.7,74.26,72.49,2.08,3.934,3.966,4.065,3.878,0.72,107.24,106.53,107.35,106.52,0.78,1159,1159,1159,1159,4.23,0.6233,0.6306,0.6316,0.6231,-1.16,71.32,69.77,71.7,69.66,2.53,13.985,13.985,13.985,13.985,3.67,107.07,107.07,107.07,107.07,-0.07
2/28/2025,102.05,102.05,102.05,102.05,-0.34,73.18,73.72,73.84,72.97,-1.16,3.834,3.939,3.954,3.814,-2.54,107.61,107.25,107.66,107.18,0.35,1229,1229,1229,1229,6.04,0.6207,0.6236,0.624,0.6192,-0.42,69.56,71.8,71.95,69.37,-2.47,13.85,13.85,13.85,13.85,-0.97,106.9,106.9,106.9,106.9,-0.16
3/3/2025,101.4,99,99,99,-0.64,71.62,73.04,73.67,71.17,-2.13,4.122,3.779,4.173,3.742,7.51,106.75,107.56,107.56,106.47,-0.81,1276,1276,1276,1276,3.82,0.6224,0.6207,0.6256,0.6198,0.27,70.12,70.91,71.29,69.88,0.81,13.965,13.965,13.965,13.965,0.83,100.81,100.81,100.81,100.81,-5.7
3/4/2025,101.5,101.5,101.5,101.5,0.1,71.04,71.3,71.36,69.75,-0.81,4.35,4.168,4.551,4.056,5.53,105.74,106.56,106.65,105.53,-0.94,1262,1262,1262,1262,-1.1,0.6271,0.6223,0.6274,0.6187,0.76,67.13,69.98,69.98,66.51,-4.26,13.83,13.83,13.83,13.83,-0.97,101.61,101.61,101.61,101.61,0.79
3/5/2025,104.1,99,100.5,99,2.56,69.3,71.02,71.18,68.33,-2.45,4.45,4.317,4.518,4.227,2.3,104.3,105.62,105.77,104.26,-1.36,1228,1228,1228,1228,-2.69,0.6334,0.6272,0.6344,0.6233,1,67.4,66.95,68.13,66.74,0.4,13.73,13.73,13.73,13.73,-0.72,100.72,100.72,100.72,100.72,-0.88
3/6/2025,104.7,100,100,100,0.58,69.46,69.43,69.9,68.74,0.23,4.302,4.466,4.471,4.254,-3.33,104.06,104.32,104.39,103.76,-0.23,1286,1286,1286,1286,4.72,0.6331,0.6335,0.6365,0.6322,-0.05,65.93,67.36,67.73,65.5,-2.18,13.69,13.69,13.69,13.69,-0.29,101.24,101.24,101.24,101.24,0.52
3/7/2025,103.25,100,103.85,100,-1.38,70.36,69.43,71.4,69.3,1.3,4.399,4.286,4.426,4.132,2.25,103.84,104.11,104.24,103.46,-0.22,1400,1400,1400,1400,8.86,0.6305,0.6333,0.6339,0.6282,-0.41,67.21,65.48,68,65.48,1.94,13.76,13.76,13.76,13.76,0.51,101.29,101.29,101.29,101.29,0.05
3/10/2025,104.6,105,105,105,1.31,69.28,70.49,70.88,69.05,-1.53,4.491,4.467,4.901,4.447,2.09,103.97,103.9,104.06,103.56,0.13,1424,1424,1424,1424,1.71,0.6278,0.6308,0.6333,0.6264,-0.43,67.57,67.03,68.56,66.5,0.54,13.76,13.76,13.76,13.76,0,100.99,100.99,100.99,100.99,-0.3
3/11/2025,104.9,104.9,104.9,104.9,0.29,69.56,69.05,70.44,68.63,0.4,4.453,4.461,4.588,4.334,-0.85,103.29,103.84,103.92,103.22,-0.66,1436,1436,1436,1436,0.84,0.6298,0.6279,0.6313,0.6259,0.32,66.85,67.75,67.9,66.21,-1.07,13.69,13.69,13.69,13.69,-0.51,101.05,101.05,101.05,101.05,0.06
3/12/2025,101.5,101.5,101.5,101.5,-3.24,70.95,69.95,71.1,69.48,2,4.084,4.346,4.379,4.029,-8.29,103.61,103.42,103.78,103.35,0.31,1559,1559,1559,1559,8.57,0.6318,0.6298,0.6324,0.6276,0.32,68.21,66.92,68.32,65.91,2.03,13.685,13.685,13.685,13.685,-0.04,101.44,101.44,101.44,101.44,0.39
3/13/2025,101.05,101.05,101.05,101.05,-0.44,69.88,70.95,71.25,69.66,-1.51,4.111,4.032,4.195,3.955,0.66,103.83,103.61,104.08,103.51,0.21,1650,1650,1650,1650,5.84,0.6284,0.632,0.6335,0.6269,-0.54,69.17,68.24,70.14,67.41,1.41,13.665,13.665,13.665,13.665,-0.15,102.16,102.16,102.16,102.16,0.71
3/14/2025,100.75,100.75,100.75,100.75,-0.3,70.58,70.16,70.75,69.93,1,4.104,4.04,4.141,3.962,-0.17,103.72,103.83,104.09,103.57,-0.11,1669,1669,1669,1669,1.15,0.6323,0.6285,0.6332,0.6277,0.62,69.56,69.16,70.28,68.98,0.56,13.644,13.644,13.644,13.644,-0.15,102.85,102.85,102.85,102.85,0.68
3/17/2025,98.75,98.75,98.75,98.75,-1.99,70.6,70.18,71.27,70.17,0.03,4.086,4.187,4.278,4.046,-0.44,103.37,103.74,103.81,103.3,-0.34,1658,1658,1658,1658,-0.66,0.6382,0.6325,0.6392,0.6314,0.93,68.69,69.23,69.23,68.16,-1.25,13.18,13.18,13.18,13.18,-3.4,102.32,102.32,102.32,102.32,-0.52
3/18/2025,97.1,96.85,96.85,96.85,-1.67,70.12,70.44,71.68,69.85,-0.68,4.109,4.073,4.185,4.041,0.56,103.24,103.44,103.68,103.2,-0.12,1650,1650,1650,1650,-0.48,0.6361,0.6385,0.6392,0.6344,-0.33,69.88,69.16,70.05,68.48,1.73,13.105,13.105,13.105,13.105,-0.57,102.42,102.42,102.42,102.42,0.1
3/19/2025,97.5,97.5,97.5,97.5,0.41,70.32,70.05,70.77,69.51,0.29,4.313,4.11,4.322,4.102,4.96,103.43,103.27,103.91,103.25,0.18,1637,1637,1637,1637,-0.79,0.6357,0.6362,0.6368,0.6321,-0.06,71.96,70.59,72.39,70.51,2.98,13.755,13.755,13.755,13.755,4.96,102.11,102.11,102.11,102.11,-0.3
3/20/2025,97.75,97.75,97.75,97.75,0.26,71.47,70.49,71.76,70.1,1.64,4.038,4.28,4.312,4.027,-6.38,103.85,103.43,104.13,103.32,0.41,1635,1635,1635,1635,-0.12,0.63,0.6358,0.6365,0.6271,-0.9,71.54,72.2,72.43,71.4,-0.58,13.53,13.53,13.53,13.53,-1.64,102.15,102.15,102.15,102.15,0.04
3/21/2025,97,97,97,97,-0.77,71.61,71.8,71.97,71.01,0.2,4.024,4.035,4.089,3.931,-0.35,104.09,103.78,104.22,103.76,0.23,1643,1643,1643,1643,0.49,0.6269,0.6303,0.6308,0.6258,-0.49,70.01,72.49,72.49,70,-2.14,13.385,13.385,13.385,13.385,-1.07,102,102,102,102,-0.15
3/24/2025,96.9,96.9,96.9,96.9,-0.1,72.37,71.7,72.57,71.26,1.06,3.914,3.88,4.012,3.862,-2.73,104.26,104.15,104.44,103.84,0.17,1652,1652,1652,1652,0.55,0.6285,0.6274,0.6306,0.6263,0.26,70.58,70.55,70.72,70.48,0.81,13.385,13.385,13.385,13.385,0,102.21,102.21,102.21,102.21,0.21
3/25/2025,96.4,96.4,96.4,96.4,-0.52,73.02,73.08,73.57,72.5,0.9,3.84,3.909,3.99,3.796,-1.89,104.18,104.33,104.47,103.94,-0.07,1642,1642,1642,1642,-0.61,0.6301,0.6285,0.6326,0.6278,0.25,69.53,69.71,69.71,69.3,-1.49,13.15,13.15,13.15,13.15,-1.76,102.18,102.18,102.18,102.18,-0.03
3/26/2025,96.75,96.75,96.75,96.75,0.36,73.79,73.27,74.17,73.09,1.05,3.861,3.866,3.93,3.813,0.55,104.55,104.25,104.68,104.18,0.35,1634,1634,1634,1634,-0.49,0.6297,0.6304,0.6332,0.6278,-0.06,69.91,69.09,69.92,69.09,0.55,13.2,13.2,13.2,13.2,0.38,102.25,102.25,102.25,102.25,0.07
3/27/2025,96.75,96.75,96.75,96.75,0,74.03,73.9,74.07,73.23,0.33,3.95,3.859,4.016,3.689,2.31,104.33,104.65,104.65,104.07,-0.2,1621,1621,1621,1621,-0.8,0.6303,0.6299,0.632,0.6279,0.1,67.66,67.78,67.82,67.21,-3.22,13.175,13.175,13.175,13.175,-0.19,102.36,102.36,102.36,102.36,0.11
3/28/2025,96.55,96.55,96.55,96.55,-0.21,73.63,74.03,74.2,73.22,-0.54,4.065,3.915,4.1,3.836,2.91,104.04,104.28,104.5,103.9,-0.28,1602,1602,1602,1602,-1.17,0.6287,0.6305,0.6314,0.628,-0.25,67.91,67.9,67.95,67.86,0.37,13.085,13.085,13.085,13.085,-0.68,102.43,102.43,102.43,102.43,0.07
3/31/2025,103,103.5,105,101,6.68,74.74,73.76,74.81,73.18,1.51,4.119,4.176,4.253,4.055,1.33,104.21,104.01,104.39,103.75,0.16,1598,1598,1598,1598,-0.25,0.6246,0.6291,0.6302,0.6219,-0.65,67.13,67.1,67.12,66.4,-1.15,13.075,13.075,13.075,13.075,-0.08,102.51,102.51,102.51,102.51,0.08
4/1/2025,102.65,102.65,102.65,102.65,-0.34,74.49,74.67,75.29,74.33,-0.33,3.951,4.132,4.148,3.934,-4.08,104.26,104.18,104.37,104.02,0.05,1587,1587,1587,1587,-0.69,0.6276,0.6247,0.6284,0.6231,0.48,68.98,68.47,69.01,68.47,2.76,13.225,13.225,13.225,13.225,1.15,102.21,102.21,102.21,102.21,-0.29
4/2/2025,101,101,101,101,-1.61,74.95,74.52,75.47,73.1,0.62,4.055,3.95,4.089,3.935,2.63,103.81,104.2,104.31,103.37,-0.43,1583,1583,1583,1583,-0.25,0.6297,0.6277,0.6343,0.6258,0.33,67.69,68.77,68.77,67.56,-1.87,13.185,13.185,13.185,13.185,-0.3,104.25,104.25,104.25,104.25,2
4/3/2025,99.4,98.5,99.45,98.5,-1.58,70.14,72.7,73.4,69.48,-6.42,4.138,4.011,4.203,3.968,2.05,102.07,103.15,103.38,101.27,-1.67,1540,1540,1540,1540,-2.72,0.6327,0.6299,0.639,0.6225,0.48,65.25,66.35,66.35,65.1,-3.6,13.08,13.08,13.08,13.08,-0.8,104.18,104.18,104.18,104.18,-0.07
4/4/2025,97,96.4,97.95,96.4,-2.41,65.58,70,70.11,64.03,-6.5,3.837,4.119,4.153,3.811,-7.27,103.02,101.99,103.18,101.54,0.93,1489,1489,1489,1489,-3.31,0.6041,0.6327,0.6333,0.5986,-4.52,63.08,64.84,64.84,62.03,-3.33,12.915,12.915,12.915,12.915,-1.26,102.64,102.64,102.64,102.64,-1.48
4/7/2025,97.5,94,98.5,94,0.52,64.21,64.9,67.43,62.51,-2.09,3.655,3.811,3.939,3.6,-4.74,103.26,103.07,103.54,102.18,0.23,1401,1401,1401,1401,-5.91,0.5984,0.6044,0.6122,0.5931,-0.94,62.12,60.5,63.79,59.7,-1.52,12.775,12.775,12.775,12.775,-1.08,100.85,100.85,100.85,100.85,-1.74
4/8/2025,98,98,98,98,0.51,62.82,64.59,65.21,61.34,-2.16,3.465,3.63,3.783,3.462,-5.2,102.96,103.43,103.44,102.75,-0.29,1342,1342,1342,1342,-4.21,0.5954,0.5987,0.6087,0.5946,-0.5,61.3,60.98,62.21,60.16,-1.32,12.77,12.77,12.77,12.77,-0.04,99.25,99.25,99.25,99.25,-1.59
4/9/2025,96.5,96.25,96.25,96.25,-1.53,65.48,61.13,66.02,58.4,4.23,3.816,3.481,3.829,3.336,10.13,102.9,102.75,103.33,101.84,-0.05,1259,1259,1259,1259,-6.18,0.6151,0.5963,0.6177,0.5914,3.31,60.23,60.14,60.32,59.85,-1.75,12.685,12.685,12.685,12.685,-0.67,99.05,99.05,99.05,99.05,-0.2
4/10/2025,96.25,96.25,96.25,96.25,-0.26,63.33,65.9,66.08,62,-3.28,3.557,3.747,3.751,3.466,-6.79,100.87,102.99,103.03,100.7,-1.98,1269,1269,1269,1269,0.79,0.6222,0.6153,0.6251,0.6116,1.15,61.38,62.43,62.43,60.98,1.91,12.605,12.605,12.605,12.605,-0.63,99.89,99.89,99.89,99.89,0.85
4/11/2025,94.85,94.85,94.85,94.85,-1.45,64.76,63.16,65.08,62.77,2.26,3.527,3.52,3.576,3.394,-0.84,100.1,100.78,100.78,99.01,-0.76,1274,1274,1274,1274,0.39,0.6285,0.6223,0.6301,0.6181,1.01,64.08,61.94,62.03,61.16,4.4,12.545,12.545,12.545,12.545,-0.48,99.95,99.95,99.95,99.95,0.06
4/14/2025,95.5,95.5,95.5,95.5,0.69,64.88,65,65.9,64.02,0.19,3.325,3.5,3.613,3.312,-5.73,99.64,100.02,100.16,99.21,-0.46,1282,1282,1282,1282,0.63,0.6325,0.6302,0.6344,0.6275,0.64,65.74,65.67,65.9,65.67,2.59,12.52,12.52,12.52,12.52,-0.2,100.08,100.08,100.08,100.08,0.13
4/15/2025,95.5,95.5,95.5,95.5,0,64.67,64.96,65.4,64.21,-0.32,3.329,3.345,3.378,3.216,0.12,100.21,99.81,100.28,99.48,0.58,1263,1263,1263,1263,-1.48,0.6342,0.6325,0.6384,0.6315,0.27,65.42,65.42,65.42,65.42,-0.49,12.462,12.462,12.462,12.462,-0.46,100.19,100.19,100.19,100.19,0.11
4/16/2025,94.25,94.25,94.25,94.25,-1.31,65.85,64.82,66.36,63.79,1.82,3.247,3.318,3.318,3.204,-2.46,99.38,100.06,100.1,99.17,-0.83,1241,1241,1241,1241,-1.74,0.6369,0.6344,0.6392,0.6322,0.43,66.18,64.83,66.74,64.83,1.16,11.86,11.86,11.86,11.86,-4.83,100.08,100.08,100.08,100.08,-0.11
4/17/2025,95.05,95.05,95.05,95.05,0.85,67.96,66.25,68.14,65.95,3.2,3.245,3.262,3.334,3.191,-0.06,99.38,99.23,99.75,99.22,0,1261,1261,1261,1261,1.61,0.639,0.637,0.6395,0.6333,0.33,65.12,65.04,65.14,64.84,-1.6,12.085,12.085,12.085,12.085,1.9,100.05,100.05,100.05,100.05,-0.03
4/21/2025,95.05,95.05,95.05,95.05,0,65.3,66.87,66.87,64.76,-3.91,3.177,3.367,3.391,3.155,-2.1,98.28,99.08,99.21,97.92,-1.1,1261,1261,1261,1261,1.61,0.6415,0.6375,0.6439,0.6368,0.61,65.12,65.04,65.14,64.84,-1.6,12.085,12.085,12.085,12.085,0,99.92,99.92,99.92,99.92,-0.13
4/22/2025,93.9,93.25,93.25,93.25,-1.21,66.48,65.8,67.08,65.58,1.81,3.007,3.051,3.095,2.955,-5.35,98.92,98.3,99.64,98.01,0.65,1261,1261,1261,1261,0,0.6365,0.6415,0.6441,0.6361,-0.78,63.66,64.47,64.47,63.66,-2.24,11.77,11.77,11.77,11.77,-2.61,99.88,99.88,99.88,99.88,-0.04
4/23/2025,93.7,93.7,93.7,93.7,-0.21,65.18,67.01,67.64,64.39,-1.96,3.022,3.046,3.074,2.967,0.5,99.84,99.48,99.94,98.86,0.94,1300,1300,1300,1300,3.09,0.6361,0.6366,0.6436,0.6349,-0.06,66.15,65.5,65.83,65.5,3.91,11.66,11.66,11.66,11.66,-0.93,100.09,100.09,100.09,100.09,0.21
4/24/2025,93.8,93.8,93.8,93.8,0.11,66.55,66.11,67.02,65.8,2.1,2.93,3.011,3.016,2.858,-3.04,99.38,99.75,99.84,99.22,-0.47,1353,1353,1353,1353,4.08,0.6411,0.6361,0.6415,0.6343,0.79,65.58,64.75,65.51,64.74,-0.86,11.505,11.505,11.505,11.505,-1.33,99.98,99.98,99.98,99.98,-0.11
4/25/2025,93.75,93.75,93.75,93.75,-0.05,66.87,66.57,67.18,65.55,0.48,2.937,2.939,2.983,2.868,0.24,99.47,99.41,99.89,99.4,0.09,1373,1373,1373,1373,1.48,0.6396,0.6406,0.6421,0.6373,-0.23,65.69,65.69,65.85,65.58,0.17,11.27,11.27,11.27,11.27,-2.04,99.92,99.92,99.92,99.92,-0.06
4/28/2025,95.6,95.25,98.4,95.25,1.97,65.86,67.25,67.57,65.25,-1.51,3.17,2.884,3.187,2.859,7.93,99.01,99.61,99.84,98.9,-0.46,1403,1403,1403,1403,2.18,0.6432,0.6383,0.6436,0.6366,0.56,64.58,65,65.22,64.39,-1.69,11.28,11.28,11.28,11.28,0.09,99.91,99.91,99.91,99.91,-0.01
4/29/2025,97.25,96.25,96.25,96.25,1.73,64.25,65.79,65.83,63.9,-2.44,3.386,3.32,3.457,3.307,6.81,99.24,99.04,99.37,98.95,0.23,1398,1398,1398,1398,-0.36,0.6384,0.6431,0.6451,0.6376,-0.75,64.11,63.78,64.17,63.78,-0.73,11.215,11.215,11.215,11.215,-0.58,99.86,99.86,99.86,99.86,-0.05
4/30/2025,97.5,97.5,97.5,97.5,0.26,63.12,64.11,64.33,62.99,-1.76,3.326,3.38,3.399,3.26,-1.77,99.47,99.17,99.71,99.14,0.23,1386,1386,1386,1386,-0.86,0.6403,0.6384,0.6419,0.6356,0.3,65.82,65.14,65.7,65.14,2.67,11.215,11.215,11.215,11.215,0,99.76,99.76,99.76,99.76,-0.1
5/1/2025,97.5,97.5,97.5,97.5,0,62.13,61.23,62.4,59.3,-1.57,3.479,3.353,3.54,3.34,4.6,100.25,99.65,100.38,99.61,0.78,1411,1411,1411,1411,1.8,0.6384,0.6399,0.6428,0.6365,-0.3,66.28,66.26,66.39,66.26,0.7,11.26,11.26,11.26,11.26,0.4,99.25,99.25,99.25,99.25,-0.51
5/2/2025,98,98,98,98,0.51,61.29,61.82,62.72,60.69,-1.35,3.63,3.446,3.673,3.418,4.34,100.03,100.18,100.33,99.4,-0.22,1421,1421,1421,1421,0.71,0.6444,0.6382,0.6471,0.6379,0.94,68,67.92,68.18,67.7,2.6,11.26,11.26,11.26,11.26,0,98.19,98.19,98.19,98.19,-1.07
5/5/2025,98.5,98.5,98.5,98.5,0.51,60.23,59.5,60.82,58.5,-1.73,3.55,3.671,3.747,3.531,-2.2,99.83,100,100.05,99.46,-0.2,1421,1421,1421,1421,0.71,0.6469,0.6443,0.6495,0.6428,0.39,66.73,66.25,66.94,66.25,-1.87,11.26,11.26,11.26,11.26,0,97.41,97.41,97.41,97.41,-0.79
5/6/2025,99.4,99.4,99.4,99.4,0.91,62.15,60.28,62.8,60.18,3.19,3.463,3.568,3.648,3.423,-2.45,99.24,99.83,100.1,99.17,-0.59,1406,1406,1406,1406,-1.06,0.6495,0.647,0.6503,0.6438,0.4,68.49,68,68.6,68,2.64,11.315,11.315,11.315,11.315,0.49,98.63,98.63,98.63,98.63,1.25
5/7/2025,98.75,98.9,101,98.9,-0.65,61.12,62.5,63.25,60.83,-1.66,3.621,3.487,3.656,3.487,4.56,99.61,99.5,99.97,99.29,0.38,1374,1374,1374,1374,-2.28,0.6425,0.6496,0.6516,0.6421,-1.08,70.27,69.7,70.45,69.7,2.6,11.41,11.41,11.41,11.41,0.84,99.33,99.33,99.33,99.33,0.71
5/8/2025,98.5,98.5,98.5,98.5,-0.25,62.84,61.06,63.38,61,2.81,3.592,3.632,3.723,3.527,-0.8,100.64,99.85,100.76,99.61,1.03,1316,1316,1316,1316,-4.22,0.64,0.6424,0.6466,0.6395,-0.39,69.93,70.32,70.32,69.88,-0.48,11.45,11.45,11.45,11.45,0.35,98.23,98.23,98.23,98.23,-1.11
5/9/2025,98.9,98.9,98.9,98.9,0.41,63.91,63.07,64.27,62.84,1.7,3.795,3.621,3.815,3.613,5.65,100.34,100.64,100.86,100.09,-0.3,1299,1299,1299,1299,-1.29,0.6412,0.64,0.6434,0.6371,0.19,69.6,70.23,70.34,69.65,-0.47,11.465,11.465,11.465,11.465,0.13,98.55,98.55,98.55,98.55,0.33
5/12/2025,99.75,99.75,99.75,99.75,0.86,64.96,64.05,66.4,63.88,1.64,3.646,3.775,3.84,3.608,-3.93,101.79,100.69,101.98,100.51,1.44,1304,1304,1304,1304,0.38,0.6372,0.643,0.6462,0.6356,-0.62,72.57,71.81,72.63,71.81,4.27,11.44,11.44,11.44,11.44,-0.22,99.75,99.75,99.75,99.75,1.22
5/13/2025,99.9,101,101,101,0.15,66.63,64.93,66.81,64.63,2.57,3.647,3.677,3.728,3.57,0.03,101,101.72,101.76,100.91,-0.77,1280,1280,1280,1280,-1.84,0.6471,0.637,0.648,0.6361,1.55,72.06,72.1,72.1,72.1,-0.7,11.46,11.46,11.46,11.46,0.17,99.51,99.51,99.51,99.51,-0.24
5/14/2025,99,99,99,99,-0.9,66.09,66.56,66.59,65.68,-0.81,3.492,3.622,3.635,3.454,-4.25,101.04,100.95,101.14,100.27,0.04,1267,1267,1267,1267,-1.02,0.6428,0.6471,0.6503,0.6422,-0.66,71.49,71.25,71.58,70.91,-0.79,11.475,11.475,11.475,11.475,0.13,100.75,100.75,100.75,100.75,1.25
5/15/2025,99,99,99,99,0,64.53,65.42,65.42,63.44,-2.36,3.362,3.467,3.499,3.335,-3.72,100.88,100.97,101.06,100.59,-0.16,1305,1305,1305,1305,3,0.6407,0.6428,0.6459,0.639,-0.33,72.58,72.43,72.84,72.42,1.52,11.498,11.498,11.498,11.498,0.2,100.42,100.42,100.42,100.42,-0.33
5/16/2025,99,99,99,99,0,65.41,64.7,65.54,64.18,1.36,3.334,3.372,3.449,3.305,-0.83,101.09,100.77,101.26,100.52,0.21,1388,1388,1388,1388,6.36,0.6403,0.6406,0.6438,0.6387,-0.06,70.16,72.67,72.74,70.15,-3.33,11.895,11.895,11.895,11.895,3.45,100.08,100.08,100.08,100.08,-0.34
5/19/2025,99.25,99.25,99.25,99.25,0.25,64.8,64.73,65.28,63.84,-0.93,3.452,3.64,3.64,3.436,3.54,100.43,100.9,100.9,100.06,-0.66,1347,1347,1347,1347,-2.95,0.6457,0.6412,0.6466,0.6396,0.84,69.61,70,70,68.99,-0.78,11.965,11.965,11.965,11.965,0.59,100,100,100,100,-0.08
5/20/2025,100.55,100.55,100.55,100.55,1.31,64.76,64.91,65.27,64.23,-0.06,3.767,3.445,3.795,3.444,9.13,100.12,100.43,100.58,100.01,-0.31,1340,1340,1340,1340,-0.52,0.6424,0.6458,0.646,0.6391,-0.51,72.34,71.83,71.94,71.79,3.92,12.515,12.515,12.515,12.515,4.6,100.05,100.05,100.05,100.05,0.05
5/21/2025,100.45,100.45,100.45,100.45,-0.1,64.38,65.45,65.93,64.03,-0.59,3.737,3.759,3.84,3.678,-0.8,99.56,99.99,99.99,99.34,-0.56,1337,1337,1337,1337,-0.22,0.6436,0.6422,0.6471,0.6418,0.19,71.9,72.3,72.37,71.54,-0.61,12.48,12.48,12.48,12.48,-0.28,100.05,100.05,100.05,100.05,0
5/22/2025,100.1,99,100.5,99,-0.35,63.92,64.14,64.5,63.07,-0.71,3.253,3.356,3.381,3.238,-12.95,99.96,99.64,100.12,99.44,0.4,1341,1341,1341,1341,0.3,0.6411,0.644,0.646,0.6406,-0.39,71.31,72.58,72.58,71.14,-0.82,12.35,12.35,12.35,12.35,-1.04,99.89,99.89,99.89,99.89,-0.16
5/23/2025,100.4,100.25,100.25,100.25,0.3,64.21,63.5,64.65,62.8,0.45,3.334,3.283,3.35,3.217,2.49,99.11,99.88,99.94,99.05,-0.85,1340,1340,1340,1340,-0.07,0.6495,0.6411,0.6501,0.6407,1.31,70.76,71.4,71.48,69.25,-0.77,12.485,12.485,12.485,12.485,1.09,99.81,99.81,99.81,99.81,-0.08
5/26/2025,100.4,100.4,100.4,100.4,0,64.12,64.42,64.81,63.89,-0.14,3.667,3.672,3.758,3.643,-2.27,99.11,99.09,99.16,98.69,0,1340,1340,1340,1340,-0.07,0.6486,0.6491,0.6539,0.6482,-0.14,72.23,72.1,72.56,71.46,2.08,12.485,12.485,12.485,12.485,1.09,99.81,99.81,99.81,99.81,-0.08
5/27/2025,100.9,100.9,100.9,100.9,0.5,63.57,64.12,64.49,62.96,-0.86,3.398,3.376,3.445,3.214,-7.34,99.52,98.96,99.61,98.78,0.41,1296,1296,1296,1296,-3.28,0.6444,0.6485,0.6497,0.6434,-0.65,70.95,72.21,72.21,70.9,-1.77,12.495,12.495,12.495,12.495,0.08,99.48,99.48,99.48,99.48,-0.33
5/28/2025,100.9,100.9,100.9,100.9,0,64.32,63.86,65.05,63.51,1.18,3.204,3.405,3.511,3.152,-5.71,99.88,99.53,99.96,99.44,0.36,1303,1303,1303,1303,0.54,0.6427,0.6443,0.6455,0.641,-0.26,71.26,70.15,71.77,70.15,0.44,12.465,12.465,12.465,12.465,-0.24,99.39,99.39,99.39,99.39,-0.09
5/29/2025,100.9,100.9,100.9,100.9,0,64.15,65.03,66.13,63.79,-0.26,3.522,3.535,3.576,3.437,9.93,99.28,100.54,100.54,99.22,-0.6,1353,1353,1353,1353,3.84,0.6442,0.6427,0.6461,0.6406,0.23,70.15,72.05,72.62,69.95,-1.56,12.295,12.295,12.295,12.295,-1.36,99.27,99.27,99.27,99.27,-0.12
5/30/2025,100.8,100.8,100.8,100.8,-0.1,63.9,64.11,64.67,63.65,-0.39,3.447,3.535,3.564,3.44,-2.13,99.33,99.25,99.67,99.13,0.05,1418,1418,1418,1418,4.8,0.6432,0.644,0.6454,0.6406,-0.16,69.61,69.96,70.7,69.43,-0.77,12.155,12.155,12.155,12.155,-1.14,99.12,99.12,99.12,99.12,-0.15
6/2/2025,105.35,105.5,107,105.5,4.51,64.63,63.2,65.76,63,1.14,3.694,3.501,3.75,3.501,7.17,98.71,99.41,99.42,98.61,-0.63,1422,1422,1422,1422,0.28,0.6496,0.6435,0.6502,0.6427,1,70.1,70.1,71.2,69.69,0.7,12.3,12.3,12.3,12.3,1.19,95.95,95.95,95.95,95.95,-3.2
6/3/2025,104.25,104.5,104.5,104.5,-1.04,65.63,65.16,65.95,64.51,1.55,3.722,3.748,3.764,3.63,0.76,99.23,98.58,99.33,98.58,0.53,1430,1430,1430,1430,0.56,0.6462,0.6495,0.6501,0.6446,-0.52,71.78,70.3,72,69.98,2.4,12.33,12.33,12.33,12.33,0.24,95.3,95.3,95.3,95.3,-0.68
6/4/2025,104.45,104,104,104,0.19,64.86,65.52,65.95,64.27,-1.17,3.716,3.729,3.74,3.661,-0.16,98.79,99.18,99.39,98.67,-0.44,1489,1489,1489,1489,4.13,0.6492,0.6458,0.6506,0.6448,0.46,71.8,72.06,72.7,71.51,0.03,12.37,12.37,12.37,12.37,0.32,96.26,96.26,96.26,96.26,1.01
6/5/2025,105,108,108,104.5,0.53,65.34,64.77,65.85,64.6,0.74,3.677,3.703,3.791,3.62,-1.05,98.74,98.8,98.94,98.35,-0.05,1626,1626,1626,1626,9.2,0.6506,0.6493,0.6539,0.6485,0.22,71.91,71.8,73.1,71.58,0.15,12.415,12.415,12.415,12.415,0.36,95.7,95.7,95.7,95.7,-0.58
6/6/2025,104.85,104.85,104.85,104.85,-0.14,66.47,65.26,66.67,64.8,1.73,3.784,3.653,3.817,3.649,2.91,99.19,98.7,99.36,98.65,0.45,1633,1633,1633,1633,0.43,0.6493,0.6511,0.6518,0.6479,-0.2,72.67,72.11,72.94,72,1.06,12.445,12.445,12.445,12.445,0.24,96.18,96.18,96.18,96.18,0.5
6/9/2025,105.25,105,107.95,105,0.38,67.04,66.59,67.19,66.07,0.86,3.635,3.719,3.769,3.581,-3.94,98.94,99.2,99.23,98.82,-0.25,1691,1691,1691,1691,3.55,0.6517,0.6492,0.6535,0.6488,0.37,73.41,73,73.48,73,1.02,12.44,12.44,12.44,12.44,-0.04,95.62,95.62,95.62,95.62,-0.58
6/10/2025,103.65,105.25,105.25,104.6,-1.52,66.87,67.12,68,66.48,-0.25,3.533,3.612,3.662,3.515,-2.81,99.1,98.98,99.39,98.86,0.16,1680,1680,1680,1680,-0.65,0.6522,0.6517,0.6535,0.649,0.08,71.86,73.28,73.28,71.55,-2.11,12.41,12.41,12.41,12.41,-0.24,95.47,95.47,95.47,95.47,-0.16
6/11/2025,104.45,104.25,104.25,104.25,0.77,69.77,66.6,70.83,66.47,4.34,3.507,3.526,3.626,3.453,-0.74,98.63,98.96,99.22,98.53,-0.47,1738,1738,1738,1738,3.45,0.6501,0.6524,0.6547,0.6495,-0.32,73.53,72.53,73.78,72.49,2.32,12.445,12.445,12.445,12.445,0.28,95.78,95.78,95.78,95.78,0.32
6/12/2025,104.6,104.25,104.25,104.25,0.14,69.36,70.23,70.4,68.36,-0.59,3.492,3.519,3.644,3.466,-0.43,97.92,98.46,98.52,97.6,-0.72,1904,1904,1904,1904,9.55,0.6534,0.6507,0.6535,0.6477,0.51,74.56,73.47,74.8,72.66,1.4,12.46,12.46,12.46,12.46,0.12,95.46,95.46,95.46,95.46,-0.33
6/13/2025,105.25,105.25,105.25,105.25,0.62,74.23,70.5,78.5,70.41,7.02,3.581,3.541,3.623,3.499,2.55,98.18,97.81,98.59,97.62,0.27,1968,1968,1968,1968,3.36,0.6488,0.6533,0.6535,0.6456,-0.7,75.09,75.21,75.78,75.05,0.71,12.504,12.504,12.504,12.504,0.35,95.38,95.38,95.38,95.38,-0.08
6/16/2025,106,106,106.25,105.75,0.71,71.99,76,76.45,69.43,-3.02,3.844,3.773,3.855,3.732,7.34,98,98.26,98.36,97.68,-0.19,1975,1975,1975,1975,0.36,0.6524,0.6492,0.6553,0.6466,0.55,74.49,74.94,75.02,74,-0.8,13.585,13.585,13.585,13.585,8.65,95.23,95.23,95.23,95.23,-0.16
6/17/2025,106.4,106.4,106.4,106.4,0.38,74.9,72.5,75.53,71.46,4.04,3.949,3.836,3.975,3.818,2.73,98.82,98.19,98.87,98.02,0.84,1952,1952,1952,1952,-1.16,0.6475,0.6524,0.6545,0.6466,-0.75,73.79,74.61,74.63,73.75,-0.94,14.005,14.005,14.005,14.005,3.09,94.86,94.86,94.86,94.86,-0.39
6/18/2025,106.7,107,107,106.85,0.28,75.14,75.18,75.74,73,0.32,4.077,3.963,4.092,3.918,3.24,98.9,98.87,99.01,98.48,0.09,1874,1874,1874,1874,-4,0.6508,0.6475,0.6538,0.6467,0.51,73.76,74.04,74.4,73.4,-0.04,13.88,13.88,13.88,13.88,-0.89,94.71,94.71,94.71,94.71,-0.16
6/19/2025,107,107,107,107,0.28,77.08,74.95,77.18,74.17,2.58,4.086,4.083,4.102,3.966,0.22,98.9,98.88,99.16,98.75,0,1751,1751,1751,1751,-6.56,0.6482,0.6509,0.6513,0.6445,-0.4,71.91,74.02,74.12,70.95,-2.51,13.88,13.88,13.88,13.88,-0.89,94.71,94.71,94.71,94.71,-0.16
6/20/2025,106.6,106.6,106.6,106.6,-0.37,75.48,75.73,76.01,74,-2.08,3.949,4.077,4.23,3.918,-3.35,98.71,98.67,98.89,98.54,-0.2,1689,1689,1689,1689,-3.54,0.6451,0.6482,0.6497,0.6447,-0.48,72.14,72.09,72.36,71.74,0.32,14.255,14.255,14.255,14.255,2.7,94.77,94.77,94.77,94.77,0.06
6/23/2025,107.25,107.25,107.25,107.25,0.61,70.52,78.9,79.4,68.64,-6.57,3.698,3.949,3.949,3.666,-6.36,98.42,99.09,99.42,98.35,-0.29,1674,1674,1674,1674,-0.89,0.646,0.6438,0.6465,0.6372,0.14,73.27,72.85,73.5,72.43,1.57,14.46,14.46,14.46,14.46,1.44,94.75,94.75,94.75,94.75,-0.02
6/24/2025,106.6,106.6,106.6,106.6,-0.61,67.14,68.37,70.2,66.82,-4.79,3.537,3.681,3.684,3.53,-4.35,97.86,98.16,98.28,97.71,-0.57,1681,1681,1681,1681,0.42,0.6489,0.646,0.6521,0.6456,0.45,73.54,73,74.57,72.6,0.37,13.52,13.52,13.52,13.52,-6.5,94.63,94.63,94.63,94.63,-0.13
6/25/2025,106.6,106.6,106.6,106.6,0,67.68,67.88,68.78,67.32,0.8,3.406,3.549,3.587,3.372,-3.7,97.68,97.93,98.2,97.65,-0.18,1665,1665,1665,1665,-0.95,0.6513,0.6488,0.6516,0.6484,0.37,71.15,73.24,73.4,70.96,-3.25,13.54,13.54,13.54,13.54,0.15,94.52,94.52,94.52,94.52,-0.12
6/26/2025,106.35,106.35,106.35,106.35,-0.23,67.73,67.77,69.05,67.38,0.07,3.261,3.394,3.425,3.199,-4.26,97.15,97.55,97.61,97,-0.54,1553,1553,1553,1553,-6.73,0.6546,0.6509,0.6565,0.6505,0.51,70.4,71.08,71.5,70.26,-1.05,13.325,13.325,13.325,13.325,-1.59,94.48,94.48,94.48,94.48,-0.04
6/27/2025,106.5,106.5,106.5,106.5,0.14,67.77,67.91,68.42,67.2,0.06,3.739,3.53,3.751,3.513,14.66,97.4,97.33,97.5,97,0.26,1521,1521,1521,1521,-2.06,0.6531,0.6546,0.6563,0.6508,-0.23,70.96,70.42,71.14,70.11,0.8,13.195,13.195,13.195,13.195,-0.98,94.49,94.49,94.49,94.49,0.01
6/30/2025,109.9,107,111,107,3.19,67.61,67.33,68.15,67.03,-0.24,3.456,3.735,3.738,3.421,-7.57,96.88,97.18,97.32,96.77,-0.54,1489,1489,1489,1489,-2.1,0.6581,0.6526,0.6584,0.6522,0.77,68.97,71.03,71.08,68.71,-2.8,13.125,13.125,13.125,13.125,-0.53,94.47,94.47,94.47,94.47,-0.02
7/1/2025,111.8,110.25,110.25,110,1.73,67.11,66.58,67.5,66.34,-0.74,3.415,3.453,3.468,3.293,-1.19,96.82,96.78,96.95,96.38,-0.06,1458,1458,1458,1458,-2.08,0.6583,0.6577,0.6592,0.6553,0.03,70.58,69.11,70.89,68.9,2.33,13.105,13.105,13.105,13.105,-0.15,93.41,93.41,93.41,93.41,-1.12
7/2/2025,112.5,112.5,112.5,112.5,0.63,69.11,67.11,69.21,66.94,2.98,3.488,3.417,3.52,3.366,2.14,96.78,96.64,97.15,96.62,-0.04,1443,1443,1443,1443,-1.03,0.6584,0.6583,0.659,0.6543,0.02,71.93,70.59,72.29,70.55,1.91,13.165,13.165,13.165,13.165,0.46,95.13,95.13,95.13,95.13,1.84
7/3/2025,111.25,111.25,111.25,111.25,-1.11,68.8,68.86,69.14,68.32,-0.45,3.409,3.5,3.574,3.392,-2.26,97.18,96.75,97.42,96.69,0.42,1434,1434,1434,1434,-0.62,0.6572,0.6584,0.6588,0.6537,-0.18,72.06,71.7,72.79,71.06,0.18,13.16,13.16,13.16,13.16,-0.04,96.24,96.24,96.24,96.24,1.17
7/4/2025,109.95,109.95,109.95,109.95,-1.17,68.3,68.85,68.89,67.75,-0.73,3.39,3.418,3.434,3.368,-0.56,96.96,97.09,97.18,96.86,-0.22,1436,1436,1436,1436,0.14,0.6553,0.6573,0.6581,0.6545,-0.29,71.67,72.32,72.32,71.25,-0.54,13.16,13.16,13.16,13.16,-0.04,96.24,96.24,96.24,96.24,1.17
7/7/2025,109.5,109.5,109.5,109.5,-0.41,69.58,67.64,69.94,67.22,1.87,3.412,3.344,3.472,3.275,0.65,97.48,96.96,97.67,96.89,0.53,1436,1436,1436,1436,0,0.6491,0.6556,0.6566,0.6485,-0.95,71.2,71.7,71.99,70.62,-0.66,13.095,13.095,13.095,13.095,-0.49,95.22,95.22,95.22,95.22,-1.06
7/8/2025,109.6,109,109.5,109,0.09,70.15,69.5,70.68,69.03,0.82,3.34,3.406,3.469,3.325,-2.11,97.52,97.36,97.84,97.18,0.04,1431,1431,1431,1431,-0.35,0.6531,0.6492,0.6558,0.649,0.62,70.42,71.22,71.46,70.28,-1.1,13.115,13.115,13.115,13.115,0.15,95.55,95.55,95.55,95.55,0.35
7/9/2025,110.25,110.25,110.25,110.25,0.59,70.19,69.92,70.71,69.61,0.06,3.214,3.348,3.359,3.149,-3.77,97.56,97.55,97.75,97.46,0.04,1423,1423,1423,1423,-0.56,0.6536,0.6528,0.655,0.6509,0.08,70.39,70.45,71.08,69.89,-0.04,13.115,13.115,13.115,13.115,0,95.32,95.32,95.32,95.32,-0.24
7/10/2025,111,111,111,111,0.68,68.64,70.06,70.48,68.54,-2.21,3.337,3.208,3.398,3.191,3.83,97.65,97.44,97.92,97.27,0.1,1465,1465,1465,1465,2.95,0.6587,0.6536,0.6592,0.6528,0.78,70.74,70.37,71.55,70.31,0.5,13.125,13.125,13.125,13.125,0.08,96.76,96.76,96.76,96.76,1.51
7/11/2025,112,112,112,112,0.9,70.36,68.84,70.71,68.55,2.51,3.314,3.365,3.418,3.293,-0.69,97.85,97.57,97.96,97.56,0.21,1663,1663,1663,1663,13.52,0.658,0.6587,0.6597,0.6556,-0.11,70.55,70.6,71,69.64,-0.27,13.115,13.115,13.115,13.115,-0.08,96.71,96.71,96.71,96.71,-0.05
7/14/2025,111.1,111.1,111.1,111.1,-0.8,69.21,70.5,71.53,69.02,-1.63,3.466,3.404,3.499,3.383,4.59,98.08,97.96,98.14,97.76,0.23,1783,1783,1783,1783,7.22,0.6545,0.6574,0.6588,0.6542,-0.53,70.42,70.1,71.39,69.52,-0.18,13.115,13.115,13.115,13.115,0,96.76,96.76,96.76,96.76,0.05
7/15/2025,110,110,110,110,-0.99,68.71,69.15,69.41,68.6,-0.72,3.523,3.447,3.542,3.401,1.64,98.62,98.14,98.7,97.93,0.55,1866,1866,1866,1866,4.66,0.6515,0.6551,0.6577,0.6507,-0.46,71.51,70.3,71.65,69.99,1.55,13.105,13.105,13.105,13.105,-0.08,96.5,96.5,96.5,96.5,-0.27
7/16/2025,110,110,110,110,0,68.52,68.98,69.09,67.71,-0.28,3.551,3.519,3.598,3.491,0.79,98.39,98.58,98.91,97.71,-0.23,1906,1906,1906,1906,2.14,0.6528,0.6513,0.6555,0.6495,0.2,71.31,71.28,72.39,70.84,-0.28,12.405,12.405,12.405,12.405,-5.34,97.06,97.06,97.06,97.06,0.58
7/17/2025,110.5,110.5,110.5,110.5,0.45,69.52,68.79,69.67,68.27,1.46,3.542,3.557,3.629,3.511,-0.25,98.73,98.35,98.95,98.33,0.35,2030,2030,2030,2030,6.51,0.6489,0.653,0.6534,0.6454,-0.6,70.55,71.16,71.39,70.32,-1.07,12.18,12.18,12.18,12.18,-1.81,97.18,97.18,97.18,97.18,0.12
7/18/2025,110.4,110.4,110.4,110.4,-0.09,69.28,69.55,70.77,69.14,-0.35,3.565,3.519,3.628,3.494,0.65,98.48,98.49,98.57,98.1,-0.26,2052,2052,2052,2052,1.08,0.651,0.6486,0.6542,0.6483,0.32,69.89,70.55,71.03,69.84,-0.94,12,12,12,12,-1.48,97.22,97.22,97.22,97.22,0.04
7/21/2025,109.85,109.85,109.85,109.85,-0.5,68.38,68.35,68.75,67.71,-1.3,3.356,3.506,3.512,3.319,-5.86,97.85,98.36,98.51,97.7,-0.64,2016,2016,2016,2016,-1.75,0.6525,0.6522,0.6539,0.6498,0.23,69.83,70.12,70.55,69.72,-0.09,11.98,11.98,11.98,11.98,-0.17,97.84,97.84,97.84,97.84,0.64
7/22/2025,110.1,110.25,110.4,110.25,0.23,67.77,68.29,68.3,67.35,-0.89,3.287,3.342,3.36,3.247,-2.06,97.39,97.87,97.99,97.31,-0.47,2035,2035,2035,2035,0.94,0.6555,0.6528,0.6559,0.6504,0.46,69.11,69.91,69.91,68.86,-1.03,12.07,12.07,12.07,12.07,0.75,98.11,98.11,98.11,98.11,0.28
7/23/2025,109.9,109.9,109.9,109.9,-0.18,67.83,68.02,68.26,67.29,0.09,3.077,3.253,3.267,3.061,-6.39,97.21,97.47,97.61,97.19,-0.18,2120,2120,2120,2120,4.18,0.6602,0.6554,0.6604,0.6546,0.72,69.36,69.34,69.99,69,0.36,11.93,11.93,11.93,11.93,-1.16,98.27,98.27,98.27,98.27,0.16
7/24/2025,110.1,110.1,110.1,110.1,0.18,68.36,67.99,68.77,67.7,0.78,3.094,3.07,3.166,3.065,0.55,97.38,97.18,97.55,97.11,0.17,2258,2258,2258,2258,6.51,0.6591,0.66,0.6626,0.6586,-0.17,70.88,69.83,71.18,69.23,2.19,11.88,11.88,11.88,11.88,-0.42,98.58,98.58,98.58,98.58,0.32
7/25/2025,110.2,110.2,110.2,110.2,0.09,68.44,69.36,69.86,68.31,0.12,3.11,3.11,3.145,3.068,0.52,97.64,97.45,97.9,97.43,0.28,2257,2257,2257,2257,-0.04,0.6567,0.6593,0.66,0.6551,-0.36,71.34,71.11,71.5,70.64,0.65,11.875,11.875,11.875,11.875,-0.04,98.55,98.55,98.55,98.55,-0.03
7/28/2025,115.5,115.5,115.5,115.5,4.81,70.04,68.54,70.45,68.35,2.34,2.988,3.093,3.14,2.984,-3.92,98.63,97.58,98.68,97.49,1.01,2226,2226,2226,2226,-1.37,0.6521,0.6566,0.6587,0.6513,-0.7,70.65,71.5,72.25,70.06,-0.97,11.925,11.925,11.925,11.925,0.42,98.67,98.67,98.67,98.67,0.12
7/29/2025,115.5,115.5,116,115.5,0,72.51,70.28,73.08,69.86,3.53,3.081,3.034,3.112,3.011,3.11,98.89,98.64,99.14,98.58,0.26,2109,2109,2109,2109,-5.26,0.651,0.6519,0.6531,0.6496,-0.17,73.08,70.73,73.3,70.4,3.44,12,12,12,12,0.63,98.98,98.98,98.98,98.98,0.31
7/30/2025,115.05,115.05,115.05,115.05,-0.39,73.24,72.57,73.63,71.75,1.01,3.045,3.164,3.186,3.014,-1.17,99.82,98.92,99.98,98.7,0.94,1995,1995,1995,1995,-5.41,0.6433,0.6513,0.653,0.6426,-1.18,72.86,73.18,73.35,72.52,-0.3,12.04,12.04,12.04,12.04,0.33,99.07,99.07,99.07,99.07,0.09
7/31/2025,115.15,115.15,115.15,115.15,0.09,72.53,73.53,73.53,72.4,-0.97,3.106,3.026,3.114,2.972,2,99.97,99.8,100.1,99.52,0.15,2003,2003,2003,2003,0.4,0.6426,0.6434,0.6478,0.6424,-0.11,72.66,72.64,73.07,72.22,-0.27,12.04,12.04,12.04,12.04,0,99.12,99.12,99.12,99.12,0.05
8/1/2025,114.9,114.9,114.9,114.9,-0.22,69.67,71.83,72,69.4,-3.94,3.083,3.1,3.131,3.051,-0.74,99.14,100.01,100.26,98.61,-0.83,2018,2018,2018,2018,0.75,0.6477,0.6426,0.6494,0.6419,0.79,71.04,72.3,72.43,71,-2.23,12,12,12,12,-0.33,99.57,99.57,99.57,99.57,0.45
8/4/2025,114.95,114.95,114.95,114.95,0.04,68.76,69.11,69.98,68,-1.31,2.932,3.065,3.078,2.895,-4.9,98.78,98.65,98.98,98.59,-0.36,1970,1970,1970,1970,-2.38,0.6468,0.6476,0.6491,0.6459,-0.14,70.85,71,71.33,70.15,-0.27,12.005,12.005,12.005,12.005,0.04,100.77,100.77,100.77,100.77,1.21
8/5/2025,114.8,114.8,114.8,114.8,-0.13,67.64,68.75,68.87,67.52,-1.63,3.01,2.946,3.041,2.929,2.66,98.78,98.62,99.07,98.58,0,1921,1921,1921,1921,-2.49,0.6473,0.6467,0.6481,0.6449,0.08,71.59,70.86,71.74,70.5,1.04,11.99,11.99,11.99,11.99,-0.12,101.36,101.36,101.36,101.36,0.59
8/6/2025,114.5,114.5,114.5,114.5,-0.26,66.89,67.75,69.18,66.22,-1.11,3.077,3.015,3.096,2.945,2.23,98.18,98.75,98.84,98.13,-0.61,1994,1994,1994,1994,3.8,0.6503,0.6468,0.651,0.6463,0.46,70.99,71.39,71.71,70.75,-0.84,11.93,11.93,11.93,11.93,-0.5,100.92,100.92,100.92,100.92,-0.43
8/7/2025,113.75,113.75,113.75,113.75,-0.66,66.43,66.88,67.68,66.27,-0.69,3.067,3.099,3.148,3.035,-0.32,98.4,98.19,98.47,97.94,0.23,2008,2008,2008,2008,0.7,0.6524,0.6504,0.6543,0.6489,0.32,71.77,70.73,72.01,70.3,1.1,11.94,11.94,11.94,11.94,0.08,101.21,101.21,101.21,101.21,0.29
8/8/2025,113.2,113.2,113.2,113.2,-0.48,66.59,66.42,67.22,65.53,0.24,2.99,3.086,3.106,2.96,-2.51,98.18,97.98,98.35,97.96,-0.22,2051,2051,2051,2051,2.14,0.6526,0.6519,0.6536,0.6511,0.03,73.21,71.96,73.35,71.8,2.01,11.93,11.93,11.93,11.93,-0.08,101.22,101.22,101.22,101.22,0.01
8/11/2025,112.25,112.25,112.25,112.25,-0.84,66.63,66.25,67.13,65.81,0.06,2.954,2.895,3,2.881,-1.2,98.52,98.24,99.32,98.03,0.35,2038,2038,2038,2038,-0.63,0.6513,0.652,0.6531,0.6501,-0.2,72.37,72.98,73.15,72,-1.15,11.935,11.935,11.935,11.935,0.04,101.96,101.96,101.96,101.96,0.73
8/12/2025,111.7,111.7,111.7,111.7,-0.49,66.12,66.8,67.06,65.98,-0.77,2.808,2.978,2.985,2.774,-4.94,98.1,98.51,98.62,97.9,-0.43,2017,2017,2017,2017,-1.03,0.6529,0.6513,0.6542,0.6481,0.25,71.5,72.29,72.42,71.37,-1.2,11.925,11.925,11.925,11.925,-0.08,102.41,102.41,102.41,102.41,0.44
8/13/2025,111.8,111.8,111.8,111.8,0.09,65.63,66.14,66.33,65.01,-0.74,2.828,2.784,2.851,2.764,0.71,97.84,98.04,98.13,97.63,-0.26,2025,2025,2025,2025,0.4,0.6546,0.6528,0.6564,0.6516,0.26,71.74,71.5,72.15,71.26,0.34,11.93,11.93,11.93,11.93,0.04,102.03,102.03,102.03,102.03,-0.37
8/14/2025,110.9,110.9,110.9,110.9,-0.81,66.84,65.76,66.99,65.55,1.84,2.841,2.818,2.852,2.774,0.46,98.25,97.75,98.32,97.63,0.42,2039,2039,2039,2039,0.69,0.6495,0.6546,0.657,0.6482,-0.78,70.96,71.88,71.88,70.57,-1.09,11.91,11.91,11.91,11.91,-0.17,101.83,101.83,101.83,101.83,-0.2
8/15/2025,110.85,110.85,110.85,110.85,-0.05,65.85,66.87,67.06,65.73,-1.48,2.916,2.85,2.966,2.836,2.64,97.85,98.18,98.21,97.72,-0.41,2044,2044,2044,2044,0.25,0.6507,0.649,0.6524,0.6487,0.18,70.68,71.02,71.31,70.28,-0.39,11.893,11.893,11.893,11.893,-0.14,101.59,101.59,101.59,101.59,-0.24
8/18/2025,111,111,111,111,0.14,66.01,65.26,66.24,64.79,0.24,2.992,2.985,3.025,2.911,2.61,98.17,97.79,98.19,97.78,0.32,2022,2022,2022,2022,-1.08,0.6492,0.6509,0.6526,0.6481,-0.23,71.82,70.89,71.99,70.3,1.61,10.93,10.93,10.93,10.93,-8.1,101.62,101.62,101.62,101.62,0.03
8/19/2025,111.1,111.1,111.1,111.1,0.09,65.3,65.98,66.01,65.14,-1.08,2.862,3.009,3.009,2.827,-4.34,98.26,98.15,98.32,97.94,0.1,1964,1964,1964,1964,-2.87,0.6454,0.6494,0.6499,0.6449,-0.59,71.16,71.65,72.08,71.03,-0.92,10.915,10.915,10.915,10.915,-0.14,101.57,101.57,101.57,101.57,-0.05
8/20/2025,111.5,111.5,111.5,111.5,0.36,66.31,65.59,66.54,65.31,1.55,2.842,2.857,2.869,2.82,-0.7,98.22,98.29,98.44,98.08,-0.05,1927,1927,1927,1927,-1.88,0.6434,0.6458,0.6461,0.6423,-0.31,71.29,71.3,71.54,70.65,0.18,11.11,11.11,11.11,11.11,1.79,101.52,101.52,101.52,101.52,-0.05
8/21/2025,110.6,110.6,110.6,110.6,-0.81,67.12,66.46,67.25,66.25,1.22,2.826,2.765,2.849,2.74,-0.56,98.62,98.25,98.68,98.18,0.41,1893,1893,1893,1893,-1.76,0.642,0.6429,0.6438,0.6414,-0.22,72.62,71.49,72.76,71.06,1.87,11.44,11.44,11.44,11.44,2.97,101.57,101.57,101.57,101.57,0.05
8/22/2025,111.3,111.3,111.3,111.3,0.63,67.22,67.05,67.45,66.89,0.15,2.698,2.813,2.819,2.689,-4.53,97.72,98.6,98.83,97.56,-0.92,1944,1944,1944,1944,2.69,0.649,0.6426,0.6503,0.6414,1.09,72.53,72.6,72.8,72.26,-0.12,11.55,11.55,11.55,11.55,0.96,101.42,101.42,101.42,101.42,-0.15
8/25/2025,111.3,111.3,111.3,111.3,0,68.8,67.89,69.07,67.57,2.35,2.696,2.639,2.717,2.622,-0.07,98.43,97.72,98.54,97.71,0.73,1944,1944,1944,1944,2.69,0.6483,0.6496,0.6506,0.6471,-0.11,72.19,72.51,72.6,71.82,-0.47,11.55,11.55,11.55,11.55,0,101.6,101.6,101.6,101.6,0.18
8/26/2025,111.55,111.55,111.55,111.55,0.22,67.22,68.73,68.73,67.11,-2.3,2.717,2.711,2.742,2.654,0.78,98.22,98.47,98.56,98.08,-0.21,2041,2041,2041,2041,4.99,0.6495,0.648,0.6502,0.647,0.19,72.75,72.04,72.98,71.58,0.78,11.49,11.49,11.49,11.49,-0.52,101.53,101.53,101.53,101.53,-0.07
8/27/2025,111.55,111.55,111.55,111.55,0,68.05,67.39,68.12,66.91,1.23,2.867,2.738,2.906,2.676,5.52,98.23,98.25,98.73,98.15,0.01,2046,2046,2046,2046,0.24,0.6506,0.6495,0.6514,0.6462,0.17,72.24,72.72,73.3,71.93,-0.7,11.31,11.31,11.31,11.31,-1.57,101.59,101.59,101.59,101.59,0.06
8/28/2025,111.55,111.55,111.55,111.55,0,68.62,67.71,68.71,67.39,0.84,2.944,2.874,2.999,2.85,2.69,97.81,98.12,98.23,97.74,-0.43,2017,2017,2017,2017,-1.42,0.6532,0.6505,0.6539,0.6502,0.4,71.72,72.34,72.34,71.31,-0.72,11.205,11.205,11.205,11.205,-0.93,101.71,101.71,101.71,101.71,0.12
8/29/2025,111.5,111.5,111.5,111.5,-0.04,68.12,68.24,68.39,67.9,-0.73,2.997,2.985,3.023,2.921,1.8,97.77,97.87,98.13,97.69,-0.04,2025,2025,2025,2025,0.4,0.6541,0.6532,0.655,0.6522,0.14,72.99,71.72,73.05,71.6,1.77,11.215,11.215,11.215,11.215,0.09,101.81,101.81,101.81,101.81,0.1
9/1/2025,109.9,109.9,109.9,109.9,-1.43,68.15,67.42,68.36,67.12,0.04,2.982,2.974,3.065,2.928,-0.73,97.77,97.83,97.87,97.54,0,2024,2024,2024,2024,-0.05,0.6552,0.6538,0.6562,0.6533,0.17,73.97,72.9,74.55,72.78,1.34,11.215,11.215,11.215,11.215,0.09,101.81,101.81,101.81,101.81,0.1
9/2/2025,108.8,109,109,108.85,-1,69.14,68.19,69.53,68.05,1.45,3.009,2.972,3.065,2.869,0.91,98.4,97.65,98.6,97.62,0.64,1986,1986,1986,1986,-1.88,0.652,0.6554,0.656,0.6483,-0.49,73.61,74.12,74.44,73.36,-0.49,11.245,11.245,11.245,11.245,0.27,102.53,102.53,102.53,102.53,0.71
9/3/2025,108.5,108.5,108.5,108.5,-0.28,67.6,69.1,69.24,67.36,-2.23,3.064,2.992,3.131,2.964,1.83,98.14,98.4,98.64,98.01,-0.26,1940,1940,1940,1940,-2.32,0.6545,0.652,0.6556,0.6502,0.38,74.95,73.46,75.05,73.42,1.82,11.225,11.225,11.225,11.225,-0.18,103.24,103.24,103.24,103.24,0.69
9/4/2025,107,107.75,107.75,107,-1.38,66.99,67.41,67.41,66.35,-0.9,3.074,3.075,3.13,3.022,0.33,98.35,98.15,98.44,98.08,0.21,1963,1963,1963,1963,1.19,0.6518,0.6543,0.6551,0.6501,-0.41,75.44,75,75.71,74.58,0.65,11.245,11.245,11.245,11.245,0.18,104.53,104.53,104.53,104.53,1.25
9/5/2025,107.55,106.5,106.5,106.5,0.51,65.5,66.82,67.05,65.07,-2.22,3.048,3.078,3.13,3.021,-0.85,97.77,98.24,98.26,97.43,-0.59,1979,1979,1979,1979,0.82,0.6557,0.6518,0.659,0.6512,0.6,76.04,75.29,76.25,75.29,0.8,11.3,11.3,11.3,11.3,0.49,104.49,104.49,104.49,104.49,-0.04
9/8/2025,105.8,105.8,105.8,105.8,-1.63,66.02,65.55,67.04,65.51,0.79,3.09,3.087,3.198,3.056,1.38,97.45,97.79,97.94,97.42,-0.32,2019,2019,2019,2019,2.02,0.6591,0.6552,0.66,0.6545,0.52,77.17,76.05,77.32,75.5,1.49,11.345,11.345,11.345,11.345,0.4,104.93,104.93,104.93,104.93,0.42
9/9/2025,103.85,103.75,103.75,103.75,-1.84,66.39,66.23,67.38,66.12,0.56,3.117,3.098,3.165,3.046,0.87,97.79,97.38,97.82,97.25,0.34,2079,2079,2079,2079,2.97,0.6585,0.6591,0.6621,0.6582,-0.09,76.9,77,77.23,76,-0.35,11.33,11.33,11.33,11.33,-0.13,106.08,106.08,106.08,106.08,1.1
9/10/2025,102.45,102.9,102.9,102.25,-1.35,67.49,66.69,67.78,66.66,1.66,3.029,3.107,3.117,3.008,-2.82,97.78,97.83,97.93,97.6,-0.01,2112,2112,2112,2112,1.59,0.6614,0.6586,0.6637,0.658,0.44,77.1,77,77.58,76.25,0.26,11.335,11.335,11.335,11.335,0.04,105.8,105.8,105.8,105.8,-0.26
9/11/2025,100.9,101.5,101.5,101.5,-1.51,66.37,67.58,67.62,66.15,-1.66,2.934,3.029,3.062,2.911,-3.14,97.53,97.79,98.09,97.47,-0.25,2111,2111,2111,2111,-0.05,0.6659,0.6614,0.6667,0.6592,0.68,75.54,77.17,77.3,75.3,-2.02,11.345,11.345,11.345,11.345,0.09,105.18,105.18,105.18,105.18,-0.59
9/12/2025,100.7,100.7,100.7,100.7,-0.2,66.99,66.24,68.17,65.71,0.93,2.941,2.918,3,2.897,0.24,97.55,97.52,97.86,97.49,0.02,2126,2126,2126,2126,0.71,0.665,0.6658,0.667,0.6629,-0.14,75.77,75.34,76.03,75.1,0.3,11.355,11.355,11.355,11.355,0.09,105.43,105.43,105.43,105.43,0.24
9/15/2025,101.5,101.5,101.5,101.5,0.79,67.44,67.33,67.85,66.78,0.67,3.3,3.199,3.306,3.173,12.21,97.3,97.63,97.7,97.27,-0.25,2153,2153,2153,2153,1.27,0.6669,0.6638,0.6676,0.6637,0.29,76.75,75.6,77.06,75.11,1.29,11.36,11.36,11.36,11.36,0.04,105.31,105.31,105.31,105.31,-0.11
9/16/2025,101.75,101.75,101.75,101.75,0.25,68.47,67.47,68.69,67.01,1.53,3.355,3.308,3.375,3.17,1.67,96.63,97.34,97.39,96.56,-0.69,2154,2154,2154,2154,0.05,0.6685,0.667,0.6689,0.6659,0.24,77.51,77.05,78.26,76.49,0.99,11.45,11.45,11.45,11.45,0.79,105.42,105.42,105.42,105.42,0.1
9/17/2025,102.9,102.9,102.9,102.9,1.13,67.95,68.53,68.59,67.62,-0.76,3.362,3.366,3.419,3.332,0.21,96.87,96.62,97.07,96.22,0.25,2180,2180,2180,2180,1.21,0.6653,0.6685,0.6708,0.6641,-0.48,76.98,77.5,78.45,76.69,-0.68,11.48,11.48,11.48,11.48,0.26,105.3,105.3,105.3,105.3,-0.11
9/18/2025,103.35,103.35,103.35,103.35,0.44,67.44,68,68.42,67.19,-0.75,3.234,3.34,3.365,3.224,-3.81,97.35,96.93,97.6,96.84,0.49,2205,2205,2205,2205,1.15,0.6612,0.6653,0.6661,0.6607,-0.62,77.84,76.94,78.23,76.83,1.12,11.525,11.525,11.525,11.525,0.39,105.24,105.24,105.24,105.24,-0.06
9/19/2025,103.35,103.35,103.35,103.35,0,66.68,67.46,67.57,66.44,-1.13,3.19,3.211,3.241,3.174,-1.36,97.64,97.34,97.81,97.27,0.3,2203,2203,2203,2203,-0.09,0.6594,0.6614,0.6621,0.6585,-0.27,77.55,77.65,77.75,77.01,-0.37,11.365,11.365,11.365,11.365,-1.39,105.44,105.44,105.44,105.44,0.19
9/22/2025,103.9,103.9,103.9,103.9,0.53,65.97,65.98,66.67,65.35,-1.06,2.806,2.909,2.945,2.804,-12.04,97.34,97.65,97.82,97.3,-0.31,2172,2172,2172,2172,-1.41,0.66,0.6598,0.6606,0.6574,0.09,76.21,77.69,77.69,75.91,-1.73,11.27,11.27,11.27,11.27,-0.84,105.49,105.49,105.49,105.49,0.05
9/23/2025,103.6,103.6,103.6,103.6,-0.29,66.97,65.99,67.42,65.49,1.52,2.853,2.806,2.87,2.772,1.67,97.26,97.32,97.46,97.2,-0.08,2200,2200,2200,2200,1.29,0.6599,0.6599,0.6617,0.6581,-0.02,76.79,76.21,77.25,75.77,0.76,11.355,11.355,11.355,11.355,0.75,105.49,105.49,105.49,105.49,0
9/24/2025,103.6,103.6,103.6,103.6,0,69.31,67.88,69.37,67.51,3.49,2.858,2.863,2.914,2.816,0.18,97.87,97.24,97.92,97.22,0.63,2240,2240,2240,2240,1.82,0.6583,0.6599,0.6629,0.6574,-0.24,76.02,76.64,76.78,75.77,-1,11.22,11.22,11.22,11.22,-1.19,105.54,105.54,105.54,105.54,0.05
9/25/2025,103.85,103.85,103.85,103.85,0.24,69.42,69.04,69.68,68.42,0.16,2.904,2.879,2.968,2.848,1.61,98.55,97.82,98.61,97.74,0.69,2266,2266,2266,2266,1.16,0.6541,0.6584,0.6605,0.6526,-0.64,75.76,76.03,76.59,75.36,-0.34,11.28,11.28,11.28,11.28,0.53,105.54,105.54,105.54,105.54,0
9/26/2025,103.75,103.75,103.75,103.75,-0.1,70.13,69.54,70.76,69.11,1.02,2.835,2.912,2.944,2.788,-2.38,98.15,98.5,98.53,98.13,-0.41,2259,2259,2259,2259,-0.31,0.6546,0.654,0.6553,0.652,0.08,75.98,75.53,76.1,75.1,0.29,11.295,11.295,11.295,11.295,0.13,105.44,105.44,105.44,105.44,-0.09
9/29/2025,106.75,110,110,106.5,2.89,67.97,69.5,69.91,67.52,-3.08,3.267,3.149,3.299,3.133,15.24,97.91,98.17,98.18,97.77,-0.25,2220,2220,2220,2220,-1.73,0.6577,0.6549,0.6582,0.6545,0.47,76.79,75.85,76.97,75.06,1.07,11.2,11.2,11.2,11.2,-0.84,105.35,105.35,105.35,105.35,-0.09
9/30/2025,106.2,106.2,106.2,106.2,-0.52,67.02,67.5,67.71,66.84,-1.4,3.303,3.279,3.351,3.245,1.1,97.78,97.91,98.04,97.63,-0.13,2134,2134,2134,2134,-3.87,0.6614,0.6577,0.6629,0.6571,0.56,75.72,76.79,76.8,75.57,-1.39,11.05,11.05,11.05,11.05,-1.34,105.29,105.29,105.29,105.29,-0.06
10/1/2025,105.55,105.55,105.55,105.55,-0.61,65.35,66.18,66.57,65.05,-2.49,3.476,3.331,3.492,3.318,5.24,97.71,97.82,97.88,97.46,-0.07,1980,1980,1980,1980,-7.22,0.6613,0.6613,0.663,0.6588,-0.02,76.33,75.61,76.56,74.51,0.81,11.045,11.045,11.045,11.045,-0.05,104.02,104.02,104.02,104.02,-1.21
10/2/2025,104.85,104.85,104.85,104.85,-0.66,64.11,65.45,66.15,64,-1.9,3.442,3.457,3.585,3.402,-0.98,97.85,97.7,98.13,97.52,0.14,1909,1909,1909,1909,-3.59,0.6596,0.6614,0.6626,0.6577,-0.26,77.43,76.35,77.8,76.11,1.44,11.025,11.025,11.025,11.025,-0.18,104.1,104.1,104.1,104.1,0.08
10/3/2025,105,105,105,105,0.14,64.53,64.38,65.02,64.2,0.66,3.324,3.413,3.451,3.307,-3.43,97.72,97.85,97.95,97.6,-0.13,1901,1901,1901,1901,-0.42,0.6604,0.6597,0.6616,0.6588,0.12,79.16,77.65,79.55,77.52,2.23,11.04,11.04,11.04,11.04,0.14,104.36,104.36,104.36,104.36,0.25
10/6/2025,104.75,104.75,104.75,104.75,-0.24,65.47,64.9,65.77,64.76,1.46,3.357,3.3,3.485,3.296,0.99,98.11,97.96,98.5,97.96,0.39,1932,1932,1932,1932,1.63,0.6618,0.6598,0.6622,0.6581,0.21,78.75,79.72,80.11,78.61,-0.52,11.13,11.13,11.13,11.13,0.82,104.48,104.48,104.48,104.48,0.11
10/7/2025,104.8,104.8,104.8,104.8,0.05,65.45,65.48,65.84,64.53,-0.03,3.498,3.398,3.524,3.355,4.2,98.58,98.09,98.66,98.09,0.48,1947,1947,1947,1947,0.78,0.6582,0.6614,0.6626,0.6578,-0.54,78.31,78.75,79.13,78,-0.56,11.135,11.135,11.135,11.135,0.04,104.22,104.22,104.22,104.22,-0.25
10/8/2025,104.75,104.75,104.75,104.75,-0.05,66.25,65.8,66.54,65.76,1.22,3.333,3.524,3.55,3.316,-4.72,98.92,98.61,99.06,98.59,0.34,1963,1963,1963,1963,0.82,0.6586,0.6582,0.659,0.6556,0.06,79.01,78.14,79.29,77.9,0.89,11.115,11.115,11.115,11.115,-0.18,104.29,104.29,104.29,104.29,0.07
10/9/2025,104.5,104.5,104.5,104.5,-0.24,65.22,65.82,66.58,64.96,-1.55,3.269,3.336,3.393,3.235,-1.92,99.54,98.84,99.56,98.7,0.63,1923,1923,1923,1923,-2.04,0.6556,0.6587,0.6613,0.654,-0.46,79.23,78.9,79.54,78.04,0.28,11.08,11.08,11.08,11.08,-0.31,104.86,104.86,104.86,104.86,0.55
10/10/2025,104.55,104.55,104.55,104.55,0.05,62.73,65.27,65.36,62,-3.82,3.106,3.239,3.253,3.089,-4.99,98.98,99.39,99.43,98.81,-0.56,1936,1936,1936,1936,0.68,0.6472,0.6557,0.6575,0.6472,-1.28,79.68,79.22,80.37,79.01,0.57,11.06,11.06,11.06,11.06,-0.18,105.74,105.74,105.74,105.74,0.84
10/13/2025,104.4,104.4,104.4,104.4,-0.14,63.32,62.9,63.95,62.9,0.94,3.118,3.1,3.138,3.029,0.39,99.27,98.94,99.35,98.83,0.29,2144,2144,2144,2144,10.74,0.6515,0.6503,0.6534,0.6491,0.66,78.12,79.54,79.74,77.76,-1.96,11.04,11.04,11.04,11.04,-0.18,106.53,106.53,106.53,106.53,0.75
10/14/2025,103.8,103.8,103.8,103.8,-0.57,62.39,63.49,63.63,61.5,-1.47,3.028,3.103,3.106,3.004,-2.89,99.05,99.3,99.47,98.99,-0.22,2022,2022,2022,2022,-5.69,0.6486,0.6514,0.6525,0.644,-0.45,76.92,77.9,77.9,76.69,-1.54,11.03,11.03,11.03,11.03,-0.09,105.25,105.25,105.25,105.25,-1.2
10/15/2025,105.85,105.85,105.85,105.85,1.97,61.91,62.33,63.04,61.79,-0.77,3.016,3.029,3.041,2.964,-0.4,98.79,99.05,99.08,98.65,-0.26,1997,1997,1997,1997,-1.24,0.6513,0.6487,0.6525,0.6481,0.42,77.88,76.73,78.3,76.68,1.25,11.016,11.016,11.016,11.016,-0.13,105.55,105.55,105.55,105.55,0.29
10/16/2025,104.6,104.6,104.6,104.6,-1.18,61.06,62.4,62.75,60.84,-1.37,2.938,3.036,3.067,2.922,-2.59,98.34,98.67,98.7,98.3,-0.46,2046,2046,2046,2046,2.45,0.6485,0.6512,0.6517,0.6471,-0.43,79.51,78.06,79.69,77.61,2.09,11.2,11.2,11.2,11.2,1.67,105.56,105.56,105.56,105.56,0.01
10/17/2025,103.45,105,105,105,-1.1,61.29,61,61.47,60.14,0.38,3.008,2.926,3.024,2.893,2.38,98.43,98.26,98.55,98.03,0.1,2069,2069,2069,2069,1.12,0.6497,0.6485,0.6504,0.6443,0.19,79.46,78.99,79.9,78.12,-0.06,11.145,11.145,11.145,11.145,-0.49,105.35,105.35,105.35,105.35,-0.2
10/20/2025,104,104,104,104,0.53,60.88,61.16,61.37,59.97,-0.67,4.035,3.837,4.051,3.829,34.14,98.59,98.67,98.67,98.39,0.16,2071,2069,2071,2069,0.1,0.6513,0.6483,0.6522,0.6482,0.25,79.82,79.5,79.96,78.65,0.45,11.05,11.05,11.05,11.05,-0.85,105.5,105.5,105.5,105.5,0.14
10/21/2025,104,104,104,104,0,61.03,60.78,61.82,60.2,0.25,4.088,4.045,4.098,3.954,1.31,98.93,98.61,98.98,98.51,0.35,2094,2094,2094,2094,1.11,0.6488,0.6513,0.6526,0.6472,-0.38,79.58,79.81,79.99,78.92,-0.3,11.215,11.215,11.215,11.215,1.49,105.53,105.53,105.53,105.53,0.03
10/22/2025,103.7,103.7,103.7,103.7,-0.29,62.23,61.34,64.04,61.09,1.97,4.06,4.09,4.139,4.015,-0.68,98.9,98.97,99.14,98.79,-0.04,2094,2094,2094,2094,1.11,0.6488,0.6489,0.6514,0.6478,0,78.46,79.4,79.64,78.15,-1.41,11.155,11.155,11.155,11.155,-0.54,105.55,105.55,105.55,105.55,0.02
10/23/2025,104.2,104.2,104.2,104.2,0.48,65.29,63.8,65.66,63.37,4.92,3.344,3.439,3.507,3.29,-17.64,98.94,98.92,99.14,98.91,0.04,2057,2057,2057,2057,-1.77,0.6513,0.6488,0.6519,0.6478,0.39,78.44,78.48,79.19,78.02,-0.03,11.265,11.265,11.265,11.265,0.99,105.55,105.55,105.55,105.55,0
10/24/2025,104.1,104.1,104.1,104.1,-0.1,65.2,65.12,65.95,64.73,-0.14,3.304,3.285,3.397,3.2,-1.2,98.95,98.94,99.1,98.73,0.02,1991,1991,1991,1991,-3.21,0.6514,0.6513,0.6531,0.6492,0.02,78.32,78.49,78.89,77.91,-0.15,11.205,11.205,11.205,11.205,-0.53,105.41,105.41,105.41,105.41,-0.13
10/27/2025,104.25,104.25,104.25,104.25,0.14,65.62,66.16,66.64,65.06,0.64,3.442,3.41,3.469,3.261,4.18,98.78,98.84,99,98.73,-0.17,1976,1976,1976,1976,-0.75,0.6557,0.6526,0.6561,0.6525,0.66,77.77,78.3,78.3,77.01,-0.7,11.12,11.12,11.12,11.12,-0.76,105.57,105.57,105.57,105.57,0.15
10/28/2025,104.25,104.25,104.25,104.25,0,64.4,65.54,65.76,64,-1.86,3.345,3.411,3.435,3.239,-2.82,98.67,98.75,98.95,98.57,-0.12,1950,1950,1950,1950,-1.32,0.6585,0.6556,0.6592,0.6544,0.43,78.32,77.94,78.88,77.5,0.71,11.15,11.15,11.15,11.15,0.27,105.56,105.56,105.56,105.56,-0.01
10/29/2025,103.9,103.9,103.9,103.9,-0.34,64.92,64.52,65.37,63.92,0.81,3.376,3.271,3.405,3.193,0.93,99.22,98.74,99.36,98.62,0.56,1961,1961,1961,1961,0.56,0.6575,0.6586,0.6619,0.6557,-0.15,78.81,78.65,79.13,78.18,0.63,11.215,11.215,11.215,11.215,0.58,105.66,105.66,105.66,105.66,0.09
10/30/2025,104.15,104.15,104.15,104.15,0.24,65,64.69,65.15,64.06,0.12,3.956,3.798,4.071,3.786,17.18,99.53,99.14,99.72,98.92,0.31,1983,1983,1983,1983,1.12,0.6555,0.6574,0.6599,0.6532,-0.3,78.67,78.86,79.54,78.54,-0.18,11.13,11.13,11.13,11.13,-0.76,105.73,105.73,105.73,105.73,0.07
10/31/2025,104.15,104.15,104.15,104.15,0,65.07,64.64,65.46,64.5,0.11,4.124,4.061,4.157,4.015,4.25,99.8,99.49,99.84,99.42,0.28,1966,1966,1966,1966,-0.86,0.6546,0.6555,0.6562,0.6533,-0.14,78.54,78.79,79.13,78.01,-0.17,11,11,11,11,-1.17,105.83,105.83,105.83,105.83,0.09
11/3/2025,109.6,109.4,109.4,109.4,5.23,64.89,65.12,65.32,64.33,-0.28,4.266,4.16,4.298,4.087,3.44,99.87,99.75,99.99,99.71,0.07,1945,1945,1945,1945,-1.07,0.6538,0.6548,0.6563,0.6517,-0.12,81.2,78.78,81.75,78.78,3.39,11.15,11.15,11.15,11.15,1.36,105.84,105.84,105.84,105.84,0.01
11/4/2025,110.85,110.75,111,109.75,1.14,64.44,64.73,64.8,63.82,-0.69,4.343,4.256,4.396,4.183,1.8,100.22,99.98,100.25,99.74,0.35,1958,1958,1958,1958,0.67,0.649,0.6536,0.6542,0.648,-0.73,82.31,81.2,82.41,81.06,1.37,11.19,11.19,11.19,11.19,0.36,104.52,104.52,104.52,104.52,-1.25
11/5/2025,109.95,109.5,110,109.5,-0.81,63.52,64.18,64.95,63.44,-1.43,4.232,4.32,4.351,4.206,-2.56,100.2,100.18,100.36,100.06,-0.02,2003,2003,2003,2003,2.3,0.6506,0.6492,0.6514,0.6458,0.25,81.49,82,82.23,80.89,-1,11.16,11.16,11.16,11.16,-0.27,104.73,104.73,104.73,104.73,0.2
11/6/2025,110.65,110,111,110,0.64,63.38,63.58,64.34,62.84,-0.22,4.357,4.239,4.42,4.192,2.95,99.73,100.11,100.11,99.67,-0.47,2063,2063,2063,2063,3,0.648,0.6506,0.652,0.6463,-0.4,80.17,81.24,81.24,80.12,-1.62,11.155,11.155,11.155,11.155,-0.04,105.08,105.08,105.08,105.08,0.33
11/7/2025,110.45,110,110,110,-0.18,63.63,63.63,64.39,63.23,0.39,4.315,4.413,4.419,4.268,-0.96,99.6,99.76,99.87,99.4,-0.13,2104,2104,2104,2104,1.99,0.6494,0.6479,0.6501,0.6466,0.22,79.47,80.35,80.68,79.42,-0.87,11.13,11.13,11.13,11.13,-0.22,103.34,103.34,103.34,103.34,-1.66
11/10/2025,109.45,109,109,109,-0.91,64.06,63.8,64.34,63.32,0.68,4.338,4.48,4.509,4.262,0.53,99.59,99.63,99.74,99.46,-0.01,2084,2084,2084,2084,-0.95,0.6536,0.6492,0.6542,0.6488,0.65,79.96,79.55,80.35,78.91,0.62,11.15,11.15,11.15,11.15,0.18,103.97,103.97,103.97,103.97,0.61
11/11/2025,107.85,108.4,108.4,108.4,-1.46,65.16,63.94,65.31,63.6,1.72,4.565,4.375,4.581,4.276,5.23,99.44,99.66,99.74,99.29,-0.15,2072,2072,2072,2072,-0.58,0.6527,0.6536,0.654,0.6514,-0.14,80.65,80.01,80.9,79.5,0.86,11.13,11.13,11.13,11.13,-0.18,103.56,103.56,103.56,103.56,-0.39
11/12/2025,109.5,108.4,110,108.4,1.53,62.71,65.15,65.15,62.56,-3.76,4.533,4.526,4.582,4.461,-0.7,99.5,99.46,99.71,99.42,0.05,2030,2030,2030,2030,-2.03,0.6541,0.6527,0.6552,0.6515,0.21,81.91,80.79,82.37,80.79,1.56,11.135,11.135,11.135,11.135,0.04,104.17,104.17,104.17,104.17,0.59
11/13/2025,109.55,109.55,109.55,109.55,0.05,63.01,62.56,63.45,62.34,0.48,4.646,4.535,4.688,4.454,2.49,99.16,99.52,99.59,98.99,-0.34,2077,2077,2077,2077,2.32,0.6528,0.6541,0.6582,0.6523,-0.2,81.34,82.16,82.79,80.92,-0.7,11.13,11.13,11.13,11.13,-0.04,104.05,104.05,104.05,104.05,-0.12
11/14/2025,110.6,111,111,111,0.96,64.39,63.36,64.87,63.36,2.19,4.566,4.597,4.635,4.376,-1.72,99.3,99.25,99.4,98.99,0.14,2125,2125,2125,2125,2.31,0.6537,0.6528,0.6553,0.6503,0.14,80.93,81.28,81.75,80.44,-0.5,11.127,11.127,11.127,11.127,-0.03,103.95,103.95,103.95,103.95,-0.1
11/17/2025,110.2,111,111,111,-0.36,63.76,63.6,64.24,63.23,-0.98,4.593,4.736,4.746,4.554,0.59,99.59,99.27,99.6,99.25,0.29,2153,2153,2153,2153,1.32,0.6494,0.6533,0.654,0.6482,-0.66,79.92,81.45,81.45,79.78,-1.25,11.4,11.4,11.4,11.4,2.45,104.42,104.42,104.42,104.42,0.45
11/18/2025,111.5,111.5,111.5,111.5,1.18,64.43,63.58,64.64,63.2,1.05,4.593,4.574,4.619,4.461,0,99.55,99.56,99.66,99.4,-0.04,2216,2216,2216,2216,2.93,0.6508,0.6493,0.6519,0.6465,0.22,81.22,79.91,81.45,79.52,1.63,11.53,11.53,11.53,11.53,1.14,104.31,104.31,104.31,104.31,-0.11
11/19/2025,111,111,111,111,-0.45,63,64.26,64.36,62.43,-2.22,4.753,4.589,4.806,4.571,3.48,100.23,99.58,100.24,99.49,0.68,2260,2260,2260,2260,1.99,0.6479,0.6507,0.6513,0.6451,-0.45,80.66,80.89,81.59,80.2,-0.69,11.54,11.54,11.54,11.54,0.09,104.26,104.26,104.26,104.26,-0.05
11/20/2025,111,111,111,111,0,62.8,63.23,63.85,62.41,-0.32,4.667,4.767,4.8,4.65,-1.81,100.16,100.17,100.36,100.03,-0.07,2270,2270,2270,2270,0.44,0.644,0.6478,0.6504,0.6436,-0.6,81.36,80.66,81.89,80.66,0.87,11.705,11.705,11.705,11.705,1.43,104.24,104.24,104.24,104.24,-0.02
11/21/2025,110.9,110.9,110.9,110.9,-0.09,61.94,62.4,62.47,61.26,-1.37,4.58,4.489,4.675,4.461,-1.86,100.18,100.16,100.39,99.99,0.02,2275,2275,2275,2275,0.22,0.6456,0.644,0.6462,0.6421,0.25,80.41,80.85,81,80.04,-1.17,11.465,11.465,11.465,11.465,-2.05,104.26,104.26,104.26,104.26,0.02
11/24/2025,111.15,111.15,111.15,111.15,0.23,63.37,62.7,63.56,61.94,2.31,4.549,4.465,4.576,4.444,-0.68,100.14,100.2,100.3,100.01,-0.04,2295,2295,2295,2295,0.88,0.6464,0.6453,0.6471,0.6442,0.12,80.61,80.3,80.9,79.57,0.25,11.25,11.25,11.25,11.25,-1.88,104.42,104.42,104.42,104.42,0.15
11/25/2025,111.15,111.15,111.15,111.15,0,62.48,63.36,63.36,61.6,-1.4,4.424,4.501,4.547,4.267,-2.75,99.66,100.21,100.26,99.65,-0.48,2309,2309,2309,2309,0.61,0.6469,0.6461,0.6477,0.6436,0.08,81.87,80.54,82.2,80.49,1.56,11.13,11.13,11.13,11.13,-1.07,104.51,104.51,104.51,104.51,0.09
11/26/2025,111.15,111.15,111.15,111.15,0,63.13,62.64,63.2,62.11,1.04,4.558,4.483,4.644,4.442,3.03,99.6,99.84,99.96,99.56,-0.07,2401,2401,2401,2401,3.98,0.6518,0.6469,0.6522,0.6465,0.76,81.68,82.01,82.34,81.3,-0.23,11.115,11.115,11.115,11.115,-0.13,104.63,104.63,104.63,104.63,0.11
11/27/2025,111,111,111,111,-0.13,63.34,63.01,63.45,62.75,0.33,4.629,4.634,4.647,4.53,1.56,99.6,99.5,99.71,99.41,0,2480,2480,2480,2480,3.29,0.6534,0.6517,0.6541,0.6516,0.25,82.21,81.69,82.52,81.01,0.65,11.115,11.115,11.115,11.115,-0.13,104.63,104.63,104.63,104.63,0.11
11/28/2025,111.1,111.1,111.1,111.1,0.09,63.2,63.36,63.76,63.05,-0.22,4.85,4.618,4.871,4.527,4.77,99.44,99.57,99.82,99.38,-0.15,2560,2560,2560,2560,3.23,0.655,0.6534,0.6561,0.652,0.24,83.26,82.26,83.32,82.26,1.28,11.09,11.09,11.09,11.09,-0.22,104.84,104.84,104.84,104.84,0.2
12/1/2025,108.35,108.75,108.75,108.75,-2.48,63.17,62.69,63.82,62.69,-0.05,4.921,4.87,4.952,4.758,1.46,99.41,99.48,99.51,99.01,-0.03,2583,2583,2583,2583,0.9,0.6544,0.655,0.6567,0.6532,-0.09,82.64,83,83.37,82.53,-0.74,11.065,11.065,11.065,11.065,-0.23,106.94,106.94,106.94,106.94,2
12/2/2025,108.8,107.75,107.75,107.75,0.42,62.45,63.33,63.35,62.17,-1.14,4.84,4.902,4.984,4.805,-1.65,99.36,99.45,99.57,99.32,-0.06,2600,2600,2600,2600,0.66,0.6564,0.6545,0.6572,0.6537,0.31,81.82,82.5,82.56,81.51,-0.99,11,11,11,11,-0.59,107.35,107.35,107.35,107.35,0.38
12/3/2025,108.5,108.5,108.5,107.8,-0.28,62.67,62.56,63.37,62.18,0.35,4.995,4.827,5.039,4.819,3.2,98.85,99.28,99.29,98.82,-0.51,2845,2845,2845,2845,9.42,0.6601,0.6564,0.6603,0.6552,0.56,81.79,81.88,82.36,81.22,-0.04,10.985,10.985,10.985,10.985,-0.14,107.77,107.77,107.77,107.77,0.39
12/4/2025,108.5,107.75,107.75,107.25,0,63.26,62.72,63.62,62.53,0.94,5.063,5.01,5.09,4.871,1.36,98.99,98.92,99.08,98.76,0.14,2814,2814,2814,2814,-1.09,0.661,0.66,0.6626,0.6597,0.14,82.43,81.55,82.68,81.28,0.78,10.9,10.9,10.9,10.9,-0.77,107.88,107.88,107.88,107.88,0.1
12/5/2025,110.25,110,110.5,110,1.61,63.75,63.26,64.09,63.06,0.77,5.289,5.077,5.496,5.027,4.46,98.99,99.04,99.13,98.81,0,2727,2727,2727,2727,-3.09,0.664,0.6611,0.665,0.6605,0.45,81.98,82.47,82.74,81.61,-0.55,10.88,10.88,10.88,10.88,-0.18,107.24,107.24,107.24,107.24,-0.59
12/8/2025,110.5,110.5,110.5,110.5,0.23,62.49,63.75,63.96,62.34,-1.98,4.912,5.1,5.205,4.85,-7.13,99.09,98.97,99.23,98.79,0.1,2694,2694,2694,2694,-1.21,0.6624,0.6642,0.665,0.6614,-0.24,81.98,81.74,82.58,81.66,0,10.865,10.865,10.865,10.865,-0.14,106.42,106.42,106.42,106.42,-0.76
12/9/2025,110.1,110.4,110.45,110.4,-0.36,61.94,62.54,62.78,61.83,-0.88,4.574,4.868,4.878,4.551,-6.88,99.22,99.05,99.31,98.95,0.13,2557,2557,2557,2557,-5.09,0.6642,0.6623,0.6655,0.6609,0.27,82.85,82.1,82.95,81.88,1.06,10.85,10.85,10.85,10.85,-0.14,106.29,106.29,106.29,106.29,-0.12
12/10/2025,109.4,109.4,109.4,109.4,-0.64,62.21,62.11,62.73,61.35,0.44,4.595,4.578,4.696,4.455,0.46,98.79,99.21,99.26,98.59,-0.44,2430,2430,2430,2430,-4.97,0.6676,0.6642,0.6687,0.6628,0.51,82.42,82.62,82.9,81.92,-0.52,10.775,10.775,10.775,10.775,-0.69,106.66,106.66,106.66,106.66,0.35
12/11/2025,108.75,108.75,108.75,108.75,-0.59,61.28,62.42,62.63,60.77,-1.49,4.231,4.626,4.631,4.196,-7.92,98.35,98.56,98.76,98.13,-0.45,2294,2294,2294,2294,-5.6,0.6665,0.6676,0.668,0.6626,-0.16,83.9,82.72,84.4,82.72,1.8,10.745,10.745,10.745,10.745,-0.28,106.21,106.21,106.21,106.21,-0.42
12/12/2025,108.5,106.4,106.4,106.4,-0.23,61.12,61.6,61.86,60.81,-0.26,4.113,4.231,4.257,4.065,-2.79,98.4,98.32,98.53,98.3,0.05,2205,2205,2205,2205,-3.88,0.6653,0.6665,0.6679,0.6633,-0.18,83.79,84.08,84.4,83.4,-0.13,10.7,10.7,10.7,10.7,-0.42,106.05,106.05,106.05,106.05,-0.15
12/15/2025,108.6,108.6,108.6,108.6,0.09,60.56,61.09,61.5,60.13,-0.92,4.012,4.171,4.218,3.993,-2.46,98.31,98.4,98.48,98.14,-0.09,2193,2193,2193,2193,-0.54,0.6641,0.6654,0.6661,0.6632,-0.18,85.38,85.38,85.51,83.67,1.9,10.662,10.662,10.662,10.662,-0.36,106.1,106.1,106.1,106.1,0.05
12/16/2025,108.6,108.6,108.6,108.6,0,58.92,60.39,60.4,58.72,-2.71,3.886,4.037,4.045,3.842,-3.14,98.15,98.27,98.32,97.87,-0.17,2204,2204,2204,2204,0.5,0.6632,0.6642,0.6662,0.6618,-0.14,85.67,85.52,86.15,85.31,0.34,9.455,9.455,9.455,9.455,-11.32,106.36,106.36,106.36,106.36,0.25
12/17/2025,108.6,108.5,108.5,108.5,0,59.68,59.3,60.74,59.25,1.29,4.024,3.936,4.114,3.92,3.55,98.37,98.21,98.64,98.18,0.23,2121,2121,2121,2121,-3.77,0.6605,0.6632,0.6639,0.6599,-0.41,85.12,86.02,86.67,84.87,-0.64,9.535,9.535,9.535,9.535,0.85,106.61,106.61,106.61,106.61,0.24
12/18/2025,108.3,108.3,108.3,108.3,-0.28,59.82,60.61,60.67,59.54,0.23,3.908,4.117,4.218,3.877,-2.88,98.43,98.38,98.56,98.17,0.06,2071,2071,2071,2071,-2.36,0.6613,0.6604,0.6632,0.6592,0.12,84.81,84.79,85.32,83.94,-0.36,9.555,9.555,9.555,9.555,0.21,106.9,106.9,106.9,106.9,0.27
12/19/2025,108.4,108.5,108.5,108.5,0.09,60.47,59.72,60.65,59.4,1.09,3.984,3.942,4.03,3.84,1.94,98.6,98.46,98.75,98.42,0.17,2023,2023,2023,2023,-2.32,0.6612,0.6613,0.6626,0.6599,-0.02,85.38,84.65,85.48,84.45,0.67,9.675,9.675,9.675,9.675,1.26,106.92,106.92,106.92,106.92,0.02
12/22/2025,108.25,108.25,108.25,108.25,-0.14,61.58,60.25,61.66,60.11,1.84,3.965,4.081,4.14,3.797,-0.48,98.29,98.67,98.73,98.2,-0.32,1979,1979,1979,1979,-2.17,0.6658,0.6614,0.6661,0.6605,0.7,85.8,85.26,86.14,85.08,0.49,9.59,9.59,9.59,9.59,-0.88,106.94,106.94,106.94,106.94,0.02
12/23/2025,108.25,108.25,108.25,108.25,0,61.87,61.44,62.03,61.28,0.47,4.408,3.99,4.449,3.943,11.17,97.94,98.2,98.19,97.85,-0.35,1889,1889,1889,1889,-4.55,0.6702,0.6657,0.6704,0.6654,0.66,86.85,86.18,87.06,85.94,1.22,9.63,9.63,9.63,9.63,0.42,106.95,106.95,106.95,106.95,0.01
12/24/2025,108.25,108.25,108.25,108.25,0,61.8,61.97,62.22,61.55,-0.11,4.242,4.415,4.593,4.18,-3.77,97.94,97.89,98.01,97.75,0,1877,1877,1877,1877,-0.64,0.6706,0.6701,0.6719,0.6697,0.06,86.34,86.7,86.7,86.16,-0.59,9.73,9.73,9.73,9.73,1.04,106.94,106.94,106.94,106.94,-0.01
12/26/2025,109.05,109.05,109.05,109.05,0.74,60.64,62.3,62.67,60.56,-1.88,4.366,4.196,4.421,4.196,2.92,98.02,97.92,98.13,97.86,0.08,1877,1877,1877,1877,-0.64,0.6716,0.6701,0.6726,0.6697,0.19,86.34,86.7,86.7,86.16,-0.59,9.72,9.72,9.72,9.72,-0.1,106.99,106.99,106.99,106.99,0.05
12/29/2025,107.95,107.95,107.95,107.95,-1.01,61.94,60.91,62.19,60.87,2.14,4.687,4.45,4.721,4.351,7.35,98.04,98.05,98.18,97.92,0.02,1877,1877,1877,1877,-0.64,0.6694,0.6714,0.6729,0.6683,-0.33,85.79,86.58,86.75,85.63,-0.64,9.69,9.69,9.69,9.69,-0.31,107.08,107.08,107.08,107.08,0.08
12/30/2025,106.65,106.65,106.65,106.65,-1.2,61.92,61.56,62.32,61.45,-0.03,3.972,3.947,4.176,3.916,-15.25,98.24,98.01,98.27,97.94,0.21,1877,1877,1877,1877,-0.64,0.6695,0.6694,0.6719,0.6688,0.01,85.62,85.47,85.73,85.28,-0.2,9.57,9.57,9.57,9.57,-1.24,107.13,107.13,107.13,107.13,0.05
12/31/2025,107.5,107.5,107.5,107.5,0.8,60.85,61.33,61.92,60.63,-1.73,3.686,3.976,3.983,3.679,-7.2,98.32,98.25,98.5,98.18,0.09,1877,1877,1877,1877,-0.64,0.6674,0.6695,0.6704,0.6659,-0.31,85.73,85.21,85.85,85.21,0.13,9.605,9.605,9.605,9.605,0.37,107.13,107.13,107.13,107.13,0
1/2/2026,106.55,106.55,106.55,106.55,-0.88,60.75,60.86,61.38,60.01,-0.16,3.618,3.679,3.703,3.563,-1.84,98.42,98.24,98.49,98.14,0.1,1882,1882,1882,1882,0.27,0.6694,0.6675,0.6708,0.6667,0.33,86.65,86.21,87.21,86.21,1.07,9.7,9.7,9.7,9.7,0.99,107.17,107.17,107.17,107.17,0.04
1/5/2026,106.2,106.35,106.35,106.35,-0.33,61.76,60.99,61.89,59.75,1.66,3.523,3.507,3.53,3.355,-2.63,98.27,98.48,98.86,98.25,-0.16,1851,1851,1851,1851,-1.65,0.6715,0.6696,0.672,0.6663,0.31,85.6,86.21,86.91,85.39,-1.21,9.54,9.54,9.54,9.54,-1.65,106.13,106.13,106.13,106.13,-0.97
1/6/2026,107.25,106.75,107.5,106.75,0.99,60.7,61.7,62.33,60.4,-1.72,3.35,3.492,3.502,3.324,-4.91,98.58,98.41,98.63,98.16,0.32,1830,1830,1830,1830,-1.13,0.6737,0.6714,0.6743,0.6703,0.33,86.45,85.74,86.51,85.7,0.99,9.575,9.575,9.575,9.575,0.37,106.79,106.79,106.79,106.79,0.62
1/7/2026,106.9,106.9,106.9,106.9,-0.33,59.96,60.1,60.93,59.81,-1.22,3.525,3.425,3.591,3.419,5.22,98.68,98.58,98.75,98.5,0.11,1776,1776,1776,1776,-2.95,0.6721,0.6737,0.6768,0.6716,-0.24,86.49,86.65,86.97,86.23,0.05,9.605,9.605,9.605,9.605,0.31,108.48,108.48,108.48,108.48,1.58
1/8/2026,107.4,107.4,107.4,107.4,0.47,61.99,60.29,63.02,59.96,3.39,3.407,3.563,3.634,3.355,-3.35,98.93,98.74,98.98,98.68,0.25,1718,1718,1718,1718,-3.27,0.67,0.6722,0.6727,0.6681,-0.31,86.53,85.69,86.63,85.56,0.05,9.555,9.555,9.555,9.555,-0.52,107.65,107.65,107.65,107.65,-0.77
1/9/2026,107.3,107.3,107.3,107.3,-0.09,63.34,62.6,63.92,61.83,2.18,3.169,3.41,3.496,3.131,-6.99,99.13,98.91,99.26,98.9,0.2,1688,1688,1688,1688,-1.75,0.6687,0.67,0.6706,0.6663,-0.19,87.89,86.43,87.95,86.43,1.57,9.565,9.565,9.565,9.565,0.1,108.03,108.03,108.03,108.03,0.35
1/12/2026,107.1,107.1,107.1,107.1,-0.19,63.87,63.34,64.34,62.76,0.84,3.409,3.29,3.431,3.182,7.57,98.86,99.17,99.25,98.67,-0.27,1659,1659,1659,1659,-1.72,0.6711,0.6676,0.6723,0.6673,0.36,88.44,88.24,88.64,87.93,0.63,9.61,9.61,9.61,9.61,0.47,108.25,108.25,108.25,108.25,0.2
1/13/2026,107.65,108,110.5,108,0.51,65.47,64.11,65.92,63.84,2.51,3.419,3.358,3.499,3.298,0.29,99.13,98.9,99.23,98.85,0.28,1608,1608,1608,1608,-3.07,0.6682,0.671,0.6726,0.6673,-0.43,89.08,88.69,89.36,88.61,0.72,9.61,9.61,9.61,9.61,0,107.9,107.9,107.9,107.9,-0.32
1/14/2026,109,109.5,109.5,108.5,1.25,66.52,65.44,66.82,63.45,1.6,3.12,3.384,3.443,3.068,-8.75,99.13,99.19,99.25,98.93,0,1566,1566,1566,1566,-2.61,0.6682,0.6682,0.6704,0.6673,0,90.15,88.98,90.04,88.74,1.2,9.595,9.595,9.595,9.595,-0.16,107.68,107.68,107.68,107.68,-0.2
1/15/2026,108.4,108.4,108.4,108.4,-0.55,63.76,65.35,65.36,63.27,-4.15,3.128,3.102,3.218,3.006,0.26,99.32,99.13,99.49,99.09,0.19,1532,1532,1532,1532,-2.17,0.6699,0.6682,0.6711,0.6667,0.25,90.56,90.5,91.94,90.08,0.45,9.61,9.61,9.61,9.61,0.16,107.39,107.39,107.39,107.39,-0.27
1/16/2026,108.85,108.85,108.85,108.85,0.42,64.13,63.74,64.77,63.44,0.58,3.103,3.146,3.23,3.02,-0.8,99.39,99.37,99.48,99.16,0.07,1567,1567,1567,1567,2.28,0.6683,0.6699,0.6711,0.6671,-0.24,90.36,90.47,91.78,90.1,-0.22,11.155,11.155,11.155,11.155,16.08,107.15,107.15,107.15,107.15,-0.22
1/19/2026,109.1,109.1,109.1,109.1,0.23,63.22,63.04,63.64,62.59,-1.42,3.586,3.567,3.717,3.381,3.4,99.39,99.44,99.47,99.01,0,1650,1650,1650,1650,5.3,0.6714,0.6689,0.6718,0.6667,0.46,86.51,89.9,89.9,86.34,-4.26,11.155,11.155,11.155,11.155,16.08,107.15,107.15,107.15,107.15,-0.22
1/20/2026,109.95,109.95,109.95,109.95,0.78,64.19,63.42,64.35,62.69,1.53,3.234,2.912,3.242,2.854,-9.82,98.64,99.14,99.14,98.25,-0.76,1729,1729,1729,1729,4.79,0.6737,0.6715,0.6748,0.6706,0.34,83.41,86.58,86.63,82.31,-3.58,10.805,10.805,10.805,10.805,-3.14,106.54,106.54,106.54,106.54,-0.57
1/21/2026,109.35,109.35,109.35,109.35,-0.55,64.53,63.55,64.74,63.05,0.53,3.535,3.188,3.582,3.114,9.31,98.76,98.61,98.87,98.38,0.12,1803,1803,1803,1803,4.28,0.6761,0.6737,0.6779,0.6727,0.36,85.49,83.31,85.8,82.8,2.49,11.335,11.335,11.335,11.335,4.91,106.46,106.46,106.46,106.46,-0.08
1/22/2026,109.55,109.55,109.55,109.55,0.18,63.34,64.45,64.67,62.9,-1.84,5.045,5.039,5.65,4.769,42.72,98.36,98.79,98.83,98.26,-0.41,1761,1761,1761,1761,-2.33,0.6841,0.676,0.6845,0.6753,1.18,86.86,88.41,88.63,86.46,1.6,11.22,11.22,11.22,11.22,-1.01,106.42,106.42,106.42,106.42,-0.04
1/23/2026,109,109,109,109,-0.5,65.07,63.64,65.45,63.55,2.73,5.275,4.872,5.434,4.66,4.56,97.6,98.33,98.48,97.43,-0.77,1762,1762,1762,1762,0.06,0.6896,0.684,0.69,0.6834,0.8,86.79,86.78,88.09,86.51,-0.08,11.285,11.285,11.285,11.285,0.58,106.36,106.36,106.36,106.36,-0.06
1/26/2026,108.65,108.65,108.65,108.65,-0.32,65.59,66.03,66.54,65.29,0.8,6.8,5.791,7.439,5.728,28.91,97.04,97.03,97.33,96.81,-0.57,1780,1780,1780,1780,1.02,0.6917,0.6897,0.6942,0.6897,0.3,85.54,86.84,86.9,84.75,-1.44,11.225,11.225,11.225,11.225,-0.53,106.15,106.15,106.15,106.15,-0.2
1/27/2026,108.8,108.8,108.8,108.8,0.14,67.57,65.75,67.78,65,3.02,6.954,6.646,7.31,5.772,2.26,96.22,97.05,97.29,95.55,-0.85,1999,1999,1999,1999,12.3,0.7011,0.6913,0.7017,0.6901,1.36,86.75,86,87,85.95,1.41,11.35,11.35,11.35,11.35,1.11,106.03,106.03,106.03,106.03,-0.11
1/28/2026,109.1,109.1,109.1,109.1,0.28,68.4,67.6,68.77,67.12,1.23,7.46,6.5,7.827,5.9,7.28,96.45,95.96,96.79,95.86,0.24,2016,2016,2016,2016,0.85,0.7041,0.7011,0.7045,0.6977,0.43,84.96,86.87,86.87,84.48,-2.06,11.29,11.29,11.29,11.29,-0.53,105.85,105.85,105.85,105.85,-0.17
1/29/2026,108.6,108.6,108.6,108.6,-0.46,70.71,68.69,71.89,68.61,3.38,3.918,3.742,3.93,3.728,-47.48,96.28,96.16,96.66,96.02,-0.17,2002,2002,2002,2002,-0.69,0.7049,0.7041,0.7096,0.6968,0.11,82.45,84.4,84.4,81.91,-2.95,11.465,11.465,11.465,11.465,1.55,105.77,105.77,105.77,105.77,-0.08
1/30/2026,108.9,108.9,108.9,108.9,0.28,70.69,70.65,70.92,69.15,-0.03,4.354,3.879,4.425,3.818,11.13,96.99,96.17,97.15,96.17,0.74,2148,2148,2148,2148,7.29,0.6962,0.7049,0.7057,0.694,-1.23,79.8,81.79,82.44,79.26,-3.21,11.525,11.525,11.525,11.525,0.52,105.62,105.62,105.62,105.62,-0.14
2/2/2026,116,116,116,116,6.52,66.3,68.6,68.83,65.45,-6.21,3.237,3.708,3.736,3.155,-25.65,97.63,97.18,97.73,97.01,0.66,2124,2124,2124,2124,-1.12,0.6949,0.6955,0.6971,0.6908,-0.19,81.79,79.7,81.98,78.19,2.49,11.15,11.15,11.15,11.15,-3.25,102.66,102.66,102.66,102.66,-2.8
2/3/2026,114.7,114.7,114.7,114.7,-1.12,67.33,66.06,68.27,65.19,1.55,3.311,3.263,3.397,3.169,2.29,97.44,97.52,97.69,97.3,-0.2,2028,2028,2028,2028,-4.52,0.7023,0.6948,0.7051,0.6943,1.06,81.6,82.67,82.97,79.92,-0.23,11.13,11.13,11.13,11.13,-0.18,102.16,102.16,102.16,102.16,-0.49
2/4/2026,116.1,116.1,116.1,116.1,1.22,69.46,67.89,69.76,66.98,3.16,3.465,3.37,3.548,3.264,4.65,97.62,97.43,97.73,97.31,0.18,1955,1955,1955,1955,-3.6,0.6998,0.7021,0.7045,0.6969,-0.36,81.43,79.69,81.92,78.6,-0.21,11.1,11.1,11.1,11.1,-0.27,102.17,102.17,102.17,102.17,0.01
2/5/2026,116,116,116,116,-0.09,67.55,68.52,68.95,66.89,-2.75,3.509,3.472,3.573,3.328,1.27,97.82,97.67,97.99,97.61,0.21,1936,1936,1936,1936,-0.97,0.6927,0.6998,0.7009,0.6926,-1.01,76.81,81.26,81.41,76.53,-5.67,11.08,11.08,11.08,11.08,-0.18,101.03,101.03,101.03,101.03,-1.12
2/6/2026,115.6,115,115,115,-0.34,68.05,67.2,68.83,66.56,0.74,3.422,3.517,3.659,3.387,-2.48,97.63,97.97,97.97,97.56,-0.2,1923,1923,1923,1923,-0.67,0.7017,0.6927,0.7026,0.6897,1.3,77.32,76.62,77.82,74.83,0.66,11.105,11.105,11.105,11.105,0.23,100.11,100.11,100.11,100.11,-0.91
2/9/2026,115.75,115,115,115,0.13,69.04,67.25,69.45,67.02,1.45,3.138,3.25,3.265,3.111,-8.3,96.82,97.7,97.76,96.79,-0.84,1895,1895,1895,1895,-1.46,0.7092,0.7009,0.7099,0.7006,1.07,79.93,78.24,80.2,78.09,3.38,11.045,11.045,11.045,11.045,-0.54,100.63,100.63,100.63,100.63,0.52
2/10/2026,114.6,114.6,114.6,114.6,-0.99,68.8,69.04,69.49,68.44,-0.35,3.115,3.141,3.214,3.061,-0.73,96.8,97,97.01,96.61,-0.02,1882,1882,1882,1882,-0.69,0.7076,0.7091,0.7096,0.7064,-0.23,77.45,79.76,80.31,77.25,-3.1,11.015,11.015,11.015,11.015,-0.27,100.84,100.84,100.84,100.84,0.21
2/11/2026,114.9,115,115,115,0.26,69.4,69.1,70.72,69,0.87,3.159,3.159,3.249,3.055,1.41,96.83,96.91,97.27,96.49,0.04,1958,1958,1958,1958,4.04,0.7127,0.7076,0.7144,0.7065,0.72,77.06,77.08,77.3,74.73,-0.5,11.01,11.01,11.01,11.01,-0.05,100.59,100.59,100.59,100.59,-0.25
2/12/2026,116.1,115,115,114.5,1.04,67.52,69.68,69.85,67.09,-2.71,3.217,3.222,3.316,3.18,1.84,96.93,96.96,97.07,96.74,0.09,2095,2095,2095,2095,7,0.709,0.7124,0.7149,0.7075,-0.52,71.26,75,75.47,70.8,-7.53,11.005,11.005,11.005,11.005,-0.05,100.37,100.37,100.37,100.37,-0.22
2/13/2026,116.7,116.7,116.7,116.7,0.52,67.75,67.58,68.05,66.89,0.34,3.243,3.219,3.278,3.114,0.81,96.92,96.94,97.16,96.8,-0.01,2083,2083,2083,2083,-0.57,0.7075,0.7089,0.7099,0.7043,-0.21,69.45,71.16,72.62,69.35,-2.54,10.993,10.993,10.993,10.993,-0.11,99.66,99.66,99.66,99.66,-0.71
2/16/2026,116.25,116.25,116.25,116.25,-0.39,67.97,67.42,68.08,66.68,0.32,3.095,3.099,3.105,2.969,1.88,96.92,96.88,97.12,96.88,0,2100,2100,2100,2100,0.82,0.7072,0.7063,0.7098,0.7056,-0.04,67.97,69.35,70.09,66.95,-2.13,10.993,10.993,10.993,10.993,-0.11,99.66,99.66,99.66,99.66,-0.71
2/17/2026,117.05,117.05,117.05,117.05,0.69,66.87,67.88,68.38,66.21,-1.62,2.938,2.947,3.06,2.888,-5.07,97.15,97.12,97.55,97.07,0.25,2095,2095,2095,2095,-0.24,0.7086,0.7072,0.7091,0.7028,0.2,68.88,67.83,69.93,67.4,1.34,9.96,9.96,9.96,9.96,-9.4,99.74,99.74,99.74,99.74,0.08
2/18/2026,116.8,116.8,116.8,116.8,-0.21,69.77,66.86,70.09,66.8,4.34,2.933,2.951,2.958,2.868,-0.17,97.7,97.14,97.74,97.12,0.56,2063,2063,2063,2063,-1.53,0.7043,0.7086,0.7089,0.7035,-0.61,70.35,68.81,70.52,67.7,2.13,10.395,10.395,10.395,10.395,4.37,99.74,99.74,99.74,99.74,0
2/19/2026,116.15,116.15,116.15,116.15,-0.56,71.27,69.75,71.7,69.61,2.15,2.996,3.022,3.095,2.961,2.15,97.93,97.73,98.07,97.57,0.23,2019,2019,2019,2019,-2.13,0.7059,0.7043,0.7082,0.7024,0.23,70.11,70.48,71.25,69.96,-0.34,10.78,10.78,10.78,10.78,3.7,99.61,99.61,99.61,99.61,-0.13
2/20/2026,116.2,116.2,116.2,116.2,0.04,71.3,71.36,71.86,70.66,0.04,3.047,2.971,3.155,2.949,1.7,97.8,97.9,98.08,97.59,-0.13,2043,2043,2043,2043,1.19,0.7084,0.7053,0.7095,0.7015,0.35,72.54,70.45,73.03,70.06,3.47,10.66,10.66,10.66,10.66,-1.11,99.33,99.33,99.33,99.33,-0.28
2/23/2026,116.5,116.5,116.5,116.5,0.26,71.49,71.1,72.5,70.69,0.27,2.985,3.24,3.253,2.977,-2.03,97.71,97.7,97.85,97.36,-0.09,2112,2112,2112,2112,3.38,0.7056,0.7084,0.7113,0.7046,-0.4,70.14,71.61,71.77,70.05,-3.31,10.725,10.725,10.725,10.725,0.61,99.27,99.27,99.27,99.27,-0.06
2/24/2026,117,117,117,117,0.43,70.77,71.49,72.24,70.71,-1.01,2.915,2.981,3.014,2.905,-2.35,97.84,97.7,97.99,97.69,0.14,2129,2129,2129,2129,0.8,0.7058,0.7055,0.7075,0.7026,0.03,69.42,70.03,70.71,69.1,-1.03,10.52,10.52,10.52,10.52,-1.91,99.15,99.15,99.15,99.15,-0.12
2/25/2026,116.2,116.2,116.2,116.2,-0.68,70.85,71.25,71.76,70.44,0.11,2.969,2.92,3.017,2.895,1.85,97.7,97.85,98,97.62,-0.15,2121,2121,2121,2121,-0.38,0.7124,0.7058,0.7131,0.7057,0.94,71.31,70.34,71.62,69.99,2.72,10.595,10.595,10.595,10.595,0.71,99.07,99.07,99.07,99.07,-0.08
2/26/2026,115.8,115.8,115.8,115.8,-0.34,70.75,71.1,72.61,69.16,-0.14,2.827,2.891,2.891,2.775,-4.78,97.79,97.59,97.98,97.49,0.09,2117,2117,2117,2117,-0.19,0.7105,0.712,0.7141,0.7067,-0.27,69.7,71.02,71.21,68.1,-2.26,10.605,10.605,10.605,10.605,0.09,99.03,99.03,99.03,99.03,-0.04
2/27/2026,115.8,115.8,115.8,115.8,0,72.48,70.5,73,70.33,2.45,2.859,2.832,2.894,2.818,1.13,97.61,97.75,97.85,97.56,-0.19,2140,2140,2140,2140,1.09,0.7116,0.7107,0.7136,0.7086,0.15,69.02,70.01,70.57,68.71,-0.98,10.725,10.725,10.725,10.725,1.13,99.06,99.06,99.06,99.06,0.03
3/2/2026,125.85,123.5,126,123.5,8.68,77.74,81.57,82.37,75.75,7.26,2.96,2.929,3.07,2.867,3.53,98.38,97.87,98.75,97.77,0.79,2187,2187,2187,2187,2.2,0.7093,0.7116,0.7121,0.7032,-0.32,69.3,67.95,69.25,66.75,0.41,13.365,13.365,13.365,13.365,24.62,99.81,99.81,99.81,99.81,0.76
3/3/2026,135,134,140.5,134,7.27,81.4,79,85.12,78.38,4.71,3.054,2.98,3.188,2.973,3.18,99.05,98.56,99.68,98.43,0.68,2242,2242,2242,2242,2.51,0.7035,0.709,0.7126,0.6944,-0.82,71.98,68.46,72.72,68.31,3.87,15.77,15.77,15.77,15.77,17.99,99.57,99.57,99.57,99.57,-0.24
3/4/2026,131.65,135,135,127,-2.48,81.4,82,84.48,80.3,0,2.917,3.041,3.076,2.891,-4.49,98.77,99.11,99.33,98.7,-0.29,2233,2233,2233,2233,-0.4,0.7075,0.7042,0.7087,0.6984,0.57,69.46,72.44,72.44,69.03,-3.5,15.105,15.105,15.105,15.105,-4.22,100.06,100.06,100.06,100.06,0.49
3/5/2026,134.25,130,135.45,130,1.97,85.41,82.24,86.28,81.5,4.93,3.003,2.937,3.046,2.92,2.95,99.32,98.77,99.41,98.67,0.55,2138,2138,2138,2138,-4.25,0.7009,0.7075,0.7093,0.6974,-0.93,69.02,69.06,69.5,68.39,-0.63,15.495,15.495,15.495,15.495,2.58,100.89,100.89,100.89,100.89,0.83
3/6/2026,133.8,131,135,131,-0.34,92.69,83.54,94.64,83.16,8.52,3.186,3.022,3.28,2.951,6.09,98.99,99.01,99.43,98.84,-0.33,2010,2010,2010,2010,-5.99,0.703,0.7008,0.7052,0.6977,0.3,69.23,68.96,70.11,68.77,0.3,15.71,15.71,15.71,15.71,1.39,101.91,101.91,101.91,101.91,1.01
3/9/2026,137.65,138,138,138,2.88,98.96,99.75,119.5,83.66,6.76,3.12,3.304,3.494,3.021,-2.07,99.18,98.86,99.69,98.7,0.19,2066,2066,2066,2066,2.79,0.7076,0.7001,0.7081,0.6956,0.65,69.54,68.07,69.82,67.95,0.45,16.23,16.23,16.23,16.23,3.31,102.9,102.9,102.9,102.9,0.97
3/10/2026,131.55,133.5,133.65,133.5,-4.43,87.8,92.49,95.04,81.16,-11.28,3.02,3.027,3.147,2.961,-3.21,98.83,98.8,98.95,98.49,-0.35,1919,1919,1919,1919,-7.12,0.712,0.7076,0.7172,0.7052,0.62,71.54,70.35,71.9,70.35,2.88,15.92,15.92,15.92,15.92,-1.91,103.22,103.22,103.22,103.22,0.31
3/11/2026,133.1,133.1,133.1,133.1,1.18,91.98,90.4,93.8,86.24,4.76,3.209,3.064,3.228,3.019,6.26,99.23,98.94,99.3,98.7,0.41,1926,1926,1926,1926,0.36,0.7152,0.712,0.7192,0.7112,0.45,70.47,71.94,72.91,69.97,-1.5,15.98,15.98,15.98,15.98,0.38,103.53,103.53,103.53,103.53,0.3
3/12/2026,135,135,135,135,1.43,100.46,96.84,101.85,95.2,9.22,3.233,3.231,3.292,3.145,0.75,99.74,99.45,99.76,99.25,0.51,1972,1972,1972,1972,2.39,0.7077,0.7152,0.7162,0.7072,-1.05,67.4,70.35,71.21,66.6,-4.36,16.09,16.09,16.09,16.09,0.69,104.72,104.72,104.72,104.72,1.15
3/13/2026,134.8,134.8,134.8,134.8,-0.15,103.14,101.68,103.95,97.6,2.67,3.131,3.252,3.317,3.109,-3.15,100.36,99.69,100.54,99.59,0.62,2028,2028,2028,2028,2.84,0.6981,0.7078,0.7094,0.6979,-1.36,67.83,66.56,67.99,66.32,0.64,16.185,16.185,16.185,16.185,0.59,105.14,105.14,105.14,105.14,0.4
3/16/2026,132.3,132.3,132.3,132.3,-1.85,96.04,100.7,101.63,95.39,-6.88,3.011,3.175,3.175,2.981,-3.83,99.71,100.43,100.48,99.66,-0.65,2038,2038,2038,2038,0.49,0.7072,0.6996,0.7084,0.6983,1.3,67.65,67.91,68.77,67.41,-0.27,19.275,19.275,19.275,19.275,19.09,105.34,105.34,105.34,105.34,0.19
3/17/2026,131.1,130,132,130,-0.91,99.39,97.3,100.33,97.22,3.49,3.009,3.021,3.08,2.988,-0.07,99.57,99.86,100.11,99.5,-0.14,2024,2024,2024,2024,-0.69,0.7105,0.7071,0.7119,0.7049,0.47,65.81,67.13,67.53,64.1,-2.72,19.41,19.41,19.41,19.41,0.7,105.77,105.77,105.77,105.77,0.41
3/18/2026,132.8,131.75,131.75,131.75,1.3,102.92,99.55,106.96,96.7,3.55,3.033,3.02,3.17,2.897,0.8,100.09,99.55,100.31,99.46,0.51,2064,2064,2064,2064,1.98,0.7025,0.7105,0.7125,0.7018,-1.13,65.04,66.07,66.1,64.9,-1.17,20.175,20.175,20.175,20.175,3.94,105.54,105.54,105.54,105.54,-0.22
3/19/2026,135.45,135.45,135.45,135.45,2,103.78,105.17,112.12,99.51,0.84,3.126,3.141,3.228,3.06,3.07,99.23,100.23,100.31,98.97,-0.85,2057,2057,2057,2057,-0.34,0.7087,0.7024,0.711,0.6999,0.88,62.8,64.3,64.54,62.29,-3.44,22.35,22.35,22.35,22.35,10.78,105.64,105.64,105.64,105.64,0.09
3/20/2026,135.35,135.35,135.35,135.35,-0.07,106.41,102.6,107.37,100.47,2.53,3.064,3.083,3.136,3.012,-1.98,99.65,99.29,99.79,99.25,0.42,2056,2056,2056,2056,-0.05,0.7024,0.7087,0.7098,0.7005,-0.89,66.73,65.66,68.31,65.66,6.26,21.705,21.705,21.705,21.705,-2.89,105.89,105.89,105.89,105.89,0.24
3/23/2026,135.25,135.25,135.25,135.25,-0.07,95.92,107.5,109.78,91.7,-9.86,2.891,3.108,3.153,2.875,-5.65,98.95,99.68,100.15,98.88,-0.7,2037,2037,2037,2037,-0.92,0.7011,0.7017,0.7064,0.691,-0.19,68.31,65.5,68.49,65.17,2.37,21,21,21,21,-3.25,106,106,106,106,0.1
3/24/2026,136.5,136.5,136.5,136.5,0.92,100.23,97.12,100.77,94.15,4.49,2.943,2.91,2.974,2.876,1.8,99.43,99.14,99.62,99.06,0.49,1989,1989,1989,1989,-2.36,0.6996,0.7011,0.7025,0.6938,-0.21,70.21,67.9,70.16,67.72,2.78,20.525,20.525,20.525,20.525,-2.26,106.1,106.1,106.1,106.1,0.09
3/25/2026,133.05,133.05,133.05,133.05,-2.53,102.22,100.32,103.37,97.15,1.99,2.952,2.9,2.985,2.864,0.31,99.6,99.2,99.67,99.07,0.17,2001,2001,2001,2001,0.6,0.6948,0.6997,0.7005,0.6943,-0.69,69.74,71.13,71.68,67.6,-0.67,19.99,19.99,19.99,19.99,-2.61,106.02,106.02,106.02,106.02,-0.08
3/26/2026,135.1,135.1,135.1,135.1,1.54,108.01,102.93,109.05,102.75,5.66,2.999,2.984,3.025,2.918,1.59,99.9,99.63,100.01,99.56,0.3,2014,2014,2014,2014,0.65,0.6887,0.6948,0.6959,0.6875,-0.88,70.62,69.8,71.6,69.68,1.26,20.495,20.495,20.495,20.495,2.53,106.14,106.14,106.14,106.14,0.11
3/27/2026,135.6,133.95,133.95,133.95,0.37,112.57,106.6,114.88,105.09,4.22,3.095,2.97,3.124,2.965,3.2,100.15,99.87,100.21,99.8,0.25,2031,2031,2031,2031,0.84,0.6873,0.6889,0.6914,0.6864,-0.2,70.63,70.27,71.03,70.08,0.01,20.395,20.395,20.395,20.395,-0.49,106.22,106.22,106.22,106.22,0.08
3/30/2026,144.25,146,146.25,145,6.38,112.78,114.5,116.89,111.41,0.19,2.887,3.055,3.057,2.851,-6.72,100.51,100.22,100.61,100.05,0.36,2017,2017,2017,2017,-0.69,0.6852,0.688,0.6889,0.6833,-0.31,71.13,70.11,71.9,70.11,0.71,20.53,20.53,20.53,20.53,0.66,106.32,106.32,106.32,106.32,0.09
3/31/2026,142.45,144,144.75,142,-1.25,118.35,115.04,119.24,111.35,4.94,2.884,2.887,2.977,2.803,-0.1,99.96,100.58,100.64,99.81,-0.55,1995,1995,1995,1995,-1.09,0.6901,0.6853,0.6905,0.6834,0.72,71.47,71.61,71.8,71.26,0.48,20.13,20.13,20.13,20.13,-1.95,106.38,106.38,106.38,106.38,0.06
4/1/2026,137.2,137.2,137.2,137.2,-3.69,101.16,103.63,105.94,98.35,-14.52,2.819,2.88,2.899,2.785,-2.25,99.65,99.79,99.88,99.3,-0.31,2030,2030,2030,2030,1.75,0.6929,0.69,0.6964,0.6895,0.41,73.6,72.41,73.66,72.13,2.98,19.83,19.83,19.83,19.83,-1.49,107.51,107.51,107.51,107.51,1.06
4/2/2026,137.9,138.75,139.9,138.75,0.51,109.03,100.7,109.74,99.08,7.78,2.8,2.813,2.889,2.779,-0.67,100.03,99.54,100.26,99.45,0.38,2066,2066,2066,2066,1.77,0.6908,0.6929,0.6942,0.686,-0.3,70.67,72.59,72.83,70.28,-3.98,19.965,19.965,19.965,19.965,0.68,107.45,107.45,107.45,107.45,-0.06
4/6/2026,137.9,137.9,137.9,137.9,0,109.77,110,111.89,106.85,0.68,2.811,2.838,2.868,2.769,0.39,99.98,100.18,100.29,99.76,-0.24,2066,2066,2066,2066,1.77,0.6917,0.6899,0.6939,0.6876,0.38,70.67,72.59,72.83,70.28,-3.98,19.965,19.965,19.965,19.965,0,107.97,107.97,107.97,107.97,0.48
4/7/2026,138.5,138.5,138.5,138.5,0.44,109.27,110.25,111.8,102.71,-0.46,2.87,2.804,2.888,2.756,2.1,99.86,100.01,100.16,99.52,-0.12,2095,2095,2095,2095,1.4,0.6976,0.6918,0.698,0.6898,0.85,70.48,70.45,70.93,70.23,-0.27,19.865,19.865,19.865,19.865,-0.5,108.32,108.32,108.32,108.32,0.32
4/8/2026,135.5,136.5,136.5,134,-2.17,94.75,95,97.22,90.4,-13.29,2.724,2.843,2.844,2.702,-5.09,99.13,98.95,99.18,98.53,-0.73,2139,2139,2139,2139,2.1,0.7045,0.6971,0.7085,0.6969,0.99,70.72,72.12,72.12,70.54,0.34,19.49,19.49,19.49,19.49,-1.89,107.83,107.83,107.83,107.83,-0.45
4/9/2026,135.5,135,135,134.75,0,95.92,97.1,99.5,94.22,1.23,2.67,2.731,2.738,2.655,-1.98,98.82,99.06,99.16,98.63,-0.32,2161,2161,2161,2161,1.03,0.7081,0.7041,0.7096,0.7022,0.51,72.73,71.04,72.77,70.4,2.84,19.495,19.495,19.495,19.495,0.03,106.27,106.27,106.27,106.27,-1.45
4/10/2026,134.9,134.9,134.9,134.9,-0.44,95.2,96.6,98.26,94.2,-0.75,2.648,2.671,2.689,2.628,-0.82,98.65,98.87,99.01,98.54,-0.17,2201,2201,2201,2201,1.85,0.7062,0.7079,0.7095,0.7052,-0.27,71.84,72.6,72.6,71.6,-1.22,19.42,19.42,19.42,19.42,-0.38,106.63,106.63,106.63,106.63,0.34
4/13/2026,135.45,135.45,135.45,135.45,0.41,99.36,100.94,103.87,97.59,4.37,2.627,2.691,2.723,2.615,-0.79,98.37,99.05,99.18,98.36,-0.29,2250,2250,2250,2250,2.23,0.7096,0.702,0.7102,0.6984,0.48,71.6,71.09,71.76,70.98,-0.33,19.44,19.44,19.44,19.44,0.1,107.05,107.05,107.05,107.05,0.39
4/14/2026,134.95,134.95,134.95,134.95,-0.37,94.79,97.5,99.45,94.42,-4.6,2.599,2.628,2.66,2.561,-1.07,98.12,98.37,98.41,97.97,-0.25,2354,2354,2354,2354,4.62,0.7126,0.7094,0.7149,0.7077,0.42,73.86,71.51,73.82,71.44,3.16,19.35,19.35,19.35,19.35,-0.46,106.38,106.38,106.38,106.38,-0.63
4/15/2026,133.75,133.75,133.75,133.75,-0.89,94.93,94.33,96.9,93.93,0.15,2.61,2.599,2.628,2.57,0.42,98.06,98.07,98.29,98,-0.07,2484,2484,2484,2484,5.52,0.717,0.7125,0.7179,0.7118,0.62,73.15,73.72,74.17,73.19,-0.96,19.198,19.198,19.198,19.198,-0.79,106.75,106.75,106.75,106.75,0.35
4/16/2026,133.55,133.5,133.75,133.5,-0.15,99.39,94.62,99.8,94.43,4.7,2.647,2.614,2.679,2.588,1.42,98.21,98.01,98.29,97.83,0.16,2523,2523,2523,2523,1.57,0.7161,0.717,0.7198,0.7151,-0.13,73.99,73.66,74.66,72.9,1.15,16.13,16.13,16.13,16.13,-15.98,107.11,107.11,107.11,107.11,0.34
4/17/2026,132.3,132.3,132.3,132.3,-0.94,90.38,98.45,98.98,86.09,-9.07,2.674,2.667,2.707,2.623,1.02,98.1,98.19,98.29,97.63,-0.12,2567,2567,2567,2567,1.74,0.7168,0.7161,0.7223,0.7152,0.1,76.47,74,76.48,74,3.35,15,15,15,15,-7.01,106.85,106.85,106.85,106.85,-0.24
4/20/2026,132.6,132.6,132.6,132.6,0.23,90.43,91,92.17,88.48,0.06,2.831,2.832,2.88,2.81,5.87,98.1,98.28,98.39,98.01,0,2633,2633,2633,2633,2.57,0.7178,0.7158,0.7181,0.7116,0.14,75.14,75.69,75.69,74.77,-1.74,15.235,15.235,15.235,15.235,1.57,107.09,107.09,107.09,107.09,0.22
4/21/2026,132.9,133.3,133.75,132.75,0.23,93.24,89.4,95.51,89.12,3.11,2.842,2.816,2.863,2.792,0.39,98.39,98.06,98.57,98.06,0.3,2640,2640,2640,2640,0.27,0.7152,0.7176,0.7187,0.713,-0.36,74.71,74.8,75.03,73.81,-0.57,15.81,15.81,15.81,15.81,3.77,107.05,107.05,107.05,107.05,-0.04
4/22/2026,132.8,132.8,132.8,132.8,-0.08,96.18,93.93,96.75,91.42,3.15,2.861,2.84,2.905,2.824,0.67,98.59,98.4,98.64,98.21,0.2,2675,2675,2675,2675,1.33,0.7161,0.715,0.7178,0.7146,0.13,73.42,74.76,74.76,73.31,-1.73,16.125,16.125,16.125,16.125,1.99,107.11,107.11,107.11,107.11,0.06
4/23/2026,133.25,132.85,132.85,132.85,0.34,99.35,95.89,101.41,95.89,3.3,2.614,2.718,2.74,2.568,-8.63,98.77,98.62,98.94,98.53,0.18,2673,2673,2673,2673,-0.07,0.7129,0.7161,0.7168,0.7111,-0.45,73.85,73.26,73.99,73.26,0.59,16.39,16.39,16.39,16.39,1.64,107.06,107.06,107.06,107.06,-0.05
4/24/2026,133.7,133.7,133.7,133.7,0.34,105.33,106.02,107.48,103.41,6.02,2.523,2.594,2.594,2.495,-3.48,98.53,98.82,98.92,98.49,-0.24,2665,2665,2665,2665,-0.3,0.7151,0.7128,0.7156,0.7114,0.31,73.92,73.82,74.5,73.68,0.09,16.55,16.55,16.55,16.55,0.98,107.1,107.1,107.1,107.1,0.04
4/27/2026,132.25,130.4,130.5,130.4,-1.08,108.23,106.44,109.79,105.82,2.75,2.55,2.505,2.63,2.505,1.07,98.5,99.33,99.34,98.21,-0.04,2666,2666,2666,2666,0.04,0.7187,0.7143,0.7201,0.7126,0.5,73.75,73.59,74.39,73.51,-0.23,16.555,16.555,16.555,16.555,0.03,107.13,107.13,107.13,107.13,0.03
4/28/2026,131.25,133,133.5,133,-0.76,111.26,107.82,112.7,107.81,2.8,2.559,2.539,2.578,2.483,0.35,98.64,98.47,98.87,98.43,0.15,2677,2677,2677,2677,0.41,0.7182,0.7187,0.7196,0.7151,-0.07,74.1,73.8,74.63,73.8,0.47,16.48,16.48,16.48,16.48,-0.45,107.12,107.12,107.12,107.12,-0.01
4/29/2026,133.65,133.25,133.25,133.25,1.83,118.03,110.7,122.53,110.26,6.08,2.647,2.68,2.692,2.615,3.44,98.96,98.61,99.05,98.57,0.33,2670,2670,2670,2670,-0.26,0.7117,0.7181,0.7191,0.7101,-0.91,72.19,74.37,74.37,72.01,-2.58,16.965,16.965,16.965,16.965,2.94,107.15,107.15,107.15,107.15,0.03
4/30/2026,134,134.25,134.25,134,0.26,114.01,120.34,126.41,113,-3.41,2.767,2.649,2.794,2.592,4.53,98.06,98.85,99.09,98.01,-0.91,2686,2686,2686,2686,0.6,0.7201,0.7116,0.7205,0.7109,1.18,72.78,71.78,72.59,71.54,0.82,16.905,16.905,16.905,16.905,-0.35,107.18,107.18,107.18,107.18,0.03
5/1/2026,133.9,133.9,133.9,133.9,-0.07,108.17,111.34,112.45,106.23,-5.12,2.78,2.755,2.821,2.746,0.47,98.16,98.13,98.24,97.72,0.1,2730,2730,2730,2730,1.64,0.7206,0.72,0.7229,0.7183,0.07,72.92,72.57,74.04,72.57,0.19,16.865,16.865,16.865,16.865,-0.24,107.86,107.86,107.86,107.86,0.63
5/4/2026,135.55,135.55,135.55,135.55,1.23,114.44,106.6,115.3,105.55,5.8,2.867,2.783,2.883,2.752,3.13,98.37,98.05,98.54,97.97,0.22,2730,2730,2730,2730,1.64,0.7168,0.7205,0.7229,0.7153,-0.53,72.02,73.31,73.31,71.86,-1.23,16.865,16.865,16.865,16.865,0,108.17,108.17,108.17,108.17,0.29
5/5/2026,134.4,134.5,134.5,134.5,-0.85,109.87,114.03,114.44,109.6,-3.99,2.788,2.851,2.868,2.76,-2.76,98.44,98.47,98.58,98.31,0.07,2832,2832,2832,2832,3.74,0.7183,0.7168,0.7199,0.7135,0.21,74.66,72.14,74.72,71.77,3.67,17.035,17.035,17.035,17.035,1.01,108.58,108.58,108.58,108.58,0.38
5/6/2026,132.05,132,132,132,-1.75,101.27,107.92,109.02,96.75,-7.83,2.73,2.781,2.789,2.69,-2.08,98.02,98.31,98.34,97.63,-0.43,2991,2991,2991,2991,5.61,0.7237,0.7183,0.7279,0.7178,0.75,75.02,74.71,75.4,74.71,0.48,16.85,16.85,16.85,16.85,-1.09,110.86,110.86,110.86,110.86,2.1
5/7/2026,132.2,132,132,132,0.11,100.06,101.92,103.88,96.03,-1.19,2.769,2.726,2.813,2.676,1.43,98.07,98.03,98.28,97.82,0.04,3034,3034,3034,3034,1.44,0.7211,0.7239,0.7266,0.7204,-0.36,74.11,74.1,74.54,74.1,-1.21,16.84,16.84,16.84,16.84,-0.06,110.95,110.95,110.95,110.95,0.08
5/8/2026,131.75,131.75,131.75,131.75,-0.34,101.29,102.52,102.92,99.55,1.23,2.757,2.788,2.845,2.735,-0.43,97.9,98.25,98.28,97.83,-0.17,2978,2978,2978,2978,-1.85,0.7247,0.7212,0.725,0.72,0.5,74.15,73.98,74.73,73.96,0.05,16.87,16.87,16.87,16.87,0.18,110.93,110.93,110.93,110.93,-0.02
5/11/2026,130.85,130.85,130.85,130.85,-0.68,104.21,104,105.99,102.81,2.88,2.91,2.752,2.936,2.751,5.55,97.96,98.04,98.15,97.85,0.06,3001,3001,3001,3001,0.77,0.7249,0.7244,0.7261,0.721,0.03,76.15,73.91,76.32,73.91,2.7,16.945,16.945,16.945,16.945,0.44,111.42,111.42,111.42,111.42,0.44
5/12/2026,132.5,132.5,132.5,132.5,1.26,107.77,104.23,108.45,104.23,3.42,2.843,2.926,2.945,2.804,-2.3,98.3,97.96,98.46,97.95,0.35,3063,3063,3063,3063,2.07,0.7241,0.7249,0.7254,0.7208,-0.11,74.77,75.79,75.97,74.72,-1.81,16.985,16.985,16.985,16.985,0.24,111.11,111.11,111.11,111.11,-0.28
5/13/2026,131.15,131.15,131.15,131.15,-1.02,105.63,107.56,108.28,105.31,-1.99,2.864,2.833,2.927,2.813,0.74,98.52,98.31,98.6,98.26,0.23,3189,3189,3189,3189,4.11,0.7259,0.7241,0.7272,0.723,0.25,74.05,73.41,74.07,73.4,-0.96,17.02,17.02,17.02,17.02,0.21,111.28,111.28,111.28,111.28,0.15
5/14/2026,130.4,131.1,131.1,131.1,-0.57,105.72,105.78,107.13,103.88,0.09,2.894,2.867,2.922,2.798,1.05,98.82,98.46,98.91,98.42,0.3,3195,3195,3195,3195,0.19,0.7221,0.7264,0.7266,0.7216,-0.52,74.07,74.26,74.26,73.74,0.03,17.065,17.065,17.065,17.065,0.26,111.12,111.12,111.12,111.12,-0.14
5/15/2026,131.7,131.7,131.7,131.7,1,109.26,106.58,109.75,106.26,3.35,2.96,2.92,2.982,2.894,2.28,99.28,98.93,99.32,98.92,0.47,3151,3151,3151,3151,-1.38,0.7151,0.7221,0.7226,0.7139,-0.97,74.58,73.77,74.8,73.77,0.69,17.105,17.105,17.105,17.105,0.23,110.77,110.77,110.77,110.77,-0.31
5/18/2026,132.5,135,135,132.25,0.61,107.48,105.52,108.04,102.61,-1.63,3.188,3.145,3.232,3.125,7.7,99.19,99.28,99.41,98.94,-0.09,3092,3092,3092,3092,-1.87,0.7169,0.7152,0.7185,0.7118,0.25,74.53,74.55,75.67,74.54,-0.07,18.96,18.96,18.96,18.96,10.84,110.54,110.54,110.54,110.54,-0.21
5/19/2026,132.4,134.5,134.5,134.5,-0.08,106.71,104.96,107.22,104.77,-0.72,3.284,3.186,3.299,3.174,3.01,99.33,98.96,99.43,98.96,0.14,3054,3054,3054,3054,-1.23,0.711,0.7164,0.7178,0.7079,-0.82,73.95,74.53,74.66,73.59,-0.78,19.615,19.615,19.615,19.615,3.45,110.33,110.33,110.33,110.33,-0.19
5/20/2026,132.45,132,132,132,0.04,101.04,106.49,106.92,99.38,-5.31,3.155,3.284,3.307,3.14,-3.93,99.09,99.27,99.47,98.97,-0.24,3005,3005,3005,3005,-1.6,0.7151,0.711,0.7175,0.7087,0.58,74.37,74,74.76,73.86,0.57,18.905,18.905,18.905,18.905,-3.62,110.09,110.09,110.09,110.09,-0.22
5/21/2026,132.05,132.05,132.05,132.05,-0.3,99.5,101.37,105.28,98.86,-1.52,3.156,3.165,3.208,3.117,0.03,99.26,99.12,99.51,99.06,0.17,2964,2964,2964,2964,-1.36,0.715,0.7154,0.7169,0.71,-0.01,73.92,74.54,74.59,73.9,-0.61,18.92,18.92,18.92,18.92,0.08,109.79,109.79,109.79,109.79,-0.27
5/22/2026,132.05,132.05,132.05,132.05,0,100.21,101.38,102.77,98.06,0.71,2.907,3,3.01,2.888,-7.89,99.24,99.2,99.41,99.17,-0.02,2991,2991,2991,2991,0.91,0.7127,0.715,0.716,0.7116,-0.32,75.9,74.2,76.02,74.16,2.68,18.81,18.81,18.81,18.81,-0.58,109.67,109.67,109.67,109.67,-0.11
5/25/2026,132.05,132.05,132.05,132.05,0,96.14,100.73,100.73,95.95,-4.06,2.907,3,3.01,2.888,-7.89,99.24,99.11,99.12,98.92,0,2991,2991,2991,2991,0.91,0.7174,0.7142,0.7182,0.7142,0.66,75.75,76,76.1,75.6,-0.2,18.81,18.81,18.81,18.81,-0.58,109.67,109.67,109.67,109.67,-0.11
5/26/2026,132.6,134,134,134,0.42,99.58,97.12,100.73,97.12,3.58,2.894,2.9,2.989,2.859,-0.45,99.17,98.99,99.25,99.01,-0.07,3085,3085,3085,3085,3.14,0.7169,0.7174,0.7178,0.7155,-0.07,77.02,75.69,77.5,75.69,1.68,18.425,18.425,18.425,18.425,-2.05,109.26,109.26,109.26,109.26,-0.37
5/27/2026,131.75,131.75,131.75,131.75,-0.64,94.29,99.26,99.45,94.13,-5.31,3.04,2.91,3.055,2.857,5.04,99.21,99.08,99.26,98.97,0.04,3124,3124,3124,3124,1.26,0.714,0.7169,0.7181,0.7123,-0.4,77.69,77.84,78.68,77.56,0.87,18.235,18.235,18.235,18.235,-1.03,109.27,109.27,109.27,109.27,0.01
5/28/2026,131.5,131.5,131.5,131.5,-0.19,93.71,95.59,98.2,92.6,-0.62,3.285,3.088,3.306,3.057,8.06,99.02,99.26,99.54,98.94,-0.19,3226,3226,3226,3226,3.27,0.7164,0.714,0.717,0.7097,0.34,79.12,77.49,79.3,77.49,1.84,18.335,18.335,18.335,18.335,0.55,109.04,109.04,109.04,109.04,-0.21
5/29/2026,131.25,131.25,131.25,131.25,-0.19,92.05,93.37,94.1,91.44,-1.77,3.29,3.299,3.388,3.272,0.15,98.91,99,99.19,98.75,-0.11,3224,3224,3224,3224,-0.06,0.7184,0.7164,0.7202,0.7148,0.28,79.59,79.04,79.92,78.89,0.59,18.3,18.3,18.3,18.3,-0.19,108.82,108.82,108.82,108.82,-0.2
6/1/2026,140.3,140,140,139.9,6.9,94.98,92.58,97.79,92.2,3.18,3.179,3.335,3.396,3.16,-3.37,99.2,98.96,99.39,98.92,0.3,3222,3222,3222,3222,-0.06,0.7158,0.7183,0.7192,0.7135,-0.36,78.13,79.46,79.46,77.63,-1.83,18.685,18.685,18.685,18.685,2.1,105.03,105.03,105.03,105.03,-3.48
6/2/2026,141.3,144.5,144.5,142.25,0.71,96,94.78,96.28,92.83,1.07,3.167,3.194,3.228,3.099,-0.38,99.22,99.17,99.33,99.05,0.02,3205,3205,3205,3205,-0.53,0.7181,0.7158,0.7189,0.7152,0.32,78.45,78,78.38,77.18,0.41,18.61,18.61,18.61,18.61,-0.4,105.13,105.13,105.13,105.13,0.1
6/3/2026,146.25,144.5,146.75,144.5,3.5,97.81,96.78,98.99,96.44,1.89,3.214,3.172,3.262,3.143,1.48,99.53,99.29,99.55,99.19,0.31,3124,3124,3124,3124,-2.53,0.7129,0.7181,0.7184,0.7126,-0.72,77.55,78.08,79.22,77.59,-1.15,18.815,18.815,18.815,18.815,1.1,103.71,103.71,103.71,103.71,-1.35
6/4/2026,147.55,150,150,147.5,0.89,95.03,97.2,97.44,93.93,-2.84,3.336,3.255,3.376,3.211,3.8,99.41,99.46,99.53,99.18,-0.12,3037,3037,3037,3037,-2.78,0.7135,0.7131,0.715,0.7122,0.08,76.03,77.63,77.69,75.86,-1.96,18.765,18.765,18.765,18.765,-0.27,101.96,101.96,101.96,101.96,-1.69
6/5/2026,148.75,149.75,149.75,149.65,0.81,93.09,95.29,95.9,92.67,-2.04,3.229,3.355,3.365,3.208,-3.21,100.07,99.43,100.11,99.16,0.66,2981,2981,2981,2981,-1.84,0.7047,0.7133,0.7146,0.7037,-1.23,75.9,75.7,76.52,75.48,-0.17,18.775,18.775,18.775,18.775,0.05,102,102,102,102,0.04
6/8/2026,151.25,151,152.25,151,1.68,94.25,95.5,98.08,93.64,1.25,3.147,3.185,3.195,3.097,-2.54,100.04,100.14,100.21,99.82,-0.02,2916,2916,2916,2916,-2.18,0.7046,0.7038,0.7079,0.7018,-0.01,75.91,75.45,76.05,75.02,0.01,18.895,18.895,18.895,18.895,0.64,101.05,101.05,101.05,101.05,-0.93
6/9/2026,150.2,151.5,152,150.25,-0.69,91.45,94.41,94.42,89.57,-2.97,3.14,3.144,3.207,3.117,-0.22,99.91,100.03,100.08,99.68,-0.14,2818,2818,2818,2818,-3.36,0.7029,0.7044,0.7072,0.7005,-0.24,75.13,75.68,75.85,74.71,-1.03,18.885,18.885,18.885,18.885,-0.05,101.37,101.37,101.37,101.37,0.32
6/10/2026,150.95,150,150,149.25,0.5,93.1,92.6,95,90.77,1.8,3.185,3.138,3.249,3.072,1.43,99.95,100.01,100.08,99.71,0.04,2818,2818,2818,2818,-3.36,0.7003,0.703,0.7038,0.6995,-0.37,76.47,74.98,76.92,74.6,1.78,18.915,18.915,18.915,18.915,0.16,101.7,101.7,101.7,101.7,0.33
6/11/2026,151.75,151.75,151.75,151.75,0.53,90.38,95,95.5,88.44,-2.92,3.087,3.186,3.204,3.054,-3.08,99.86,100.11,100.31,99.59,-0.09,2818,2818,2818,2818,-3.36,0.705,0.7002,0.7056,0.6979,0.67,76.12,76.15,76.28,75.5,-0.46,18.92,18.92,18.92,18.92,0.03,101.6,101.6,101.6,101.6,-0.1
6/12/2026,148.9,149.25,149.25,147.5,-1.88,87.33,88.87,89.9,85.8,-3.37,3.12,3.085,3.143,3.031,1.07,99.75,99.67,99.91,99.64,-0.11,2818,2818,2818,2818,-3.36,0.7046,0.7049,0.7061,0.7021,-0.06,76.15,76.86,77.25,75.74,0.04,18.855,18.855,18.855,18.855,-0.34,101.62,101.62,101.62,101.62,0.02
6/15/2026,146.35,146.35,146.35,146.35,-1.71,83.17,85,85.93,82.4,-4.76,3.147,3.085,3.163,3.017,2.64,99.63,99.54,99.71,99.38,-0.12,2720,2729,2729,2720,-3.48,0.7072,0.7042,0.709,0.7038,-0.04,78.99,77.15,78.93,76.74,3.73,18.783,18.783,18.783,18.783,-0.38,101.94,101.94,101.94,101.94,0.31
6/16/2026,145,145.5,145.5,145.5,-0.92,78.96,83.8,83.8,78.45,-5.06,3.239,3.155,3.268,3.127,2.92,99.54,99.64,99.79,99.46,-0.09,2670,2670,2670,2670,-1.84,0.7068,0.7074,0.7081,0.7041,-0.06,78.81,79,79.3,78.1,-0.23,15.94,15.94,15.94,15.94,-15.14,101.66,101.66,101.66,101.66,-0.27
6/17/2026,143.8,144.5,144.5,144.5,-0.83,79.55,79.41,82.97,77.75,0.75,3.145,3.257,3.299,3.121,-2.9,100.09,99.52,100.57,99.49,0.55,2653,2653,2653,2653,-0.64,0.7015,0.7069,0.7077,0.6995,-0.75,78.74,79.29,79.82,78.49,-0.09,15.82,15.82,15.82,15.82,-0.75,101.28,101.28,101.28,101.28,-0.37
6/18/2026,144,144,144,144,0.14,79.85,78.85,80.05,76.54,0.38,3.233,3.154,3.246,3.125,2.8,100.85,100.34,100.92,100.21,0.76,2659,2659,2659,2659,0.23,0.7015,0.7015,0.7043,0.7001,0,78.95,78.97,79.51,78.6,0.27,15.315,15.315,15.315,15.315,-3.19,101.14,101.14,101.14,101.14,-0.14
6/19/2026,144,144,144,144,0,80.57,79.2,80.81,78.77,0.9,3.197,3.208,3.253,3.184,-1.11,100.85,100.81,101.13,100.7,0,2722,2722,2722,2722,2.37,0.7013,0.7014,0.7029,0.6989,-0.03,79.53,78.44,79.61,78.2,0.73,15.315,15.315,15.315,15.315,-3.19,101.14,101.14,101.14,101.14,-0.14
