Date,newcastle_coal_price,brent_oil_price,natural_gas_price,usd_index_price,baltic_dry_index_price,aud_usd_price,carbon_emissions_price,jkm_lng_price,iron_ore_price,year,month,quarter,coal_lag_1,coal_lag_7,coal_lag_30
1/2/2015,61.3,56.42,3.003,91.08,771,80.87,7.01,10.055,70.06,2015,1,1,61.3,61.3,61.3
1/5/2015,61.25,53.11,2.882,91.38,761,80.82,6.9,10.005,69.98,2015,1,1,61.3,61.3,61.3
1/6/2015,61.45,51.1,2.938,91.5,758,80.84,6.77,9.985,71.57,2015,1,1,61.25,61.3,61.3
1/7/2015,60.6,51.15,2.871,91.89,744,80.77,6.78,9.985,71.24,2015,1,1,61.45,61.3,61.3
1/8/2015,60.6,50.96,2.927,92.37,724,81.22,6.81,9.975,70.95,2015,1,1,60.6,61.3,61.3
1/9/2015,60.4,50.11,2.946,91.94,709,82,6.71,9.975,70.66,2015,1,1,60.6,61.3,61.3
1/12/2015,60.05,47.43,2.795,91.98,723,81.56,6.71,9.955,69.58,2015,1,1,60.4,61.3,61.3
1/13/2015,60.3,46.59,2.943,92.31,762,81.65,7.29,9.96,69.25,2015,1,1,60.05,61.3,61.3
1/14/2015,60.05,48.69,3.233,92.16,757,81.46,7.16,9.925,69,2015,1,1,60.3,61.25,61.3
1/15/2015,60.3,47.67,3.158,92.35,749,82.13,7.12,9.925,69.27,2015,1,1,60.05,61.45,61.3
1/16/2015,60.55,50.17,3.127,92.52,741,82.24,7.13,9,69.13,2015,1,1,60.3,60.6,61.3
1/19/2015,60.85,48.84,2.97,92.52,739,82.11,7.21,9,69.13,2015,1,1,60.55,60.6,61.3
1/20/2015,61.35,47.99,2.831,93.05,753,81.68,7.16,8.595,68.91,2015,1,1,60.85,60.4,61.3
1/21/2015,62.3,49.03,2.974,92.9,770,80.84,7.32,8.335,68.7,2015,1,1,61.35,60.05,61.3
1/22/2015,62.5,48.52,2.835,94.08,751,80.23,6.76,8.135,68.64,2015,1,1,62.3,60.3,61.3
1/23/2015,62.3,48.79,2.986,94.76,720,79.04,6.8,7.945,68.46,2015,1,1,62.5,60.05,61.3
1/26/2015,61.9,48.16,2.881,94.8,703,79.24,6.85,7.945,68.18,2015,1,1,62.3,60.3,61.3
1/27/2015,62.35,49.6,2.981,94.02,688,79.32,6.84,7.775,67.99,2015,1,1,61.9,60.55,61.3
1/28/2015,62.45,48.47,2.866,94.47,666,78.86,6.95,7.745,67.75,2015,1,1,62.35,60.85,61.3
1/29/2015,62.45,49.13,2.719,94.78,632,77.58,7.06,7.6,67.49,2015,1,1,62.45,61.35,61.3
1/30/2015,62.45,52.99,2.691,94.8,608,77.66,7.08,7.55,67.2,2015,1,1,62.45,62.3,61.3
2/2/2015,64.5,54.75,2.68,94.5,590,78.01,7.13,7.5,61.97,2015,2,1,62.45,62.5,61.3
2/3/2015,66.85,57.91,2.754,93.6,577,77.91,7.06,7.465,62.87,2015,2,1,64.5,62.3,61.3
2/4/2015,66.8,54.16,2.662,93.99,569,77.49,6.93,7.465,62.89,2015,2,1,66.85,61.9,61.3
2/5/2015,67.1,56.57,2.6,93.57,564,77.94,7,7.415,61.89,2015,2,1,66.8,62.35,61.3
2/6/2015,67.45,57.8,2.579,95.85,559,77.92,6.95,7.42,62.23,2015,2,1,67.1,62.45,61.3
2/9/2015,68.6,58.34,2.597,94.45,554,77.97,6.91,7.43,61.76,2015,2,1,67.45,62.45,61.3
2/10/2015,69.1,56.43,2.677,94.76,556,77.69,7.1,7.43,62.02,2015,2,1,68.6,62.45,61.3
2/11/2015,69.6,54.66,2.797,94.98,553,77.17,7.23,7.43,62.27,2015,2,1,69.1,64.5,61.3
2/12/2015,70.25,57.05,2.713,94.09,540,77.33,7.39,7.43,62.27,2015,2,1,69.6,66.85,61.3
2/13/2015,69.6,61.52,2.804,94.2,530,77.68,7.63,7.43,62.42,2015,2,1,70.25,66.8,61.3
2/16/2015,70.5,61.4,2.848,94.2,522,77.68,7.65,7.43,62.42,2015,2,1,69.6,67.1,61.25
2/17/2015,70.55,62.53,2.759,94.06,516,78.17,7.47,6.725,62.6,2015,2,1,70.5,67.45,61.45
2/18/2015,70.65,60.53,2.831,94.2,509,78.1,7.49,6.725,62.62,2015,2,1,70.55,68.6,60.6
2/19/2015,70.25,60.21,2.834,94.4,509,77.91,7.34,6.725,62.59,2015,2,1,70.65,69.1,60.6
2/20/2015,70.8,60.22,2.951,94.34,509,78.41,7.32,6.725,62.43,2015,2,1,70.25,69.6,60.4
2/23/2015,70.85,58.9,2.879,94.57,512,77.97,7.7,6.89,62.57,2015,2,1,70.8,70.25,60.05
2/24/2015,71.05,58.66,2.902,94.49,516,78.27,7.47,6.89,62.63,2015,2,1,70.85,69.6,60.3
2/25/2015,69.9,61.63,2.894,94.21,524,78.82,7.39,6.98,62.59,2015,2,1,71.05,70.5,60.05
2/26/2015,71.1,60.05,2.697,95.29,533,77.99,7.06,7.05,62.57,2015,2,1,69.9,70.55,60.3
2/27/2015,71.05,62.58,2.734,95.32,540,78.09,7.1,7.2,62.61,2015,2,1,71.1,70.65,60.55
3/2/2015,70.55,59.54,2.698,95.46,548,77.65,6.95,7.3,62.18,2015,3,1,71.05,70.25,60.85
3/3/2015,67.3,61.02,2.712,95.38,553,78.12,6.73,7.29,62.39,2015,3,1,70.55,70.8,61.35
3/4/2015,67.05,60.55,2.769,95.97,559,78.12,7.02,7.28,61.23,2015,3,1,67.3,70.85,62.3
3/5/2015,67,60.48,2.841,96.38,561,77.79,6.75,7.27,60.5,2015,3,1,67.05,71.05,62.5
3/6/2015,65.5,59.73,2.839,97.61,565,77.11,6.8,7.2,59.44,2015,3,1,67,69.9,62.3
3/9/2015,65.25,58.53,2.678,97.59,568,77.01,6.68,7.255,59.44,2015,3,1,65.5,71.1,61.9
3/10/2015,65,56.39,2.732,98.62,568,76.19,6.82,7.265,58.9,2015,3,1,65.25,71.05,62.35
3/11/2015,65.5,57.54,2.824,99.8,565,75.93,6.76,7.28,58.84,2015,3,1,65,70.55,62.45
3/12/2015,65.25,57.08,2.734,99.44,560,77.07,6.41,7.28,59.2,2015,3,1,65.5,67.3,62.45
3/13/2015,64.95,54.67,2.727,100.33,562,76.31,6.46,7.28,58.87,2015,3,1,65.25,67.05,62.45
3/16/2015,64.45,53.44,2.716,99.6,564,76.38,6.49,7.625,58.95,2015,3,1,64.95,67,64.5
3/17/2015,64.7,53.51,2.855,99.58,568,76.17,6.73,7.72,58.88,2015,3,1,64.45,65.5,66.85
3/18/2015,64.65,55.91,2.92,98.55,571,77.69,6.74,7.72,58.3,2015,3,1,64.7,65.25,66.8
3/19/2015,64.35,54.43,2.813,99.26,584,76.43,6.67,7.72,58.03,2015,3,1,64.65,65,67.1
3/20/2015,64.05,55.32,2.786,97.91,591,77.66,7.04,7.72,57.84,2015,3,1,64.35,65.5,67.45
3/23/2015,62.4,55.92,2.733,97.03,594,78.8,7.04,7.605,57.76,2015,3,1,64.05,65.25,68.6
3/24/2015,62.75,55.11,2.786,97.19,597,78.74,7.03,7.605,57.79,2015,3,1,62.4,64.95,69.1
3/25/2015,63.25,56.48,2.723,96.98,598,78.42,6.97,7.535,57.72,2015,3,1,62.75,64.45,69.6
3/26/2015,63.35,59.19,2.672,97.44,598,78.26,6.95,7.535,57.57,2015,3,1,63.25,64.7,70.25
3/27/2015,63.3,56.41,2.59,97.29,596,77.44,6.76,7.535,57.41,2015,3,1,63.35,64.65,69.6
3/30/2015,57.2,56.29,2.644,97.97,599,76.47,6.88,7.535,57.22,2015,3,1,63.3,64.35,70.5
3/31/2015,56.8,55.11,2.64,98.36,602,76.05,6.92,7.525,56.94,2015,3,1,57.2,64.05,70.55
4/1/2015,56,57.1,2.605,98.19,596,75.97,7.14,7.52,48.6,2015,4,2,56.8,62.4,70.65
4/2/2015,55.6,54.95,2.713,97.44,588,75.89,7.15,7.45,47.08,2015,4,2,56,62.75,70.25
4/7/2015,55,59.1,2.68,97.83,583,76.31,7.11,7.4,47.81,2015,4,2,55.6,63.25,70.8
4/8/2015,54.8,55.55,2.619,97.94,580,76.81,7.12,7.4,48.09,2015,4,2,55,63.35,70.85
4/9/2015,55.3,56.57,2.528,99.16,580,76.92,7.01,7.39,47.18,2015,4,2,54.8,63.3,71.05
4/10/2015,54.65,57.87,2.511,99.34,580,76.76,6.94,7.39,47.19,2015,4,2,55.3,57.2,69.9
4/13/2015,55,57.93,2.511,99.49,578,75.89,6.8,7.38,48.51,2015,4,2,54.65,56.8,71.1
4/14/2015,55.4,58.43,2.53,98.73,581,76.24,6.8,7.38,48.85,2015,4,2,55,56,71.05
4/15/2015,55.7,60.32,2.61,98.32,586,76.79,6.85,7.38,48.6,2015,4,2,55.4,55.6,70.55
4/16/2015,56.8,63.98,2.684,97.42,593,78,6.87,6.875,48.77,2015,4,2,55.7,55,67.3
4/17/2015,57.9,63.45,2.634,97.52,597,77.7,6.84,6.875,49.59,2015,4,2,56.8,54.8,67.05
4/20/2015,57.4,63.45,2.536,97.94,598,77.19,7.13,6.875,49,2015,4,2,57.9,55.3,67
4/21/2015,58.3,62.08,2.575,98,601,77.07,7.08,6.96,48.9,2015,4,2,57.4,54.65,65.5
4/22/2015,58.3,62.73,2.606,97.93,600,77.51,7.09,6.98,49.3,2015,4,2,58.3,55,65.25
4/23/2015,58.4,64.85,2.531,97.28,599,77.77,7.25,6.98,49.49,2015,4,2,58.3,55.4,65
4/24/2015,58.55,65.28,2.531,96.92,600,78.12,7.28,7.09,49.98,2015,4,2,58.4,55.7,65.5
4/27/2015,61.65,64.83,2.49,96.77,600,78.56,7.15,7.09,50.48,2015,4,2,58.55,56.8,65.25
4/28/2015,61.95,64.64,2.517,96.09,601,80.22,7.35,7.105,51.62,2015,4,2,61.65,57.9,64.95
4/29/2015,61.9,65.84,2.606,95.21,595,80.07,7.46,7.105,51.13,2015,4,2,61.95,57.4,64.45
4/30/2015,62.05,66.78,2.751,94.6,591,78.97,7.39,7.09,51.36,2015,4,2,61.9,58.3,64.7
5/1/2015,62.2,66.46,2.776,95.3,587,78.49,7.48,7.09,53.88,2015,5,2,62.05,58.3,64.65
5/5/2015,62.5,67.52,2.78,95.08,580,79.4,7.55,7.03,57.49,2015,5,2,62.2,58.4,64.35
5/6/2015,62.3,67.77,2.776,94.09,575,79.67,7.53,7.03,59.31,2015,5,2,62.5,58.55,64.05
5/7/2015,61.85,65.54,2.734,94.64,573,79.04,7.43,7.03,58.35,2015,5,2,62.3,61.65,62.4
5/8/2015,61.85,65.39,2.88,94.79,574,79.27,7.53,7.06,59.02,2015,5,2,61.85,61.95,62.75
5/11/2015,61.6,64.91,2.802,95.01,578,78.87,7.62,7.12,59.96,2015,5,2,61.85,61.9,63.25
5/12/2015,61.4,66.86,2.897,94.53,589,79.71,7.59,7.12,59.68,2015,5,2,61.6,62.05,63.35
5/13/2015,61.4,66.81,2.935,93.62,634,81.1,7.64,7.12,59.21,2015,5,2,61.4,62.2,63.3
5/14/2015,61.5,66.59,3.008,93.46,637,80.74,7.55,7.115,58.44,2015,5,2,61.4,62.5,57.2
5/15/2015,61.3,66.81,3.016,93.14,634,80.29,7.59,7.115,59.72,2015,5,2,61.5,62.3,56.8
5/18/2015,60.65,66.27,3.01,94.22,630,79.84,7.6,7.425,59.45,2015,5,2,61.3,61.85,56
5/19/2015,60.15,64.02,2.948,95.27,620,79.13,7.37,7.425,59.94,2015,5,2,60.65,61.85,55.6
5/20/2015,60.15,65.03,2.915,95.45,606,78.71,7.35,7.75,60.2,2015,5,2,60.15,61.6,55
5/21/2015,60.3,66.54,2.949,95.25,592,78.92,7.3,7.75,59.57,2015,5,2,60.15,61.4,54.8
5/22/2015,60,65.37,2.887,96.11,586,78.27,7.3,7.75,59.62,2015,5,2,60.3,61.4,55.3
5/26/2015,60.05,63.72,2.822,97.3,584,77.34,7.22,7.75,59.66,2015,5,2,60,61.5,54.65
5/27/2015,60.1,62.06,2.815,97.37,587,77.21,7.17,7.75,59.98,2015,5,2,60.05,61.3,55
5/28/2015,60.1,62.58,2.706,96.97,588,76.43,7.18,7.75,60.24,2015,5,2,60.1,60.65,55.4
5/29/2015,60.05,65.56,2.642,96.91,589,76.36,7.32,7.725,60.39,2015,5,2,60.1,60.15,55.7
6/1/2015,57.2,64.88,2.649,97.39,589,76.04,7.24,7.725,59.5,2015,6,2,60.05,60.15,56.8
6/2/2015,57.75,65.49,2.698,95.83,591,77.68,7.44,7.725,62.24,2015,6,2,57.2,60.3,57.9
6/3/2015,57.95,63.8,2.634,95.47,598,77.84,7.48,7.68,62.03,2015,6,2,57.75,60,57.4
6/4/2015,58.05,62.03,2.626,95.46,603,76.87,7.39,7.66,62.1,2015,6,2,57.95,60.05,58.3
6/5/2015,58.1,63.31,2.59,96.31,610,76.27,7.4,7.64,61.99,2015,6,2,58.05,60.1,58.3
6/8/2015,58.1,62.69,2.705,95.3,610,76.99,7.44,7.65,61.74,2015,6,2,58.1,60.1,58.4
6/9/2015,58.35,64.88,2.846,95.17,612,76.87,7.56,7.645,62.37,2015,6,2,58.1,60.05,58.55
6/10/2015,59.5,65.7,2.891,94.65,618,77.58,7.58,7.645,63.45,2015,6,2,58.35,57.2,61.65
6/11/2015,60.4,65.11,2.825,94.98,629,77.53,7.5,7.62,64.22,2015,6,2,59.5,57.75,61.95
6/12/2015,60,63.87,2.75,94.97,642,77.23,7.61,7.615,63.68,2015,6,2,60.4,57.95,61.9
6/15/2015,60.3,62.61,2.889,94.81,656,77.61,7.51,7.615,63.33,2015,6,2,60,58.05,62.05
6/16/2015,60.4,63.7,2.894,95,681,77.47,7.41,7.2,62.94,2015,6,2,60.3,58.1,62.2
6/17/2015,60.4,63.87,2.855,94.3,725,77.44,7.46,7.2,62.35,2015,6,2,60.4,58.1,62.5
6/18/2015,60.15,64.26,2.777,94.04,773,77.96,7.45,7.2,62.65,2015,6,2,60.4,58.35,62.3
6/19/2015,60.2,63.02,2.816,94.08,779,77.68,7.41,7.3,62.61,2015,6,2,60.15,59.5,61.85
6/22/2015,60.2,63.34,2.733,94.33,779,77.26,7.46,7.35,62.57,2015,6,2,60.2,60.4,61.85
6/23/2015,60.2,64.45,2.726,95.43,790,77.32,7.48,7.35,62.76,2015,6,2,60.2,60,61.6
6/24/2015,60.2,63.49,2.759,95.26,829,77,7.48,7.35,62.72,2015,6,2,60.2,60.3,61.4
6/25/2015,60.15,63.2,2.85,95.19,829,77.33,7.58,7.35,62.63,2015,6,2,60.2,60.4,61.4
6/26/2015,60.2,63.26,2.773,95.47,823,76.53,7.52,7.35,62.53,2015,6,2,60.15,60.4,61.5
6/29/2015,60.45,62.01,2.805,94.79,813,76.73,7.33,7.4,62.47,2015,6,2,60.2,60.15,61.3
6/30/2015,60.8,63.59,2.832,95.48,800,77.04,7.42,7.4,62.33,2015,6,2,60.45,60.2,60.65
7/1/2015,60.55,62.01,2.783,96.31,794,76.43,7.47,7.4,55.12,2015,7,3,60.8,60.2,60.15
7/2/2015,60.4,62.07,2.822,96.11,794,76.28,7.43,7.4,54.02,2015,7,3,60.55,60.2,60.15
7/3/2015,60.15,60.32,2.776,96.11,805,75.08,7.42,7.4,54.02,2015,7,3,60.4,60.2,60.3
7/6/2015,60.05,56.54,2.756,96.3,815,74.95,7.36,7.4,51.21,2015,7,3,60.15,60.15,60
7/7/2015,59.45,56.85,2.716,96.86,830,74.47,7.44,7.5,49.97,2015,7,3,60.05,60.2,60.05
7/8/2015,59.75,57.05,2.685,96.29,840,74.27,7.43,7.5,47.75,2015,7,3,59.45,60.45,60.1
7/9/2015,60.05,58.61,2.726,96.61,853,74.42,7.46,7.38,49.87,2015,7,3,59.75,60.8,60.1
7/10/2015,60.3,58.73,2.77,96.03,874,74.36,7.59,7.38,50.5,2015,7,3,60.05,60.55,60.05
7/13/2015,60.35,57.85,2.864,96.86,900,74.05,7.77,7.395,50.54,2015,7,3,60.3,60.4,57.2
7/14/2015,60.35,58.51,2.84,96.64,915,74.47,7.71,7.395,50.69,2015,7,3,60.35,60.15,57.75
7/15/2015,60.5,57.05,2.918,97.17,951,73.76,7.74,7.395,50.68,2015,7,3,60.35,60.05,57.95
7/16/2015,60.45,57.51,2.854,97.67,1009,74,7.64,7.825,50.61,2015,7,3,60.5,59.45,58.05
7/17/2015,60.3,57.1,2.87,97.86,1048,73.7,7.72,7.825,50.73,2015,7,3,60.45,59.75,58.1
7/20/2015,60.55,56.65,2.823,98.03,1067,73.67,7.96,7.825,51.25,2015,7,3,60.3,60.05,58.1
7/21/2015,60.45,57.04,2.882,97.33,1113,74.17,7.94,7.825,51.28,2015,7,3,60.55,60.3,58.35
7/22/2015,60.45,56.13,2.897,97.6,1118,73.73,7.94,7.825,51.09,2015,7,3,60.45,60.35,59.5
7/23/2015,60.35,55.27,2.816,97.11,1102,73.52,8.05,7.825,51.17,2015,7,3,60.45,60.35,60.4
7/24/2015,60.4,54.62,2.776,97.24,1086,72.8,7.98,7.88,51.08,2015,7,3,60.35,60.5,60
7/27/2015,60.35,53.47,2.789,96.5,1090,72.68,8,7.95,51.13,2015,7,3,60.4,60.45,60.3
7/28/2015,60.25,53.3,2.821,96.77,1094,73.34,8,7.95,51.22,2015,7,3,60.35,60.3,60.4
7/29/2015,60.25,53.38,2.886,96.98,1104,72.91,8.04,8.01,51.36,2015,7,3,60.25,60.55,60.4
7/30/2015,60.25,53.31,2.768,97.56,1100,72.9,7.86,8.04,51.51,2015,7,3,60.25,60.45,60.15
7/31/2015,60.3,52.21,2.716,97.34,1131,73.02,7.85,8.065,51.51,2015,7,3,60.25,60.45,60.2
8/3/2015,58.6,49.52,2.748,97.49,1151,72.84,7.93,8.065,53.59,2015,8,3,60.3,60.35,60.2
8/4/2015,59.15,49.99,2.812,97.93,1200,73.78,7.88,8.065,53.83,2015,8,3,58.6,60.4,60.2
8/5/2015,59.95,49.59,2.798,97.96,1222,73.53,7.81,8.03,55.3,2015,8,3,59.15,60.35,60.2
8/6/2015,60.35,49.52,2.813,97.83,1201,73.43,7.82,8.03,54.95,2015,8,3,59.95,60.25,60.15
8/7/2015,60.05,48.61,2.798,97.56,1200,74.16,7.76,8.03,54.21,2015,8,3,60.35,60.25,60.2
8/10/2015,60.1,50.41,2.842,97.16,1197,74.1,7.9,8.03,54.17,2015,8,3,60.05,60.25,60.45
8/11/2015,59.85,49.18,2.844,97.29,1162,73.02,8.07,8.02,53.95,2015,8,3,60.1,60.3,60.8
8/12/2015,59.4,49.66,2.931,96.26,1093,73.75,8.17,8.015,54.41,2015,8,3,59.85,58.6,60.55
8/13/2015,59.25,49.22,2.787,96.44,1046,73.55,8.17,8.01,55.31,2015,8,3,59.4,59.15,60.4
8/14/2015,59.35,49.03,2.801,96.52,1055,73.69,8.3,8.01,55.52,2015,8,3,59.25,59.95,60.15
8/17/2015,59.15,48.74,2.728,96.81,1063,73.66,8.22,7.95,55.32,2015,8,3,59.35,60.35,60.05
8/18/2015,58.95,48.81,2.704,97.04,1046,73.38,8.25,7.855,55.55,2015,8,3,59.15,60.05,59.45
8/19/2015,58.85,47.16,2.716,96.36,1031,73.45,8.32,7.855,55.63,2015,8,3,58.95,60.1,59.75
8/20/2015,58.9,46.62,2.755,95.98,1014,73.36,8.34,7.81,55.65,2015,8,3,58.85,59.85,60.05
8/21/2015,58.8,45.46,2.676,95.01,994,73.19,8.18,7.73,55.71,2015,8,3,58.9,59.4,60.3
8/24/2015,58.5,42.69,2.65,93.33,968,71.53,8.15,7.73,55.48,2015,8,3,58.8,59.25,60.35
8/25/2015,58.55,43.21,2.685,94.53,942,71.26,8.23,7.695,55.37,2015,8,3,58.5,59.35,60.35
8/26/2015,58.6,43.14,2.693,95.1,918,71.2,8.08,7.695,55.28,2015,8,3,58.55,59.15,60.5
8/27/2015,58.4,47.56,2.638,95.61,905,71.64,8.03,7.695,55.22,2015,8,3,58.6,58.95,60.45
8/28/2015,58.5,50.05,2.715,96.11,903,71.71,8.09,7.665,55.25,2015,8,3,58.4,58.85,60.3
9/1/2015,59.65,49.56,2.702,95.45,911,70.14,7.99,7.665,54.95,2015,9,3,58.5,58.9,60.55
9/2/2015,59.65,50.5,2.648,95.83,906,70.36,8.1,7.64,54.93,2015,9,3,59.65,58.8,60.45
9/3/2015,59.4,50.68,2.725,96.41,891,70.15,8.15,7.62,55.47,2015,9,3,59.65,58.5,60.45
9/4/2015,59.05,49.61,2.655,96.23,875,69.05,8.07,7.615,55.51,2015,9,3,59.4,58.55,60.35
9/7/2015,57.85,47.63,2.659,96.23,876,69.23,8.06,7.615,55.51,2015,9,3,59.05,58.6,60.4
9/8/2015,58.1,49.52,2.71,95.98,873,70.14,8.22,7.55,55.45,2015,9,3,57.85,58.4,60.35
9/9/2015,57.8,47.58,2.651,96.01,855,70.14,8.25,7.55,56.59,2015,9,3,58.1,58.5,60.25
9/10/2015,57.8,48.89,2.683,95.46,830,70.67,8.26,7.55,57.35,2015,9,3,57.8,59.65,60.25
9/11/2015,57.7,48.14,2.693,95.19,818,70.87,8.24,7.55,56.82,2015,9,3,57.8,59.65,60.25
9/14/2015,57.65,46.37,2.758,95.25,805,71.35,8.21,7.53,56.43,2015,9,3,57.7,59.4,60.3
9/15/2015,57.65,46.63,2.728,95.61,802,71.41,8.15,7.53,55.99,2015,9,3,57.65,59.05,58.6
9/16/2015,57.9,49.75,2.66,95.42,814,71.95,8.21,7,56.23,2015,9,3,57.65,57.85,59.15
9/17/2015,57.85,49.08,2.652,94.55,883,71.69,8.21,7,56.36,2015,9,3,57.9,58.1,59.95
9/18/2015,57.8,47.47,2.605,94.86,960,71.87,8.09,6.955,56.42,2015,9,3,57.85,57.8,60.35
9/21/2015,57.75,48.92,2.573,95.89,978,71.29,7.96,6.87,56.56,2015,9,3,57.8,57.8,60.05
9/22/2015,57.7,49.08,2.577,96.28,923,70.88,8,6.87,56.54,2015,9,3,57.75,57.7,60.1
9/23/2015,57.65,47.75,2.569,96.07,917,69.99,8.05,6.83,56.59,2015,9,3,57.7,57.65,59.85
9/24/2015,57.65,48.17,2.591,96.69,922,70.23,7.99,6.83,56.59,2015,9,3,57.65,57.65,59.4
9/25/2015,57.55,48.6,2.564,96.27,943,70.19,7.98,6.83,56.57,2015,9,3,57.65,57.9,59.25
9/28/2015,55.45,47.34,2.563,96.03,943,69.89,7.9,6.83,56.54,2015,9,3,57.55,57.85,59.35
9/29/2015,55.15,48.23,2.586,95.86,926,69.82,7.96,6.77,56.46,2015,9,3,55.45,57.8,59.15
9/30/2015,53.85,48.37,2.524,96.35,900,70.17,8.13,6.71,56.35,2015,9,3,55.15,57.75,58.95
10/1/2015,53.45,47.69,2.433,96.19,888,70.26,8.15,6.71,52.78,2015,10,4,53.85,57.7,58.85
10/2/2015,52.95,48.13,2.451,95.83,889,70.46,8.13,6.665,52.83,2015,10,4,53.45,57.65,58.9
10/5/2015,53.85,49.25,2.45,96.11,881,70.81,8.19,6.665,53.59,2015,10,4,52.95,57.65,58.8
10/6/2015,53.65,51.92,2.47,95.45,869,71.63,8.2,6.665,53.69,2015,10,4,53.85,57.55,58.5
10/7/2015,53.85,51.33,2.474,95.5,841,72.04,8.09,6.665,53.61,2015,10,4,53.65,55.45,58.55
10/8/2015,53.7,53.05,2.498,95.32,817,72.57,8.11,6.695,53.8,2015,10,4,53.85,55.15,58.6
10/9/2015,53.6,52.65,2.502,94.81,809,73.31,8.33,6.695,54.17,2015,10,4,53.7,53.85,58.4
10/12/2015,52.95,49.86,2.535,94.84,809,73.59,8.28,6.695,54.43,2015,10,4,53.6,53.45,58.5
10/13/2015,53.2,49.24,2.498,94.76,804,72.42,8.32,6.695,54.04,2015,10,4,52.95,52.95,59.65
10/14/2015,53.05,49.15,2.518,93.93,787,72.96,8.42,6.7,54,2015,10,4,53.2,53.85,59.65
10/15/2015,53.15,48.71,2.453,94.37,766,73.26,8.41,6.7,53.87,2015,10,4,53.05,53.65,59.4
10/16/2015,53.1,50.46,2.43,94.54,754,72.57,8.38,6.8,53.65,2015,10,4,53.15,53.85,59.05
10/19/2015,53.05,48.61,2.442,94.93,747,72.49,8.34,6.85,53.77,2015,10,4,53.1,53.7,57.85
10/20/2015,53.2,48.71,2.476,94.91,762,72.58,8.46,7.03,53.89,2015,10,4,53.05,53.6,58.1
10/21/2015,53.25,47.85,2.404,95.03,780,72.08,8.44,7.03,53.66,2015,10,4,53.2,52.95,57.8
10/22/2015,52.95,48.08,2.386,96.38,786,72.04,8.47,7.03,53.57,2015,10,4,53.25,53.2,57.8
10/23/2015,52.8,47.99,2.286,97.13,774,72.12,8.62,7.065,53.47,2015,10,4,52.95,53.05,57.7
10/26/2015,52.9,47.54,2.062,96.86,759,72.46,8.65,7.1,53.4,2015,10,4,52.8,53.15,57.65
10/27/2015,52.8,46.81,2.092,96.91,739,71.88,8.6,7.1,53.28,2015,10,4,52.9,53.1,57.65
10/28/2015,52.9,49.05,2.033,97.78,736,71.15,8.56,7.1,53.09,2015,10,4,52.8,53.05,57.9
10/29/2015,53.2,48.8,2.257,97.28,728,70.66,8.67,7.1,52.9,2015,10,4,52.9,53.2,57.85
10/30/2015,53.05,49.56,2.321,96.95,721,71.37,8.63,7.125,52.9,2015,10,4,53.2,53.25,57.8
11/2/2015,52.85,48.79,2.256,96.93,706,71.43,8.59,7.125,47.31,2015,11,4,53.05,52.95,57.75
11/3/2015,52.75,50.54,2.253,97.16,680,71.85,8.44,7.245,46.59,2015,11,4,52.85,52.8,57.7
11/4/2015,52.3,48.58,2.262,97.95,657,71.46,8.39,7.245,47.45,2015,11,4,52.75,52.9,57.65
11/5/2015,52.3,47.98,2.364,97.94,640,71.4,8.46,7.245,46.86,2015,11,4,52.3,52.8,57.65
11/6/2015,52.15,47.42,2.371,99.17,631,70.46,8.4,7.27,47.08,2015,11,4,52.3,52.9,57.55
11/9/2015,52.35,47.19,2.3,98.98,628,70.43,8.31,7.28,47.91,2015,11,4,52.15,53.2,55.45
11/10/2015,52.15,47.44,2.32,99.29,622,70.29,8.44,7.28,47.7,2015,11,4,52.35,53.05,55.15
11/11/2015,52.15,45.81,2.263,99.01,599,70.58,8.44,7.28,47.82,2015,11,4,52.15,52.85,53.85
11/12/2015,52.15,44.06,2.26,98.65,579,71.25,8.37,7.28,47.74,2015,11,4,52.15,52.75,53.45
11/13/2015,52.4,43.61,2.361,99,560,71.29,8.39,7.28,47.66,2015,11,4,52.15,52.3,52.95
11/16/2015,52.55,44.56,2.385,99.44,550,70.94,8.53,7.575,47.6,2015,11,4,52.4,52.3,53.85
11/17/2015,52.7,43.57,2.371,99.63,537,71.09,8.61,7.575,47.22,2015,11,4,52.55,52.15,53.65
11/18/2015,52.75,44.14,2.347,99.65,519,71.1,8.58,7.575,47.08,2015,11,4,52.7,52.35,53.85
11/19/2015,52.75,44.18,2.276,98.99,504,71.92,8.63,7.53,46.91,2015,11,4,52.75,52.15,53.7
11/20/2015,52.9,44.66,2.145,99.56,498,72.38,8.51,7.49,46.91,2015,11,4,52.75,52.15,53.6
11/23/2015,52.7,44.83,2.21,99.8,516,71.93,8.56,7.49,46.81,2015,11,4,52.9,52.15,52.95
11/24/2015,53.1,46.12,2.2,99.53,528,72.53,8.65,7.42,46.66,2015,11,4,52.7,52.4,53.2
11/25/2015,52.8,46.17,2.206,99.8,546,72.49,8.62,7.35,46.53,2015,11,4,53.1,52.55,53.05
11/26/2015,52.85,45.46,2.243,99.8,562,72.24,8.58,7.35,46.53,2015,11,4,52.8,52.7,53.15
11/27/2015,52.85,44.86,2.212,100.02,581,71.92,8.58,7.29,46.27,2015,11,4,52.85,52.75,53.1
11/30/2015,53.55,44.61,2.235,100.17,584,72.26,8.58,7.275,46.1,2015,11,4,52.85,52.75,53.05
12/1/2015,53.2,44.44,2.231,99.8,598,73.21,8.56,7.35,39.75,2015,12,4,53.55,52.9,53.2
12/2/2015,52.75,42.49,2.165,99.99,590,73.07,8.48,7.35,39.36,2015,12,4,53.2,52.7,53.25
12/3/2015,53,43.84,2.181,97.62,574,73.37,8.59,7.39,39.01,2015,12,4,52.75,53.1,52.95
12/4/2015,53,43,2.186,98.35,563,73.39,8.52,7.39,39.15,2015,12,4,53,52.8,52.8
12/7/2015,52.7,40.73,2.067,98.66,551,72.65,8.41,7.39,39.4,2015,12,4,53,52.85,52.9
12/8/2015,52.5,40.26,2.07,98.47,551,72.14,8.41,7.39,39.25,2015,12,4,52.7,52.85,52.8
12/9/2015,52.5,40.11,2.062,97.34,546,72.27,8.4,7.39,39.09,2015,12,4,52.5,53.55,52.9
12/10/2015,52.35,39.73,2.015,97.94,534,72.79,8.36,7.39,38.61,2015,12,4,52.5,53.2,53.2
12/11/2015,52.25,37.93,1.99,97.56,522,71.86,8.07,7.39,38.65,2015,12,4,52.35,52.75,53.05
12/14/2015,52.2,37.92,1.894,97.6,508,72.41,8.07,7.39,38.69,2015,12,4,52.25,53,52.85
12/15/2015,52.35,38.45,1.822,98.22,484,71.91,8.19,7.39,38.54,2015,12,4,52.2,53,52.75
12/16/2015,52.35,37.19,1.79,97.87,471,72.31,8.13,7.2,38.66,2015,12,4,52.35,52.7,52.3
12/17/2015,52.25,37.06,1.755,99.27,471,71.25,8.07,7.2,38.79,2015,12,4,52.35,52.5,52.3
12/18/2015,52.2,36.88,1.767,98.7,477,71.69,8.06,7.2,38.97,2015,12,4,52.25,52.5,52.15
12/21/2015,52.05,36.35,1.911,98.36,478,71.87,8.19,7.115,38.98,2015,12,4,52.2,52.35,52.35
12/22/2015,52.05,36.11,1.888,98.23,474,72.34,8.25,7.03,38.98,2015,12,4,52.05,52.25,52.15
12/23/2015,52.1,37.36,1.983,98.34,475,72.3,8.22,7.03,39.02,2015,12,4,52.05,52.2,52.15
12/24/2015,52.1,37.89,2.029,97.98,478,72.77,8.19,6.96,39.08,2015,12,4,52.1,52.35,52.15
12/28/2015,51.4,36.62,2.228,97.92,478,72.46,8.31,6.925,39.27,2015,12,4,52.1,52.35,52.4
12/29/2015,50.95,37.79,2.372,98.1,478,72.94,8.27,6.86,39.27,2015,12,4,51.4,52.25,52.55
12/30/2015,50.9,36.46,2.214,98.27,478,72.83,8.21,6.86,39.41,2015,12,4,50.95,52.2,52.7
12/31/2015,50.6,37.28,2.337,98.63,478,72.75,8.22,6.86,39.58,2015,12,4,50.9,52.05,52.75
1/4/2016,49.9,37.22,2.334,98.87,473,71.88,8.04,6.86,41.95,2016,1,1,50.6,52.05,52.75
1/5/2016,50.25,36.42,2.325,99.4,468,71.57,7.99,6.825,41.69,2016,1,1,49.9,52.1,52.9
1/6/2016,51.5,34.23,2.267,99.18,467,70.71,7.74,6.805,41.12,2016,1,1,50.25,52.1,52.7
1/7/2016,51.25,33.75,2.382,98.22,445,70.09,7.54,6.775,41.14,2016,1,1,51.5,51.4,53.1
1/8/2016,50.25,33.55,2.472,98.54,429,69.51,7.41,6.775,41.06,2016,1,1,51.25,50.95,52.8
1/11/2016,49.3,31.55,2.396,98.72,415,69.93,7.12,6.775,40.47,2016,1,1,50.25,50.9,52.85
1/12/2016,49.1,30.86,2.257,98.97,402,69.83,7.1,6.755,40.33,2016,1,1,49.3,50.6,52.85
1/13/2016,48.85,30.31,2.269,98.93,394,69.54,7.24,6.74,40.42,2016,1,1,49.1,49.9,53.55
1/14/2016,49.2,31.03,2.139,99.09,383,69.83,7.08,6.725,40.59,2016,1,1,48.85,50.25,53.2
1/15/2016,49.15,28.94,2.1,98.96,373,68.67,6.67,6.725,40.79,2016,1,1,49.2,51.5,52.75
1/18/2016,48.8,28.55,2.105,98.96,369,68.63,6.71,6.725,40.79,2016,1,1,49.15,51.25,53
1/19/2016,48.85,28.76,2.091,98.99,363,69.03,6.81,5.485,41.32,2016,1,1,48.8,50.25,53
1/20/2016,49,27.88,2.118,99.09,358,69.06,6.31,5.305,41.19,2016,1,1,48.85,49.3,52.7
1/21/2016,49,29.25,2.138,99.06,355,69.96,6.17,5.14,41.09,2016,1,1,49,49.1,52.5
1/22/2016,49,32.18,2.139,99.57,354,70,6.32,5.12,41.11,2016,1,1,49,48.85,52.5
1/25/2016,48.95,30.5,2.158,99.36,354,69.54,5.87,5.12,41.11,2016,1,1,49,49.2,52.35
1/26/2016,49.25,31.8,2.18,99.36,345,70.02,6.07,5.12,41.11,2016,1,1,48.95,49.15,52.25
1/27/2016,48.8,33.1,2.189,98.9,337,70.25,5.9,5.055,41.13,2016,1,1,49.25,48.8,52.2
1/28/2016,48.85,33.89,2.182,98.51,325,70.84,6.06,5.055,41.15,2016,1,1,48.8,48.85,52.35
1/29/2016,48.8,34.74,2.298,99.61,317,70.82,6.04,5.055,41.17,2016,1,1,48.85,49,52.35
2/1/2016,49.95,34.24,2.152,99.01,314,71.1,5.68,5.105,42.6,2016,2,1,48.8,49,52.25
2/2/2016,50.4,32.72,2.025,98.87,310,70.38,5.81,5.23,43.18,2016,2,1,49.95,49,52.2
2/3/2016,50.45,35.04,2.038,97.29,303,71.67,5.61,5.305,43.68,2016,2,1,50.4,48.95,52.05
2/4/2016,50.95,34.46,1.972,96.47,298,71.99,5.6,5.38,44.04,2016,2,1,50.45,49.25,52.05
2/5/2016,51.6,34.06,2.063,97.03,297,70.62,5.54,5.38,44.04,2016,2,1,50.95,48.8,52.1
2/8/2016,51.5,32.88,2.14,96.57,293,70.83,5.23,5.38,44.04,2016,2,1,51.6,48.85,52.1
2/9/2016,50.45,30.32,2.098,96.07,291,70.69,4.95,5.38,43.76,2016,2,1,51.5,48.8,51.4
2/10/2016,50.4,30.84,2.046,95.89,290,70.95,4.87,5.38,43.32,2016,2,1,50.45,49.95,50.95
2/11/2016,50.7,30.06,1.994,95.56,290,71.08,4.73,5.38,43.33,2016,2,1,50.4,50.4,50.9
2/12/2016,50.7,33.36,1.966,95.94,291,70.97,5.05,5.38,43.42,2016,2,1,50.7,50.45,50.6
2/15/2016,50.7,33.39,1.918,95.98,295,71.37,4.79,5.38,43.42,2016,2,1,50.7,50.95,49.9
2/16/2016,50.7,32.18,1.903,96.87,301,71.08,4.67,4.7,44.43,2016,2,1,50.7,51.6,50.25
2/17/2016,50.85,34.5,1.942,96.79,307,71.82,5.07,4.7,44.54,2016,2,1,50.7,51.5,51.5
2/18/2016,50.9,34.28,1.852,96.95,313,71.56,5.24,4.655,44.89,2016,2,1,50.85,50.45,51.25
2/19/2016,50.5,33.01,1.804,96.6,315,71.48,5.15,4.655,45.19,2016,2,1,50.9,50.4,50.25
2/22/2016,50.3,34.69,1.821,97.38,316,72.22,5.4,4.575,45.59,2016,2,1,50.5,50.7,49.3
2/23/2016,50.3,33.27,1.782,97.48,318,72.02,4.89,4.535,45.78,2016,2,1,50.3,50.7,49.1
2/24/2016,50.35,34.41,1.778,97.46,322,71.96,4.85,4.465,45.96,2016,2,1,50.3,50.7,48.85
2/25/2016,50.35,35.29,1.711,97.29,325,72.31,5.06,4.465,46.06,2016,2,1,50.35,50.7,49.2
2/26/2016,50.45,35.1,1.791,98.15,327,71.28,4.98,4.435,46.21,2016,2,1,50.35,50.85,49.15
2/29/2016,50.5,35.97,1.711,98.21,329,71.38,4.99,4.435,46.33,2016,2,1,50.45,50.9,48.8
3/1/2016,50.85,36.81,1.742,98.35,332,71.74,4.99,4.405,49.27,2016,3,1,50.5,50.5,48.85
3/2/2016,50.5,36.93,1.678,98.21,335,72.93,4.95,4.405,50.84,2016,3,1,50.85,50.3,49
3/3/2016,51.1,37.07,1.639,97.59,342,73.49,4.88,4.405,50.39,2016,3,1,50.5,50.3,49
3/4/2016,51,38.72,1.666,97.34,349,74.4,4.92,4.39,52.11,2016,3,1,51.1,50.35,49
3/7/2016,51,40.84,1.69,97.07,354,74.66,5.09,4.39,58.81,2016,3,1,51,50.35,48.95
3/8/2016,51.1,39.65,1.712,97.21,366,74.38,5.01,4.4,56.3,2016,3,1,51,50.45,49.25
3/9/2016,51.3,41.07,1.752,97.17,376,74.85,5.07,4.425,55.65,2016,3,1,51.1,50.5,48.8
3/10/2016,51.2,40.05,1.788,96.07,384,74.51,4.9,4.445,55.84,2016,3,1,51.3,50.85,48.85
3/11/2016,51.5,40.39,1.822,96.17,388,75.63,4.98,4.46,55.32,2016,3,1,51.2,50.5,48.8
3/14/2016,51.95,39.53,1.819,96.62,393,75.13,4.85,4.46,55.1,2016,3,1,51.5,51.1,49.95
3/15/2016,51.65,38.74,1.851,96.63,396,74.56,4.85,4.46,54.39,2016,3,1,51.95,51,50.4
3/16/2016,51.6,40.33,1.868,95.89,393,75.48,4.95,4.4,54.92,2016,3,1,51.65,51,50.45
3/17/2016,52.3,41.54,1.936,94.76,392,76.48,4.99,4.4,55.22,2016,3,1,51.6,51.1,50.95
3/18/2016,52.2,41.2,1.907,95.09,395,75.99,4.93,4.4,55.54,2016,3,1,52.3,51.3,51.6
3/21/2016,52,41.54,1.828,95.29,398,75.76,4.86,4.315,55.74,2016,3,1,52.2,51.2,51.5
3/22/2016,51.75,41.79,1.863,95.65,398,76.21,4.81,4.315,55.77,2016,3,1,52,51.5,50.45
3/23/2016,52.2,40.47,1.794,96.05,401,75.28,4.79,4.315,55.78,2016,3,1,51.75,51.95,50.4
3/24/2016,52.3,40.44,1.806,96.14,406,75.27,4.84,4.315,55.82,2016,3,1,52.2,51.65,50.7
3/28/2016,50.65,40.27,1.848,95.94,406,75.43,4.84,4.315,55.79,2016,3,1,52.3,51.6,50.7
3/29/2016,51.25,39.14,1.903,95.16,409,76.25,4.77,4.315,55.75,2016,3,1,50.65,52.3,50.7
3/30/2016,51.05,39.26,1.996,94.84,414,76.7,4.95,4.315,55.64,2016,3,1,51.25,52.2,50.7
3/31/2016,51.1,39.6,1.959,94.59,429,76.54,5.2,4.285,55.52,2016,3,1,51.05,52,50.85
4/1/2016,50.5,38.67,1.956,94.62,450,76.68,5.16,4.285,53.17,2016,4,2,51.1,51.75,50.9
4/4/2016,50.05,37.69,1.998,94.51,471,76.02,5.32,4.265,53.92,2016,4,2,50.5,52.2,50.5
4/5/2016,50.2,37.87,1.954,94.63,487,75.43,5.23,4.265,53.17,2016,4,2,50.05,52.3,50.3
4/6/2016,50.05,39.84,1.911,94.43,500,75.98,5.3,4.255,52.73,2016,4,2,50.2,50.65,50.3
4/7/2016,49.6,39.43,2.018,94.48,517,75.01,5.27,4.255,53.27,2016,4,2,50.05,51.25,50.35
4/8/2016,49.85,41.94,1.99,94.23,539,75.5,5.41,4.255,53.45,2016,4,2,49.6,51.05,50.35
4/11/2016,50.1,42.83,1.912,93.95,555,75.94,5.57,4.255,54.8,2016,4,2,49.85,51.1,50.45
4/12/2016,50.25,44.69,2.004,93.96,560,76.83,5.58,4.255,56.07,2016,4,2,50.1,50.5,50.5
4/13/2016,50.25,44.18,2.036,94.74,567,76.52,5.53,4.255,56.6,2016,4,2,50.25,50.05,50.85
4/14/2016,50.85,43.84,1.97,94.9,597,76.95,5.6,4.255,56.17,2016,4,2,50.25,50.2,50.5
4/15/2016,50.85,43.1,1.902,94.7,635,77.19,5.47,4.255,56.09,2016,4,2,50.85,50.05,51.1
4/18/2016,50.8,42.91,1.94,94.49,659,77.49,5.46,4,56.98,2016,4,2,50.85,49.6,51
4/19/2016,50.6,44.03,2.088,93.98,671,78.11,5.56,4,57.41,2016,4,2,50.8,49.85,51
4/20/2016,50.6,45.8,2.069,94.49,669,77.93,5.54,4.045,58.03,2016,4,2,50.6,50.1,51.1
4/21/2016,50.5,44.53,2.068,94.6,670,77.37,5.74,4.295,58.5,2016,4,2,50.6,50.25,51.3
4/22/2016,51,45.11,2.14,95.12,688,77.03,5.96,4.295,58.7,2016,4,2,50.5,50.25,51.2
4/25/2016,51,44.48,2.063,94.84,690,77.14,5.89,4.41,58.95,2016,4,2,51,50.85,51.5
4/26/2016,51.05,45.74,2.032,94.57,704,77.47,6.61,4.475,59.1,2016,4,2,51,50.85,51.95
4/27/2016,50.95,47.18,1.995,94.39,715,75.83,6.83,4.54,59.13,2016,4,2,51.05,50.8,51.65
4/28/2016,51,48.14,2.078,93.76,710,76.25,6.33,4.57,59.3,2016,4,2,50.95,50.6,51.6
4/29/2016,50.75,48.13,2.178,93.08,703,76.02,6.17,4.57,59.58,2016,4,2,51,50.6,52.3
5/2/2016,51,45.83,2.042,92.63,703,76.65,6.1,4.57,64,2016,5,2,50.75,50.5,52.2
5/3/2016,50.8,44.97,2.086,92.94,682,74.83,5.98,4.52,60.63,2016,5,2,51,51,52
5/4/2016,50.8,44.62,2.141,93.18,652,74.56,6.12,4.5,59.32,2016,5,2,50.8,51,51.75
5/5/2016,50.8,45.01,2.076,93.78,642,74.64,6.19,4.5,58.33,2016,5,2,50.8,51.05,52.2
5/6/2016,50.65,45.37,2.101,93.89,631,73.64,5.85,4.47,58.3,2016,5,2,50.8,50.95,52.3
5/9/2016,50.2,43.63,2.098,94.13,616,73.14,5.69,4.455,55.84,2016,5,2,50.65,51,50.65
5/10/2016,50.2,45.52,2.158,94.29,594,73.62,5.89,4.455,56.23,2016,5,2,50.2,50.75,51.25
5/11/2016,50.4,47.6,2.173,93.82,579,73.75,6.01,4.455,56.51,2016,5,2,50.2,51,51.05
5/12/2016,50.35,48.08,2.155,94.15,579,73.25,5.8,4.46,55.66,2016,5,2,50.4,50.8,51.1
5/13/2016,50.55,47.83,2.096,94.61,600,72.63,5.84,4.46,55.49,2016,5,2,50.35,50.8,50.5
5/16/2016,50.65,48.97,2.029,94.57,613,72.87,6.1,4.475,55.59,2016,5,2,50.55,50.8,50.05
5/17/2016,50.85,49.28,2.048,94.55,643,73.22,6.04,4.475,56.55,2016,5,2,50.65,50.65,50.2
5/18/2016,50.85,48.93,2.001,95.08,642,72.28,6.05,4.61,56.21,2016,5,2,50.85,50.2,50.05
5/19/2016,50.95,48.81,2.039,95.29,634,72.25,5.98,4.61,56.11,2016,5,2,50.85,50.2,49.6
5/20/2016,50.95,48.72,2.062,95.33,625,72.19,5.95,4.61,56,2016,5,2,50.95,50.4,49.85
5/23/2016,50.95,48.35,2.055,95.23,624,72.2,5.72,4.61,55.78,2016,5,2,50.95,50.35,50.1
5/24/2016,51,48.61,1.98,95.57,618,71.82,5.78,4.61,55.65,2016,5,2,50.95,50.55,50.25
5/25/2016,51.25,49.74,1.992,95.35,605,71.98,5.85,4.61,55.42,2016,5,2,51,50.65,50.25
5/26/2016,51.35,49.59,1.963,95.17,601,72.25,6.01,4.66,55.13,2016,5,2,51.25,50.85,50.85
5/27/2016,51.35,49.32,2.169,95.52,606,71.79,6.02,4.66,54.94,2016,5,2,51.35,50.85,50.85
5/30/2016,53.2,49.76,2.166,95.52,606,71.79,6.1,4.66,54.94,2016,5,2,51.35,50.95,50.8
5/31/2016,53.5,49.69,2.288,95.89,612,72.29,6.08,4.71,54.49,2016,5,2,53.2,50.95,50.6
6/1/2016,53.1,49.72,2.381,95.45,612,72.58,5.95,4.69,47.46,2016,6,2,53.5,50.95,50.6
6/2/2016,53.55,50.04,2.405,95.56,606,72.29,6.01,4.755,47.69,2016,6,2,53.1,51,50.5
6/3/2016,54,49.64,2.398,94.03,610,73.64,5.93,4.755,48.19,2016,6,2,53.55,51.25,51
6/6/2016,54.65,50.55,2.466,93.9,607,73.66,6.19,4.77,50.17,2016,6,2,54,51.35,51
6/7/2016,54.15,51.44,2.474,93.83,606,74.57,6.1,4.8,50.37,2016,6,2,54.65,51.35,51.05
6/8/2016,53.4,52.51,2.468,93.59,610,74.68,6.09,4.8,50.3,2016,6,2,54.15,53.2,50.95
6/9/2016,52.95,51.95,2.617,93.95,611,74.27,6.1,4.8,50.7,2016,6,2,53.4,53.5,51
6/10/2016,53,50.54,2.556,94.57,610,73.71,5.94,4.82,50.86,2016,6,2,52.95,53.1,50.75
6/13/2016,53.05,50.35,2.585,94.36,609,73.85,5.84,4.835,50.92,2016,6,2,53,53.55,51
6/14/2016,52.4,49.83,2.604,94.93,608,73.56,5.84,4.835,50.19,2016,6,2,53.05,54,50.8
6/15/2016,52.45,48.97,2.595,94.61,604,74.04,5.89,4.835,50.27,2016,6,2,52.4,54.65,50.8
6/16/2016,52.6,47.19,2.58,94.57,598,73.59,5.7,5.05,50.38,2016,6,2,52.45,54.15,50.8
6/17/2016,52.55,49.17,2.623,94.21,587,73.96,5.66,5.05,50.55,2016,6,2,52.6,53.4,50.65
6/20/2016,52.85,50.65,2.747,93.61,582,74.57,5.84,5.095,50.54,2016,6,2,52.55,52.95,50.2
6/21/2016,52.75,50.62,2.768,94.02,580,74.44,5.54,5.265,50.58,2016,6,2,52.85,53,50.2
6/22/2016,52.95,49.88,2.677,93.72,585,75,5.67,5.265,50.83,2016,6,2,52.75,53.05,50.4
6/23/2016,52.95,50.91,2.698,93.53,596,76.08,5.63,5.305,50.87,2016,6,2,52.95,52.4,50.35
6/24/2016,52.9,48.41,2.662,95.45,609,74.58,4.95,5.305,50.83,2016,6,2,52.95,52.45,50.55
6/27/2016,54.05,47.16,2.716,96.54,616,73.22,4.76,5.24,51.03,2016,6,2,52.9,52.6,50.65
6/28/2016,55.25,48.58,2.917,96.25,627,73.87,4.68,5.24,51.12,2016,6,2,54.05,52.55,50.85
6/29/2016,55.65,50.61,2.863,95.77,640,74.48,4.51,5.24,51.23,2016,6,2,55.25,52.85,50.85
6/30/2016,56.95,49.68,2.924,96.14,660,74.5,4.46,5.215,51.36,2016,6,2,55.65,52.75,50.95
7/1/2016,58.15,50.35,2.987,95.65,677,74.93,4.61,5.215,52.73,2016,7,3,56.95,52.95,50.95
7/4/2016,59.2,50.1,2.916,95.65,688,75.34,4.96,5.215,52.73,2016,7,3,58.15,52.95,50.95
7/5/2016,58.6,47.96,2.764,96.17,692,74.58,4.7,5.195,54.16,2016,7,3,59.2,52.9,51
7/6/2016,58.4,48.8,2.786,96.05,694,75.15,4.58,5.195,52.88,2016,7,3,58.6,54.05,51.25
7/7/2016,58.95,46.4,2.777,96.33,699,74.77,4.57,5.195,53.72,2016,7,3,58.4,55.25,51.35
7/8/2016,59.25,46.76,2.801,96.3,703,75.67,4.53,5.225,54.24,2016,7,3,58.95,55.65,51.35
7/11/2016,59.6,46.25,2.702,96.57,704,75.29,4.42,5.245,54.53,2016,7,3,59.25,56.95,53.2
7/12/2016,60.7,48.47,2.734,96.44,711,76.21,4.62,5.255,55.56,2016,7,3,59.6,58.15,53.5
7/13/2016,61.1,46.26,2.737,96.22,726,76.05,4.78,5.265,56.36,2016,7,3,60.7,59.2,53.1
7/14/2016,61.1,47.37,2.727,96.08,738,76.28,4.77,5.275,56.11,2016,7,3,61.1,58.6,53.55
7/15/2016,61.3,47.61,2.756,96.58,745,75.77,4.92,5.275,56.34,2016,7,3,61.1,58.4,54
7/18/2016,60.85,46.96,2.722,96.56,748,75.9,4.84,5.65,55.71,2016,7,3,61.3,58.95,54.65
7/19/2016,60.95,46.66,2.728,97.06,746,75.01,4.66,5.745,55.65,2016,7,3,60.85,59.25,54.15
7/20/2016,60.9,47.17,2.658,97.2,736,74.77,4.68,5.79,55.78,2016,7,3,60.95,59.6,53.4
7/21/2016,60.95,46.2,2.692,97,726,74.95,4.64,5.875,56.13,2016,7,3,60.9,60.7,52.95
7/22/2016,60.85,45.69,2.777,97.47,718,74.61,4.55,5.955,56.04,2016,7,3,60.95,61.1,53
7/25/2016,61.25,44.72,2.747,97.29,709,74.66,4.58,5.995,56.15,2016,7,3,60.85,61.1,53.05
7/26/2016,61.05,44.87,2.712,97.16,696,75,4.5,5.995,56.25,2016,7,3,61.25,61.3,52.4
7/27/2016,61.2,43.47,2.672,97.05,679,74.9,4.52,5.995,56.34,2016,7,3,61.05,60.85,52.45
7/28/2016,61.25,42.7,2.873,96.74,665,75,4.47,5.995,56.5,2016,7,3,61.2,60.95,52.6
7/29/2016,61.15,42.46,2.876,95.53,656,75.95,4.41,5.995,56.61,2016,7,3,61.25,60.9,52.55
8/1/2016,67.7,42.14,2.771,95.71,650,75.34,4.37,5.995,59.78,2016,8,3,61.15,60.95,52.85
8/2/2016,67.6,41.8,2.733,95.06,645,76.09,4.4,5.925,59.88,2016,8,3,67.7,60.85,52.75
8/3/2016,67.3,43.1,2.839,95.56,641,75.88,4.62,5.845,59.48,2016,8,3,67.6,61.25,52.95
8/4/2016,65,44.29,2.834,95.76,636,76.27,4.68,5.845,59.05,2016,8,3,67.3,61.05,52.95
8/5/2016,65,44.27,2.772,96.19,636,76.19,4.72,5.845,60.19,2016,8,3,65,61.2,52.9
8/8/2016,67.25,45.39,2.748,96.4,636,76.5,4.94,5.82,60.99,2016,8,3,65,61.25,54.05
8/9/2016,67,44.98,2.615,96.18,631,76.71,4.87,5.82,60.32,2016,8,3,67.25,61.15,55.25
8/10/2016,66.3,44.05,2.561,95.65,638,77.02,4.76,5.805,60.25,2016,8,3,67,67.7,55.65
8/11/2016,67.85,46.04,2.551,95.86,653,76.95,4.87,5.805,59.73,2016,8,3,66.3,67.6,56.95
8/12/2016,68.3,46.97,2.586,95.72,671,76.46,4.89,5.805,59.83,2016,8,3,67.85,67.3,58.15
8/15/2016,67.6,48.35,2.59,95.63,681,76.72,4.8,5.805,59.66,2016,8,3,68.3,65,59.2
8/16/2016,67.6,49.23,2.617,94.79,687,76.94,4.69,5.45,60.45,2016,8,3,67.6,65,58.6
8/17/2016,68.1,49.85,2.619,94.72,685,76.54,4.48,5.5,60.15,2016,8,3,67.6,67.25,58.4
8/18/2016,67.05,50.89,2.674,94.16,682,76.85,4.68,5.5,60.38,2016,8,3,68.1,67,58.95
8/19/2016,67.55,50.88,2.584,94.51,683,76.24,4.76,5.625,60.59,2016,8,3,67.05,66.3,59.25
8/22/2016,68.15,49.16,2.679,94.52,687,76.17,4.89,5.625,60.67,2016,8,3,67.55,67.85,59.6
8/23/2016,67.1,49.96,2.761,94.54,692,76.15,4.7,5.55,60.78,2016,8,3,68.15,68.3,60.7
8/24/2016,67,49.05,2.796,94.79,706,76.12,4.6,5.55,60.78,2016,8,3,67.1,67.6,61.1
8/25/2016,67.45,49.67,2.846,94.77,718,76.15,4.7,5.55,60.77,2016,8,3,67,67.6,61.1
8/26/2016,67.15,49.92,2.871,95.57,720,75.63,4.69,5.52,60.69,2016,8,3,67.45,68.1,61.3
8/29/2016,66.95,49.26,2.853,95.58,720,75.67,4.69,5.46,60.58,2016,8,3,67.15,67.05,60.85
8/30/2016,68,48.37,2.827,96.05,715,75.09,4.54,5.46,60.5,2016,8,3,66.95,67.55,60.95
8/31/2016,68.75,47.04,2.887,96.02,711,75.14,4.46,5.435,60.43,2016,8,3,68,68.15,60.9
9/1/2016,69.05,45.45,2.792,95.65,712,75.51,4.37,5.435,57.95,2016,9,3,68.75,67.1,60.95
9/2/2016,69.15,46.83,2.792,95.84,720,75.7,4.08,5.435,58.05,2016,9,3,69.05,67,60.85
9/5/2016,69.85,47.63,2.752,95.84,724,75.78,3.93,5.435,58.05,2016,9,3,69.15,67.45,61.25
9/6/2016,70.75,47.26,2.717,94.82,745,76.86,4.13,5.435,58.35,2016,9,3,69.85,67.15,61.05
9/7/2016,69.8,47.98,2.676,94.96,773,76.72,4.01,5.435,57.47,2016,9,3,70.75,66.95,61.2
9/8/2016,69.6,49.99,2.806,95.03,792,76.4,4.08,5.48,57.67,2016,9,3,69.8,68,61.25
9/9/2016,69.7,48.01,2.797,95.34,804,75.38,4.08,5.48,57.87,2016,9,3,69.6,68.75,61.15
9/12/2016,70,48.32,2.915,95.09,804,75.63,4.03,5.45,57.49,2016,9,3,69.7,69.05,67.7
9/13/2016,70.15,47.1,2.909,95.63,796,74.62,4.02,5.48,57.43,2016,9,3,70,69.15,67.6
9/14/2016,70.15,45.85,2.889,95.33,756,74.66,3.98,5.47,57.25,2016,9,3,70.15,69.85,67.3
9/15/2016,70.95,46.59,2.927,95.29,764,75.14,4.14,5.47,57.15,2016,9,3,70.15,70.75,65
9/16/2016,71.15,45.77,2.948,96.11,800,74.88,4.36,5.625,57.03,2016,9,3,70.95,69.8,65
9/19/2016,71.25,45.95,2.934,95.84,836,75.33,4.4,5.625,56.92,2016,9,3,71.15,69.6,67.25
9/20/2016,71.65,45.88,3.047,96.02,865,75.56,4.16,5.625,57,2016,9,3,71.25,69.7,67
9/21/2016,72.65,46.83,3.057,95.66,903,76.23,4.21,5.69,56.88,2016,9,3,71.65,70,66.3
9/22/2016,71.5,47.65,2.99,95.45,937,76.42,4.42,5.69,56.9,2016,9,3,72.65,70.15,67.85
9/23/2016,71.95,45.89,2.955,95.48,941,76.18,4.54,5.725,56.86,2016,9,3,71.5,70.15,68.3
9/26/2016,71.8,47.35,2.997,95.3,934,76.36,4.62,5.765,56.85,2016,9,3,71.95,70.95,67.6
9/27/2016,71.9,45.97,2.996,95.44,930,76.66,4.43,5.765,56.78,2016,9,3,71.8,71.15,67.6
9/28/2016,72.6,48.69,2.952,95.43,912,76.9,4.95,5.825,56.74,2016,9,3,71.9,71.25,68.1
9/29/2016,72.15,49.24,2.959,95.53,888,76.33,5.02,5.84,56.71,2016,9,3,72.6,71.65,67.05
9/30/2016,72.2,49.06,2.906,95.46,875,76.54,4.96,5.905,56.63,2016,9,3,72.15,72.65,67.55
10/3/2016,81.1,50.89,2.923,95.69,864,76.7,5.31,5.95,55.11,2016,10,4,72.2,71.5,68.15
10/4/2016,83.15,50.87,2.964,96.17,860,76.19,5.21,5.975,55.15,2016,10,4,81.1,71.95,67.1
10/5/2016,83.6,51.86,3.041,96.12,869,76.22,5.48,5.97,55.27,2016,10,4,83.15,71.8,67
10/6/2016,84.8,52.51,3.049,96.77,915,75.82,5.86,5.97,55.18,2016,10,4,83.6,71.9,67.45
10/7/2016,84.45,51.93,3.193,96.63,921,75.75,5.69,5.985,54.97,2016,10,4,84.8,72.6,67.15
10/10/2016,84.05,53.14,3.275,96.93,922,76.06,5.66,5.985,55.67,2016,10,4,84.45,72.15,66.95
10/11/2016,84.4,52.41,3.237,97.69,922,75.35,5.43,5.98,55.78,2016,10,4,84.05,72.2,68
10/12/2016,86,51.81,3.21,97.97,906,75.6,5.52,5.975,55.84,2016,10,4,84.4,81.1,68.75
10/13/2016,88,52.03,3.341,97.52,885,75.68,5.65,5.98,55.79,2016,10,4,86,83.15,69.05
10/14/2016,89.45,51.95,3.285,98.02,892,76.11,5.81,5.98,56.14,2016,10,4,88,83.6,69.15
10/17/2016,90.95,51.52,3.244,97.89,894,76.25,5.87,6.625,56.33,2016,10,4,89.45,84.8,69.85
10/18/2016,92.7,51.68,3.263,97.89,890,76.62,5.95,6.675,56.38,2016,10,4,90.95,84.45,70.75
10/19/2016,91.4,52.67,3.17,97.92,872,77.21,5.67,6.675,56.46,2016,10,4,92.7,84.05,69.8
10/20/2016,91.3,51.38,3.141,98.31,849,76.24,5.58,6.715,56.58,2016,10,4,91.4,84.4,69.6
10/21/2016,92.8,51.78,2.993,98.69,842,76.02,5.89,6.8,56.6,2016,10,4,91.3,86,69.7
10/24/2016,92.8,51.46,2.831,98.76,831,76.09,5.81,6.8,56.74,2016,10,4,92.8,88,70
10/25/2016,93.2,50.79,2.774,98.72,813,76.45,5.81,6.835,56.96,2016,10,4,92.8,89.45,70.15
10/26/2016,93.55,49.98,2.731,98.63,802,76.49,5.94,6.835,57.24,2016,10,4,93.2,90.95,70.15
10/27/2016,94.1,50.47,2.764,98.89,798,75.88,5.81,6.9,57.47,2016,10,4,93.55,92.7,70.95
10/28/2016,93.95,49.71,3.105,98.35,834,75.95,5.88,6.955,57.72,2016,10,4,94.1,91.4,71.15
10/31/2016,108.6,48.3,3.026,98.44,857,76.09,5.9,6.97,62.77,2016,10,4,93.95,91.3,71.25
11/1/2016,114.75,48.14,2.902,97.7,838,76.49,6.03,6.97,63.56,2016,11,4,108.6,92.8,71.65
11/2/2016,112.35,46.86,2.792,97.4,834,76.58,6.24,6.99,62.59,2016,11,4,114.75,92.8,72.65
11/3/2016,106.5,46.35,2.769,97.16,849,76.78,6.5,6.98,63.79,2016,11,4,112.35,93.2,71.5
11/4/2016,108.65,45.58,2.767,97.06,855,76.7,6.41,7.02,63.67,2016,11,4,106.5,93.55,71.95
11/7/2016,111.95,46.15,2.816,97.78,870,77.25,6.23,7.025,65.91,2016,11,4,108.65,94.1,71.8
11/8/2016,112.1,46.04,2.633,97.86,911,77.61,6.15,7.05,65.99,2016,11,4,111.95,93.95,71.9
11/9/2016,111.4,46.36,2.69,98.5,954,76.33,6.13,7.06,68.34,2016,11,4,112.1,108.6,72.6
11/10/2016,111.4,45.84,2.632,98.78,974,76.11,5.92,7.04,69.74,2016,11,4,111.4,114.75,72.15
11/11/2016,109.85,44.75,2.619,99.06,1045,75.5,5.67,7.045,73.35,2016,11,4,111.4,112.35,72.2
11/14/2016,105.35,44.43,2.749,100.11,1065,75.5,5.41,7.03,72.23,2016,11,4,109.85,106.5,81.1
11/15/2016,106.45,46.95,2.709,100.23,1084,75.56,5.74,7.03,70.04,2016,11,4,105.35,108.65,83.15
11/16/2016,104.9,46.63,2.764,100.41,1145,74.76,5.55,7.3,70.41,2016,11,4,106.45,111.95,83.6
11/17/2016,106.25,46.49,2.703,100.89,1231,74.04,5.9,7.155,70.33,2016,11,4,104.9,112.1,84.8
11/18/2016,105.1,46.86,2.843,101.21,1257,73.32,5.58,7.055,70.2,2016,11,4,106.25,111.4,84.45
11/21/2016,105.1,48.9,2.95,101.05,1240,73.64,5.48,7.155,70,2016,11,4,105.1,111.4,84.05
11/22/2016,106.3,49.12,2.982,101.04,1232,74.01,5.51,7.155,70.88,2016,11,4,105.1,109.85,84.4
11/23/2016,103.3,48.95,3.026,101.7,1224,73.84,5.39,7.12,71.22,2016,11,4,106.3,105.35,86
11/24/2016,105.95,49,3.036,101.7,1201,74.06,5.34,7.12,71.22,2016,11,4,103.3,106.45,88
11/25/2016,103.75,47.24,3.085,101.49,1181,74.3,5,7.08,71.81,2016,11,4,105.95,104.9,89.45
11/28/2016,92.25,48.24,3.232,101.33,1184,74.79,4.74,7.08,72.15,2016,11,4,103.75,106.25,90.95
11/29/2016,88.5,46.38,3.315,100.93,1202,74.83,4.56,7.14,72.26,2016,11,4,92.25,105.1,92.7
11/30/2016,87.45,50.47,3.352,101.5,1204,73.82,4.58,7.18,72.25,2016,11,4,88.5,105.1,91.4
12/1/2016,87.7,53.94,3.505,101.04,1196,74.14,4.46,7.33,75.54,2016,12,4,87.45,106.3,91.3
12/2/2016,87.4,54.46,3.436,100.77,1198,74.6,4.3,7.36,74.57,2016,12,4,87.7,103.3,92.8
12/5/2016,86.8,54.94,3.654,100.09,1196,74.72,4.37,7.54,76.2,2016,12,4,87.4,105.95,92.8
12/6/2016,84,53.93,3.635,100.49,1186,74.6,4.5,7.65,76.72,2016,12,4,86.8,103.75,93.2
12/7/2016,83,53,3.603,100.23,1162,74.79,4.3,7.65,79.2,2016,12,4,84,92.25,93.55
12/8/2016,84,53.89,3.695,101.1,1122,74.59,4.61,7.775,79.44,2016,12,4,83,88.5,94.1
12/9/2016,84.35,54.33,3.746,101.59,1090,74.51,4.46,7.83,78.89,2016,12,4,84,87.45,93.95
12/12/2016,85.7,55.69,3.507,101.03,1069,74.96,4.87,7.875,80.25,2016,12,4,84.35,87.7,108.6
12/13/2016,86,55.72,3.474,101.07,1052,74.98,4.79,7.855,80.47,2016,12,4,85.7,87.4,114.75
12/14/2016,87.55,53.9,3.54,101.76,1003,74.02,5.01,7.855,79.58,2016,12,4,86,86.8,112.35
12/15/2016,88.85,54.02,3.434,103.02,966,73.55,4.84,7.855,79.94,2016,12,4,87.55,84,106.5
12/16/2016,86.5,55.21,3.415,102.95,946,73.04,4.93,8.8,79.89,2016,12,4,88.85,83,108.65
12/19/2016,86.2,54.92,3.392,103.14,927,72.45,5.09,8.8,79.62,2016,12,4,86.5,84,111.95
12/20/2016,87,55.35,3.263,103.29,914,72.59,5.23,8.8,79.97,2016,12,4,86.2,84.35,112.1
12/21/2016,86.9,54.46,3.542,103.02,926,72.35,5.8,8.8,80,2016,12,4,87,85.7,111.4
12/22/2016,86.75,55.05,3.538,103.09,928,72.14,6.07,8.8,79.8,2016,12,4,86.9,86,111.4
12/23/2016,86.6,55.16,3.662,103.01,961,71.8,6.22,8.8,79.75,2016,12,4,86.75,87.55,109.85
12/27/2016,86.6,56.09,3.761,103.02,961,71.8,6.32,8.8,79.72,2016,12,4,86.6,88.85,105.35
12/28/2016,87.65,56.22,3.93,103.3,961,71.76,6.32,8.8,79.75,2016,12,4,86.6,86.5,106.45
12/29/2016,88.25,56.14,3.802,102.68,961,72.14,6.34,8.8,79.76,2016,12,4,87.65,86.2,104.9
12/30/2016,88.4,56.82,3.724,102.21,961,72.15,6.54,8.8,79.75,2016,12,4,88.25,87,106.25
1/3/2017,90.5,55.47,3.327,103.21,953,72.24,5.41,8.8,74.37,2017,1,1,88.4,86.9,105.1
1/4/2017,88.6,56.46,3.267,102.7,969,72.83,5.7,8.8,74.66,2017,1,1,90.5,86.75,105.1
1/5/2017,85.7,56.89,3.273,101.52,983,73.36,5.27,8.8,76.46,2017,1,1,88.6,86.6,106.3
1/6/2017,83.5,57.1,3.285,102.22,963,72.91,5.03,8.8,75.73,2017,1,1,85.7,86.6,103.3
1/9/2017,82.05,54.94,3.103,101.93,949,73.52,5.25,8.8,77.09,2017,1,1,83.5,87.65,105.95
1/10/2017,81.5,53.64,3.278,102.01,926,73.67,5.49,8.8,78.27,2017,1,1,82.05,88.25,103.75
1/11/2017,82.15,55.1,3.224,101.78,894,74.4,5.51,8.8,78.65,2017,1,1,81.5,88.4,92.25
1/12/2017,84.05,56.01,3.386,101.35,892,74.82,5.03,8.8,78.83,2017,1,1,82.15,90.5,88.5
1/13/2017,83.5,55.45,3.419,101.18,910,74.99,5.03,8.8,78.69,2017,1,1,84.05,88.6,87.45
1/16/2017,82.9,55.86,3.483,101.18,925,74.75,4.69,8.8,78.69,2017,1,1,83.5,85.7,87.7
1/17/2017,84.55,55.47,3.412,100.33,922,75.66,4.99,8,79.83,2017,1,1,82.9,83.5,87.4
1/18/2017,83.85,53.92,3.302,100.93,952,75.05,4.83,8,79.66,2017,1,1,84.55,82.05,86.8
1/19/2017,83.45,54.16,3.368,101.15,942,75.58,5.19,8,79.64,2017,1,1,83.85,81.5,84
1/20/2017,83.8,55.49,3.204,100.74,925,75.53,5.42,8,79.51,2017,1,1,83.45,82.15,83
1/23/2017,83.65,55.23,3.243,100.16,914,75.79,5.31,8,79.69,2017,1,1,83.8,84.05,84
1/24/2017,83.75,55.44,3.279,100.35,886,75.78,5.07,8,80.05,2017,1,1,83.65,83.5,84.35
1/25/2017,83.7,55.08,3.332,100.03,862,75.7,4.97,8,80.13,2017,1,1,83.75,82.9,85.7
1/26/2017,83.6,56.24,3.382,100.38,840,75.35,5.19,8,80.22,2017,1,1,83.7,84.55,86
1/27/2017,83.75,55.52,3.391,100.53,827,75.46,4.91,8,80.3,2017,1,1,83.6,83.85,87.55
1/30/2017,83.55,55.23,3.232,100.43,816,75.52,5.34,8,80.3,2017,1,1,83.75,83.45,88.85
1/31/2017,83,55.7,3.117,99.51,800,75.83,5.69,8,80.4,2017,1,1,83.55,83.8,86.5
2/1/2017,82.7,56.8,3.168,99.64,786,75.82,5.61,8,83.12,2017,2,1,83,83.65,86.2
2/2/2017,82.75,56.56,3.187,99.79,770,76.55,5.56,8,83.82,2017,2,1,82.7,83.75,87
2/3/2017,83,56.81,3.063,99.87,752,76.83,5.49,8,80.15,2017,2,1,82.75,83.7,86.9
2/6/2017,81.3,55.72,3.05,99.91,735,76.57,5.43,8,79.15,2017,2,1,83,83.6,86.75
2/7/2017,80.4,55.05,3.13,100.26,714,76.24,5.5,8,81.02,2017,2,1,81.3,83.75,86.6
2/8/2017,79.4,55.12,3.126,100.28,702,76.45,5.55,8,81.88,2017,2,1,80.4,83.55,86.6
2/9/2017,79.75,55.63,3.141,100.65,707,76.22,5.62,8,81.92,2017,2,1,79.4,83,87.65
2/10/2017,80.05,56.7,3.034,100.8,702,76.69,5.45,8,84.11,2017,2,1,79.75,82.7,88.25
2/13/2017,79.9,55.59,2.944,100.96,688,76.38,5.24,8,85.93,2017,2,1,80.05,82.75,88.4
2/14/2017,79.9,55.97,2.905,101.25,685,76.6,5.48,8,85.91,2017,2,1,79.9,83,90.5
2/15/2017,80,55.75,2.925,101.18,688,77.08,5.42,8,85.86,2017,2,1,79.9,81.3,88.6
2/16/2017,80,55.65,2.854,100.44,710,76.94,5.28,6.65,85.72,2017,2,1,80,80.4,85.7
2/17/2017,79.9,55.81,2.834,100.95,741,76.69,5.31,6.65,86.4,2017,2,1,80,79.4,83.5
2/20/2017,80.1,56.18,2.878,100.95,757,76.86,5.43,6.65,86.4,2017,2,1,79.9,79.75,82.05
2/21/2017,80.15,56.66,2.564,101.37,778,76.74,5.39,6.65,87.28,2017,2,1,80.1,80.05,81.5
2/22/2017,79.75,55.84,2.592,101.22,806,77.02,5.41,6.65,87.48,2017,2,1,80.15,79.9,82.15
2/23/2017,79.8,56.58,2.617,101.05,856,77.13,5.7,6.65,87.41,2017,2,1,79.75,79.9,84.05
2/24/2017,80,55.99,2.627,101.09,875,76.69,5.73,6.65,87.57,2017,2,1,79.8,80,83.5
2/27/2017,83.5,55.93,2.693,101.13,878,76.71,5.53,6.65,87.89,2017,2,1,80,80,82.9
2/28/2017,83.45,55.59,2.774,101.12,859,76.57,5.57,6.65,88.07,2017,2,1,83.5,79.9,84.55
3/1/2017,82.75,56.36,2.799,101.78,871,76.74,6.26,6.65,87.62,2017,3,1,83.45,80.1,83.85
3/2/2017,82.2,55.08,2.804,102.2,904,75.71,5.81,6.65,88.56,2017,3,1,82.75,80.15,83.45
3/3/2017,80.95,55.9,2.827,101.54,939,75.94,5.94,6.65,87.57,2017,3,1,82.2,79.75,83.8
3/6/2017,80.2,56.01,2.901,101.64,979,75.76,5.83,6.65,86.73,2017,3,1,80.95,79.8,83.65
3/7/2017,79.25,55.92,2.824,101.81,1033,75.84,5.72,6.65,86.89,2017,3,1,80.2,80,83.75
3/8/2017,78.65,53.11,2.901,102.07,1045,75.26,5.58,6.65,86.55,2017,3,1,79.25,83.5,83.7
3/9/2017,78.2,52.19,2.974,101.85,1064,75.04,5.46,6.65,86.35,2017,3,1,78.65,83.45,83.6
3/10/2017,78.75,51.37,3.008,101.25,1086,75.4,5.51,6.65,86.44,2017,3,1,78.2,82.75,83.75
3/13/2017,81.1,51.35,3.043,101.31,1099,75.67,5.5,6.65,87.51,2017,3,1,78.75,82.2,83.55
3/14/2017,80.9,50.92,2.938,101.7,1112,75.58,5.45,6.65,88.04,2017,3,1,81.1,80.95,83
3/15/2017,81.65,51.81,2.981,100.74,1147,77.07,5.54,6.65,89.03,2017,3,1,80.9,80.2,82.7
3/16/2017,81.1,51.74,2.902,100.36,1172,76.77,5.49,6.2,89.5,2017,3,1,81.65,79.25,82.75
3/17/2017,81.3,51.76,2.948,100.3,1196,76.98,5.48,6.2,89.47,2017,3,1,81.1,78.65,83
3/20/2017,80.9,51.62,3.041,100.41,1205,77.29,5.33,6.2,89.42,2017,3,1,81.3,78.2,81.3
3/21/2017,80.55,50.96,3.093,99.81,1200,76.88,5.28,6.2,88.99,2017,3,1,80.9,78.75,80.4
3/22/2017,80.4,50.64,3.011,99.68,1190,76.76,5.31,6.2,88.59,2017,3,1,80.55,81.1,79.4
3/23/2017,80.95,50.56,3.051,99.76,1196,76.26,5.32,6.2,88.51,2017,3,1,80.4,80.9,79.75
3/24/2017,80.95,50.8,3.076,99.63,1240,76.22,5.11,6.2,88.35,2017,3,1,80.95,81.65,80.05
3/27/2017,80.95,50.75,3.052,99.17,1282,76.15,4.97,6.2,87.91,2017,3,1,80.95,81.1,79.9
3/28/2017,80.75,51.33,3.096,99.71,1333,76.33,5.08,6.2,87.63,2017,3,1,80.95,81.3,79.9
3/29/2017,80.75,52.42,3.175,100,1338,76.67,5.11,6.2,87.44,2017,3,1,80.75,80.9,80
3/30/2017,80.7,52.96,3.191,100.41,1324,76.4,5.27,6.2,87.19,2017,3,1,80.75,80.55,80
3/31/2017,80.75,52.83,3.19,100.35,1297,76.28,5.04,6.2,86.84,2017,3,1,80.7,80.4,79.9
4/3/2017,89.5,53.12,3.128,100.54,1282,76.01,5.21,6.2,78.45,2017,4,2,80.75,80.95,80.1
4/4/2017,89.75,54.17,3.293,100.54,1255,75.63,4.98,6.2,79.36,2017,4,2,89.5,80.95,80.15
4/5/2017,89.45,54.36,3.266,100.56,1223,75.66,5.18,6.2,79.44,2017,4,2,89.75,80.95,79.75
4/6/2017,89.65,54.89,3.331,100.67,1215,75.45,5.43,6.2,78.92,2017,4,2,89.45,80.75,79.8
4/7/2017,88.2,55.24,3.261,101.18,1223,74.95,5.25,6.2,76.91,2017,4,2,89.65,80.75,80
4/10/2017,86.75,55.98,3.238,101.02,1231,75,5.15,6.2,75.28,2017,4,2,88.2,80.7,83.5
4/11/2017,84.85,56.23,3.15,100.71,1262,74.96,5.24,6.2,74.89,2017,4,2,86.75,80.75,83.45
4/12/2017,84.55,55.86,3.187,100.78,1282,75.2,5.31,6.2,73.43,2017,4,2,84.85,89.5,82.75
4/13/2017,84.15,55.89,3.227,100.56,1296,75.67,5.32,6.2,73.02,2017,4,2,84.55,89.75,82.2
4/17/2017,84.15,55.36,3.163,100.29,1296,75.86,5.32,6.1,72.08,2017,4,2,84.15,89.45,80.95
4/18/2017,84.35,54.89,3.145,99.5,1294,75.6,5.24,6.1,70.74,2017,4,2,84.15,89.65,80.2
4/19/2017,84.1,52.93,3.185,99.74,1278,74.94,5.22,6.1,70.95,2017,4,2,84.35,88.2,79.25
4/20/2017,84.15,52.99,3.159,99.78,1243,75.26,5.12,6.1,70.89,2017,4,2,84.1,86.75,78.65
4/21/2017,84.2,51.96,3.101,99.98,1195,75.42,4.94,6.1,70.93,2017,4,2,84.15,84.85,78.2
4/24/2017,83.9,51.6,3.066,99.09,1170,75.66,5.02,6.1,70.67,2017,4,2,84.2,84.55,78.75
4/25/2017,83.85,52.1,3.043,98.78,1154,75.35,4.87,6.1,70.44,2017,4,2,83.9,84.15,81.1
4/26/2017,83.8,51.82,3.142,99.05,1147,74.72,4.98,6.1,70.26,2017,4,2,83.85,84.15,80.9
4/27/2017,84.8,51.44,3.239,99.08,1134,74.61,4.93,6.1,70.1,2017,4,2,83.8,84.35,81.65
4/28/2017,83.55,51.73,3.276,99.05,1109,74.84,4.94,6.1,69.97,2017,4,2,84.8,84.1,81.1
5/1/2017,79.4,51.52,3.215,99.08,1109,75.23,4.57,6.1,68,2017,5,2,83.55,84.15,81.3
5/2/2017,79,50.46,3.195,98.98,1073,75.35,4.81,6.1,68.72,2017,5,2,79.4,84.2,80.9
5/3/2017,78,50.79,3.228,99.21,1034,74.21,4.77,6.1,67.33,2017,5,2,79,83.9,80.55
5/4/2017,78,48.38,3.186,98.8,1004,74.07,4.87,6.1,63.88,2017,5,2,78,83.85,80.4
5/5/2017,78,49.1,3.266,98.65,994,74.18,4.94,6.1,62.49,2017,5,2,78,83.8,80.95
5/8/2017,74.2,49.34,3.172,99.06,1001,73.86,4.79,6.1,60.72,2017,5,2,78,84.8,80.95
5/9/2017,73.85,48.73,3.227,99.66,1007,73.44,4.89,6.1,61.37,2017,5,2,74.2,83.55,80.95
5/10/2017,74.1,50.22,3.292,99.67,1005,73.63,4.82,6.1,62.63,2017,5,2,73.85,79.4,80.75
5/11/2017,73.3,50.77,3.376,99.62,1012,73.76,4.72,6.1,62.01,2017,5,2,74.1,79,80.75
5/12/2017,73.6,50.84,3.424,99.25,1014,73.85,4.83,6.1,61.45,2017,5,2,73.3,78,80.7
5/15/2017,73.3,51.82,3.349,98.91,994,74.12,4.76,6.1,61.2,2017,5,2,73.6,78,80.75
5/16/2017,73.25,51.65,3.23,98.11,980,74.26,4.91,6.05,61.48,2017,5,2,73.3,78,89.5
5/17/2017,73.8,52.21,3.192,97.58,960,74.31,4.95,6.05,62.04,2017,5,2,73.25,74.2,89.75
5/18/2017,74.05,52.51,3.182,97.88,957,74.16,5.13,6.05,61.51,2017,5,2,73.8,73.85,89.45
5/19/2017,74.25,53.61,3.256,97.14,956,74.59,5.22,6.05,61.91,2017,5,2,74.05,74.1,89.65
5/22/2017,74.8,53.87,3.424,96.98,954,74.75,5.29,6.05,61.94,2017,5,2,74.25,73.3,88.2
5/23/2017,74.35,54.15,3.312,97.35,949,74.74,5.13,6.05,61.9,2017,5,2,74.8,73.6,86.75
5/24/2017,74.45,53.96,3.3,97.24,934,75.02,5.3,5.56,61.5,2017,5,2,74.35,73.3,84.85
5/25/2017,74.45,51.46,3.275,97.25,918,74.52,5.37,5.525,61.4,2017,5,2,74.45,73.25,84.55
5/26/2017,74.45,52.15,3.31,97.44,912,74.46,5.58,5.495,61.25,2017,5,2,74.45,73.8,84.15
5/29/2017,73.85,52.29,3.201,97.44,912,74.36,5.57,5.495,61.25,2017,5,2,74.45,74.05,84.15
5/30/2017,74.1,51.84,3.181,97.28,900,74.64,5.53,5.465,60.93,2017,5,2,73.85,74.25,84.35
5/31/2017,73.45,50.31,3.109,96.92,878,74.29,5.35,5.465,60.71,2017,5,2,74.1,74.8,84.1
6/1/2017,74.5,50.63,3.047,97.2,850,73.72,5.45,5.45,55.39,2017,6,2,73.45,74.35,84.15
6/2/2017,76,49.95,3.041,96.72,830,74.41,5.54,5.45,56.27,2017,6,2,74.5,74.45,84.2
6/5/2017,75.9,49.47,3.024,96.8,821,74.83,5.55,5.48,55.49,2017,6,2,76,74.45,83.9
6/6/2017,76.95,50.12,3.076,96.64,818,75.06,5.35,5.485,55.67,2017,6,2,75.9,74.45,83.85
6/7/2017,78.45,48.06,3.054,96.75,821,75.46,5.26,5.485,55.13,2017,6,2,76.95,73.85,83.8
6/8/2017,79.3,47.86,3.062,96.92,824,75.42,5.43,5.475,54.9,2017,6,2,78.45,74.1,84.8
6/9/2017,79.45,48.15,3.071,97.27,849,75.26,5.42,5.475,54.52,2017,6,2,79.3,73.45,83.55
6/12/2017,79.45,48.29,3.054,97.14,870,75.39,5.3,5.48,54.77,2017,6,2,79.45,74.5,79.4
6/13/2017,80.85,48.72,2.989,96.97,870,75.35,5.4,5.48,54.01,2017,6,2,79.45,76,79
6/14/2017,80.5,47,2.953,96.94,865,75.85,5.32,5.48,54.5,2017,6,2,80.85,75.9,78
6/15/2017,80.8,46.92,3.078,97.43,855,75.76,5.33,5.48,54.51,2017,6,2,80.5,76.95,78
6/16/2017,80.85,47.37,3.06,97.16,851,76.16,5.26,5.45,54.7,2017,6,2,80.8,78.45,78
6/19/2017,81.2,47.13,2.917,97.55,848,75.94,5.31,5.45,54.8,2017,6,2,80.85,79.3,74.2
6/20/2017,80.75,46.25,2.93,97.76,847,75.79,5.35,5.495,54.71,2017,6,2,81.2,79.45,73.85
6/21/2017,80.7,45.05,2.915,97.56,844,75.5,5.26,5.495,54.65,2017,6,2,80.75,79.45,74.1
6/22/2017,80.6,45.41,2.915,97.59,855,75.41,5.25,5.495,54.66,2017,6,2,80.7,80.85,73.3
6/23/2017,80.65,45.75,2.951,97.26,870,75.65,5.25,5.495,54.73,2017,6,2,80.6,80.5,73.6
6/26/2017,80.55,46.04,3.049,97.43,884,75.82,5.16,5.495,54.75,2017,6,2,80.65,80.8,73.3
6/27/2017,80.6,46.92,3.064,96.39,903,75.82,5.33,5.495,55.25,2017,6,2,80.55,80.85,73.25
6/28/2017,80.65,47.54,3.094,96.01,929,76.4,5.33,5.495,55.7,2017,6,2,80.6,81.2,73.8
6/29/2017,80.95,47.63,3.037,95.63,920,76.82,5.46,5.495,55.79,2017,6,2,80.65,80.75,74.05
6/30/2017,81,48.77,3.031,95.63,901,76.86,5.42,5.48,56.01,2017,6,2,80.95,80.7,74.25
7/3/2017,79.45,49.99,2.953,96.22,882,76.6,5.53,5.49,65,2017,7,3,81,80.6,74.8
7/4/2017,81.15,49.9,2.984,96.22,871,76,5.51,5.49,65,2017,7,3,79.45,80.65,74.35
7/5/2017,83.05,48.07,2.837,96.29,847,76,5.43,5.465,63.03,2017,7,3,81.15,80.55,74.45
7/6/2017,83.2,48.39,2.881,95.8,829,75.85,5.63,5.445,62.11,2017,7,3,83.05,80.6,74.45
7/7/2017,82.55,46.98,2.857,96.01,822,76.05,5.74,5.445,62.85,2017,7,3,83.2,80.65,74.45
7/10/2017,82.35,47.17,2.924,96.02,820,76.05,5.8,5.445,63.11,2017,7,3,82.55,80.95,73.85
7/11/2017,83.35,47.81,3.038,95.67,830,76.34,5.73,5.445,64.48,2017,7,3,82.35,81,74.1
7/12/2017,83.2,48.03,2.975,95.76,859,76.75,5.88,5.445,64.09,2017,7,3,83.35,79.45,73.45
7/13/2017,83.8,48.68,2.948,95.73,888,77.26,5.76,5.445,64.16,2017,7,3,83.2,81.15,74.5
7/14/2017,83.95,49.17,2.971,95.15,900,78.28,5.82,5.445,64.92,2017,7,3,83.8,83.05,76
7/17/2017,84.3,48.68,3.007,95.13,912,77.98,5.82,5.575,65.99,2017,7,3,83.95,83.2,75.9
7/18/2017,85.55,49.08,3.073,94.6,932,79.15,5.85,5.575,65.74,2017,7,3,84.3,82.55,76.95
7/19/2017,85.85,49.93,3.055,94.78,948,79.49,5.84,5.575,65.99,2017,7,3,85.55,82.35,78.45
7/20/2017,86.7,49.52,3.033,94.31,964,79.57,5.75,5.595,65.49,2017,7,3,85.85,83.35,79.3
7/21/2017,86.45,48.31,2.961,93.86,977,79.11,5.6,5.595,65.19,2017,7,3,86.7,83.2,79.45
7/24/2017,86.35,48.82,2.882,93.98,977,79.22,5.64,5.615,65.39,2017,7,3,86.45,83.8,79.45
7/25/2017,86.8,50.36,2.931,94.05,980,79.36,5.67,5.615,65.59,2017,7,3,86.35,83.95,80.85
7/26/2017,87.25,51.1,2.914,93.67,968,80.01,5.76,5.65,65.54,2017,7,3,86.8,84.3,80.5
7/27/2017,87.3,51.52,2.967,93.86,942,79.63,5.65,5.71,65.74,2017,7,3,87.25,85.55,80.8
7/28/2017,87.2,52.22,2.981,93.26,933,79.86,5.69,5.74,65.87,2017,7,3,87.3,85.85,80.85
7/31/2017,93.2,52.72,2.834,92.86,946,80.02,5.73,5.8,66.22,2017,7,3,87.2,86.7,81.2
8/1/2017,94.7,51.94,2.855,93.04,965,79.67,5.8,5.775,71.57,2017,8,3,93.2,86.45,80.75
8/2/2017,95.05,52.44,2.851,92.84,993,79.62,5.93,5.775,72.06,2017,8,3,94.7,86.35,80.7
8/3/2017,94.55,52.02,2.844,92.84,1023,79.48,5.94,5.78,72.37,2017,8,3,95.05,86.8,80.6
8/4/2017,95.35,52.46,2.817,93.54,1032,79.22,5.86,5.81,73.48,2017,8,3,94.55,87.25,80.65
8/7/2017,95,52.42,2.84,93.43,1036,79.11,5.77,5.815,74.65,2017,8,3,95.35,87.3,80.55
8/8/2017,94.05,52.19,2.86,93.65,1038,79.12,5.77,5.845,75.37,2017,8,3,95,87.2,80.6
8/9/2017,95.2,52.65,2.92,93.55,1050,78.86,5.92,5.845,74.8,2017,8,3,94.05,93.2,80.65
8/10/2017,95.85,51.78,3.017,93.4,1092,78.74,5.96,5.85,74.88,2017,8,3,95.2,94.7,80.95
8/11/2017,95.8,51.94,3.009,93.07,1138,78.89,5.99,5.85,73.76,2017,8,3,95.85,95.05,81
8/14/2017,95.45,50.63,2.989,93.41,1155,78.49,6.12,5.855,73.45,2017,8,3,95.8,94.55,79.45
8/15/2017,94.95,50.63,2.965,93.85,1169,78.18,6.13,5.87,73.35,2017,8,3,95.45,95.35,81.15
8/16/2017,97.45,50.1,2.925,93.54,1207,79.22,6.39,6.275,73.36,2017,8,3,94.95,95,83.05
8/17/2017,98.05,50.75,2.966,93.62,1247,78.84,6.41,6.25,74.14,2017,8,3,97.45,94.05,83.2
8/18/2017,98.3,52.41,2.93,93.43,1260,79.27,6.41,6.25,74.4,2017,8,3,98.05,95.2,82.55
8/21/2017,98.35,51.28,2.992,93.09,1266,79.35,6.34,6.165,74.39,2017,8,3,98.3,95.85,82.35
8/22/2017,98.4,51.58,2.968,93.55,1249,79.07,6.37,6.145,74.89,2017,8,3,98.35,95.8,83.35
8/23/2017,98.35,52.24,2.96,93.15,1222,79.02,6.54,6.145,74.82,2017,8,3,98.4,95.45,83.2
8/24/2017,98.4,51.66,2.982,93.28,1200,79,6.55,6.11,74.99,2017,8,3,98.35,94.95,83.8
8/25/2017,98.6,51.98,2.924,92.74,1209,79.33,6.69,6.11,74.97,2017,8,3,98.4,97.45,83.95
8/28/2017,97.75,51.42,2.961,92.21,1209,79.62,6.7,6.11,75.03,2017,8,3,98.6,98.05,84.3
8/29/2017,97.05,51.66,2.983,92.25,1203,79.47,6.64,6.125,75.05,2017,8,3,97.75,98.3,85.55
8/30/2017,97.4,50.73,3.014,92.88,1181,79.04,6.62,6.175,75.08,2017,8,3,97.05,98.35,85.85
8/31/2017,95.3,52.86,3.102,92.67,1184,79.46,6.54,6.13,75.11,2017,8,3,97.4,98.4,86.7
9/1/2017,95.8,52.79,3.136,92.81,1183,79.67,6.43,6.13,77.77,2017,9,3,95.3,98.35,86.45
9/4/2017,96.9,52.37,3.021,92.64,1187,79.42,6.51,6.13,77.77,2017,9,3,95.8,98.4,86.35
9/5/2017,97.8,53.36,3.044,92.25,1215,79.95,7,6.175,77.68,2017,9,3,96.9,98.6,86.8
9/6/2017,97.9,54.07,3.069,92.29,1250,79.99,7.19,6.175,76.27,2017,9,3,97.8,97.75,87.25
9/7/2017,97.65,54.33,3.053,91.66,1296,80.46,7.4,6.21,75.36,2017,9,3,97.9,97.05,87.3
9/8/2017,98.45,53.58,2.965,91.35,1332,80.58,7.56,6.235,74.71,2017,9,3,97.65,97.4,87.2
9/11/2017,99.55,53.69,3.019,91.9,1355,80.28,7.37,6.27,74.78,2017,9,3,98.45,95.3,93.2
9/12/2017,99.75,54.03,3.067,91.88,1344,80.18,7.36,6.27,75.22,2017,9,3,99.55,95.8,94.7
9/13/2017,100.3,54.89,3.118,92.52,1337,79.84,7.6,6.28,74.94,2017,9,3,99.75,96.9,95.05
9/14/2017,100,55.22,3.127,92.12,1361,80.05,7.6,6.305,73.7,2017,9,3,100.3,97.8,94.55
9/15/2017,99.2,55.42,3.085,91.87,1385,80.01,7.44,6.315,73.5,2017,9,3,100,97.9,95.35
9/18/2017,98.25,55.25,3.195,92.05,1398,79.6,7.22,7.65,73.84,2017,9,3,99.2,97.65,95
9/19/2017,98.2,54.9,3.175,91.79,1415,80.09,7.52,7.65,71.8,2017,9,3,98.25,98.45,94.05
9/20/2017,97.95,55.93,3.149,92.51,1449,80.31,7.4,7.695,71.96,2017,9,3,98.2,99.55,95.2
9/21/2017,97.3,56.09,3.007,92.19,1470,79.31,7.05,7.695,72.06,2017,9,3,97.95,99.75,95.85
9/22/2017,97.2,56.42,3.021,92.17,1502,79.62,7.14,7.775,71.55,2017,9,3,97.3,100.3,95.8
9/25/2017,96.95,58.43,2.988,92.65,1503,79.34,7.78,7.815,70.5,2017,9,3,97.2,100,95.45
9/26/2017,97,57.92,3,92.97,1476,78.86,7.51,8.025,70.94,2017,9,3,96.95,99.2,94.95
9/27/2017,97.25,57.57,3.061,93.36,1429,78.48,7.46,8.025,70.56,2017,9,3,97,98.25,97.45
9/28/2017,97.1,57.16,3.184,93.08,1391,78.56,7.48,8.055,70,2017,9,3,97.25,98.2,98.05
9/29/2017,97.25,56.79,3.181,93.08,1356,78.33,7.59,8.165,69.77,2017,9,3,97.1,97.95,98.3
10/2/2017,95.9,55.89,3.106,93.56,1328,78.25,7.46,8.17,62.43,2017,10,4,97.25,97.3,98.35
10/3/2017,97,55.78,3.085,93.57,1308,78.34,7.52,8.215,62.86,2017,10,4,95.9,97.2,98.4
10/4/2017,99,55.6,3.122,93.46,1320,78.63,7.44,8.215,62.95,2017,10,4,97,96.95,98.35
10/5/2017,98.65,56.71,3.103,93.96,1382,77.94,7.42,8.23,62.84,2017,10,4,99,97,98.4
10/6/2017,97.35,55.62,3.046,93.8,1405,77.69,7.52,8.245,63.27,2017,10,4,98.65,97.25,98.6
10/9/2017,96.65,55.79,3.018,93.67,1411,77.52,7.48,8.27,61.26,2017,10,4,97.35,97.1,97.75
10/10/2017,95.35,56.61,3.071,93.29,1418,77.76,7.87,8.27,60.18,2017,10,4,96.65,97.25,97.05
10/11/2017,96.05,56.94,3.066,93.02,1433,77.87,7.85,8.27,59.26,2017,10,4,95.35,95.9,97.4
10/12/2017,95.15,56.25,3.144,93.06,1458,78.19,7.87,8.27,59.83,2017,10,4,96.05,97,95.3
10/13/2017,95.75,57.17,3.16,93.09,1485,78.88,7.78,8.27,60.63,2017,10,4,95.15,99,95.8
10/16/2017,96.15,57.82,3.108,93.31,1523,78.5,7.78,8.95,61.16,2017,10,4,95.75,98.65,96.9
10/17/2017,96.15,57.88,3.128,93.51,1552,78.43,7.84,8.95,60.89,2017,10,4,96.15,97.35,97.8
10/18/2017,97.1,58.15,3.065,93.36,1566,78.44,8.24,8.95,61.1,2017,10,4,96.15,96.65,97.9
10/19/2017,96.75,57.23,3.086,93.16,1582,78.79,8.08,8.905,60.39,2017,10,4,97.1,95.35,97.65
10/20/2017,97.15,57.75,3.113,93.7,1578,78.18,8,8.86,60.69,2017,10,4,96.75,96.05,98.45
10/23/2017,96.55,57.37,3.156,93.94,1586,78.05,7.87,8.82,60.7,2017,10,4,97.15,95.15,99.55
10/24/2017,97.2,58.33,3.135,93.77,1588,77.75,7.91,8.82,60.73,2017,10,4,96.55,95.75,99.75
10/25/2017,97.15,58.44,3.082,93.71,1573,77.03,7.84,8.785,60.72,2017,10,4,97.2,96.15,100.3
10/26/2017,97.1,59.3,3.051,94.61,1555,76.6,7.64,8.85,60.67,2017,10,4,97.15,96.15,100
10/27/2017,97.45,60.44,2.964,94.92,1546,76.76,7.61,8.995,60.53,2017,10,4,97.1,97.1,99.2
10/30/2017,99.4,60.9,3.1,94.56,1534,76.87,7.58,8.995,60.4,2017,10,4,97.45,96.75,98.25
10/31/2017,99.9,61.37,3.026,94.55,1522,76.55,7.81,9.025,60.31,2017,10,4,99.4,97.15,98.2
11/1/2017,100,60.49,3.017,94.81,1496,76.75,7.95,9.025,58.62,2017,11,4,99.9,96.55,97.95
11/2/2017,100.2,60.62,3.051,94.69,1482,77.12,8.1,9.125,59.45,2017,11,4,100,97.2,97.3
11/3/2017,99,62.07,3.097,94.94,1476,76.5,8.32,9.125,59.56,2017,11,4,100.2,97.15,97.2
11/6/2017,98.75,64.27,3.232,94.76,1473,76.9,8.36,9.125,62.74,2017,11,4,99,97.1,96.95
11/7/2017,98.5,63.69,3.251,94.91,1477,76.44,8.22,9.125,61.59,2017,11,4,98.75,97.45,97
11/8/2017,98,63.49,3.272,94.87,1486,76.75,8.18,9.13,62.59,2017,11,4,98.5,99.4,97.25
11/9/2017,97.7,63.93,3.297,94.44,1481,76.78,8.01,9.13,61.41,2017,11,4,98,99.9,97.1
11/10/2017,97.65,63.52,3.306,94.39,1464,76.61,7.86,9.18,61.79,2017,11,4,97.7,100,97.25
11/13/2017,97.8,63.16,3.262,94.49,1445,76.21,7.81,9.19,61.99,2017,11,4,97.65,100.2,95.9
11/14/2017,97.6,62.21,3.203,93.83,1405,76.29,7.85,9.19,61.79,2017,11,4,97.8,99,97
11/15/2017,97.55,61.87,3.179,93.81,1374,75.87,8.15,9.185,61.22,2017,11,4,97.6,98.75,99
11/16/2017,96.75,61.36,3.153,93.93,1361,75.87,7.95,9.675,61.6,2017,11,4,97.55,98.5,98.65
11/17/2017,96.55,62.72,3.191,93.66,1371,75.65,7.93,9.675,61.49,2017,11,4,96.75,98,97.35
11/20/2017,96.25,62.22,3.14,94.08,1385,75.49,7.9,9.675,61.77,2017,11,4,96.55,97.7,96.65
11/21/2017,95.9,62.57,3.11,93.95,1396,75.78,7.85,9.695,62.05,2017,11,4,96.25,97.65,95.35
11/22/2017,96.2,63.32,3.059,93.22,1413,76.16,7.83,9.695,62.99,2017,11,4,95.9,97.8,96.05
11/23/2017,96.1,63.55,2.904,93.22,1445,76.22,8.12,9.695,62.99,2017,11,4,96.2,97.6,95.15
11/24/2017,96.55,63.86,2.916,92.78,1458,76.12,8.21,9.77,62.55,2017,11,4,96.1,97.55,95.75
11/27/2017,95.05,63.84,3.017,92.9,1477,76.01,8.15,9.805,63.09,2017,11,4,96.55,96.75,96.15
11/28/2017,96.4,63.61,3.128,93.27,1506,75.94,8.04,9.805,63.14,2017,11,4,95.05,96.55,96.15
11/29/2017,96.8,63.11,3.179,93.16,1536,75.7,8.14,9.835,63.15,2017,11,4,96.4,96.25,97.1
11/30/2017,96.8,63.57,3.032,93.05,1578,75.66,7.97,9.81,63.36,2017,11,4,96.8,95.9,96.75
12/1/2017,96.95,63.73,3.063,92.89,1626,76.09,8.13,9.815,70.43,2017,12,4,96.8,96.2,97.15
12/4/2017,97.3,62.45,2.988,93.19,1662,75.98,8,9.835,71.02,2017,12,4,96.95,96.1,96.55
12/5/2017,96.55,62.86,2.92,93.38,1666,76.04,7.87,9.84,69.88,2017,12,4,97.3,96.55,97.2
12/6/2017,97.1,61.22,2.924,93.61,1670,75.63,7.72,9.855,67.46,2017,12,4,96.55,95.05,97.15
12/7/2017,97.25,62.2,2.782,93.8,1679,75.11,7.79,9.89,67.41,2017,12,4,97.1,96.4,97.1
12/8/2017,97.55,63.4,2.792,93.9,1702,75.04,7.58,9.89,68.47,2017,12,4,97.25,96.8,97.45
12/11/2017,98.05,64.69,2.847,93.87,1727,75.24,7.64,9.9,68.61,2017,12,4,97.55,96.8,99.4
12/12/2017,98.65,63.34,2.694,94.1,1743,75.57,7.61,9.915,68.97,2017,12,4,98.05,96.95,99.9
12/13/2017,99.65,62.44,2.732,93.43,1730,76.36,7.55,9.93,69.34,2017,12,4,98.65,97.3,100
12/14/2017,99.7,63.31,2.704,93.49,1668,76.65,7.56,9.96,68.99,2017,12,4,99.65,96.55,100.2
12/15/2017,100,63.23,2.635,93.93,1619,76.44,7.65,9.965,69.09,2017,12,4,99.7,97.1,99
12/18/2017,100.15,63.41,2.755,93.69,1588,76.61,7.86,10.8,70.47,2017,12,4,100,97.25,98.75
12/19/2017,100.3,63.8,2.697,93.44,1547,76.64,7.97,10.845,70.4,2017,12,4,100.15,97.55,98.5
12/20/2017,100.25,64.56,2.636,93.31,1476,76.66,8.24,10.96,70.45,2017,12,4,100.3,98.05,98
12/21/2017,100.2,64.9,2.592,93.28,1430,77,8.45,11.045,70.71,2017,12,4,100.25,98.65,97.7
12/22/2017,100.2,65.25,2.658,93.35,1366,77.15,8.62,11.045,70.87,2017,12,4,100.2,99.65,97.65
12/26/2017,100.2,67.02,2.654,93.26,1366,77.27,8.62,11.045,71.01,2017,12,4,100.2,99.7,97.8
12/27/2017,100.2,66.44,2.732,93.03,1366,77.67,8.6,11.135,71.12,2017,12,4,100.2,100,97.6
12/28/2017,101.2,66.72,2.878,92.6,1366,77.96,8.64,11.135,71.28,2017,12,4,100.2,100.15,97.55
12/29/2017,100.8,66.87,2.906,92.12,1366,78.01,8.6,11.17,71.28,2017,12,4,101.2,100.3,96.75
1/2/2018,102.65,66.57,2.973,91.87,1230,78.29,8.22,11.155,73.9,2018,1,1,100.8,100.25,96.55
1/3/2018,103.8,67.84,2.931,92.16,1262,78.35,8.24,11.175,73.43,2018,1,1,102.65,100.2,96.25
1/4/2018,104.95,68.07,2.813,91.85,1341,78.63,8.18,11.17,74.61,2018,1,1,103.8,100.2,95.9
1/5/2018,105.3,67.62,2.745,91.95,1371,78.62,8.19,11.17,75.39,2018,1,1,104.95,100.2,96.2
1/8/2018,106.75,67.78,2.772,92.36,1385,78.4,8.07,11.17,76.99,2018,1,1,105.3,100.2,96.1
1/9/2018,107,68.82,2.852,92.53,1395,78.23,8.19,11.18,77.62,2018,1,1,106.75,101.2,96.55
1/10/2018,106.55,69.2,2.822,92.33,1366,78.42,8.28,11.185,77.4,2018,1,1,107,100.8,95.05
1/11/2018,106.1,69.26,2.925,91.85,1303,78.9,8.21,11.215,77.72,2018,1,1,106.55,102.65,96.4
1/12/2018,105.85,69.87,2.993,90.97,1279,79.12,8.26,11.23,77.37,2018,1,1,106.1,103.8,96.8
1/15/2018,106.4,70.26,3.133,90.97,1264,79.63,8.2,11.23,77.37,2018,1,1,105.85,104.95,96.8
1/16/2018,106.45,69.15,2.962,90.39,1221,79.6,8.45,10.45,76.51,2018,1,1,106.4,105.3,96.95
1/17/2018,106.55,69.38,3.024,90.54,1164,79.69,8.58,10.5,76.27,2018,1,1,106.45,106.75,97.3
1/18/2018,106.75,69.31,2.988,90.5,1139,79.98,8.89,10.545,76.18,2018,1,1,106.55,107,96.55
1/19/2018,106.75,68.61,2.941,90.57,1125,79.9,9.25,10.545,76.68,2018,1,1,106.75,106.55,97.1
1/22/2018,106.5,69.03,2.931,90.4,1129,80.17,9.31,10.525,76.6,2018,1,1,106.75,106.1,97.25
1/23/2018,106.5,69.96,3.039,90.12,1157,79.96,9.57,9.995,75.96,2018,1,1,106.5,105.85,97.55
1/24/2018,106.95,70.53,3.08,89.21,1200,80.61,10.02,9.89,76.21,2018,1,1,106.5,106.4,98.05
1/25/2018,106.5,70.42,3.099,89.39,1217,80.28,9.82,9.94,76.21,2018,1,1,106.95,106.45,98.65
1/26/2018,106.5,70.52,3.175,89.07,1219,81.09,9.67,10.04,76.21,2018,1,1,106.5,106.55,99.65
1/29/2018,109,69.46,3.167,89.31,1214,80.92,9.58,10.185,76.1,2018,1,1,106.5,106.75,99.7
1/30/2018,107.15,69.02,2.965,89.16,1191,80.82,9.46,10.305,75.99,2018,1,1,109,106.75,100
1/31/2018,104.35,69.05,2.86,89.13,1152,80.54,9.85,10.345,75.86,2018,1,1,107.15,106.5,100.15
2/1/2018,104.4,69.65,2.793,88.67,1114,80.38,9.85,10.345,71.99,2018,2,1,104.35,106.5,100.3
2/2/2018,104.75,68.58,2.792,89.19,1095,79.2,9.53,10.345,72.94,2018,2,1,104.4,106.95,100.25
2/5/2018,104.55,67.62,2.726,89.55,1082,78.77,9.63,10.415,74.34,2018,2,1,104.75,106.5,100.2
2/6/2018,104,66.86,2.723,89.58,1095,79.05,9.36,10.475,74.43,2018,2,1,104.55,106.5,100.2
2/7/2018,102.75,65.51,2.692,90.25,1097,78.21,9.56,10.475,75.2,2018,2,1,104,109,100.2
2/8/2018,100.9,64.81,2.685,90.23,1106,77.79,9.69,10.475,75.69,2018,2,1,102.75,107.15,100.2
2/9/2018,101.15,62.79,2.597,90.44,1125,78.12,9.79,10.475,74.89,2018,2,1,100.9,104.35,101.2
2/12/2018,101.65,62.59,2.579,90.21,1123,78.58,10.05,10.455,75.65,2018,2,1,101.15,104.4,100.8
2/13/2018,102.65,62.72,2.623,89.7,1114,78.59,10.52,10.45,76.49,2018,2,1,101.65,104.75,102.65
2/14/2018,104.4,64.36,2.63,89.12,1095,79.23,10.22,10.45,76.67,2018,2,1,102.65,104.55,103.8
2/15/2018,104.15,64.33,2.62,88.59,1089,79.43,10.16,10.45,76.76,2018,2,1,104.4,104,104.95
2/16/2018,104.7,64.84,2.598,89.1,1084,79.1,10.13,8,76.89,2018,2,1,104.15,102.75,105.3
2/19/2018,105.3,65.67,2.606,89.1,1087,79.11,10.5,8,76.89,2018,2,1,104.7,100.9,106.75
2/20/2018,105.25,65.25,2.649,89.72,1117,78.81,10.34,8.235,76.97,2018,2,1,105.3,101.15,107
2/21/2018,105.55,65.42,2.681,90,1146,78.03,10.18,8.3,77.18,2018,2,1,105.25,101.65,106.55
2/22/2018,105.65,66.39,2.676,89.74,1167,78.45,10.34,8.295,77.06,2018,2,1,105.55,102.65,106.1
2/23/2018,105.1,67.31,2.657,89.88,1185,78.42,10.43,8.295,77.11,2018,2,1,105.65,104.4,105.85
2/26/2018,104.6,67.5,2.686,89.85,1191,78.54,10.25,8.27,77.44,2018,2,1,105.1,104.15,106.4
2/27/2018,104.3,66.63,2.712,90.36,1188,77.89,10.77,8.425,77.37,2018,2,1,104.6,104.7,106.45
2/28/2018,104.25,65.78,2.696,90.61,1192,77.61,10.73,8.35,77.46,2018,2,1,104.3,105.3,106.55
3/1/2018,102.9,63.83,2.729,90.32,1196,77.54,10.62,8.35,78.42,2018,3,1,104.25,105.25,106.75
3/2/2018,102.9,64.37,2.727,89.94,1207,77.62,10.77,8.37,76.36,2018,3,1,102.9,105.55,106.75
3/5/2018,102,65.54,2.738,90.08,1210,77.64,10.99,8.505,75.36,2018,3,1,102.9,105.65,106.5
3/6/2018,101.5,65.79,2.778,89.62,1212,78.27,11.1,8.495,75.54,2018,3,1,102,105.1,106.5
3/7/2018,99.75,64.34,2.806,89.64,1191,78.23,11.27,8.45,74.51,2018,3,1,101.5,104.6,106.95
3/8/2018,99.95,63.61,2.787,90.18,1197,77.89,11.75,8.46,73.01,2018,3,1,99.75,104.3,106.5
3/9/2018,99.4,65.49,2.759,90.09,1201,78.49,11.79,8.46,72.01,2018,3,1,99.95,104.25,106.5
3/12/2018,98,64.95,2.8,89.89,1192,78.72,11.76,8.46,71.41,2018,3,1,99.4,102.9,109
3/13/2018,98,64.64,2.809,89.66,1179,78.57,12.11,8.425,72.33,2018,3,1,98,102.9,107.15
3/14/2018,97.7,64.89,2.759,89.7,1169,78.77,11.79,8.405,72.76,2018,3,1,98,102,104.35
3/15/2018,97.85,65.12,2.712,90.14,1150,77.98,11.74,8.395,73.01,2018,3,1,97.7,101.5,104.4
3/16/2018,97.15,66.21,2.716,90.23,1143,77.15,11.73,7.48,72.66,2018,3,1,97.85,99.75,104.75
3/19/2018,96.75,66.05,2.678,89.77,1136,77.17,11.62,7.505,71.84,2018,3,1,97.15,99.95,104.55
3/20/2018,97.35,67.42,2.704,90.37,1122,76.82,12.11,7.43,71.63,2018,3,1,96.75,99.4,104
3/21/2018,97.15,69.47,2.667,89.78,1117,77.65,13.27,7.3,71.55,2018,3,1,97.35,98,102.75
3/22/2018,96.7,68.91,2.656,89.86,1117,76.91,12.96,7.235,70.96,2018,3,1,97.15,98,100.9
3/23/2018,96.75,70.45,2.633,89.48,1122,76.96,13.23,7.155,70.26,2018,3,1,96.7,97.7,101.15
3/26/2018,96.6,70.12,2.657,89.03,1126,77.46,13.61,7.155,70.51,2018,3,1,96.75,97.85,101.65
3/27/2018,96.9,70.11,2.714,89.33,1117,76.77,14.38,7.225,70.35,2018,3,1,96.6,97.15,102.65
3/28/2018,96.65,69.53,2.751,90.06,1080,76.59,13.75,7.22,69.86,2018,3,1,96.9,96.75,104.4
3/29/2018,96.4,70.27,2.778,90.15,1055,76.77,14.04,7.21,69.7,2018,3,1,96.65,97.35,104.15
4/2/2018,92.25,67.64,2.732,90.05,1055,76.62,14.04,7.185,66.22,2018,4,2,96.4,97.15,104.7
4/3/2018,92,68.12,2.745,90.2,1016,76.83,14.06,7.145,64.35,2018,4,2,92.25,96.7,105.3
4/4/2018,93.55,68.02,2.766,90.14,977,77.16,13.83,7.145,62.94,2018,4,2,92,96.75,105.25
4/5/2018,94.15,68.33,2.729,90.46,953,76.84,13.41,7.155,62.67,2018,4,2,93.55,96.6,105.55
4/6/2018,93.9,67.11,2.747,90.11,948,76.75,13.76,7.2,63.34,2018,4,2,94.15,96.9,105.65
4/9/2018,94.2,68.65,2.731,89.84,952,76.97,14.11,7.155,63.92,2018,4,2,93.9,96.65,105.1
4/10/2018,93.5,71.04,2.694,89.59,974,77.59,14.16,7.175,65.29,2018,4,2,94.2,96.4,104.6
4/11/2018,93.65,72.06,2.709,89.57,979,77.54,14.24,7.175,64.28,2018,4,2,93.5,92.25,104.3
4/12/2018,93.65,72.02,2.717,89.75,993,77.54,14.44,7.175,64.19,2018,4,2,93.65,92,104.25
4/13/2018,93.4,72.58,2.764,89.8,1014,77.66,14.84,7.18,64.62,2018,4,2,93.65,93.55,102.9
4/16/2018,93,71.42,2.784,89.42,1025,77.78,14.92,7.6,64.11,2018,4,2,93.4,94.15,102.9
4/17/2018,92.05,71.58,2.77,89.52,1052,77.64,14.68,7.625,64.27,2018,4,2,93,93.9,102
4/18/2018,92.65,73.48,2.768,89.62,1124,77.82,14.84,7.685,64.69,2018,4,2,92.05,94.2,101.5
4/19/2018,93.75,73.78,2.695,89.94,1201,77.28,14.42,7.75,65.49,2018,4,2,92.65,93.5,99.75
4/20/2018,93.45,74.06,2.767,90.32,1281,76.72,14.02,7.725,65.05,2018,4,2,93.75,93.65,99.95
4/23/2018,93.35,74.71,2.775,90.95,1306,76.04,13.87,7.72,65.19,2018,4,2,93.45,93.65,99.4
4/24/2018,93.25,73.86,2.813,90.77,1330,76.03,14.22,8,65.25,2018,4,2,93.35,93.4,98
4/25/2018,93.45,74,2.807,91.17,1376,75.63,14.26,7.9,65.22,2018,4,2,93.25,93,98
4/26/2018,93.5,74.74,2.839,91.56,1375,75.55,14.51,7.9,65.29,2018,4,2,93.45,92.05,97.7
4/27/2018,93.65,74.64,2.811,91.54,1361,75.81,14.58,7.955,65.27,2018,4,2,93.5,92.65,97.85
4/30/2018,99.4,75.17,2.8,91.84,1341,75.31,14.6,7.98,65.27,2018,4,2,93.65,93.75,97.15
5/1/2018,102.05,73.13,2.837,92.45,1327,74.89,14.41,7.98,65.49,2018,5,2,99.4,93.45,96.75
5/2/2018,101,73.36,2.791,92.51,1346,74.94,14.08,7.98,67.44,2018,5,2,102.05,93.35,97.35
5/3/2018,100.1,73.62,2.759,92.41,1376,75.29,13.98,7.94,66.72,2018,5,2,101,93.25,97.15
5/4/2018,100.55,74.87,2.741,92.57,1384,75.4,14.04,7.94,66.98,2018,5,2,100.1,93.45,96.7
5/7/2018,100.55,76.17,2.767,92.75,1384,75.16,14.65,7.94,66.69,2018,5,2,100.55,93.5,96.75
5/8/2018,101,74.85,2.76,93.12,1432,74.5,14.63,7.94,66.99,2018,5,2,100.55,93.65,96.6
5/9/2018,100.7,77.21,2.76,93.04,1465,74.62,15.05,7.95,66.2,2018,5,2,101,99.4,96.9
5/10/2018,101.5,77.47,2.828,92.65,1453,75.32,15.66,7.95,66.49,2018,5,2,100.7,102.05,96.65
5/11/2018,101.75,77.12,2.825,92.54,1472,75.42,15.68,7.97,67.49,2018,5,2,101.5,101,96.4
5/14/2018,102.5,78.23,2.859,92.59,1476,75.25,15.7,7.97,67.59,2018,5,2,101.75,100.1,92.25
5/15/2018,104.25,78.43,2.854,93.22,1468,74.71,15.38,7.97,67.58,2018,5,2,102.5,100.55,92
5/16/2018,104.6,79.28,2.837,93.39,1403,75.14,16.25,8.6,67.3,2018,5,2,104.25,100.55,93.55
5/17/2018,104.15,79.3,2.886,93.47,1305,75.09,16.39,8.875,67.26,2018,5,2,104.6,101,94.15
5/18/2018,104.35,78.51,2.879,93.64,1273,75.11,16.38,9.105,67.03,2018,5,2,104.15,100.7,93.9
5/21/2018,104.6,79.22,2.85,93.68,1239,75.81,16.68,9.255,66.85,2018,5,2,104.35,101.5,94.2
5/22/2018,105.2,79.57,2.936,93.61,1199,75.75,17.08,9.495,66.51,2018,5,2,104.6,101.75,93.5
5/23/2018,104.75,79.8,2.955,94,1162,75.59,17.15,9.325,66.35,2018,5,2,105.2,102.5,93.65
5/24/2018,104.7,78.79,2.971,93.76,1109,75.74,17.45,9.3,66.36,2018,5,2,104.75,104.25,93.65
5/25/2018,105.45,76.44,2.963,94.19,1077,75.48,17.17,9.29,66.26,2018,5,2,104.7,104.6,93.4
5/28/2018,107.35,75.3,2.975,94.19,1077,75.44,17.47,9.29,66.26,2018,5,2,105.45,104.15,93
5/29/2018,106.85,75.39,2.903,94.83,1057,75.04,17.47,9.325,66.27,2018,5,2,107.35,104.35,92.05
5/30/2018,108.65,77.5,2.905,94.15,1042,75.75,17.02,9.325,66.02,2018,5,2,106.85,104.6,92.65
5/31/2018,110.15,77.59,2.965,93.98,1090,75.67,16.16,9.325,65.95,2018,5,2,108.65,105.2,93.75
6/1/2018,111.05,76.79,2.976,94.19,1156,75.66,16.55,9.37,64.53,2018,6,2,110.15,104.75,93.45
6/4/2018,113.3,75.29,2.943,94.02,1193,76.43,17.42,9.415,64.56,2018,6,2,111.05,104.7,93.35
6/5/2018,113,75.38,2.907,93.9,1249,76.15,17.11,9.46,64.78,2018,6,2,113.3,105.45,93.25
6/6/2018,112.8,75.36,2.909,93.66,1340,76.66,17.31,9.445,65.17,2018,6,2,113,107.35,93.45
6/7/2018,114.1,77.32,2.939,93.4,1395,76.25,17.37,9.5,65.17,2018,6,2,112.8,106.85,93.5
6/8/2018,113.85,76.46,2.894,93.55,1391,75.99,17.2,9.51,64.74,2018,6,2,114.1,108.65,93.65
6/11/2018,114.35,76.46,2.941,93.58,1387,76.09,16.96,9.53,65.18,2018,6,2,113.85,110.15,99.4
6/12/2018,115.55,75.88,2.929,93.8,1390,75.71,16.61,9.54,65.4,2018,6,2,114.35,111.05,102.05
6/13/2018,116,76.74,2.948,93.71,1404,75.76,16.77,9.57,65.34,2018,6,2,115.55,113.3,101
6/14/2018,115.5,75.94,2.958,94.77,1433,74.78,16.34,9.615,65.56,2018,6,2,116,113,100.1
6/15/2018,115,73.44,3.015,94.79,1445,74.4,15.98,9.615,65.39,2018,6,2,115.5,112.8,100.55
6/18/2018,115.9,75.34,2.951,94.8,1442,74.21,16.05,11.15,65.3,2018,6,2,115,114.1,100.55
6/19/2018,115.35,75.08,2.904,95.08,1419,73.81,15.69,10.955,65.01,2018,6,2,115.9,113.85,101
6/20/2018,114.45,74.74,2.965,95.06,1373,73.67,15.98,10.95,65.01,2018,6,2,115.35,114.35,100.7
6/21/2018,114,73.05,2.972,94.74,1347,73.79,16.31,10.91,64.93,2018,6,2,114.45,115.55,101.5
6/22/2018,114.05,75.55,2.945,94.52,1341,74.39,16.61,10.655,64.89,2018,6,2,114,116,101.75
6/25/2018,114.5,74.73,2.921,94.28,1333,74.13,16.54,10.205,64.88,2018,6,2,114.05,115.5,102.5
6/26/2018,114.75,76.31,2.931,94.66,1323,73.93,16.55,10.175,64.91,2018,6,2,114.5,115,104.25
6/27/2018,114.4,77.62,2.981,95.27,1309,73.4,16.78,10.5,64.85,2018,6,2,114.75,115.9,104.6
6/28/2018,114.4,77.85,2.919,95.39,1329,73.52,16.52,10.5,64.81,2018,6,2,114.4,115.35,104.15
6/29/2018,114.4,79.44,2.901,94.64,1385,74.02,16.51,10.605,64.8,2018,6,2,114.4,114.45,104.35
7/2/2018,115,77.3,2.844,95.03,1422,73.39,16.62,10.575,64.13,2018,7,3,114.4,114,104.6
7/3/2018,115.35,77.76,2.846,94.67,1476,73.85,16.65,10.51,64.09,2018,7,3,115,114.05,105.2
7/4/2018,116.5,78.24,2.841,94.67,1567,73.8,17.07,10.51,64.09,2018,7,3,115.35,114.5,104.75
7/5/2018,116.6,77.39,2.812,94.47,1612,73.86,17.25,10.53,63.06,2018,7,3,116.5,114.75,104.7
7/6/2018,116.1,77.11,2.826,94.04,1622,74.31,17.28,10.53,62.99,2018,7,3,116.6,114.4,105.45
7/9/2018,116.1,78.07,2.796,94.08,1609,74.66,17.58,10.53,63.13,2018,7,3,116.1,114.4,107.35
7/10/2018,117.45,78.86,2.758,94.15,1555,74.58,17.67,10.51,63.19,2018,7,3,116.1,114.4,106.85
7/11/2018,117.9,73.4,2.797,94.72,1586,73.65,17.95,10.48,63.18,2018,7,3,117.45,115,108.65
7/12/2018,118.05,74.45,2.766,94.81,1632,74.06,17.72,10.47,63.21,2018,7,3,117.9,115.35,110.15
7/13/2018,117.7,75.33,2.724,94.75,1666,74.23,17.69,10.455,63.24,2018,7,3,118.05,116.5,111.05
7/16/2018,118.25,71.84,2.73,94.51,1695,74.18,17.59,9.405,63.33,2018,7,3,117.7,116.6,113.3
7/17/2018,118.7,72.16,2.707,94.94,1721,73.86,17.74,9.45,63.1,2018,7,3,118.25,116.1,113
7/18/2018,119.6,72.9,2.689,95.08,1688,73.97,18.11,9.545,63.3,2018,7,3,118.7,116.1,112.8
7/19/2018,119.3,72.58,2.736,95.15,1657,73.58,18.56,9.405,63.58,2018,7,3,119.6,117.45,114.1
7/20/2018,117.7,73.07,2.728,94.45,1689,74.21,18.77,9.575,63.61,2018,7,3,119.3,117.9,113.85
7/23/2018,118.65,73.06,2.695,94.67,1718,73.79,19.09,9.67,63.73,2018,7,3,117.7,118.05,114.35
7/24/2018,119.3,73.44,2.719,94.61,1774,74.2,19.01,9.69,63.83,2018,7,3,118.65,117.7,115.55
7/25/2018,119.9,73.93,2.755,94.36,1772,74.53,19.28,9.7,63.87,2018,7,3,119.3,118.25,116
7/26/2018,119.9,74.54,2.762,94.75,1708,73.76,19.23,9.665,63.93,2018,7,3,119.9,118.7,115.5
7/27/2018,119.9,74.29,2.782,94.67,1676,74,19.09,9.665,64.08,2018,7,3,119.9,119.6,115
7/30/2018,115.55,74.97,2.817,94.32,1703,74.04,18.99,9.8,64.2,2018,7,3,119.9,119.3,115.9
7/31/2018,117.55,74.25,2.798,94.49,1747,74.26,19.34,9.795,64.35,2018,7,3,115.55,117.7,115.35
8/1/2018,117.8,72.39,2.77,94.62,1760,74.03,19.69,9.76,66.66,2018,8,3,117.55,118.65,114.45
8/2/2018,117.35,73.45,2.822,95.16,1756,73.58,19.53,9.8,66.86,2018,8,3,117.8,119.3,114
8/3/2018,117.45,73.21,2.862,95.14,1773,73.99,19.53,9.81,68.24,2018,8,3,117.35,119.9,114.05
8/6/2018,116.8,73.75,2.866,95.36,1773,73.86,19.42,9.81,69.08,2018,8,3,117.45,119.9,114.5
8/7/2018,116,74.65,2.9,95.22,1732,74.2,19.36,9.815,69.35,2018,8,3,116.8,119.9,114.75
8/8/2018,115.9,72.28,2.955,95.05,1704,74.31,19.22,9.825,68.81,2018,8,3,116,115.55,114.4
8/9/2018,116.3,72.07,2.959,95.5,1694,73.7,19.42,9.825,68.94,2018,8,3,115.9,117.55,114.4
8/10/2018,116.65,72.81,2.949,96.36,1691,73.01,19.73,9.83,68.58,2018,8,3,116.3,117.8,114.4
8/13/2018,117.5,72.61,2.936,96.39,1709,72.68,19.9,9.86,68.55,2018,8,3,116.65,117.35,115
8/14/2018,118.4,72.46,2.966,96.73,1725,72.44,20,9.865,67.96,2018,8,3,117.5,117.45,115.35
8/15/2018,118.15,70.76,2.948,96.7,1727,72.37,19.95,9.87,67.72,2018,8,3,118.4,116.8,116.5
8/16/2018,118.1,71.43,2.913,96.64,1720,72.59,19.86,11.055,67.59,2018,8,3,118.15,116,116.6
8/17/2018,118,71.83,2.949,96.1,1723,73.1,20.04,11.275,67.99,2018,8,3,118.1,115.9,116.1
8/20/2018,117.65,72.21,2.932,95.9,1727,73.39,20.44,11.4,67.95,2018,8,3,118,116.3,116.1
8/21/2018,117.55,72.63,2.964,95.26,1736,73.69,21.31,11.375,67.65,2018,8,3,117.65,116.65,117.45
8/22/2018,117.5,74.78,2.944,95.15,1735,73.46,21.82,11.4,67.69,2018,8,3,117.55,117.5,117.9
8/23/2018,117.15,74.73,2.953,95.67,1709,72.43,22.47,11.505,67.54,2018,8,3,117.5,118.4,118.05
8/24/2018,117.9,75.82,2.913,95.15,1697,73.24,22.83,11.585,67.48,2018,8,3,117.15,118.15,117.7
8/27/2018,118.9,76.21,2.869,94.78,1697,73.5,23.45,11.58,67.42,2018,8,3,117.9,118.1,118.25
8/28/2018,117.5,75.95,2.845,94.72,1684,73.37,22.86,11.575,67.35,2018,8,3,118.9,118,118.7
8/29/2018,117.65,77.14,2.863,94.6,1661,73.08,23.19,11.675,67.28,2018,8,3,117.5,117.65,119.6
8/30/2018,117.5,77.77,2.901,94.72,1614,72.63,23.29,11.66,67.21,2018,8,3,117.65,117.55,119.3
8/31/2018,118,77.42,2.939,95.14,1579,71.9,23.2,11.615,67.16,2018,8,3,117.5,117.5,117.7
9/3/2018,116.25,78.15,2.865,95.14,1557,72.11,22.28,11.615,67.16,2018,9,3,118,117.15,118.65
9/4/2018,115.35,78.17,2.842,95.44,1513,71.77,22.25,11.605,66.64,2018,9,3,116.25,117.9,119.3
9/5/2018,114.8,77.27,2.813,95.18,1477,71.89,22.44,11.53,67.22,2018,9,3,115.35,118.9,119.9
9/6/2018,114.8,76.5,2.791,95.02,1484,72.01,23.57,11.52,68.13,2018,9,3,114.8,117.5,119.9
9/7/2018,114.55,76.83,2.79,95.36,1490,71.06,25.33,11.52,68.07,2018,9,3,114.8,117.65,119.9
9/10/2018,115.3,77.37,2.808,95.15,1482,71.14,27.42,11.51,68.17,2018,9,3,114.55,117.5,115.55
9/11/2018,115.65,79.06,2.827,95.25,1439,71.22,26.66,11.5,67.78,2018,9,3,115.3,118,117.55
9/12/2018,115.05,79.74,2.82,94.8,1411,71.68,25.37,11.475,67.98,2018,9,3,115.65,116.25,117.8
9/13/2018,115.3,78.18,2.8,94.52,1382,71.92,21.29,11.465,68.31,2018,9,3,115.05,115.35,117.35
9/14/2018,115.4,78.09,2.751,94.93,1366,71.5,22.42,11.455,68.43,2018,9,3,115.3,114.8,117.45
9/17/2018,114.6,78.05,2.779,94.5,1357,71.8,23.46,11.805,68.57,2018,9,3,115.4,114.8,116.8
9/18/2018,114.15,79.03,2.896,94.64,1356,72.18,22.83,11.55,68.59,2018,9,3,114.6,114.55,116
9/19/2018,114.5,79.4,2.882,94.54,1373,72.63,24.09,11.6,68.67,2018,9,3,114.15,115.3,115.9
9/20/2018,113.15,78.7,2.964,93.91,1396,72.89,24.72,11.605,68.67,2018,9,3,114.5,115.65,116.3
9/21/2018,113.45,78.8,2.974,94.22,1413,72.89,24.88,11.595,68.69,2018,9,3,113.15,115.05,116.65
9/24/2018,113.75,81.2,3.029,94.19,1434,72.52,25.29,11.595,68.68,2018,9,3,113.45,115.3,117.5
9/25/2018,113.7,81.87,3.058,94.13,1450,72.5,24.27,11.545,68.62,2018,9,3,113.75,115.4,118.4
9/26/2018,113.7,81.34,2.98,94.19,1503,72.56,23.42,11.55,68.66,2018,9,3,113.7,114.6,118.15
9/27/2018,113.7,81.72,3.135,94.89,1524,72.06,24,11.475,68.69,2018,9,3,113.7,114.15,118.1
9/28/2018,113.85,82.72,3.091,95.13,1540,72.28,24.63,11.365,68.73,2018,9,3,113.7,114.5,118
10/1/2018,114.6,84.98,3.172,95.3,1555,72.23,24.96,11.335,68.4,2018,10,4,113.85,113.15,117.65
10/2/2018,114.05,84.8,3.239,95.51,1570,71.86,24.76,11.3,68.84,2018,10,4,114.6,113.45,117.55
10/3/2018,113.9,86.29,3.297,95.76,1574,71.02,24.96,11.325,69.08,2018,10,4,114.05,113.75,117.5
10/4/2018,113.75,84.58,3.221,95.75,1554,70.72,25.18,11.295,68.51,2018,10,4,113.9,113.7,117.15
10/5/2018,113.65,84.16,3.188,95.62,1536,70.51,26.1,11.265,69.24,2018,10,4,113.75,113.7,117.9
10/8/2018,112.75,83.91,3.289,95.76,1530,70.76,26.48,11.105,69.29,2018,10,4,113.65,113.7,118.9
10/9/2018,110.95,85,3.298,95.67,1503,71.02,25.33,11.205,70.09,2018,10,4,112.75,113.85,117.5
10/10/2018,109.85,83.09,3.332,95.51,1493,70.6,23.65,11.21,70.39,2018,10,4,110.95,114.6,117.65
10/11/2018,108.7,80.26,3.279,95.02,1515,71.23,23.88,11.16,70.24,2018,10,4,109.85,114.05,117.5
10/12/2018,109.2,80.43,3.226,95.22,1579,71.17,24.21,11.12,70.49,2018,10,4,108.7,113.9,118
10/15/2018,109.25,80.78,3.31,95.06,1584,71.3,22.09,11.115,70.56,2018,10,4,109.2,113.75,116.25
10/16/2018,109.1,81.41,3.301,95.05,1578,71.4,22.53,10.795,70.58,2018,10,4,109.25,113.65,115.35
10/17/2018,109.15,80.05,3.369,95.58,1554,71.08,22.27,10.65,71.4,2018,10,4,109.1,112.75,114.8
10/18/2018,109.75,79.29,3.25,95.9,1565,70.99,22.62,10.73,71.4,2018,10,4,109.15,110.95,114.8
10/19/2018,110,79.78,3.309,95.71,1576,71.2,22.64,10.92,71.4,2018,10,4,109.75,109.85,114.55
10/22/2018,110.1,79.83,3.214,96.01,1579,70.79,21.92,10.855,71.71,2018,10,4,110,108.7,115.3
10/23/2018,109.5,76.44,3.283,95.96,1577,70.84,21.8,10.575,71.79,2018,10,4,110.1,109.2,115.65
10/24/2018,109.75,76.17,3.227,96.43,1546,70.58,21.9,10.395,72.05,2018,10,4,109.5,109.25,115.05
10/25/2018,109.75,76.89,3.256,96.68,1516,70.79,21.41,10.375,72.22,2018,10,4,109.75,109.1,115.3
10/26/2018,109.65,77.62,3.225,96.36,1519,70.94,20.59,10.6,72.41,2018,10,4,109.75,109.15,115.4
10/29/2018,108,77.34,3.198,96.58,1522,70.55,18.91,10.58,72.58,2018,10,4,109.65,109.75,114.6
10/30/2018,107.5,75.91,3.244,97.01,1513,71.05,18.13,10.575,72.7,2018,10,4,108,110,114.15
10/31/2018,105.2,75.47,3.302,97.13,1490,70.73,18.49,10.475,72.81,2018,10,4,107.5,110.1,114.5
11/1/2018,102.85,72.89,3.275,96.28,1470,72.05,17.62,10.435,72.99,2018,11,4,105.2,109.5,113.15
11/2/2018,103.4,72.83,3.31,96.54,1457,71.97,19.18,10.565,72.92,2018,11,4,102.85,109.75,113.45
11/5/2018,103.9,73.17,3.575,96.28,1428,72.09,19.31,10.56,73.9,2018,11,4,103.4,109.75,113.75
11/6/2018,103.5,72.13,3.583,96.32,1395,72.46,19.69,10.56,74.18,2018,11,4,103.9,109.65,113.7
11/7/2018,105.45,72.07,3.569,96,1304,72.74,20.77,10.505,74.18,2018,11,4,103.5,108,113.7
11/8/2018,105.35,70.65,3.553,96.72,1231,72.56,21.75,10.5,75.01,2018,11,4,105.45,107.5,113.7
11/9/2018,105.9,70.18,3.721,96.91,1147,72.24,21.65,10.485,75.58,2018,11,4,105.35,105.2,113.85
11/12/2018,105.85,70.12,3.8,97.54,1125,71.72,22.7,10.49,75.27,2018,11,4,105.9,102.85,114.6
11/13/2018,105.5,65.47,4.147,97.3,1064,72.17,22.26,10.49,74.98,2018,11,4,105.85,103.4,114.05
11/14/2018,103.35,66.12,4.898,96.8,1009,72.34,21.78,10.485,74.81,2018,11,4,105.5,103.9,113.9
11/15/2018,104.15,66.62,4.043,96.93,1020,72.76,21.13,10.48,74.95,2018,11,4,103.35,103.5,113.75
11/16/2018,102.5,66.76,4.291,96.47,1031,73.34,21.31,10.77,75.08,2018,11,4,104.15,105.45,113.65
11/19/2018,102.95,66.79,4.712,96.19,1023,72.93,21.08,10.4,75.3,2018,11,4,102.5,105.35,112.75
11/20/2018,102.3,62.53,4.521,96.84,1003,72.13,21.62,10.2,74.88,2018,11,4,102.95,105.9,110.95
11/21/2018,102.45,63.48,4.477,96.71,1008,72.61,22.69,10.13,74.86,2018,11,4,102.3,105.85,109.85
11/22/2018,102.4,62.6,4.268,96.71,1018,72.54,23.14,10.13,74.86,2018,11,4,102.45,105.5,108.7
11/23/2018,101.75,58.8,4.355,96.92,1093,72.34,22.4,10.35,74.21,2018,11,4,102.4,103.35,109.2
11/26/2018,101.4,60.48,4.299,97.07,1217,72.2,22.02,10.165,73.58,2018,11,4,101.75,104.15,109.25
11/27/2018,101.55,60.21,4.292,97.37,1339,72.23,21.82,9.98,73.14,2018,11,4,101.4,102.5,109.1
11/28/2018,101.55,58.76,4.699,96.79,1330,73.04,21.5,9.89,72.92,2018,11,4,101.55,102.95,109.15
11/29/2018,101.55,59.51,4.482,96.78,1281,73.18,22.23,9.885,72.6,2018,11,4,101.55,102.3,109.75
11/30/2018,101.7,58.71,4.419,97.27,1231,73.15,22.7,9.805,72.28,2018,11,4,101.55,102.45,110
12/3/2018,102.45,61.69,4.157,97.04,1203,73.55,22.85,9.805,65.57,2018,12,4,101.7,102.4,110.1
12/4/2018,102.85,62.08,4.305,96.97,1237,73.37,22.99,9.75,66.83,2018,12,4,102.45,101.75,109.5
12/5/2018,102.65,61.56,4.33,97.07,1296,72.68,22.03,9.67,67.55,2018,12,4,102.85,101.4,109.75
12/6/2018,102.55,60.06,4.217,96.81,1339,72.35,22.36,9.535,66,2018,12,4,102.65,101.55,109.75
12/7/2018,102.55,61.67,4.378,96.51,1372,71.99,22.6,9.52,66.76,2018,12,4,102.55,101.55,109.65
12/10/2018,102.65,59.97,4.36,97.22,1385,71.89,23.22,9.5,66.51,2018,12,4,102.55,101.55,108
12/11/2018,102.15,60.2,4.258,97.39,1364,72.06,22.52,9.495,66.74,2018,12,4,102.65,101.7,107.5
12/12/2018,101.65,60.15,4.035,97.04,1353,72.19,23.81,9.495,66.82,2018,12,4,102.15,102.45,105.2
12/13/2018,102.15,61.45,4.027,97.06,1365,72.26,24.65,9.495,67.26,2018,12,4,101.65,102.85,102.85
12/14/2018,102.3,60.28,3.753,97.44,1401,71.76,25.76,9.5,67.89,2018,12,4,102.15,102.65,103.4
12/17/2018,101.85,59.61,3.453,97.1,1406,71.72,26.69,9.6,68.12,2018,12,4,102.3,102.55,103.9
12/18/2018,101.5,56.26,3.742,97.1,1395,71.8,26.42,9.255,68.49,2018,12,4,101.85,102.55,103.5
12/19/2018,101.6,57.24,3.653,97.03,1378,71.07,26.67,9.295,68.69,2018,12,4,101.5,102.65,105.45
12/20/2018,101.65,54.35,3.526,96.28,1318,71.09,26.53,9.125,69.12,2018,12,4,101.6,102.15,105.35
12/21/2018,101.7,53.82,3.75,96.96,1279,70.32,26.97,9.1,68.99,2018,12,4,101.65,101.65,105.9
12/24/2018,101,50.47,3.423,96.55,1271,70.57,27.25,9.1,68.79,2018,12,4,101.7,102.15,105.85
12/26/2018,101,54.47,3.458,97.05,1271,70.65,27.25,9.095,68.83,2018,12,4,101,102.3,105.5
12/27/2018,101.55,52.16,3.546,96.48,1271,70.33,27.08,9.03,69,2018,12,4,101,101.85,103.35
12/28/2018,101.9,52.2,3.148,96.4,1271,70.41,27.02,9.025,69.2,2018,12,4,101.55,101.5,104.15
12/31/2018,102.05,53.8,2.851,96.17,1271,70.49,27.06,8.995,69.2,2018,12,4,101.9,101.6,102.5
1/2/2019,101.1,54.91,2.829,96.82,1282,69.84,27.37,8.97,71.06,2019,1,1,102.05,101.65,102.95
1/3/2019,99.6,55.95,2.812,96.31,1267,70.05,25.28,8.945,72.23,2019,1,1,101.1,101.7,102.3
1/4/2019,99.5,57.06,2.905,96.18,1260,71.12,25.66,8.885,73.09,2019,1,1,99.6,101,102.45
1/7/2019,99.05,57.33,2.847,95.67,1247,71.47,24.22,8.83,74.15,2019,1,1,99.5,101,102.4
1/8/2019,97.8,58.72,2.835,95.9,1262,71.39,24.78,8.82,74.21,2019,1,1,99.05,101.55,101.75
1/9/2019,98.1,61.44,2.84,95.22,1238,71.7,23.93,8.725,74.06,2019,1,1,97.8,101.9,101.4
1/10/2019,97.85,61.68,2.813,95.54,1189,71.85,23.96,8.795,73.98,2019,1,1,98.1,102.05,101.55
1/11/2019,98.05,60.48,2.945,95.67,1169,72.15,24.52,8.79,74.22,2019,1,1,97.85,101.1,101.55
1/14/2019,97.35,58.99,3.289,95.61,1147,71.95,24.33,8.79,74.21,2019,1,1,98.05,99.6,101.55
1/15/2019,98.7,60.64,3.249,96.04,1096,72,24.4,8.785,74.31,2019,1,1,97.35,99.5,101.7
1/16/2019,99.7,61.32,3.147,96.06,1055,71.66,25.18,8.075,74.43,2019,1,1,98.7,99.05,102.45
1/17/2019,100.3,61.18,3.174,96.06,1077,71.91,25.39,8.305,74.51,2019,1,1,99.7,97.8,102.85
1/18/2019,99.75,62.7,3.239,96.34,1112,71.67,26.63,8.35,75.15,2019,1,1,100.3,98.1,102.65
1/21/2019,99.35,62.74,3.32,96.34,1092,71.58,26.25,8.35,75.15,2019,1,1,99.75,97.85,102.55
1/22/2019,99.2,61.5,2.972,96.3,1036,71.22,26.94,8.145,74.55,2019,1,1,99.35,98.05,102.55
1/23/2019,99.2,61.14,2.922,96.12,982,71.41,26.47,8.15,74.58,2019,1,1,99.2,97.35,102.65
1/24/2019,99,61.09,2.998,96.6,939,70.94,25.85,8.025,74.61,2019,1,1,99.2,98.7,102.15
1/25/2019,98.75,61.64,3.072,95.79,905,71.82,25.68,7.795,74.64,2019,1,1,99,99.7,101.65
1/28/2019,99.45,59.93,2.873,95.75,852,71.65,24.5,7.695,75.3,2019,1,1,98.75,100.3,102.15
1/29/2019,99.2,61.32,2.903,95.82,797,71.53,25.08,7.505,75.49,2019,1,1,99.45,99.75,102.3
1/30/2019,99.3,61.65,2.808,95.34,721,72.46,24.72,7.365,75.6,2019,1,1,99.2,99.35,101.85
1/31/2019,99,61.89,2.765,95.58,668,72.72,23.9,7.35,76.03,2019,1,1,99.3,99.2,101.5
2/1/2019,98.35,62.75,2.699,95.58,645,72.49,23.55,7.2,86.93,2019,2,1,99,99.2,101.6
2/4/2019,98.2,62.51,2.642,95.85,634,72.24,24.63,7.3,86.53,2019,2,1,98.35,99,101.65
2/5/2019,98.3,61.98,2.65,96.07,629,72.34,24.74,7.3,88.16,2019,2,1,98.2,98.75,101.7
2/6/2019,98.3,62.69,2.657,96.39,629,71.03,25.24,7.3,88.98,2019,2,1,98.3,99.45,101
2/7/2019,97.8,61.63,2.572,96.51,610,70.99,25.02,7.31,92.29,2019,2,1,98.3,99.2,101
2/8/2019,97.2,62.1,2.604,96.64,601,70.88,23.91,7.31,92.13,2019,2,1,97.8,99.3,101.55
2/11/2019,96.7,61.51,2.659,97.06,595,70.59,23.97,7.295,90.82,2019,2,1,97.2,99,101.9
2/12/2019,95.65,62.42,2.705,96.71,598,70.93,22.25,7.295,88.44,2019,2,1,96.7,98.35,102.05
2/13/2019,95.7,63.61,2.621,97.13,608,70.88,22.51,7.28,88.02,2019,2,1,95.65,98.2,101.1
2/14/2019,94.95,64.57,2.61,96.98,628,71.05,21.37,7.28,88.35,2019,2,1,95.7,98.3,99.6
2/15/2019,94.85,66.25,2.656,96.9,639,71.39,22.04,7.28,88.56,2019,2,1,94.95,98.3,99.5
2/18/2019,95,66.5,2.646,96.9,643,71.3,21.6,7.28,88.56,2019,2,1,94.85,97.8,99.05
2/19/2019,95.2,66.45,2.697,96.52,635,71.63,21.81,6.495,88.53,2019,2,1,95,97.2,97.8
2/20/2019,95.2,67.08,2.669,96.45,622,71.63,22.04,6.45,88.46,2019,2,1,95.2,96.7,98.1
2/21/2019,95.2,67.07,2.724,96.61,630,70.92,20.32,6.25,88.03,2019,2,1,95.2,95.65,97.85
2/22/2019,95.05,67.12,2.739,96.51,634,71.27,20.43,6.23,88.16,2019,2,1,95.2,95.7,98.05
2/25/2019,93.7,64.76,2.815,96.41,637,71.65,20.65,6.155,87.94,2019,2,1,95.05,94.95,97.35
2/26/2019,94.8,65.21,2.796,96,649,71.86,21.08,6.155,87.7,2019,2,1,93.7,94.85,98.7
2/27/2019,94.9,66.39,2.813,96.15,651,71.38,22.7,6.15,87.47,2019,2,1,94.8,95,99.7
2/28/2019,96.05,66.03,2.823,96.16,658,70.94,23.13,6.125,87.33,2019,2,1,94.9,95.2,100.3
3/1/2019,97,65.07,2.863,96.53,664,70.8,23.73,6.12,85.98,2019,3,1,96.05,95.2,99.75
3/4/2019,98.15,65.67,2.857,96.68,669,70.92,24.6,6.065,85.42,2019,3,1,97,95.2,99.35
3/5/2019,98.05,65.86,2.884,96.87,663,70.82,24.42,6.045,86.51,2019,3,1,98.15,95.05,99.2
3/6/2019,97.45,65.99,2.85,96.87,664,70.32,23.6,6.035,85.79,2019,3,1,98.05,93.7,99.2
3/7/2019,97.6,66.3,2.872,97.67,657,70.13,24.76,6,86.76,2019,3,1,97.45,94.8,99
3/8/2019,95.55,65.74,2.87,97.31,649,70.45,24.52,5.985,85.15,2019,3,1,97.6,94.9,98.75
3/11/2019,94.55,66.58,2.785,97.22,645,70.69,23.78,5.975,84.53,2019,3,1,95.55,96.05,99.45
3/12/2019,95.05,66.67,2.797,96.94,647,70.8,23.8,5.975,85.31,2019,3,1,94.55,97,99.2
3/13/2019,94.5,67.55,2.834,96.55,654,70.93,23.72,5.955,85.01,2019,3,1,95.05,98.15,99.3
3/14/2019,94.6,67.23,2.86,96.78,677,70.64,24.2,5.945,85.98,2019,3,1,94.5,98.05,99
3/15/2019,93.85,67.16,2.802,96.59,730,70.87,23.92,5.945,86.12,2019,3,1,94.6,97.45,98.35
3/18/2019,93.8,67.54,2.856,96.52,721,71.02,23.22,5.155,86.28,2019,3,1,93.85,97.6,98.2
3/19/2019,93.45,67.61,2.872,96.38,712,70.87,22.53,5,86.23,2019,3,1,93.8,95.55,98.3
3/20/2019,93.55,68.5,2.825,95.76,709,71.15,23.02,4.95,85.41,2019,3,1,93.45,94.55,98.3
3/21/2019,93.5,67.86,2.827,96.5,695,71.11,22.28,4.73,85.65,2019,3,1,93.55,95.05,97.8
3/22/2019,93.3,67.03,2.767,96.65,690,70.82,21.99,4.62,85.89,2019,3,1,93.5,94.5,97.2
3/25/2019,93.55,67.21,2.774,96.57,689,71.11,22.23,4.6,85.82,2019,3,1,93.3,94.6,96.7
3/26/2019,93.2,67.97,2.751,96.74,683,71.34,22.84,4.6,85.8,2019,3,1,93.55,93.85,95.65
3/27/2019,93.5,67.83,2.719,96.77,690,70.84,23.15,4.6,85.72,2019,3,1,93.2,93.8,95.7
3/28/2019,92.95,67.82,2.761,97.2,692,70.75,23.55,4.595,85.64,2019,3,1,93.5,93.45,94.95
3/29/2019,92.75,68.39,2.713,97.28,689,70.94,22.82,4.6,85.7,2019,3,1,92.95,93.55,94.85
4/1/2019,82.5,69.01,2.749,97.23,685,71.11,23.16,4.58,87.52,2019,4,2,92.75,93.5,95
4/2/2019,81.1,69.37,2.722,97.36,674,70.7,23.25,4.58,89.5,2019,4,2,82.5,93.3,95.2
4/3/2019,79,69.31,2.715,97.09,672,71.12,24.45,4.58,92.15,2019,4,2,81.1,93.55,95.2
4/4/2019,77.7,69.4,2.686,97.31,699,71.11,25.72,4.6,92.53,2019,4,2,79,93.2,95.2
4/5/2019,78.85,70.34,2.706,97.39,711,71.05,25.9,4.65,91.81,2019,4,2,77.7,93.5,95.05
4/8/2019,80.4,71.1,2.748,97.05,714,71.26,25.58,4.6,93.63,2019,4,2,78.85,92.95,93.7
4/9/2019,81.2,70.61,2.739,97.01,725,71.22,26.84,4.625,92.72,2019,4,2,80.4,92.75,94.8
4/10/2019,82.2,71.73,2.742,96.95,734,71.7,27.41,4.705,92.6,2019,4,2,81.2,82.5,94.9
4/11/2019,84.15,70.83,2.708,97.18,728,71.23,28.58,4.73,93.6,2019,4,2,82.2,81.1,96.05
4/12/2019,84.2,71.55,2.704,96.97,726,71.71,27.82,4.775,93.79,2019,4,2,84.15,79,97
4/15/2019,84.35,71.18,2.633,96.94,738,71.73,28.05,4.775,93.97,2019,4,2,84.2,77.7,98.15
4/16/2019,84.1,71.72,2.617,97.04,749,71.75,28.25,5.715,93.44,2019,4,2,84.35,78.85,98.05
4/17/2019,84.6,71.62,2.559,97.01,767,71.78,28.71,5.625,92.96,2019,4,2,84.1,80.4,97.45
4/18/2019,84.45,71.97,2.535,97.47,790,71.5,28.14,5.42,92.91,2019,4,2,84.6,81.2,97.6
4/22/2019,84.45,74.04,2.558,97.29,790,71.33,28.14,5.42,93.2,2019,4,2,84.45,82.2,95.55
4/23/2019,84.6,74.51,2.499,97.64,821,71.01,28.8,5.33,93.29,2019,4,2,84.45,84.15,94.55
4/24/2019,84.65,74.57,2.5,98.17,850,70.15,28.66,5.33,92.95,2019,4,2,84.6,84.2,95.05
4/25/2019,85.45,74.35,2.548,98.2,869,70.13,28.54,5.4,93.14,2019,4,2,84.65,84.35,94.5
4/26/2019,85.2,72.15,2.58,98.01,889,70.39,27.09,5.46,93.16,2019,4,2,85.45,84.1,94.6
4/29/2019,86.9,72.04,2.64,97.86,913,70.55,27.55,5.51,93.17,2019,4,2,85.2,84.6,93.85
4/30/2019,87.3,72.8,2.617,97.48,1011,70.48,27.43,5.55,93.24,2019,4,2,86.9,84.45,93.8
5/1/2019,87.2,72.18,2.658,97.69,1031,70.13,26.89,5.5,93.65,2019,5,2,87.3,84.45,93.45
5/2/2019,87.2,70.75,2.624,97.83,1032,70,25.79,5.575,93.6,2019,5,2,87.2,84.6,93.55
5/3/2019,87.6,70.85,2.6,97.52,985,70.23,26.29,5.62,93.81,2019,5,2,87.2,84.65,93.5
5/6/2019,86.95,71.24,2.56,97.52,985,69.89,26.42,5.615,93.51,2019,5,2,87.6,85.45,93.3
5/7/2019,87,69.88,2.573,97.63,936,70.11,27.47,5.56,94.75,2019,5,2,86.95,85.2,93.55
5/8/2019,87.2,70.37,2.646,97.62,940,69.88,27.99,5.545,94.19,2019,5,2,87,86.9,93.2
5/9/2019,86.25,70.39,2.631,97.37,974,69.88,27.57,5.565,94.24,2019,5,2,87.2,87.3,93.5
5/10/2019,86.15,70.62,2.655,97.33,1013,70,26.62,5.54,95.08,2019,5,2,86.25,87.2,92.95
5/13/2019,85.55,70.23,2.653,97.32,1026,69.43,26.03,5.525,94.38,2019,5,2,86.15,87.2,92.75
5/14/2019,84.8,71.24,2.689,97.53,1043,69.41,26.87,5.515,93.88,2019,5,2,85.55,87.6,82.5
5/15/2019,84.45,71.77,2.634,97.57,1032,69.27,26.96,5.51,94.82,2019,5,2,84.8,86.95,81.1
5/16/2019,84.15,72.62,2.674,97.86,1032,68.92,26.56,5.205,96.13,2019,5,2,84.45,87,79
5/17/2019,84.1,72.21,2.664,98,1040,68.68,25.96,4.93,96.34,2019,5,2,84.15,87.2,77.7
5/20/2019,83.85,71.97,2.699,97.93,1041,69.06,26.16,4.975,96.38,2019,5,2,84.1,86.25,78.85
5/21/2019,83.85,72.18,2.641,98.06,1049,68.83,26.35,4.795,96.56,2019,5,2,83.85,86.15,80.4
5/22/2019,84,70.99,2.559,98.04,1059,68.8,27.34,4.72,97.04,2019,5,2,83.85,85.55,81.2
5/23/2019,83.75,67.76,2.592,97.86,1068,68.99,27.03,4.725,97.31,2019,5,2,84,84.8,82.2
5/24/2019,83.65,68.69,2.611,97.61,1066,69.23,26.44,4.725,98.14,2019,5,2,83.75,84.45,84.15
5/27/2019,83.65,70.11,2.584,97.61,1066,69.17,26.61,4.725,98.14,2019,5,2,83.65,84.15,84.2
5/28/2019,83.3,70.11,2.584,97.95,1082,69.22,26.46,4.705,98.38,2019,5,2,83.65,84.1,84.35
5/29/2019,83.45,69.45,2.624,98.14,1107,69.17,26.51,4.72,98.59,2019,5,2,83.3,83.85,84.1
5/30/2019,83.4,66.87,2.557,98.14,1097,69.11,26.28,4.6,98.72,2019,5,2,83.45,83.85,84.6
5/31/2019,83.4,64.49,2.46,97.75,1096,69.38,25.45,4.65,98.76,2019,5,2,83.4,84,84.45
6/3/2019,73.25,61.28,2.403,97.14,1103,69.76,24.74,4.54,96.28,2019,6,2,83.4,83.75,84.45
6/4/2019,73.35,61.97,2.419,97.07,1122,69.9,25.58,4.535,98.39,2019,6,2,73.25,83.65,84.6
6/5/2019,72.85,60.63,2.38,97.32,1141,69.69,25.28,4.475,98.32,2019,6,2,73.35,83.65,84.65
6/6/2019,73,61.67,2.324,97.04,1138,69.76,25.09,4.475,97.76,2019,6,2,72.85,83.3,85.45
6/7/2019,72.8,63.29,2.331,96.54,1138,69.98,25.66,4.475,97.78,2019,6,2,73,83.45,85.2
6/10/2019,73.5,62.29,2.35,96.76,1125,69.61,26.36,4.475,99.26,2019,6,2,72.8,83.4,86.9
6/11/2019,74.15,62.29,2.393,96.69,1105,69.6,26.11,4.495,102.76,2019,6,2,73.5,83.4,87.3
6/12/2019,71.95,59.97,2.381,97,1080,69.28,25.92,4.505,102.99,2019,6,2,74.15,73.25,87.2
6/13/2019,71.85,61.31,2.322,97.01,1062,69.13,26.05,4.505,106.29,2019,6,2,71.95,73.35,87.2
6/14/2019,71.4,62.01,2.381,97.57,1085,68.72,26.15,4.505,104.33,2019,6,2,71.85,72.85,87.6
6/17/2019,71.15,60.94,2.373,97.56,1093,68.52,26.12,4.585,104.17,2019,6,2,71.4,73,86.95
6/18/2019,70.8,62.14,2.311,97.64,1135,68.76,26.22,4.555,105.79,2019,6,2,71.15,72.8,87
6/19/2019,70.6,61.82,2.263,97.12,1179,68.81,26.07,4.55,106.2,2019,6,2,70.8,73.5,87.2
6/20/2019,70.5,64.45,2.166,96.63,1194,69.22,26.2,4.615,107.21,2019,6,2,70.6,74.15,86.25
6/21/2019,71.3,65.2,2.169,96.22,1239,69.23,26.42,4.595,107.54,2019,6,2,70.5,71.95,86.15
6/24/2019,70.6,64.86,2.284,95.98,1258,69.61,27.53,4.765,108.99,2019,6,2,71.3,71.85,85.55
6/25/2019,70.95,65.05,2.286,96.14,1280,69.57,27.64,4.75,107.93,2019,6,2,70.6,71.4,84.8
6/26/2019,70.9,66.49,2.268,96.21,1317,69.83,28.65,4.8,109.19,2019,6,2,70.95,71.15,84.45
6/27/2019,71,66.55,2.298,96.19,1340,70.08,28.15,4.705,108.72,2019,6,2,70.9,70.8,84.15
6/28/2019,70.9,66.55,2.282,96.13,1354,70.2,27.5,4.75,109.18,2019,6,2,71,70.6,84.1
7/1/2019,68,65.06,2.242,96.84,1381,69.65,28.17,4.6,119.45,2019,7,3,70.9,70.5,83.85
7/2/2019,70,62.4,2.217,96.73,1446,69.94,27.98,4.6,123.19,2019,7,3,68,71.3,83.85
7/3/2019,72.75,63.82,2.263,96.77,1549,70.28,27.78,4.58,123.16,2019,7,3,70,70.6,84
7/4/2019,77,63.3,2.285,96.77,1700,70.19,27.28,4.58,123.16,2019,7,3,72.75,70.95,83.75
7/5/2019,76.2,64.23,2.389,97.29,1740,69.79,27.67,4.51,117.1,2019,7,3,77,70.9,83.65
7/8/2019,75.2,64.11,2.384,97.38,1725,69.7,28.16,4.51,119.17,2019,7,3,76.2,71,83.65
7/9/2019,74.9,64.16,2.416,97.49,1759,69.27,27.9,4.52,121.35,2019,7,3,75.2,70.9,83.3
7/10/2019,75.45,67.01,2.433,97.1,1777,69.57,29.65,4.515,120.84,2019,7,3,74.9,68,83.45
7/11/2019,75.05,66.52,2.401,97.05,1816,69.73,29.71,4.525,120.32,2019,7,3,75.45,70,83.4
7/12/2019,74.6,66.72,2.434,96.81,1865,70.17,30.26,4.545,120.25,2019,7,3,75.05,72.75,83.4
7/15/2019,74.35,66.48,2.386,96.93,1928,70.39,30.56,4.55,121.18,2019,7,3,74.6,77,73.25
7/16/2019,73.3,64.35,2.286,97.39,2011,70.12,29.98,4.93,121.19,2019,7,3,74.35,76.2,73.35
7/17/2019,74.3,63.66,2.278,97.22,2064,70.09,29.98,4.76,121.14,2019,7,3,73.3,75.2,72.85
7/18/2019,73.85,61.93,2.263,96.79,2130,70.75,29.28,4.69,120.87,2019,7,3,74.3,74.9,73
7/19/2019,74.1,62.47,2.228,97.15,2170,70.42,30.38,4.715,120.99,2019,7,3,73.85,75.45,72.8
7/22/2019,74.5,63.26,2.293,97.26,2191,70.34,30.5,4.535,120.01,2019,7,3,74.1,75.05,73.5
7/23/2019,73.85,63.83,2.275,97.7,2165,70.04,31.33,4.525,120.42,2019,7,3,74.5,74.6,74.15
7/24/2019,74.2,63.18,2.202,97.73,2014,69.76,30.7,4.45,120.25,2019,7,3,73.85,74.35,71.95
7/25/2019,74.4,63.39,2.227,97.82,1947,69.5,30.51,4.445,120.09,2019,7,3,74.2,73.3,71.85
7/26/2019,74.25,63.46,2.15,98.01,1937,69.08,29.75,4.38,120.11,2019,7,3,74.4,74.3,71.4
7/29/2019,71.6,63.71,2.116,98.04,1922,69.01,29.85,4.325,120.02,2019,7,3,74.25,73.85,71.15
7/30/2019,69.65,64.72,2.16,98.05,1899,68.71,29.29,4.28,120.09,2019,7,3,71.6,74.1,70.8
7/31/2019,69.45,65.17,2.25,98.52,1868,68.44,29.38,4.275,120.02,2019,7,3,69.65,74.5,70.6
8/1/2019,69.45,60.5,2.212,98.37,1812,67.99,30.83,4.29,112.02,2019,8,3,69.45,73.85,70.5
8/2/2019,69.15,61.89,2.13,98.07,1788,67.99,30.61,4.275,106.51,2019,8,3,69.45,74.2,71.3
8/5/2019,68.9,59.81,2.083,97.52,1774,67.56,30.04,4.305,100.34,2019,8,3,69.15,74.4,70.6
8/6/2019,68.05,58.94,2.124,97.63,1734,67.6,29.7,4.305,99.51,2019,8,3,68.9,74.25,70.95
8/7/2019,67.75,56.23,2.099,97.54,1712,67.55,29.56,4.315,96.56,2019,8,3,68.05,71.6,70.9
8/8/2019,67.8,57.38,2.146,97.62,1720,68,29.78,4.315,97.37,2019,8,3,67.75,69.65,71
8/9/2019,67.85,58.53,2.133,97.49,1748,67.87,29.36,4.315,93.61,2019,8,3,67.8,69.45,70.9
8/12/2019,67.3,58.57,2.117,97.38,1774,67.52,27.91,4.315,95.01,2019,8,3,67.85,69.45,68
8/13/2019,67.15,61.3,2.159,97.81,1864,68,28.3,4.315,95.11,2019,8,3,67.3,69.15,70
8/14/2019,66.85,59.48,2.154,97.99,1950,67.47,28.12,4.32,95.71,2019,8,3,67.15,68.9,72.75
8/15/2019,66.35,58.23,2.237,98.14,2047,67.75,27.2,4.32,93.76,2019,8,3,66.85,68.05,77
8/16/2019,66.3,58.64,2.207,98.14,2088,67.8,27.15,4.725,93.61,2019,8,3,66.35,67.75,76.2
8/19/2019,66.35,59.74,2.213,98.35,2067,67.62,27.73,4.68,94.36,2019,8,3,66.3,67.8,75.2
8/20/2019,65.95,60.03,2.219,98.19,2059,67.76,27.42,4.7,94.02,2019,8,3,66.35,67.85,74.9
8/21/2019,65.45,60.3,2.177,98.3,2061,67.8,27.17,4.695,92.01,2019,8,3,65.95,67.3,75.45
8/22/2019,65.35,59.92,2.163,98.17,2118,67.56,26.81,4.59,92.73,2019,8,3,65.45,67.15,75.05
8/23/2019,65.75,59.34,2.156,97.64,2168,67.54,26.24,4.57,92.88,2019,8,3,65.35,66.85,74.6
8/26/2019,65.75,58.7,2.233,98.08,2168,67.74,26.97,4.57,92.45,2019,8,3,65.75,66.35,74.35
8/27/2019,65.4,59.51,2.192,98,2213,67.51,26.53,4.56,92.06,2019,8,3,65.75,66.3,73.3
8/28/2019,65.6,60.49,2.222,98.21,2267,67.33,27.11,4.575,91.63,2019,8,3,65.4,66.35,74.3
8/29/2019,65.3,61.08,2.342,98.51,2277,67.24,27.55,4.65,91.16,2019,8,3,65.6,65.95,73.85
8/30/2019,65.75,60.43,2.324,98.92,2378,67.36,27.37,4.67,90.91,2019,8,3,65.3,65.45,74.1
9/2/2019,65.05,58.66,2.312,98.92,2442,67.13,26.22,4.67,90.91,2019,9,3,65.75,65.35,74.5
9/3/2019,66.5,58.26,2.397,99,2501,67.57,26.21,4.56,89.55,2019,9,3,65.05,65.75,73.85
9/4/2019,66.35,60.7,2.492,98.45,2518,67.96,26.47,4.45,91.57,2019,9,3,66.5,65.75,74.2
9/5/2019,66.9,60.95,2.491,98.41,2499,68.13,26.48,4.475,90.72,2019,9,3,66.35,65.4,74.4
9/6/2019,66.25,61.54,2.551,98.39,2462,68.46,26.05,4.475,89.44,2019,9,3,66.9,65.6,74.25
9/9/2019,65.55,62.59,2.625,98.28,2422,68.61,25.97,4.505,91.23,2019,9,3,66.25,65.3,71.6
9/10/2019,65.8,62.38,2.62,98.33,2393,68.59,27.69,4.525,91.37,2019,9,3,65.55,65.75,69.65
9/11/2019,65.35,60.81,2.589,98.64,2366,68.61,27.27,4.57,92.34,2019,9,3,65.8,65.05,69.45
9/12/2019,65.5,60.38,2.605,98.31,2331,68.66,27.42,4.57,94.14,2019,9,3,65.35,66.5,69.45
9/13/2019,65.7,60.22,2.653,98.26,2312,68.77,27.38,4.585,94.77,2019,9,3,65.5,66.35,69.15
9/16/2019,66.15,69.02,2.725,98.61,2311,68.64,28.07,6.535,94.37,2019,9,3,65.7,66.9,68.9
9/17/2019,65.6,64.55,2.7,98.26,2283,68.64,27.24,6.135,94.03,2019,9,3,66.15,66.25,68.05
9/18/2019,65.35,63.6,2.665,98.56,2266,68.27,26.47,5.895,93.97,2019,9,3,65.6,65.55,67.75
9/19/2019,65.55,64.4,2.569,98.27,2192,67.89,26.98,5.825,93.46,2019,9,3,65.35,65.8,67.8
9/20/2019,65.45,64.28,2.555,98.51,2131,67.68,27.59,5.995,93.38,2019,9,3,65.55,65.35,67.85
9/23/2019,65.35,64.77,2.555,98.6,2108,67.73,26.84,5.75,93.49,2019,9,3,65.45,65.5,67.3
9/24/2019,65.2,63.1,2.525,98.34,2116,67.99,26.58,5.69,93.21,2019,9,3,65.35,65.7,67.15
9/25/2019,65.4,62.39,2.518,99.04,2053,67.5,26.26,5.6,92.97,2019,9,3,65.2,66.15,66.85
9/26/2019,65.15,62.74,2.443,99.13,1963,67.48,26.69,5.705,92.95,2019,9,3,65.4,65.6,66.35
9/27/2019,65.55,61.91,2.565,99.11,1857,67.65,26.34,5.75,92.89,2019,9,3,65.15,65.35,66.3
9/30/2019,70.05,60.78,2.504,99.38,1823,67.49,25.76,5.69,92.91,2019,9,3,65.55,65.55,66.35
10/1/2019,67.4,58.89,2.48,99.13,1809,67.02,26.05,5.76,92.16,2019,10,4,70.05,65.45,65.95
10/2/2019,66.25,57.69,2.451,99.02,1803,67.03,25.2,5.705,92.26,2019,10,4,67.4,65.35,65.45
10/3/2019,64.8,57.71,2.5,98.86,1757,67.41,24.17,5.75,92.26,2019,10,4,66.25,65.2,65.35
10/4/2019,65.2,58.37,2.524,98.81,1767,67.68,23.91,5.725,92.18,2019,10,4,64.8,65.4,65.75
10/7/2019,66.45,58.35,2.5,98.97,1770,67.31,24.35,5.75,92.55,2019,10,4,65.2,65.15,65.75
10/8/2019,66.9,58.24,2.491,99.13,1801,67.28,23.5,5.8,93.53,2019,10,4,66.45,65.55,65.4
10/9/2019,67.45,58.32,2.436,99.12,1873,67.23,23.6,5.795,91.59,2019,10,4,66.9,70.05,65.6
10/10/2019,67.4,59.1,2.417,98.7,1929,67.61,24.18,5.82,93.01,2019,10,4,67.45,67.4,65.3
10/11/2019,66.4,60.51,2.457,98.3,1924,67.87,25.36,5.82,92.86,2019,10,4,67.4,66.25,65.75
10/14/2019,66.52,59.35,2.498,98.45,1916,67.74,25.06,5.825,92.23,2019,10,4,66.4,64.8,65.05
10/15/2019,66.9,58.74,2.532,98.29,1898,67.52,26.64,5.825,92.62,2019,10,4,66.52,65.2,66.5
10/16/2019,67.3,59.42,2.495,98,1897,67.56,27.23,6.99,91.4,2019,10,4,66.9,66.45,66.35
10/17/2019,67.55,59.91,2.516,97.61,1861,68.23,27,7.04,90.01,2019,10,4,67.3,66.9,66.9
10/18/2019,67.5,59.42,2.517,97.28,1855,68.55,26.8,6.925,90.76,2019,10,4,67.55,67.45,66.25
10/21/2019,67.6,58.96,2.441,97.33,1846,68.66,26.83,6.855,90.58,2019,10,4,67.5,67.4,65.55
10/22/2019,67.45,59.7,2.449,97.53,1806,68.55,26.52,6.73,90.53,2019,10,4,67.6,66.4,65.8
10/23/2019,67,61.17,2.427,97.49,1779,68.53,25.59,6.615,90.45,2019,10,4,67.45,66.52,65.35
10/24/2019,67.25,61.67,2.465,97.63,1785,68.17,26.28,6.57,90.11,2019,10,4,67,66.9,65.5
10/25/2019,67.65,62.02,2.459,97.83,1801,68.22,25.8,6.44,90.22,2019,10,4,67.25,67.3,65.7
10/28/2019,66.85,61.57,2.555,97.76,1803,68.38,25.93,6.325,90.23,2019,10,4,67.65,67.55,66.15
10/29/2019,66.95,61.59,2.639,97.69,1802,68.64,26.25,6.3,90.03,2019,10,4,66.85,67.5,65.6
10/30/2019,66.95,60.61,2.781,97.65,1782,69.02,26.76,6.155,89.8,2019,10,4,66.95,67.6,65.35
10/31/2019,66.9,60.23,2.732,97.35,1731,68.93,26.35,6.24,89.55,2019,10,4,66.95,67.45,65.55
11/1/2019,67.25,61.69,2.802,97.24,1697,69.13,26.02,6.325,83.55,2019,11,4,66.9,67,65.45
11/4/2019,67.35,62.13,2.898,97.5,1675,68.83,26.37,6.3,82.85,2019,11,4,67.25,67.25,65.35
11/5/2019,67.15,62.96,2.94,97.98,1656,68.93,26.24,6.215,82.85,2019,11,4,67.35,67.65,65.2
11/6/2019,66.55,61.74,2.907,97.95,1533,68.82,25.52,6.155,82.98,2019,11,4,67.15,66.85,65.4
11/7/2019,66.45,62.29,2.859,98.14,1428,68.97,25.65,6.095,82.55,2019,11,4,66.55,66.95,65.15
11/8/2019,66.8,62.51,2.873,98.35,1378,68.59,25.56,6.135,80.36,2019,11,4,66.45,66.95,65.55
11/11/2019,66.95,62.18,2.728,98.2,1345,68.49,25.65,6.08,80.3,2019,11,4,66.8,66.9,70.05
11/12/2019,66.55,62.06,2.714,98.31,1354,68.4,24.83,6.02,81.36,2019,11,4,66.95,67.25,67.4
11/13/2019,66.7,62.37,2.692,98.37,1365,68.37,25.1,6.08,81.26,2019,11,4,66.55,67.35,66.25
11/14/2019,66.7,62.28,2.719,98.16,1364,67.86,24.67,6.08,82.52,2019,11,4,66.7,67.15,64.8
11/15/2019,67.15,63.3,2.75,98,1357,68.19,24.57,6.08,82.8,2019,11,4,66.7,66.55,65.2
11/18/2019,67.5,62.44,2.63,97.79,1338,68.08,24.13,5.95,82.93,2019,11,4,67.15,66.45,66.45
11/19/2019,67.4,60.91,2.576,97.86,1304,68.25,24.17,5.905,83.19,2019,11,4,67.5,66.8,66.9
11/20/2019,67.45,62.4,2.611,97.93,1260,68.02,24.75,5.95,83.35,2019,11,4,67.4,66.95,67.45
11/21/2019,67.55,63.97,2.622,97.99,1255,67.84,24.66,5.885,83.55,2019,11,4,67.45,66.55,67.4
11/22/2019,67.9,63.39,2.71,98.27,1284,67.86,25.31,5.925,83.79,2019,11,4,67.55,66.7,66.4
11/25/2019,66.75,63.65,2.584,98.32,1351,67.77,25.16,5.85,84.29,2019,11,4,67.9,66.7,66.52
11/26/2019,67.4,64.27,2.533,98.25,1426,67.87,25.11,5.78,84.35,2019,11,4,66.75,67.15,66.9
11/27/2019,67.75,64.06,2.47,98.37,1440,67.75,25.84,5.725,84.42,2019,11,4,67.4,67.5,67.3
11/28/2019,67.45,63.87,2.463,98.37,1467,67.68,25.73,5.725,84.42,2019,11,4,67.75,67.4,67.55
11/29/2019,67.85,62.43,2.262,98.27,1528,67.64,25.94,5.63,84.68,2019,11,4,67.45,67.45,67.5
12/2/2019,67.6,60.92,2.308,97.86,1568,68.17,25.06,5.6,88.11,2019,12,4,67.85,67.55,67.6
12/3/2019,67.4,60.82,2.405,97.74,1606,68.46,24.74,5.635,87.65,2019,12,4,67.6,67.9,67.45
12/4/2019,66.8,63,2.374,97.65,1599,68.49,25.48,5.635,88.27,2019,12,4,67.4,66.75,67
12/5/2019,66.55,63.39,2.398,97.41,1575,68.33,25.43,5.635,88.34,2019,12,4,66.8,67.4,67.25
12/6/2019,66.4,64.39,2.319,97.7,1558,68.38,25.68,5.615,88.56,2019,12,4,66.55,67.75,67.65
12/9/2019,66.2,64.25,2.234,97.64,1551,68.22,25.87,5.61,92.04,2019,12,4,66.4,67.45,66.85
12/10/2019,66,64.34,2.263,97.41,1528,68.09,25.68,5.63,91.36,2019,12,4,66.2,67.85,66.95
12/11/2019,66.1,63.72,2.243,97.08,1460,68.74,25.19,5.63,92.05,2019,12,4,66,67.6,66.95
12/12/2019,66.5,64.2,2.32,97.4,1388,69.08,25.79,5.64,92.04,2019,12,4,66.1,67.4,66.9
12/13/2019,66.3,65.22,2.282,97.17,1355,68.75,24.71,5.645,92.27,2019,12,4,66.5,66.8,67.25
12/16/2019,66.45,65.34,2.326,97.02,1315,68.84,25.52,5.39,92.1,2019,12,4,66.3,66.55,67.35
12/17/2019,65.9,66.1,2.303,97.22,1281,68.5,26.61,5.525,92.09,2019,12,4,66.45,66.4,67.15
12/18/2019,66.2,66.17,2.264,97.4,1221,68.52,27.13,5.55,91.99,2019,12,4,65.9,66.2,66.55
12/19/2019,66.45,66.54,2.265,97.38,1151,68.84,27.38,5.525,92,2019,12,4,66.2,66,66.45
12/20/2019,66.35,66.14,2.31,97.69,1123,68.98,27.21,5.45,91.74,2019,12,4,66.45,66.1,66.8
12/23/2019,65.8,66.39,2.217,97.66,1103,69.22,27.08,5.3,91.72,2019,12,4,66.35,66.5,66.95
12/24/2019,66.5,67.2,2.187,97.65,1090,69.2,26.62,5.255,91.7,2019,12,4,65.8,66.3,66.55
12/26/2019,66.5,67.92,2.285,97.53,1090,69.45,26.62,5.25,91.61,2019,12,4,66.5,66.45,66.7
12/27/2019,66.55,68.16,2.231,96.92,1090,69.77,27.25,5.225,91.55,2019,12,4,66.5,65.9,66.7
12/30/2019,67.7,68.44,2.157,96.74,1090,69.94,25.63,5.25,91.52,2019,12,4,66.55,66.2,67.15
12/31/2019,67.7,66,2.158,96.39,1090,70.21,25.18,5.3,91.53,2019,12,4,67.7,66.45,67.5
1/2/2020,67.9,66.25,2.093,96.85,976,69.93,24.9,5.25,92.58,2020,1,1,67.7,66.35,67.4
1/3/2020,67.5,68.6,2.112,96.84,907,69.51,25.5,5.385,93.41,2020,1,1,67.9,65.8,67.45
1/6/2020,67.25,68.91,2.134,96.67,844,69.39,24.74,5.315,93.85,2020,1,1,67.5,66.5,67.55
1/7/2020,67.15,68.27,2.153,97,791,68.68,25.06,5.3,93.73,2020,1,1,67.25,66.5,67.9
1/8/2020,67.1,65.44,2.134,97.3,773,68.65,24.6,5.31,94.61,2020,1,1,67.15,66.55,66.75
1/9/2020,68.95,65.37,2.148,97.45,772,68.57,25.2,5.3,93.57,2020,1,1,67.1,67.7,67.4
1/10/2020,70.9,64.98,2.168,97.36,774,69.01,24.73,5.3,93.56,2020,1,1,68.95,67.7,67.75
1/13/2020,72.25,64.2,2.158,97.34,765,69.03,24.66,5.3,94.03,2020,1,1,70.9,67.9,67.45
1/14/2020,70.8,64.49,2.151,97.37,763,69,24.37,5.3,94.83,2020,1,1,72.25,67.5,67.85
1/15/2020,70.5,64,2.083,97.23,768,69.02,25.04,5.295,94.59,2020,1,1,70.8,67.25,67.6
1/16/2020,70.45,64.62,2.046,97.32,768,68.98,25.37,4.18,94.55,2020,1,1,70.5,67.15,67.4
1/17/2020,70,64.85,1.985,97.64,754,68.72,25.97,4.13,94.81,2020,1,1,70.45,67.1,66.8
1/20/2020,69.9,65.2,1.938,97.61,729,68.72,25.7,4.13,94.81,2020,1,1,70,68.95,66.55
1/21/2020,69.05,64.59,1.889,97.53,689,68.44,25.45,4.075,94.8,2020,1,1,69.9,70.9,66.4
1/22/2020,67.9,63.21,1.9,97.53,623,68.44,25.55,4.02,94.76,2020,1,1,69.05,72.25,66.2
1/23/2020,69.1,62.04,1.904,97.69,576,68.46,25.21,4,94.4,2020,1,1,67.9,70.8,66
1/24/2020,69.1,60.69,1.87,97.85,557,68.28,24.87,4,94.35,2020,1,1,69.1,70.5,66.1
1/27/2020,69.1,59.32,1.878,97.96,546,67.6,25.05,4,94.01,2020,1,1,69.1,70.45,66.5
1/28/2020,68.35,59.51,1.908,98.02,539,67.62,25.1,4,93.6,2020,1,1,69.1,70,66.3
1/29/2020,68.6,59.81,1.865,97.99,525,67.53,24.43,3.9,93.34,2020,1,1,68.35,69.9,66.45
1/30/2020,68.65,58.29,1.872,97.87,498,67.19,24.17,3.875,92.9,2020,1,1,68.6,69.05,65.9
1/31/2020,68.5,58.16,1.886,97.39,487,66.91,24.31,4.02,92.44,2020,1,1,68.65,67.9,66.2
2/3/2020,66.3,54.45,1.862,97.8,466,66.91,23.63,3.73,78.33,2020,2,1,68.5,69.1,66.45
2/4/2020,68.55,53.96,1.902,97.96,453,67.37,23.78,3.7,81.63,2020,2,1,66.3,69.1,66.35
2/5/2020,69.3,55.28,1.887,98.3,430,67.45,24.19,3.6,79.87,2020,2,1,68.55,69.1,65.8
2/6/2020,69.7,54.93,1.887,98.5,431,67.3,23.98,3.555,80.96,2020,2,1,69.3,68.35,66.5
2/7/2020,68.5,54.47,1.892,98.68,415,66.72,23.75,3.57,81.65,2020,2,1,69.7,68.6,66.5
2/10/2020,68.1,53.27,1.804,98.83,411,66.86,23.58,3.52,81.25,2020,2,1,68.5,68.65,66.55
2/11/2020,68.95,54.01,1.823,98.72,418,67.13,23.74,3.525,83.36,2020,2,1,68.1,68.5,67.7
2/12/2020,68.9,55.79,1.874,99.05,421,67.37,24.31,3.525,84.47,2020,2,1,68.95,66.3,67.7
2/13/2020,69.1,56.34,1.856,99.07,421,67.18,24.82,3.525,85.14,2020,2,1,68.9,68.55,67.9
2/14/2020,69.45,57.32,1.856,99.12,425,67.13,24.71,3.52,84.86,2020,2,1,69.1,69.3,67.5
2/17/2020,69.1,57.67,1.93,99,434,67.13,25.47,3.52,84.86,2020,2,1,69.45,69.7,67.25
2/18/2020,68.4,57.75,1.971,99.44,450,66.84,25.56,2.975,85.43,2020,2,1,69.1,68.5,67.15
2/19/2020,68.2,59.12,1.971,99.71,465,66.75,26.13,2.995,85.7,2020,2,1,68.4,68.1,67.1
2/20/2020,68.6,59.31,1.931,99.86,480,66.15,26.06,2.975,86.15,2020,2,1,68.2,68.95,68.95
2/21/2020,67.9,58.5,1.917,99.26,497,66.27,26.03,2.995,86.42,2020,2,1,68.6,68.9,70.9
2/24/2020,68,56.3,1.843,99.36,506,66.04,25,2.875,86.56,2020,2,1,67.9,69.1,72.25
2/25/2020,67.9,54.95,1.851,98.97,508,66.02,24.62,2.9,86.73,2020,2,1,68,69.45,70.8
2/26/2020,67.75,53.43,1.837,99,517,65.43,24.69,3.005,86.67,2020,2,1,67.9,69.1,70.5
2/27/2020,67.9,52.18,1.8,98.51,529,65.68,24.02,2.975,86.58,2020,2,1,67.75,68.4,70.45
2/28/2020,67.4,50.52,1.732,98.13,535,65.09,24.02,2.96,86.46,2020,2,1,67.9,68.2,70
3/2/2020,66.35,51.9,1.797,97.36,539,65.39,23.93,3.05,87.1,2020,3,1,67.4,68.6,69.9
3/3/2020,66.2,51.86,1.838,97.15,549,65.82,23.77,3.075,87.14,2020,3,1,66.35,67.9,69.05
3/4/2020,65.75,51.13,1.865,97.34,562,66.26,24.24,3.075,89.63,2020,3,1,66.2,68,67.9
3/5/2020,66.4,49.99,1.813,96.82,599,66.13,24.21,3.085,90.12,2020,3,1,65.75,67.9,69.1
3/6/2020,65.9,45.27,1.748,95.95,617,66.51,23.83,3.115,89.18,2020,3,1,66.4,67.75,69.1
3/9/2020,65.15,34.36,1.819,94.89,616,65.86,23.68,3.1,88.07,2020,3,1,65.9,67.9,69.1
3/10/2020,65.3,37.22,1.985,96.41,627,65.05,24.5,3.115,90.15,2020,3,1,65.15,67.4,68.35
3/11/2020,65.65,35.79,1.921,96.51,631,64.84,24.34,3.13,89.59,2020,3,1,65.3,66.35,68.6
3/12/2020,65.4,33.22,1.885,97.47,633,62.34,22.96,3.14,89.48,2020,3,1,65.65,66.2,68.65
3/13/2020,65.8,33.85,1.901,98.75,631,61.82,22.38,3.14,90.13,2020,3,1,65.4,65.75,68.5
3/16/2020,65.55,30.05,1.853,98.07,623,61.17,19.98,3.405,89.99,2020,3,1,65.8,66.4,66.3
3/17/2020,66.05,28.73,1.769,99.57,612,59.98,19.05,3.455,89.95,2020,3,1,65.55,65.9,68.55
3/18/2020,66.1,24.88,1.647,101.16,629,57.71,16.12,3.4,90.44,2020,3,1,66.05,65.15,69.3
3/19/2020,66.15,28.47,1.726,102.75,630,57.41,17.19,3.4,89.97,2020,3,1,66.1,65.3,69.7
3/20/2020,66.3,26.98,1.675,102.82,625,57.98,16.84,3.43,89.57,2020,3,1,66.15,65.65,68.5
3/23/2020,66.05,27.03,1.673,102.49,617,58.27,16.28,3.25,88.55,2020,3,1,66.3,65.4,68.1
3/24/2020,66.5,27.15,1.729,102.04,603,59.57,17.5,3.15,88.46,2020,3,1,66.05,65.8,68.95
3/25/2020,66.35,27.39,1.714,101.05,582,59.58,18.21,2.955,88.77,2020,3,1,66.5,65.55,68.9
3/26/2020,66.5,26.34,1.689,99.35,569,60.63,18.06,2.975,88.6,2020,3,1,66.35,66.05,69.1
3/27/2020,66.65,24.93,1.671,98.36,556,61.65,17.11,2.975,88.49,2020,3,1,66.5,66.1,69.45
3/30/2020,69,22.76,1.794,99.18,548,61.72,17.78,2.88,88.22,2020,3,1,66.65,66.15,69.1
3/31/2020,67.85,22.74,1.756,99.05,626,61.35,18.42,2.875,88.02,2020,3,1,69,66.3,68.4
4/1/2020,66.7,24.74,1.712,99.67,624,60.7,17.84,2.87,80.34,2020,4,2,67.85,66.05,68.2
4/2/2020,66.2,29.94,1.672,100.18,624,60.59,18.82,2.86,81.73,2020,4,2,66.7,66.5,68.6
4/3/2020,66.05,34.11,1.738,100.58,616,59.95,18.73,2.845,82.38,2020,4,2,66.2,66.35,67.9
4/6/2020,64.15,33.05,1.844,100.68,604,60.86,21.17,2.85,82.49,2020,4,2,66.05,66.5,68
4/7/2020,63.8,31.87,1.949,99.9,596,61.66,21.3,2.805,81.9,2020,4,2,64.15,66.65,67.9
4/8/2020,62.65,32.84,1.896,100.12,607,62.26,21.93,2.81,82.87,2020,4,2,63.8,69,67.75
4/9/2020,63.6,31.48,1.863,99.52,635,63.37,21.86,2.805,83.35,2020,4,2,62.65,67.85,67.9
4/13/2020,63.6,31.74,1.879,99.35,635,63.81,21.86,2.805,83.84,2020,4,2,63.6,66.7,67.4
4/14/2020,62.75,29.6,1.826,98.89,679,64.4,20.57,2.8,84.25,2020,4,2,63.6,66.2,66.35
4/15/2020,62.25,27.69,1.748,99.46,706,63.18,20.02,2.795,84.22,2020,4,2,62.75,66.05,66.2
4/16/2020,61.9,27.82,1.845,100.03,726,63.28,21.69,2.47,84.04,2020,4,2,62.25,64.15,65.75
4/17/2020,62,28.08,1.903,99.78,751,63.64,22.48,2.345,84.17,2020,4,2,61.9,63.8,66.4
4/20/2020,61.5,25.57,2.049,99.96,757,63.35,22.15,2.27,84.43,2020,4,2,62,62.65,65.9
4/21/2020,61.25,19.33,1.984,100.26,728,62.8,20.64,2.105,83.92,2020,4,2,61.5,63.6,65.15
4/22/2020,61.15,20.37,2.053,100.39,694,63.23,21.45,2.075,84.13,2020,4,2,61.25,63.6,65.3
4/23/2020,60.95,21.33,1.942,100.43,672,63.69,21.82,2.05,84.04,2020,4,2,61.15,62.75,65.65
4/24/2020,61.1,21.44,1.895,100.38,665,63.85,21.53,2.025,83.98,2020,4,2,60.95,62.25,65.4
4/27/2020,50.5,19.99,1.916,100.04,661,64.64,21.09,1.995,83.96,2020,4,2,61.1,61.9,65.8
4/28/2020,51.25,20.46,1.948,99.86,655,64.9,21.04,2,83.88,2020,4,2,50.5,62,65.55
4/29/2020,51.25,22.54,2.091,99.57,643,65.55,21,2,83.83,2020,4,2,51.25,61.5,66.05
4/30/2020,52.35,25.27,2.17,99.02,635,65.1,20.39,2.005,83.84,2020,4,2,51.25,61.25,66.1
5/1/2020,51.25,26.44,2.134,99.08,617,64.18,19.8,2,82.5,2020,5,2,52.35,61.15,66.15
5/4/2020,50.6,27.2,2.23,99.48,598,64.26,20.18,2,82.15,2020,5,2,51.25,60.95,66.3
5/5/2020,50.5,30.97,2.312,99.71,575,64.3,19.92,2.02,83.06,2020,5,2,50.6,61.1,66.05
5/6/2020,51.2,29.72,2.171,100.09,534,64,19.83,2.02,83.29,2020,5,2,50.5,50.5,66.5
5/7/2020,51.15,29.46,2.127,99.89,514,64.94,20.35,2.025,85.93,2020,5,2,51.2,51.25,66.35
5/8/2020,51.15,30.97,2.077,99.73,514,65.29,20.17,2.03,86.84,2020,5,2,51.15,51.25,66.5
5/11/2020,51.7,29.63,2.085,100.24,474,64.88,19.86,2.04,86.69,2020,5,2,51.15,52.35,66.65
5/12/2020,52,29.98,1.965,99.93,433,64.69,19.31,2.115,87.81,2020,5,2,51.7,51.25,69
5/13/2020,52.4,29.19,1.856,100.24,398,64.54,19.46,2.115,88.35,2020,5,2,52,50.6,67.85
5/14/2020,51.75,31.13,1.884,100.47,393,64.61,19.62,2.11,88.74,2020,5,2,52.4,50.5,66.7
5/15/2020,50.95,32.5,1.833,100.4,407,64.14,19.96,2.105,89.5,2020,5,2,51.75,51.2,66.2
5/18/2020,51.4,34.81,1.959,99.67,427,65.23,21.14,2.28,91.49,2020,5,2,50.95,51.15,66.05
5/19/2020,51.8,34.65,1.985,99.37,453,65.36,20.76,2.215,90.65,2020,5,2,51.4,51.15,64.15
5/20/2020,52.05,35.75,1.909,99.12,477,65.97,22.06,2.195,91.13,2020,5,2,51.8,51.7,63.8
5/21/2020,51.9,36.06,1.852,99.37,494,65.64,21.97,2.095,91.2,2020,5,2,52.05,52,62.65
5/22/2020,51.95,35.13,1.881,99.86,498,65.35,22.19,2.005,91.42,2020,5,2,51.9,52.4,63.6
5/25/2020,51.95,35.53,1.864,99.86,498,65.44,22.38,2.005,91.42,2020,5,2,51.95,51.75,63.6
5/26/2020,52.4,36.17,1.945,98.91,506,66.51,22.4,2.1,91.64,2020,5,2,51.95,50.95,62.75
5/27/2020,52.5,34.74,1.886,99.06,502,66.2,22.13,2,91.81,2020,5,2,52.4,51.4,62.25
5/28/2020,52.25,35.29,1.919,98.38,489,66.35,22.04,2.02,92.05,2020,5,2,52.5,51.8,61.9
5/29/2020,52,35.33,1.94,98.34,504,66.66,22.18,2.065,92.54,2020,5,2,52.25,52.05,62
6/1/2020,55.65,38.32,1.871,97.83,520,67.97,21.75,2,99.16,2020,6,2,52,51.9,61.5
6/2/2020,55.55,39.57,1.876,97.67,546,68.94,22.84,2.105,100.67,2020,6,2,55.65,51.95,61.25
6/3/2020,55.8,39.79,1.915,97.28,592,69.19,22.85,2.1,100.4,2020,6,2,55.55,51.95,61.15
6/4/2020,55.2,39.99,1.917,96.68,632,69.42,22.98,2.07,98.85,2020,6,2,55.8,52.4,60.95
6/5/2020,55.6,42.3,1.886,96.94,679,69.68,24.02,2.07,100.26,2020,6,2,55.2,52.5,61.1
6/8/2020,54.85,40.8,1.892,96.62,698,70.19,23.48,2.07,103.41,2020,6,2,55.6,52.25,50.5
6/9/2020,53.7,41.18,1.863,96.32,714,69.61,23.24,2.06,102.98,2020,6,2,54.85,52,51.25
6/10/2020,53.05,41.73,1.87,95.96,764,69.97,23.68,2.07,102.89,2020,6,2,53.7,55.65,51.25
6/11/2020,52.9,38.55,1.9,96.73,839,68.54,23.04,2.07,102.75,2020,6,2,53.05,55.55,52.35
6/12/2020,53,38.73,1.815,97.32,923,68.62,22.78,2.065,103.59,2020,6,2,52.9,55.8,51.25
6/15/2020,53.4,39.72,1.76,96.71,973,69.18,22.93,2.063,103.07,2020,6,2,53,55.2,50.6
6/16/2020,53.35,40.96,1.701,96.96,1054,68.84,23.55,2.25,103.46,2020,6,2,53.4,55.6,50.5
6/17/2020,53.35,40.71,1.727,97.16,1246,68.83,23.52,2.2,103.18,2020,6,2,53.35,54.85,51.2
6/18/2020,52.95,41.51,1.728,97.42,1527,68.51,25.23,2.2,103.05,2020,6,2,53.35,53.7,51.15
6/19/2020,53.1,42.19,1.748,97.62,1555,68.32,24.92,2.22,103.04,2020,6,2,52.95,53.05,51.15
6/22/2020,53.1,43.08,1.738,97.04,1558,69.05,25.28,2.25,102.93,2020,6,2,53.1,52.9,51.7
6/23/2020,53,42.63,1.691,96.65,1617,69.29,26.15,2.3,102.85,2020,6,2,53.1,53,52
6/24/2020,52.85,40.31,1.661,97.15,1705,68.72,26.14,2.24,103.12,2020,6,2,53,53.4,52.4
6/25/2020,53.25,41.05,1.546,97.43,1738,68.85,25.92,2.22,103.08,2020,6,2,52.85,53.35,51.75
6/26/2020,53.5,41.02,1.544,97.43,1749,68.6,25.46,2.2,103.23,2020,6,2,53.25,53.35,50.95
6/29/2020,52.7,41.71,1.754,97.54,1794,68.64,27.35,2.2,103.06,2020,6,2,53.5,52.95,51.4
6/30/2020,52.15,41.15,1.789,97.39,1799,69.02,27.68,2.15,102.95,2020,6,2,52.7,53.1,51.8
7/1/2020,51.6,42.03,1.721,97.2,1803,69.14,28.42,2.2,98.01,2020,7,3,52.15,53.1,52.05
7/2/2020,52.6,43.14,1.785,97.32,1823,69.22,28.09,2.2,98.94,2020,7,3,51.6,53,51.9
7/3/2020,52.45,42.8,1.746,97.17,1894,69.37,28.64,2.2,98.94,2020,7,3,52.6,52.85,51.95
7/6/2020,52.65,43.1,1.893,96.72,1956,69.73,30.43,2.195,101.54,2020,7,3,52.45,53.25,51.95
7/7/2020,53,43.08,1.939,96.88,1949,69.46,30.12,2.195,103.04,2020,7,3,52.65,53.5,52.4
7/8/2020,52.55,43.29,1.876,96.43,1849,69.82,30.06,2.19,105.03,2020,7,3,53,52.7,52.5
7/9/2020,52.4,42.35,1.821,96.7,1810,69.63,29.37,2.17,104.61,2020,7,3,52.55,52.15,52.25
7/10/2020,52.4,43.24,1.847,96.65,1810,69.48,29.78,2.175,105.59,2020,7,3,52.4,51.6,52
7/13/2020,52.2,42.72,1.797,96.46,1792,69.39,30.14,2.155,106.93,2020,7,3,52.4,52.6,55.65
7/14/2020,52.5,42.9,1.787,96.26,1742,69.74,30.46,2.16,107.45,2020,7,3,52.2,52.45,55.55
7/15/2020,52.6,43.79,1.818,96.08,1696,70.07,29.7,2.164,107.57,2020,7,3,52.5,52.65,55.8
7/16/2020,52.35,43.37,1.776,96.35,1699,69.69,27.67,2.5,107.2,2020,7,3,52.6,53,55.2
7/17/2020,52.2,43.14,1.765,95.94,1710,69.95,28.76,2.505,107.22,2020,7,3,52.35,52.55,55.6
7/20/2020,52,43.28,1.684,95.83,1678,70.13,27.1,2.45,107.18,2020,7,3,52.2,52.4,54.85
7/21/2020,52.05,44.32,1.714,95.12,1594,71.27,27.51,2.475,107.58,2020,7,3,52,52.4,53.7
7/22/2020,52.1,44.29,1.718,94.99,1473,71.38,27.53,2.5,108.04,2020,7,3,52.05,52.2,53.05
7/23/2020,51.95,43.31,1.835,94.69,1388,70.97,28.23,2.57,107.78,2020,7,3,52.1,52.5,52.9
7/24/2020,52,43.34,1.867,94.43,1317,71.03,27.27,2.595,107.69,2020,7,3,51.95,52.6,53
7/27/2020,52.25,43.41,1.786,93.67,1293,71.49,25.91,2.685,107.46,2020,7,3,52,52.35,53.4
7/28/2020,51.8,43.22,1.864,93.7,1264,71.57,26.67,2.7,107.72,2020,7,3,52.25,52.2,53.35
7/29/2020,51.8,43.75,1.93,93.45,1317,71.86,27.13,2.66,107.88,2020,7,3,51.8,52,53.35
7/30/2020,51.9,42.94,1.991,93.02,1348,71.93,26.48,2.615,108.05,2020,7,3,51.8,52.05,52.95
7/31/2020,51.95,43.3,1.957,93.35,1350,71.42,27.22,2.56,108.9,2020,7,3,51.9,52.1,53.1
8/3/2020,52.6,44.15,2.239,93.54,1385,71.23,27.08,2.685,114.21,2020,8,3,51.95,51.95,53.1
8/4/2020,52.45,44.43,2.334,93.38,1385,71.6,27.75,2.685,115.55,2020,8,3,52.6,52,53
8/5/2020,51.6,45.17,2.331,92.87,1385,71.91,27.69,2.73,116.27,2020,8,3,52.45,52.25,52.85
8/6/2020,50.2,45.09,2.305,92.79,1385,72.33,27.3,2.775,118.89,2020,8,3,51.6,51.8,53.25
8/7/2020,51.2,44.4,2.376,93.43,1501,71.57,27.32,2.785,118.07,2020,8,3,50.2,51.8,53.5
8/10/2020,50.5,44.99,2.287,93.58,1506,71.49,27.6,2.84,118.34,2020,8,3,51.2,51.9,52.7
8/11/2020,49.9,44.5,2.311,93.63,1510,71.42,27.08,2.875,119.28,2020,8,3,50.5,51.95,52.15
8/12/2020,49.5,45.43,2.297,93.44,1540,71.62,26.87,2.88,120.19,2020,8,3,49.9,52.6,51.6
8/13/2020,49.9,44.96,2.324,93.33,1577,71.48,26.3,2.885,119.86,2020,8,3,49.5,52.45,52.6
8/14/2020,50.4,44.8,2.495,93.1,1595,71.71,26.36,2.898,120.14,2020,8,3,49.9,51.6,52.45
8/17/2020,50.45,45.37,2.476,92.85,1598,72.14,27.17,4.175,120.46,2020,8,3,50.4,50.2,52.65
8/18/2020,50.45,45.46,2.556,92.27,1586,72.4,27.41,4.22,122.75,2020,8,3,50.45,51.2,53
8/19/2020,50.25,45.37,2.563,92.89,1568,71.81,27.08,4.09,122.47,2020,8,3,50.45,50.5,52.55
8/20/2020,50.1,44.9,2.503,92.79,1518,71.91,26.75,3.925,123.74,2020,8,3,50.25,49.9,52.4
8/21/2020,49.8,44.35,2.573,93.25,1481,71.61,26.48,3.705,122.79,2020,8,3,50.1,49.5,52.4
8/24/2020,49.7,45.13,2.616,93.3,1491,71.61,28.32,3.905,122.57,2020,8,3,49.8,49.9,52.2
8/25/2020,49.75,45.86,2.596,93.02,1518,71.94,29.46,4.025,122.34,2020,8,3,49.7,50.4,52.5
8/26/2020,49.7,45.64,2.574,93.01,1509,72.31,29.48,4.105,122.46,2020,8,3,49.75,50.45,52.6
8/27/2020,49.8,45.09,2.71,93,1504,72.58,29.23,3.975,122.39,2020,8,3,49.7,50.45,52.35
8/28/2020,49.75,45.05,2.916,92.37,1488,73.66,30.38,4.225,122.45,2020,8,3,49.8,50.25,52.2
8/31/2020,51.95,45.28,2.92,92.14,1488,73.75,29.53,4.225,122.53,2020,8,3,49.75,50.1,52
9/1/2020,51.4,45.58,2.901,92.34,1471,73.71,28.61,4.3,123.68,2020,9,3,51.95,49.8,52.05
9/2/2020,50.6,44.43,2.931,92.85,1445,73.38,29.06,4.225,126.06,2020,9,3,51.4,49.7,52.1
9/3/2020,49.7,44.07,2.927,92.74,1395,72.72,29.53,4.34,128.38,2020,9,3,50.6,49.75,51.95
9/4/2020,49,42.66,2.987,92.72,1362,72.79,28.13,4.225,127.53,2020,9,3,49.7,49.7,52
9/7/2020,48.5,42.01,2.541,92.72,1349,72.74,27.81,4.225,127.53,2020,9,3,49,49.8,52.25
9/8/2020,48.75,39.78,2.892,93.44,1328,72.14,27.53,4.32,128.03,2020,9,3,48.5,49.75,51.8
9/9/2020,48.8,40.79,2.873,93.25,1296,72.82,27.94,4.25,126.78,2020,9,3,48.75,51.95,51.8
9/10/2020,49.75,40.06,2.798,93.34,1269,72.56,29.15,4.31,126.77,2020,9,3,48.8,51.4,51.9
9/11/2020,50.75,39.83,2.744,93.33,1267,72.83,28.99,4.31,127.43,2020,9,3,49.75,50.6,51.95
9/14/2020,50.75,39.61,2.74,93.05,1282,72.88,31.2,4.31,128.86,2020,9,3,50.75,49.7,52.6
9/15/2020,51,40.53,2.741,93.05,1289,73.01,30.53,4.308,128.01,2020,9,3,50.75,49,52.45
9/16/2020,51.5,42.22,2.664,93.21,1281,73.05,30.71,4.895,126.01,2020,9,3,51,48.5,51.6
9/17/2020,51.9,43.3,2.577,92.97,1294,73.12,29.13,4.845,126.59,2020,9,3,51.5,48.75,50.2
9/18/2020,52.05,43.15,2.633,92.93,1296,72.89,28.68,4.845,127.09,2020,9,3,51.9,48.8,51.2
9/21/2020,52.45,41.44,2.71,93.66,1314,72.23,27.05,4.78,126.01,2020,9,3,52.05,49.75,50.5
9/22/2020,52.7,41.72,2.597,93.99,1364,71.74,28.47,4.835,125.73,2020,9,3,52.45,50.75,49.9
9/23/2020,52.75,41.77,2.794,94.39,1426,70.74,27.12,4.95,124.79,2020,9,3,52.7,50.75,49.5
9/24/2020,52.8,41.94,2.899,94.35,1605,70.45,27.4,4.95,123.97,2020,9,3,52.75,51,49.9
9/25/2020,52.8,41.92,2.807,94.64,1667,70.27,26.75,4.975,123.81,2020,9,3,52.8,51.5,50.4
9/28/2020,59,42.43,2.795,94.28,1654,70.7,28.28,5.075,124.21,2020,9,3,52.8,51.9,50.45
9/29/2020,58.65,41.03,3.118,93.89,1658,71.27,27.36,5.1,124.02,2020,9,3,59,52.05,50.45
9/30/2020,58.6,40.95,3.117,93.89,1725,71.61,27.5,5.05,123.98,2020,9,3,58.65,52.45,50.25
10/1/2020,58.6,40.93,3.062,93.71,1869,71.83,27.07,5.035,121.43,2020,10,4,58.6,52.7,50.1
10/2/2020,57.55,39.27,2.991,93.84,2020,71.62,27.59,5.025,120.6,2020,10,4,58.6,52.75,49.8
10/5/2020,58.1,41.29,3.161,93.51,2071,71.79,27.49,5.05,121.03,2020,10,4,57.55,52.8,49.7
10/6/2020,58.1,42.65,3.096,93.69,2097,71.04,27.34,5.05,121.84,2020,10,4,58.1,52.8,49.75
10/7/2020,58,41.99,3.149,93.63,2044,71.38,27.44,5.085,121.91,2020,10,4,58.1,59,49.7
10/8/2020,58,43.34,3.149,93.61,1970,71.66,26.88,5.105,122.46,2020,10,4,58,58.65,49.8
10/9/2020,57.4,42.85,3.204,93.06,1892,72.39,26.24,5.135,123.49,2020,10,4,58,58.6,49.75
10/12/2020,56.85,41.72,3.271,93.07,1807,72.07,26.4,5.135,123.25,2020,10,4,57.4,58.6,51.95
10/13/2020,54.7,42.45,3.247,93.53,1732,71.6,25.74,5.145,122.43,2020,10,4,56.85,57.55,51.4
10/14/2020,55.4,43.32,3.189,93.38,1637,71.62,26.28,5.145,121.48,2020,10,4,54.7,58.1,50.6
10/15/2020,55.7,43.16,3.261,93.86,1561,70.92,25.48,5.146,121.13,2020,10,4,55.4,58.1,49.7
10/16/2020,56.3,42.93,3.271,93.68,1477,70.8,25.4,6.315,121.44,2020,10,4,55.7,58,49
10/19/2020,57.3,42.62,3.28,93.43,1409,70.67,25.49,6.51,121.53,2020,10,4,56.3,58,48.5
10/20/2020,57.8,43.16,3.26,93.07,1350,70.46,24.92,6.55,121.51,2020,10,4,57.3,57.4,48.75
10/21/2020,57.75,41.73,3.348,92.61,1346,71.17,24.06,6.725,121.56,2020,10,4,57.8,56.85,48.8
10/22/2020,58,42.46,3.272,92.95,1401,71.15,24.68,6.875,121.34,2020,10,4,57.75,54.7,49.75
10/23/2020,58,41.77,3.195,92.77,1415,71.35,25.98,7.25,121.02,2020,10,4,58,55.4,50.75
10/26/2020,58,40.46,3.253,93.04,1402,71.22,24.35,7.2,120.75,2020,10,4,58,55.7,50.75
10/27/2020,58.15,41.2,3.311,92.94,1413,71.28,24.55,7,120.63,2020,10,4,58,56.3,51
10/28/2020,58.2,39.12,3.291,93.4,1384,70.44,23.52,6.95,120.45,2020,10,4,58.15,57.3,51.5
10/29/2020,58.2,37.65,3.417,93.96,1297,70.28,24.15,6.925,120.28,2020,10,4,58.2,57.8,51.9
10/30/2020,58.2,37.46,3.469,94.04,1283,70.26,24.19,7.02,120.19,2020,10,4,58.2,57.75,52.05
11/2/2020,59.9,38.97,3.375,94.13,1284,70.53,24.15,6.915,117.69,2020,11,4,58.2,58,52.45
11/3/2020,60.55,39.71,3.195,93.55,1263,71.6,24.86,6.8,116.47,2020,11,4,59.9,58,52.7
11/4/2020,60.6,41.23,3.177,93.41,1224,71.73,25.57,6.855,116.84,2020,11,4,60.55,58,52.75
11/5/2020,61.45,40.93,3.084,92.53,1194,72.82,26.43,6.855,116.92,2020,11,4,60.6,58.15,52.8
11/6/2020,61.65,39.45,3.031,92.23,1196,72.55,25.85,6.905,117.63,2020,11,4,61.45,58.2,52.8
11/9/2020,62.05,42.4,2.999,92.72,1207,72.85,26.97,6.905,119.84,2020,11,4,61.65,58.2,59
11/10/2020,62.3,43.61,3.073,92.75,1200,72.84,26.64,6.905,120.3,2020,11,4,62.05,58.2,58.65
11/11/2020,62.3,43.8,3.151,93.04,1141,72.78,26.52,6.905,121.59,2020,11,4,62.3,59.9,58.6
11/12/2020,62.3,43.53,3.094,92.96,1124,72.31,26.32,6.9,121,2020,11,4,62.3,60.55,58.6
11/13/2020,62.25,42.78,3.122,92.75,1124,72.68,26.68,6.899,120.8,2020,11,4,62.3,60.6,57.55
11/16/2020,62.3,43.82,2.864,92.64,1111,73.18,27.79,6.75,121.22,2020,11,4,62.25,61.45,58.1
11/17/2020,62.4,43.75,2.844,92.42,1112,72.98,27.04,6.565,122,2020,11,4,62.3,61.65,58.1
11/18/2020,62.45,44.34,2.838,92.32,1115,73.05,27.59,6.43,122.29,2020,11,4,62.4,62.05,58
11/19/2020,62.65,44.2,2.72,92.29,1134,72.87,26.75,6.25,122.84,2020,11,4,62.45,62.3,58
11/20/2020,63.35,44.96,2.77,92.39,1148,73.02,27.15,6.375,123.35,2020,11,4,62.65,62.3,57.4
11/23/2020,63.4,46.06,2.823,92.5,1169,72.85,27.67,6.55,123.18,2020,11,4,63.35,62.3,56.85
11/24/2020,63.5,47.86,2.9,92.23,1178,73.6,28.04,6.745,123.4,2020,11,4,63.4,62.25,54.7
11/25/2020,63.75,48.61,2.961,91.99,1197,73.63,28.04,6.95,123.63,2020,11,4,63.5,62.3,55.4
11/26/2020,63.85,47.8,2.93,91.99,1219,73.61,28.54,6.95,123.63,2020,11,4,63.75,62.4,55.7
11/27/2020,63.9,48.18,2.832,91.79,1230,73.86,28.59,7.15,124.25,2020,11,4,63.85,62.45,56.3
11/30/2020,70.3,47.59,2.865,91.87,1227,73.45,29.6,7.325,124.62,2020,11,4,63.9,62.65,57.3
12/1/2020,70.05,47.42,2.868,91.31,1211,73.69,29.33,7.325,130.81,2020,12,4,70.3,63.35,57.8
12/2/2020,71.4,48.25,2.778,91.12,1201,74.15,30.01,7.55,134.56,2020,12,4,70.05,63.4,57.75
12/3/2020,73.55,48.71,2.515,90.71,1189,74.38,29.46,7.5,135.66,2020,12,4,71.4,63.5,58
12/4/2020,74.25,49.25,2.586,90.7,1197,74.21,30.57,7.495,141.53,2020,12,4,73.55,63.75,58
12/7/2020,76.3,48.79,2.433,90.79,1162,74.2,30.07,7.6,144.34,2020,12,4,74.25,63.85,58
12/8/2020,75.95,48.84,2.422,90.96,1121,74.11,30.02,7.695,145.04,2020,12,4,76.3,63.9,58.15
12/9/2020,76.6,48.86,2.456,91.09,1122,74.45,30.16,7.82,146.28,2020,12,4,75.95,70.3,58.2
12/10/2020,77.5,50.25,2.57,90.82,1161,75.33,31.36,7.915,150.7,2020,12,4,76.6,70.05,58.2
12/11/2020,77.7,49.97,2.603,90.98,1211,75.33,30.98,8.075,152.02,2020,12,4,77.5,71.4,58.2
12/14/2020,78.75,50.29,2.678,90.71,1235,75.37,31.27,8.165,149.6,2020,12,4,77.7,73.55,59.9
12/15/2020,79.5,50.76,2.68,90.47,1273,75.57,32.43,8.173,150.31,2020,12,4,78.75,74.25,60.55
12/16/2020,79.25,51.08,2.681,90.45,1296,75.76,32.03,10.435,150.75,2020,12,4,79.5,76.3,60.6
12/17/2020,79.5,51.5,2.637,89.82,1301,76.21,32.21,10.115,151.37,2020,12,4,79.25,75.95,61.45
12/18/2020,80,52.26,2.681,90.02,1325,76.24,31.36,9.66,152.49,2020,12,4,79.5,76.6,61.65
12/21/2020,79.85,50.91,2.689,90.04,1323,75.85,31.14,10.05,155.11,2020,12,4,80,77.5,62.05
12/22/2020,80,50.08,2.749,90.65,1330,75.21,31.39,10.755,154.49,2020,12,4,79.85,77.7,62.3
12/23/2020,79.85,51.2,2.588,90.41,1362,75.72,32.15,10.525,154.5,2020,12,4,80,78.75,62.3
12/24/2020,79.85,51.29,2.512,90.32,1366,75.96,32.41,11,155.02,2020,12,4,79.85,79.5,62.3
12/28/2020,85.35,50.86,2.326,90.34,1366,75.77,33.66,11.085,155.35,2020,12,4,79.85,79.25,62.25
12/29/2020,84.2,51.09,2.444,89.99,1366,76.05,33.25,12.1,155.57,2020,12,4,85.35,79.5,62.3
12/30/2020,81.6,51.34,2.422,89.68,1366,76.84,32.42,12.795,155.7,2020,12,4,84.2,80,62.4
12/31/2020,80.5,51.8,2.526,89.94,1366,76.94,32.94,14.3,155.84,2020,12,4,81.6,79.85,62.45
1/4/2021,81.2,51.09,2.561,89.87,1374,76.63,33.89,14.93,163.93,2021,1,1,80.5,80,62.65
1/5/2021,80.35,53.6,2.673,89.44,1418,77.59,33.15,15.105,166.08,2021,1,1,81.2,79.85,63.35
1/6/2021,79.45,54.3,2.684,89.53,1425,78.01,33.83,15.55,166.76,2021,1,1,80.35,79.85,63.4
1/7/2021,81.05,54.38,2.691,89.83,1448,77.68,34.97,17.25,169.31,2021,1,1,79.45,85.35,63.5
1/8/2021,84.3,55.99,2.656,90.1,1606,77.59,35.14,17.25,169.52,2021,1,1,81.05,84.2,63.75
1/11/2021,84.5,55.66,2.703,90.46,1761,76.95,34.76,19.7,168.99,2021,1,1,84.3,81.6,63.85
1/12/2021,86.5,56.58,2.707,90.09,1849,77.71,34.88,19.7,169.33,2021,1,1,84.5,80.5,63.9
1/13/2021,87.3,56.06,2.689,90.36,1856,77.32,33.88,18.57,169.51,2021,1,1,86.5,81.2,70.3
1/14/2021,87.25,56.42,2.63,90.24,1792,77.77,33.76,18.57,169.8,2021,1,1,87.3,80.35,70.05
1/15/2021,87.4,55.1,2.696,90.77,1754,77.02,31.96,18.309,169.97,2021,1,1,87.25,79.45,71.4
1/18/2021,86.4,54.75,2.637,90.76,1740,76.79,31.84,18.309,169.97,2021,1,1,87.4,81.05,73.55
1/19/2021,85,55.9,2.529,90.5,1766,76.95,33.3,8.52,170.03,2021,1,1,86.4,84.3,74.25
1/20/2021,85.5,56.08,2.533,90.47,1828,77.46,33.12,9.015,169.85,2021,1,1,85,84.5,76.3
1/21/2021,85.5,56.1,2.497,90.13,1837,77.63,34.32,8.485,169.98,2021,1,1,85.5,86.5,75.95
1/22/2021,85.9,55.41,2.456,90.24,1810,77.16,34.45,8.855,169.82,2021,1,1,85.5,87.3,76.6
1/25/2021,85.95,55.88,2.598,90.39,1765,77.08,33.39,8.61,169.78,2021,1,1,85.9,87.25,77.5
1/26/2021,86,55.91,2.636,90.17,1659,77.43,33.56,8.56,169.52,2021,1,1,85.95,87.4,77.7
1/27/2021,86.2,55.81,2.702,90.65,1540,76.62,33.51,8.615,169.26,2021,1,1,86,86.4,78.75
1/28/2021,86.3,55.53,2.675,90.46,1470,76.79,34.17,8.85,168.63,2021,1,1,86.2,85,79.5
1/29/2021,86.2,55.88,2.592,90.58,1452,76.42,33.18,8.87,168.13,2021,1,1,86.3,85.5,79.25
2/1/2021,85.65,56.35,2.821,90.98,1444,76.19,33.08,8.52,154.74,2021,2,1,86.2,85.5,79.5
2/2/2021,85,57.46,2.818,91.2,1380,76.06,35.19,8.43,148.42,2021,2,1,85.65,85.9,80
2/3/2021,83.75,58.46,2.772,91.17,1327,76.17,37.65,8.365,150.81,2021,2,1,85,85.95,79.85
2/4/2021,84.4,58.84,2.889,91.53,1327,75.99,37.49,8.34,155.33,2021,2,1,83.75,86,80
2/5/2021,86.65,59.34,2.841,91.04,1333,76.77,38.43,8.385,153.9,2021,2,1,84.4,86.2,79.85
2/8/2021,87.5,60.56,2.862,90.93,1317,77,38.84,8.43,156.1,2021,2,1,86.65,86.3,79.85
2/9/2021,87.3,61.09,2.823,90.44,1306,77.38,38.49,8.305,158.15,2021,2,1,87.5,86.2,85.35
2/10/2021,87.6,61.47,2.879,90.37,1303,77.21,39.56,8.28,159.74,2021,2,1,87.3,85.65,84.2
2/11/2021,87.4,61.14,2.836,90.42,1313,77.51,39,8.265,160.08,2021,2,1,87.6,85,81.6
2/12/2021,87.45,62.43,2.876,90.48,1339,77.53,40.28,8.264,159.65,2021,2,1,87.4,83.75,80.5
2/15/2021,87.05,63.3,3.067,90.48,1364,77.78,39.81,8.264,159.65,2021,2,1,87.45,84.4,81.2
2/16/2021,86.55,63.35,2.983,90.51,1495,77.56,39.13,6.35,161,2021,2,1,87.05,86.65,80.35
2/17/2021,86,64.34,3.032,90.95,1756,77.49,38.4,6.305,161.99,2021,2,1,86.55,87.5,79.45
2/18/2021,85.75,63.93,2.97,90.59,1770,77.67,38.61,6.6,164.59,2021,2,1,86,87.3,81.05
2/19/2021,86,62.91,2.991,90.36,1698,78.69,37.7,6.4,164.07,2021,2,1,85.75,87.6,84.3
2/22/2021,85.75,65.24,2.936,90.01,1709,79.15,38.26,6.255,163.87,2021,2,1,86,87.4,84.5
2/23/2021,85.5,65.37,2.857,90.17,1727,79.1,38.97,6.23,164.16,2021,2,1,85.75,87.45,86.5
2/24/2021,85.5,67.04,2.795,90.18,1709,79.67,39.45,6.04,164.53,2021,2,1,85.5,87.05,87.3
2/25/2021,85.5,66.88,2.809,90.13,1700,78.72,38.57,5.805,165.02,2021,2,1,85.5,86.55,87.25
2/26/2021,85.1,66.13,2.809,90.88,1675,77.05,37.6,6.195,165.61,2021,2,1,85.5,86,87.4
3/1/2021,85.6,63.69,2.818,91.04,1651,77.69,37.45,5.925,171.74,2021,3,1,85.1,85.75,86.4
3/2/2021,87.5,62.7,2.875,90.79,1673,78.18,38.69,5.875,173.16,2021,3,1,85.6,86,85
3/3/2021,87.95,64.07,2.849,90.95,1763,77.75,37.82,5.875,174.12,2021,3,1,87.5,85.75,85.5
3/4/2021,87.5,66.74,2.781,91.63,1779,77.25,38.51,6,174.94,2021,3,1,87.95,85.5,85.5
3/5/2021,87.75,69.36,2.739,91.98,1829,76.86,39.36,6,173.12,2021,3,1,87.5,85.5,85.9
3/8/2021,88,68.24,2.698,92.31,1853,76.49,39.47,6,173.56,2021,3,1,87.75,85.5,85.95
3/9/2021,88.5,67.52,2.696,91.96,1901,77.11,40.98,6.01,168.43,2021,3,1,88,85.1,86
3/10/2021,89,67.9,2.728,91.82,1980,77.34,41.87,6,168.44,2021,3,1,88.5,85.6,86.2
3/11/2021,89,69.63,2.703,91.42,1970,77.87,42.27,6.055,171.28,2021,3,1,89,87.5,86.3
3/12/2021,90,69.22,2.636,91.68,1960,77.65,43.19,6.07,168.26,2021,3,1,89,87.95,86.2
3/15/2021,90.5,68.88,2.523,91.83,1983,77.54,42.73,6.077,168.26,2021,3,1,90,87.5,85.65
3/16/2021,90.5,68.39,2.597,91.86,2017,77.45,41.96,6.53,168.26,2021,3,1,90.5,87.75,85
3/17/2021,90.75,68,2.555,91.44,2105,77.94,43.34,6.65,168.21,2021,3,1,90.5,88,83.75
3/18/2021,91,63.28,2.511,91.86,2215,77.56,42.74,6.565,168.21,2021,3,1,90.75,88.5,84.4
3/19/2021,92.75,64.53,2.566,91.92,2281,77.42,42.31,6.425,168,2021,3,1,91,89,86.65
3/22/2021,94,64.62,2.619,91.74,2319,77.44,43.18,6.625,167.37,2021,3,1,92.75,89,87.5
3/23/2021,94.5,60.79,2.554,92.34,2271,76.22,41.78,6.855,167.01,2021,3,1,94,90,87.3
3/24/2021,94.5,64.41,2.568,92.53,2194,75.82,41.96,6.855,167.34,2021,3,1,94.5,90.5,87.6
3/25/2021,94.5,61.95,2.616,92.53,2172,75.79,40.71,6.75,167.05,2021,3,1,94.5,90.5,87.4
3/26/2021,93.95,64.57,2.619,92.77,2178,76.36,42.09,6.93,166.89,2021,3,1,94.5,90.75,87.45
3/29/2021,93,64.98,2.653,92.94,2162,76.3,42.2,6.865,166.97,2021,3,1,93.95,91,87.05
3/30/2021,93.85,64.14,2.681,93.3,2103,75.94,42.4,6.935,166.99,2021,3,1,93,92.75,86.55
3/31/2021,96.25,63.54,2.667,93.23,2046,75.96,42.89,7.02,166.9,2021,3,1,93.85,94,86
4/1/2021,96.5,64.86,2.697,92.93,2072,76.17,42.81,6.925,163.68,2021,4,2,96.25,94.5,85.75
4/5/2021,96.5,62.15,2.582,92.6,2072,76.49,42.81,6.925,163.89,2021,4,2,96.5,94.5,86
4/6/2021,94.85,62.74,2.536,92.33,2092,76.62,44.6,6.97,166.98,2021,4,2,96.5,94.5,85.75
4/7/2021,94.7,63.16,2.597,92.46,2127,76.14,44.23,6.98,169.24,2021,4,2,94.85,93.95,85.5
4/8/2021,93.8,63.2,2.607,92.06,2088,76.52,43.85,6.985,170.45,2021,4,2,94.7,93,85.5
4/9/2021,93.1,62.95,2.605,92.16,2085,76.21,44.03,6.985,170.32,2021,4,2,93.8,93.85,85.5
4/12/2021,93.3,63.28,2.643,92.14,2145,76.22,44.86,7.005,171.03,2021,4,2,93.1,96.25,85.1
4/13/2021,93.45,63.67,2.696,91.85,2140,76.38,44.24,7.015,171.04,2021,4,2,93.3,96.5,85.6
4/14/2021,93.4,66.58,2.693,91.69,2178,77.2,44.2,7.015,171.42,2021,4,2,93.45,96.5,87.5
4/15/2021,93.5,66.94,2.73,91.69,2323,77.5,44.55,7.017,173.01,2021,4,2,93.4,94.85,87.95
4/16/2021,94.3,66.77,2.754,91.56,2385,77.33,44.8,8.245,174.89,2021,4,2,93.5,94.7,87.5
4/19/2021,94.35,67.05,2.818,91.07,2432,77.57,44.74,8.665,174.72,2021,4,2,94.3,93.8,87.75
4/20/2021,94,66.57,2.803,91.24,2472,77.23,45.29,8.65,178.54,2021,4,2,94.35,93.1,88
4/21/2021,93.75,65.32,2.776,91.15,2710,77.51,46.32,8.55,176.2,2021,4,2,94,93.3,88.5
4/22/2021,93.95,65.4,2.831,91.33,2750,77.07,47.51,8.55,176.35,2021,4,2,93.75,93.45,89
4/23/2021,93,66.11,2.818,90.86,2788,77.45,47.38,8.2,176.96,2021,4,2,93.95,93.4,89
4/26/2021,93.1,65.65,2.874,90.81,2808,77.99,47.67,8.25,177.58,2021,4,2,93,93.5,90
4/27/2021,93.1,66.42,2.942,90.91,2889,77.64,47.78,8.6,178.99,2021,4,2,93.1,94.3,90.5
4/28/2021,92.9,67.27,2.96,90.61,2957,77.88,48.28,8.6,178.8,2021,4,2,93.1,94.35,90.5
4/29/2021,92.9,68.56,2.961,90.61,3007,77.64,48.51,8.8,179.31,2021,4,2,92.9,94,90.75
4/30/2021,93.3,67.25,2.978,91.28,3053,77.16,49.31,8.895,179.63,2021,4,2,92.9,93.75,91
5/3/2021,92.8,67.56,3.014,90.94,3053,77.61,49.9,8.905,185.04,2021,5,2,93.3,93.95,92.75
5/4/2021,93,68.88,3.012,91.29,3157,77.05,49.06,9.005,189.72,2021,5,2,92.8,93,94
5/5/2021,93.8,68.96,2.982,91.31,3266,77.47,49.91,8.97,190.41,2021,5,2,93,93.1,94.5
5/6/2021,96.05,68.09,2.974,90.95,3212,77.79,50.41,9.06,197.68,2021,5,2,93.8,93.1,94.5
5/7/2021,96.15,68.28,3.004,90.23,3183,78.42,50.93,9.045,204.35,2021,5,2,96.05,92.9,94.5
5/10/2021,97.6,68.32,2.978,90.21,3240,78.3,52.72,9.12,215.48,2021,5,2,96.15,92.9,93.95
5/11/2021,98.7,68.55,2.999,90.14,3254,78.4,53.55,9.115,215.29,2021,5,2,97.6,93.3,93
5/12/2021,100,69.32,3.018,90.71,3139,77.25,55.85,9.125,218.38,2021,5,2,98.7,92.8,93.85
5/13/2021,101,67.05,3.025,90.75,3077,77.29,55.04,9.125,212.05,2021,5,2,100,93,96.25
5/14/2021,99,68.71,3.018,90.32,2939,77.72,57.23,9.125,210.08,2021,5,2,101,93.8,96.5
5/17/2021,98.35,69.46,3.164,90.16,2856,77.63,56.97,10.33,214.99,2021,5,2,99,96.05,96.5
5/18/2021,99.1,68.71,3.078,89.75,2795,77.91,53.74,9.99,213.23,2021,5,2,98.35,96.15,94.85
5/19/2021,99.1,66.66,3.028,90.19,2801,77.26,50.35,9.47,211.96,2021,5,2,99.1,97.6,94.7
5/20/2021,99.75,65.11,2.991,89.81,2824,77.75,53.41,10.05,211.15,2021,5,2,99.1,98.7,93.8
5/21/2021,101,66.44,2.977,90.02,2869,77.31,52.43,9.98,209.13,2021,5,2,99.75,100,93.1
5/24/2021,103.25,68.46,2.96,89.84,2881,77.52,53.41,10.075,208.2,2021,5,2,101,101,93.3
5/25/2021,105,68.65,2.974,89.64,2809,77.5,53.83,10.6,207.01,2021,5,2,103.25,99,93.45
5/26/2021,105.1,68.87,3.027,90.04,2754,77.39,54.22,10.625,206.89,2021,5,2,105,98.35,93.4
5/27/2021,105.5,69.46,2.978,89.97,2688,77.4,52.39,10.375,206.37,2021,5,2,105.1,99.1,93.5
5/28/2021,106,69.63,3.007,90.03,2596,77.13,51.58,10.4,205.73,2021,5,2,105.5,99.1,94.3
5/31/2021,118.9,69.32,3.055,90.03,2596,77.34,52.24,10.4,205.73,2021,5,2,106,99.75,94.35
6/1/2021,120.5,70.25,3.126,89.83,2568,77.54,52.97,10.65,204.9,2021,6,2,118.9,101,94
6/2/2021,119.95,71.35,3.094,89.91,2530,77.52,51.94,10.625,204.96,2021,6,2,120.5,103.25,93.75
6/3/2021,119,71.31,3.059,90.51,2472,76.58,50.73,10.625,208,2021,6,2,119.95,105,93.95
6/4/2021,119.75,71.89,3.114,90.14,2438,77.37,50.47,10.605,206.29,2021,6,2,119,105.1,93
6/7/2021,121.6,71.49,3.089,89.95,2428,77.53,51.97,10.675,202.41,2021,6,2,119.75,105.5,93.1
6/8/2021,122.75,72.22,3.14,90.08,2420,77.4,52.58,10.85,207.84,2021,6,2,121.6,106,93.1
6/9/2021,123.7,72.22,3.144,90.12,2481,77.29,53.9,10.9,210.19,2021,6,2,122.75,118.9,92.9
6/10/2021,126,72.52,3.166,90.07,2669,77.52,54.15,10.925,211.91,2021,6,2,123.7,120.5,92.9
6/11/2021,127,72.69,3.311,90.56,2857,77.06,53.07,10.92,213.13,2021,6,2,126,119.95,93.3
6/14/2021,125.55,72.86,3.367,90.52,2944,77.11,53.29,10.92,214.05,2021,6,2,127,119,92.8
6/15/2021,125,73.99,3.256,90.54,3025,76.85,51.76,10.924,213.96,2021,6,2,125.55,119.75,93
6/16/2021,125.25,74.39,3.271,91.13,3176,76.1,51.72,11.63,213.53,2021,6,2,125,121.6,93.8
6/17/2021,126,73.08,3.275,91.89,3267,75.5,51.28,11.595,214.69,2021,6,2,125.25,122.75,96.05
6/18/2021,125,73.51,3.236,92.22,3218,74.77,52.26,11.87,214.21,2021,6,2,126,123.7,96.15
6/21/2021,125.5,74.9,3.215,91.9,3190,75.35,52.78,11.95,212.75,2021,6,2,125,126,97.6
6/22/2021,127.25,74.81,3.277,91.76,3119,75.53,53.76,12.4,213.45,2021,6,2,125.5,127,98.7
6/23/2021,127.5,75.19,3.352,91.8,3147,75.75,55.03,12.605,213.8,2021,6,2,127.25,125.55,100
6/24/2021,127.5,75.56,3.437,91.81,3175,75.82,55.49,12.625,213.75,2021,6,2,127.5,125,101
6/25/2021,127.7,76.18,3.52,91.85,3255,75.86,55.48,12.755,214.17,2021,6,2,127.5,125.25,99
6/28/2021,128.55,74.68,3.593,91.89,3324,75.67,55.9,12.7,215.26,2021,6,2,127.7,126,98.35
6/29/2021,131,74.76,3.606,92.05,3418,75.11,56.04,12.975,214.36,2021,6,2,128.55,125,99.1
6/30/2021,134.7,75.13,3.624,92.44,3383,74.98,56.78,13.11,214.55,2021,6,2,131,125.5,99.1
7/1/2021,137.75,75.84,3.632,92.6,3338,74.69,58.06,13.23,213.59,2021,7,3,134.7,127.25,99.75
7/2/2021,139.25,76.17,3.668,92.23,3285,75.25,57.76,13.115,212.46,2021,7,3,137.75,127.5,101
7/5/2021,143.4,77.16,3.79,92.21,3224,75.29,58.28,13.115,212.46,2021,7,3,139.25,127.5,103.25
7/6/2021,140.75,74.53,3.608,92.55,3179,74.97,54.44,12.885,217.58,2021,7,3,143.4,127.7,105
7/7/2021,139.55,73.43,3.574,92.64,3241,74.81,53.03,12.685,218.11,2021,7,3,140.75,128.55,105.1
7/8/2021,142.25,74.12,3.667,92.42,3281,74.29,52.77,12.935,216.32,2021,7,3,139.55,131,105.5
7/9/2021,143,75.55,3.657,92.13,3300,74.85,54.67,13,215.78,2021,7,3,142.25,134.7,106
7/12/2021,142.25,75.16,3.732,92.26,3300,74.75,52.12,13.01,217.33,2021,7,3,143,137.75,118.9
7/13/2021,144.6,76.49,3.682,92.75,3228,74.46,53.26,12.97,218.26,2021,7,3,142.25,139.25,120.5
7/14/2021,144.5,74.76,3.648,92.41,3139,74.8,53.78,12.975,217.94,2021,7,3,144.6,143.4,119.95
7/15/2021,146,73.47,3.601,92.62,3073,74.27,53.37,12.973,218.68,2021,7,3,144.5,140.75,119
7/16/2021,148.1,73.59,3.658,92.69,3039,74.02,53.28,13.96,219.77,2021,7,3,146,139.55,119.75
7/19/2021,150,68.62,3.754,92.89,3059,73.42,52.81,14.19,219.5,2021,7,3,148.1,142.25,121.6
7/20/2021,149.7,69.35,3.852,92.97,3053,73.29,51.59,14.035,219.36,2021,7,3,150,143,122.75
7/21/2021,149.75,72.23,3.938,92.75,3058,73.58,52.51,14.31,218.37,2021,7,3,149.7,142.25,123.7
7/22/2021,149.75,73.79,3.982,92.82,3103,73.78,51.16,14.275,213.81,2021,7,3,149.75,144.6,126
7/23/2021,149.75,74.1,4.042,92.91,3199,73.64,51.26,14.18,216.03,2021,7,3,149.75,144.5,127
7/26/2021,149.75,74.5,4.082,92.65,3210,73.8,53.57,14.59,215.16,2021,7,3,149.75,146,125.55
7/27/2021,149.75,74.48,3.942,92.43,3166,73.6,53.28,14.805,214.99,2021,7,3,149.75,148.1,125
7/28/2021,150.1,74.74,3.967,92.32,3154,73.76,54.2,15.085,214.44,2021,7,3,149.75,150,125.25
7/29/2021,150,76.05,4.06,91.86,3214,73.95,54.41,15.25,213.52,2021,7,3,150.1,149.7,126
7/30/2021,149.75,76.33,3.92,92.17,3292,73.44,53.69,14.755,211.99,2021,7,3,150,149.75,125
8/2/2021,152.55,72.89,3.938,92.05,3282,73.6,54.79,15.465,181.21,2021,8,3,149.75,149.75,125.5
8/3/2021,152.75,72.41,4.032,92.08,3281,73.94,54.55,15.34,181.01,2021,8,3,152.55,149.75,127.25
8/4/2021,154.4,70.38,4.163,92.27,3318,73.79,55.82,15.325,182.51,2021,8,3,152.75,149.75,127.5
8/5/2021,157.25,71.29,4.148,92.24,3376,74.04,56.34,15.4,171.91,2021,8,3,154.4,149.75,127.5
8/6/2021,160.95,70.7,4.154,92.8,3371,73.53,57.02,15.7,172.01,2021,8,3,157.25,150.1,127.7
8/9/2021,167.05,69.04,4.075,92.94,3371,73.33,56.98,15.76,173.52,2021,8,3,160.95,150,128.55
8/10/2021,167.1,70.63,4.103,93.06,3375,73.5,57.77,15.8,168.59,2021,8,3,167.05,149.75,131
8/11/2021,169.4,71.44,4.071,92.92,3410,73.72,58.14,15.65,169.06,2021,8,3,167.1,152.55,134.7
8/12/2021,171.25,71.31,3.948,93.04,3503,73.34,56.63,15.665,167.94,2021,8,3,169.4,152.75,137.75
8/13/2021,172.75,70.59,3.875,92.52,3566,73.69,55.74,15.655,167.95,2021,8,3,171.25,154.4,139.25
8/16/2021,173.4,69.51,3.96,92.63,3606,73.37,58.52,17.99,166.96,2021,8,3,172.75,157.25,143.4
8/17/2021,171.45,69.03,3.851,93.13,3657,72.49,57.56,17.48,167.34,2021,8,3,173.4,160.95,140.75
8/18/2021,171,68.23,3.866,93.14,3833,72.31,57.45,16.77,159.59,2021,8,3,171.45,167.05,139.55
8/19/2021,170.9,66.45,3.844,93.57,3976,71.46,53.84,15.18,160.38,2021,8,3,171,167.1,142.25
8/20/2021,167.75,65.18,3.866,93.5,4092,71.34,54.72,15.575,160.54,2021,8,3,170.9,169.4,143
8/23/2021,170,68.75,3.96,92.96,4147,72.08,55.67,16.34,159.4,2021,8,3,167.75,171.25,142.25
8/24/2021,170,71.05,3.916,92.89,4201,72.57,56.97,16.85,160.07,2021,8,3,170,172.75,144.6
8/25/2021,170.75,72.25,3.925,92.82,4193,72.73,56.87,17.03,159.92,2021,8,3,170,173.4,144.5
8/26/2021,171,71.07,4.211,93.06,4195,72.34,57.19,17.245,159.63,2021,8,3,170.75,171.45,146
8/27/2021,170.95,72.7,4.388,92.69,4235,73.11,59.32,17.7,159.68,2021,8,3,171,171,148.1
8/30/2021,171.35,73.41,4.359,92.65,4235,72.94,61.08,17.72,159.58,2021,8,3,170.95,170.9,150
8/31/2021,174.25,72.99,4.425,92.63,4132,73.15,61.07,18.22,159.25,2021,8,3,171.35,167.75,149.7
9/1/2021,174.6,71.59,4.663,92.45,4013,73.64,60.42,18.02,143.08,2021,9,3,174.25,170,149.75
9/2/2021,177.5,73.03,4.692,92.22,4001,73.99,61.83,18.46,140.54,2021,9,3,174.6,170,149.75
9/3/2021,179,72.61,4.762,92.04,3944,74.58,61.63,18.46,144.83,2021,9,3,177.5,170.75,149.75
9/6/2021,178,72.22,4.693,92.04,3822,74.39,62.61,18.46,144.83,2021,9,3,179,171,149.75
9/7/2021,177.2,71.69,4.615,92.51,3707,73.85,62.28,18.685,138.99,2021,9,3,178,170.95,149.75
9/8/2021,177.35,72.6,4.962,92.65,3618,73.64,62.74,18.65,135.56,2021,9,3,177.2,171.35,150.1
9/9/2021,177.5,71.45,5.072,92.48,3643,73.66,63.04,18.625,133.82,2021,9,3,177.35,174.25,150
9/10/2021,177.6,72.92,4.973,92.58,3864,73.55,61.22,18.65,133.18,2021,9,3,177.5,174.6,149.75
9/13/2021,177.5,73.51,5.273,92.68,4163,73.66,61.37,18.82,129.66,2021,9,3,177.6,177.5,152.55
9/14/2021,177.45,73.6,5.305,92.62,4221,73.18,60.16,18.935,128.11,2021,9,3,177.5,179,152.75
9/15/2021,177.5,75.46,5.507,92.55,4233,73.34,60.18,19.019,124.16,2021,9,3,177.45,178,154.4
9/16/2021,176,75.67,5.382,92.93,4215,72.89,59.63,23.42,119.96,2021,9,3,177.5,177.2,157.25
9/17/2021,177.5,75.34,5.146,93.19,4275,72.65,59.82,25,123,2021,9,3,176,177.35,160.95
9/20/2021,177.5,73.92,5.022,93.28,4304,72.5,61.02,27.185,117.01,2021,9,3,177.5,177.5,167.05
9/21/2021,179.5,74.36,4.842,93.2,4410,72.31,60.5,27.525,119.01,2021,9,3,177.5,177.6,167.1
9/22/2021,180.5,76.19,4.855,93.46,4560,72.45,60.94,26.975,120.73,2021,9,3,179.5,177.5,169.4
9/23/2021,185.9,77.25,5.043,93.03,4651,72.95,60.89,26.8,120.45,2021,9,3,180.5,177.45,171.25
9/24/2021,181.5,78.09,5.2,93.33,4644,72.58,63.29,27.495,120.1,2021,9,3,185.9,177.5,172.75
9/27/2021,204.75,79.53,5.731,93.38,4717,72.86,64.72,29.195,120.23,2021,9,3,181.5,176,173.4
9/28/2021,207.7,79.09,5.88,93.77,4962,72.36,62.29,29.35,119.89,2021,9,3,204.75,177.5,171.45
9/29/2021,210.5,78.64,5.595,94.34,5197,71.75,63.28,30.005,119.7,2021,9,3,207.7,177.5,171
9/30/2021,218,78.52,5.991,94.23,5167,72.26,62.16,31.095,119.65,2021,9,3,210.5,179.5,170.9
10/1/2021,228,79.28,5.763,94.04,5202,72.56,62.45,31.07,115.76,2021,10,4,218,180.5,167.75
10/4/2021,240,81.26,5.906,93.78,5267,72.84,63.82,31.56,117.76,2021,10,4,228,185.9,170
10/5/2021,269.5,82.56,6.432,93.97,5409,72.91,65.16,35.065,117.85,2021,10,4,240,181.5,170
10/6/2021,242,81.08,5.803,94.27,5647,72.72,59.58,34.05,117.68,2021,10,4,269.5,204.75,170.75
10/7/2021,231.9,81.95,5.817,94.22,5650,73.12,60.81,33.08,118.1,2021,10,4,242,207.7,171
10/8/2021,238.6,82.39,5.71,94.07,5526,73.06,58.76,32.06,122.86,2021,10,4,231.9,210.5,170.95
10/11/2021,244.5,83.65,5.502,94.32,5488,73.51,59.58,33.08,130.24,2021,10,4,238.6,218,171.35
10/12/2021,242.35,83.42,5.663,94.52,5378,73.49,59.34,32.9,126.42,2021,10,4,244.5,228,174.25
10/13/2021,243.35,83.18,5.753,94.08,5206,73.78,59.45,33.11,122.29,2021,10,4,242.35,240,174.6
10/14/2021,245,84,5.837,93.96,5062,74.15,61.79,33.305,122.83,2021,10,4,243.35,269.5,177.5
10/15/2021,240,84.86,5.6,93.94,4854,74.21,59.79,33.254,123.19,2021,10,4,245,242,179
10/18/2021,239.35,84.33,5.236,93.95,4732,74.1,58.92,34.34,123.4,2021,10,4,240,231.9,178
10/19/2021,229.9,85.08,5.35,93.73,4714,74.72,54.92,34.89,123.3,2021,10,4,239.35,238.6,177.2
10/20/2021,231.5,85.82,5.447,93.56,4751,75.15,58.14,35.555,123.49,2021,10,4,229.9,244.5,177.35
10/21/2021,228.5,84.61,5.346,93.77,4653,74.66,58.37,33.455,122.89,2021,10,4,231.5,242.35,177.5
10/22/2021,230,85.53,5.461,93.64,4410,74.64,58.64,33.255,122.5,2021,10,4,228.5,243.35,177.6
10/25/2021,226,85.99,6.056,93.81,4257,74.91,59.35,33.575,122.06,2021,10,4,230,245,177.5
10/26/2021,223.35,86.4,6.003,93.95,4056,74.99,60.16,34.205,122.47,2021,10,4,226,240,177.45
10/27/2021,223.35,84.58,6.198,93.8,3808,75.14,60.27,33.905,122.36,2021,10,4,223.35,239.35,177.5
10/28/2021,223.7,84.32,5.871,93.35,3630,75.44,58.94,32.01,121.94,2021,10,4,223.35,229.9,176
10/29/2021,223.45,84.38,5.529,94.12,3519,75.21,59.08,30,121.23,2021,10,4,223.7,231.5,177.5
11/1/2021,145,84.71,5.305,93.88,3428,75.24,57.29,29.205,102.58,2021,11,4,223.45,228.5,177.5
11/2/2021,140.9,84.72,5.64,94.09,3187,74.28,59.79,30.805,99.4,2021,11,4,145,230,179.5
11/3/2021,157.5,81.99,5.78,93.86,2892,74.45,60.15,32.755,99.35,2021,11,4,140.9,226,180.5
11/4/2021,154.25,80.54,5.826,94.35,2769,73.99,60.18,32.005,97.17,2021,11,4,157.5,223.35,185.9
11/5/2021,155.4,82.74,5.626,94.32,2715,74.01,59.73,31.62,94.43,2021,11,4,154.25,223.35,181.5
11/8/2021,163,83.43,5.505,94.05,2718,74.2,60.96,32.145,94.36,2021,11,4,155.4,223.7,204.75
11/9/2021,160.65,84.78,5.07,93.96,2805,73.75,60.75,31.76,91.98,2021,11,4,163,223.45,207.7
11/10/2021,152.3,82.64,4.974,94.85,2861,73.26,63.48,31.14,92.19,2021,11,4,160.65,145,210.5
11/11/2021,151.5,82.87,5.245,95.18,2844,72.94,64.02,31.415,93.63,2021,11,4,152.3,140.9,218
11/12/2021,150,82.17,4.88,95.13,2807,73.32,63.58,31.565,93.4,2021,11,4,151.5,157.5,228
11/15/2021,149.35,82.05,5.104,95.41,2759,73.44,66.22,31.612,92.36,2021,11,4,150,154.25,240
11/16/2021,150.4,82.43,5.27,95.92,2591,73.02,67.83,37.845,92.01,2021,11,4,149.35,155.4,269.5
11/17/2021,150.15,80.28,4.914,95.83,2430,72.66,67.45,37.285,92.76,2021,11,4,150.4,163,242
11/18/2021,152.5,81.24,4.995,95.54,2454,72.79,69.38,37.565,92.01,2021,11,4,150.15,160.65,231.9
11/19/2021,152.5,78.89,5.145,96.03,2552,72.34,69.65,34.255,92.78,2021,11,4,152.5,152.3,238.6
11/22/2021,154,79.7,4.861,96.55,2645,72.23,70.22,33.97,93.39,2021,11,4,152.5,151.5,244.5
11/23/2021,157,82.31,5.035,96.49,2715,72.27,69.49,36.075,93.99,2021,11,4,154,150,242.35
11/24/2021,159,82.25,5.114,96.88,2654,71.95,73.23,36.205,94.33,2021,11,4,157,149.35,243.35
11/25/2021,158,82.22,5.087,96.77,2678,71.9,74.79,36.205,94.33,2021,11,4,159,150.4,245
11/26/2021,157.5,72.72,5.477,96.09,2767,71.23,73.12,34.89,94.44,2021,11,4,158,150.15,240
11/29/2021,159.3,73.44,4.768,96.34,2881,71.4,74.54,36.25,94.71,2021,11,4,157.5,152.5,239.35
11/30/2021,152,70.57,4.506,95.99,3018,71.23,75.73,35.945,94.97,2021,11,4,159.3,152.5,229.9
12/1/2021,157.45,68.87,4.188,96.03,3047,71.04,77.2,35.885,103.17,2021,12,4,152,154,231.5
12/2/2021,158.5,69.67,3.997,96.16,3115,70.93,80.25,35.32,101.82,2021,12,4,157.45,157,228.5
12/3/2021,155.25,69.88,4.073,96.12,3171,70.01,78.64,34.19,101.49,2021,12,4,158.5,159,230
12/6/2021,151.25,73.08,3.625,96.33,3235,70.49,81.65,34.395,103.74,2021,12,4,155.25,158,226
12/7/2021,154.1,75.44,3.674,96.37,3352,71.18,85.34,35.065,108.04,2021,12,4,151.25,157.5,223.35
12/8/2021,158.7,75.82,3.774,95.89,3423,71.71,89.41,35.15,106.77,2021,12,4,154.1,159.3,223.35
12/9/2021,160.1,74.42,3.784,96.27,3343,71.49,80.88,35.185,106.49,2021,12,4,158.7,152,223.7
12/10/2021,163.75,75.15,3.889,96.1,3272,71.71,84.37,35.215,105,2021,12,4,160.1,157.45,223.45
12/13/2021,164.25,74.39,3.761,96.32,3216,71.29,82.72,35.73,108.51,2021,12,4,163.75,158.5,145
12/14/2021,164.75,73.7,3.713,96.57,2932,71.02,80.12,35.765,107.04,2021,12,4,164.25,155.25,140.9
12/15/2021,164.75,73.88,3.761,96.51,2665,71.67,81.19,35.87,109.22,2021,12,4,164.75,151.25,157.5
12/16/2021,168.5,75.02,3.715,96.04,2498,71.83,85.71,43.445,111.19,2021,12,4,164.75,154.1,154.25
12/17/2021,168,73.52,3.639,96.57,2379,71.24,74.02,42.45,111.64,2021,12,4,168.5,158.7,155.4
12/20/2021,168.15,71.52,3.758,96.55,2371,71.09,80.09,45.025,113.79,2021,12,4,168,160.1,163
12/21/2021,169,73.98,3.774,96.49,2294,71.54,80.94,49.345,113.64,2021,12,4,168.15,163.75,160.65
12/22/2021,169.5,75.29,3.86,96.08,2229,72.13,76.83,46.015,112.54,2021,12,4,169,164.25,152.3
12/23/2021,169.4,76.85,3.63,96.02,2219,72.42,74.46,38.84,112.54,2021,12,4,169.5,164.75,151.5
12/24/2021,168.9,76.14,3.63,96.02,2217,72.23,76.31,38.84,112.54,2021,12,4,169.4,164.75,150
12/27/2021,170.1,78.6,3.942,96.09,2217,72.34,76.92,40.98,112.99,2021,12,4,168.9,168.5,149.35
12/28/2021,171,78.94,3.885,96.2,2217,72.28,79.29,39.915,112.29,2021,12,4,170.1,168,150.4
12/29/2021,171.1,79.23,3.85,95.93,2217,72.48,80.36,34.03,112.34,2021,12,4,171,168.15,150.15
12/30/2021,170.1,79.32,3.435,95.97,2217,72.49,80.16,34.21,112.24,2021,12,4,171.1,169,152.5
12/31/2021,169.6,77.78,3.557,95.97,2217,72.6,80.65,30.495,112.5,2021,12,4,170.1,169.5,152.5
1/3/2022,157.5,78.98,3.678,96.21,2217,71.91,84.01,30.505,120.4,2022,1,1,169.6,169.4,154
1/4/2022,174.1,80,3.582,96.26,2285,72.38,84.91,32.745,120.91,2022,1,1,157.5,168.9,157
1/5/2022,179.9,80.8,3.71,96.17,2289,72.19,87.58,34.19,124.14,2022,1,1,174.1,170.1,159
1/6/2022,196.5,81.99,3.67,96.32,2296,71.6,86.74,34.07,125.94,2022,1,1,179.9,171,158
1/7/2022,195.9,81.75,3.726,95.72,2289,71.78,85.42,33.95,126.21,2022,1,1,196.5,171.1,157.5
1/10/2022,196.5,80.87,3.834,95.99,2277,71.68,80.09,33.265,124.48,2022,1,1,195.9,170.1,159.3
1/11/2022,197.1,83.72,3.968,95.62,2151,72.09,81.3,32.915,126.75,2022,1,1,196.5,169.6,152
1/12/2022,203,84.67,4.327,94.92,2027,72.84,80.01,33,128.66,2022,1,1,197.1,157.5,157.45
1/13/2022,211.5,84.47,4.005,94.79,1873,72.84,80.56,32.605,127.84,2022,1,1,203,174.1,158.5
1/14/2022,216.75,86.06,4.081,95.17,1764,72.06,82.08,32.845,126.24,2022,1,1,211.5,179.9,155.25
1/17/2022,220.5,86.48,4.276,95.26,1731,72.1,80.58,32.845,126.24,2022,1,1,216.75,196.5,151.25
1/18/2022,221,87.51,4.048,95.73,1644,71.82,82.67,22.935,127.48,2022,1,1,220.5,195.9,154.1
1/19/2022,223.1,88.44,3.845,95.51,1570,72.1,82.09,21.14,127.41,2022,1,1,221,196.5,158.7
1/20/2022,225.65,88.38,3.649,95.74,1474,72.25,85.59,20.525,129.09,2022,1,1,223.1,197.1,160.1
1/21/2022,224.6,87.89,3.782,95.64,1415,71.83,84.47,22.09,129.49,2022,1,1,225.65,203,163.75
1/24/2022,225.25,86.27,3.875,95.92,1391,71.4,84.02,25.19,128.74,2022,1,1,224.6,211.5,164.25
1/25/2022,227.3,88.2,3.894,95.95,1343,71.48,87.45,26.005,129.94,2022,1,1,225.25,216.75,164.75
1/26/2022,227.8,89.96,4.036,96.39,1296,71.14,88.66,25.825,129.4,2022,1,1,227.3,220.5,164.75
1/27/2022,227.6,89.34,4.283,97.25,1302,70.31,89.76,25.275,129.96,2022,1,1,227.8,221,168.5
1/28/2022,227.65,90.03,4.473,97.27,1381,69.86,89.22,26.81,130.81,2022,1,1,227.6,223.1,168
1/31/2022,222.75,91.21,4.675,96.54,1418,70.64,89.24,24.71,131.15,2022,1,1,227.65,225.65,168.15
2/1/2022,218.1,89.16,4.573,96.39,1440,71.26,89.52,23.705,138.79,2022,2,1,222.75,224.6,169
2/2/2022,220.1,89.47,5.044,95.94,1419,71.36,94.21,24.2,139.98,2022,2,1,218.1,225.25,169.5
2/3/2022,221,91.11,4.72,95.38,1425,71.4,94.81,24.34,145.95,2022,2,1,220.1,227.3,169.4
2/4/2022,227.3,93.27,4.492,95.49,1423,70.76,96.45,25.35,145.45,2022,2,1,221,227.8,168.9
2/7/2022,236,92.69,4.198,95.4,1422,71.25,96.7,25.1,150.11,2022,2,1,227.3,227.6,170.1
2/8/2022,239.25,90.78,4.218,95.64,1503,71.45,96.93,25.305,148.83,2022,2,1,236,227.65,171
2/9/2022,239.25,91.55,3.98,95.49,1711,71.78,90.79,24.715,147.64,2022,2,1,239.25,222.75,171.1
2/10/2022,239.1,91.41,3.943,95.55,1940,71.65,90.78,24.795,151.57,2022,2,1,239.25,218.1,170.1
2/11/2022,245,94.44,3.935,96.08,1977,71.35,92.87,24.57,150.87,2022,2,1,239.1,220.1,169.6
2/14/2022,240,96.48,4.16,96.37,1984,71.25,91.76,24.885,146.76,2022,2,1,245,221,157.5
2/15/2022,239,93.28,4.241,95.99,1968,71.51,91.14,24.815,144.89,2022,2,1,240,227.3,174.1
2/16/2022,235.5,94.81,4.572,95.7,1896,71.92,89.86,23.075,142.23,2022,2,1,239,236,179.9
2/17/2022,232.4,92.97,4.43,95.8,1886,71.83,86.44,24.51,143.88,2022,2,1,235.5,239.25,196.5
2/18/2022,232.35,93.54,4.377,96.04,1964,71.73,89.47,23.805,141.11,2022,2,1,232.4,239.25,195.9
2/21/2022,233.85,95.39,4.705,96.08,2045,71.9,89.68,23.805,141.11,2022,2,1,232.35,239.1,196.5
2/22/2022,236.25,96.84,4.461,96.03,2148,72.19,89.77,25.96,143.26,2022,2,1,233.85,245,197.1
2/23/2022,237.7,96.84,4.593,96.19,2244,72.33,95.07,28.965,142.96,2022,2,1,236.25,240,203
2/24/2022,239.5,99.08,4.641,97.14,2187,71.62,87.03,37.01,142.66,2022,2,1,237.7,239,211.5
2/25/2022,238.6,97.93,4.485,96.61,2076,72.32,88.14,27.51,141.76,2022,2,1,239.5,235.5,216.75
2/28/2022,274.5,100.99,4.42,96.71,2040,72.62,82.21,27.95,141.99,2022,2,1,238.6,232.4,220.5
3/1/2022,313,104.97,4.598,97.41,2069,72.48,68.85,31.5,143.45,2022,3,1,274.5,232.35,221
3/2/2022,440,112.93,4.787,97.39,2137,72.96,68.49,38.505,146.07,2022,3,1,313,233.85,223.1
3/3/2022,370,110.46,4.736,97.79,2104,73.29,67.35,43.6,151.11,2022,3,1,440,236.25,225.65
3/4/2022,418.75,118.11,5.036,98.65,2148,73.7,65.1,38.65,152.28,2022,3,1,370,237.7,224.6
3/7/2022,422.65,123.21,4.858,99.29,2235,73.16,58.3,51.765,158.82,2022,3,1,418.75,239.5,225.25
3/8/2022,423.15,127.98,4.563,99.06,2352,72.66,68.51,42.62,160.96,2022,3,1,422.65,238.6,227.3
3/9/2022,420.65,111.14,4.561,97.97,2558,73.22,73.18,38.965,157.59,2022,3,1,423.15,274.5,227.8
3/10/2022,373.35,109.33,4.669,98.51,2704,73.57,76.41,38.325,156.95,2022,3,1,420.65,313,227.6
3/11/2022,368.65,112.67,4.766,99.12,2718,72.9,76.76,37.145,155.36,2022,3,1,373.35,440,227.65
3/14/2022,361.75,106.9,4.702,99,2727,71.87,78.28,37.25,150.11,2022,3,1,368.65,370,222.75
3/15/2022,346,99.91,4.617,99.1,2689,71.96,77.43,37.445,144.77,2022,3,1,361.75,418.75,218.1
3/16/2022,340,98.02,4.784,98.62,2591,72.89,78.16,33.635,148.85,2022,3,1,346,422.65,220.1
3/17/2022,337.25,106.64,5.021,97.97,2588,73.74,79.89,35.555,149.65,2022,3,1,340,423.15,221
3/18/2022,336,107.93,4.902,98.23,2605,74.15,78.89,35.495,150.59,2022,3,1,337.25,420.65,227.3
3/21/2022,329.4,115.62,4.934,98.5,2589,74,78.39,34.81,150.47,2022,3,1,336,373.35,236
3/22/2022,328.9,115.48,5.227,98.49,2546,74.67,80.67,34.175,149.68,2022,3,1,329.4,368.65,239.25
3/23/2022,325.35,121.6,5.274,98.62,2575,74.97,76.6,34.12,149.57,2022,3,1,328.9,361.75,239.25
3/24/2022,326.65,119.03,5.446,98.79,2567,75.12,78.24,34.68,149.63,2022,3,1,325.35,346,239.1
3/25/2022,327.15,120.65,5.611,98.79,2544,75.12,78.6,34.43,149.87,2022,3,1,326.65,340,245
3/28/2022,259.75,112.48,5.538,99.09,2484,74.87,80.81,33.97,150.14,2022,3,1,327.15,337.25,240
3/29/2022,253.4,110.23,5.33,98.4,2417,75.06,81.7,33.875,150.14,2022,3,1,259.75,336,239
3/30/2022,260,113.45,5.658,97.79,2369,75.09,78.31,34.15,150.61,2022,3,1,253.4,329.4,235.5
3/31/2022,259,107.91,5.701,98.31,2358,74.8,76.48,35.435,150.84,2022,3,1,260,328.9,232.4
4/1/2022,258.75,104.39,5.795,98.63,2357,74.99,78.49,34.69,159.85,2022,4,2,259,325.35,232.35
4/4/2022,264,107.53,5.793,99,2307,75.42,78.5,32.95,161.84,2022,4,2,258.75,326.65,233.85
4/5/2022,281,106.64,6.108,99.47,2213,75.79,78.05,33.455,161.25,2022,4,2,264,327.15,236.25
4/6/2022,286.5,101.07,6.107,99.6,2128,75.13,77.18,33.44,160.08,2022,4,2,281,259.75,237.7
4/7/2022,281.65,100.58,6.436,99.75,2061,74.79,79.94,33.1,157.29,2022,4,2,286.5,253.4,239.5
4/8/2022,291.6,102.78,6.356,99.8,2055,74.55,80.09,33.605,154.21,2022,4,2,281.65,260,238.6
4/11/2022,290.65,98.48,6.723,99.93,2031,74.19,77.95,33.02,155.94,2022,4,2,291.6,259,274.5
4/12/2022,309.1,104.64,6.763,100.29,2035,74.59,79.01,32.965,155.56,2022,4,2,290.65,258.75,313
4/13/2022,312,108.78,7.096,99.88,2068,74.48,77.44,32.925,154.67,2022,4,2,309.1,264,440
4/14/2022,309.1,111.7,7.423,100.32,2137,74.18,79.97,32.93,155.69,2022,4,2,312,281,370
4/18/2022,309.1,113.16,7.958,100.78,2137,73.46,79.97,25.37,155.62,2022,4,2,309.1,286.5,418.75
4/19/2022,321,107.25,7.277,100.96,2115,73.7,80.2,25.12,154.58,2022,4,2,309.1,281.65,422.65
4/20/2022,326.35,106.8,7.065,100.39,2142,74.5,87.82,25.2,154.41,2022,4,2,321,291.6,423.15
4/21/2022,331.1,108.33,7.096,100.58,2239,73.71,86.44,25.29,154.27,2022,4,2,326.35,290.65,420.65
4/22/2022,327.1,106.65,6.663,101.22,2307,72.38,88.99,25.495,154.13,2022,4,2,331.1,309.1,373.35
4/25/2022,328.6,102.32,6.805,101.75,2356,71.77,83.46,25.395,152.47,2022,4,2,327.1,312,368.65
4/26/2022,325,104.99,6.978,102.3,2404,71.21,82.71,24.995,152.08,2022,4,2,328.6,309.1,361.75
4/27/2022,326.05,105.32,7.339,102.95,2425,71.26,81.01,25.145,151.62,2022,4,2,325,309.1,346
4/28/2022,326.95,107.59,6.994,103.62,2403,70.92,82.68,24.82,151.19,2022,4,2,326.05,321,340
4/29/2022,326.6,109.34,7.355,102.96,2404,70.63,84.45,24.53,150.77,2022,4,2,326.95,326.35,337.25
5/2/2022,299.8,107.58,7.566,103.74,2404,70.46,83.04,23.5,144.08,2022,5,2,326.6,331.1,336
5/3/2022,326.6,104.97,8.025,103.46,2412,70.94,88.19,23.5,144.08,2022,5,2,299.8,327.1,329.4
5/4/2022,360.35,110.14,8.472,102.59,2485,72.62,88.31,24.04,142.9,2022,5,2,326.6,328.6,328.9
5/5/2022,374.35,110.9,8.841,103.75,2644,71.11,88.91,24.145,144.9,2022,5,2,360.35,325,325.35
5/6/2022,379.5,112.39,8.128,103.66,2718,70.77,91.54,24.03,136.91,2022,5,2,374.35,326.05,326.65
5/9/2022,377,105.94,7.106,103.65,2831,69.55,87.02,23.155,133.31,2022,5,2,379.5,326.95,327.15
5/10/2022,377.45,102.46,7.467,103.92,2939,69.35,87.34,22.98,131.9,2022,5,2,377,326.6,259.75
5/11/2022,385.85,107.51,7.727,103.85,3052,69.37,88.83,23.375,134.26,2022,5,2,377.45,299.8,253.4
5/12/2022,391.5,107.45,7.835,104.85,3117,68.54,88.26,23.53,131.98,2022,5,2,385.85,326.6,260
5/13/2022,392.85,111.55,7.765,104.56,3104,69.39,88.48,23.433,132.33,2022,5,2,391.5,360.35,259
5/16/2022,402.5,114.24,8.053,104.19,3085,69.7,89.56,20.025,132.96,2022,5,2,392.85,374.35,258.75
5/17/2022,413.65,111.93,8.394,103.36,3095,70.29,91.72,20.075,132.61,2022,5,2,402.5,379.5,264
5/18/2022,412,109.11,8.455,103.81,3189,69.53,84.64,21.165,130.81,2022,5,2,413.65,377,281
5/19/2022,412.1,112.04,8.4,102.72,3289,70.47,83.18,21.79,131.92,2022,5,2,412,377.45,286.5
5/20/2022,417.25,112.55,8.178,103.15,3344,70.33,80.39,21.825,133.66,2022,5,2,412.1,385.85,281.65
5/23/2022,416,113.42,8.827,102.08,3369,71.06,78.15,22.6,133.99,2022,5,2,417.25,391.5,291.6
5/24/2022,408,113.56,8.836,101.86,3253,71.03,81.32,22.07,133.31,2022,5,2,416,392.85,290.65
5/25/2022,404.65,114.03,8.993,102.06,3127,70.93,81.4,22.22,133.27,2022,5,2,408,402.5,309.1
5/26/2022,403,117.4,8.895,101.83,2933,70.98,84.76,22.485,132.98,2022,5,2,404.65,413.65,312
5/27/2022,406.65,119.43,8.712,101.67,2681,71.6,84.2,22.625,133.17,2022,5,2,403,412,309.1
5/30/2022,401,121.67,8.686,101.67,2571,71.96,83.97,22.625,133.17,2022,5,2,406.65,412.1,309.1
5/31/2022,427,122.84,8.138,101.75,2566,71.73,84.02,24.075,133.51,2022,5,2,401,417.25,321
6/1/2022,412,116.29,8.686,102.5,2633,71.75,86.08,24.015,136.95,2022,6,2,427,416,326.35
6/2/2022,412.5,117.61,8.474,101.82,2633,72.64,86.34,24.015,142.35,2022,6,2,412,408,331.1
6/3/2022,412.5,119.72,8.51,102.14,2633,72.06,86.87,24.015,144.02,2022,6,2,412.5,404.65,327.1
6/6/2022,415.25,119.51,9.306,102.44,2560,71.91,81.43,23.355,144.81,2022,6,2,412.5,403,328.6
6/7/2022,397,120.57,9.278,102.32,2514,72.27,81.31,22.87,145.88,2022,6,2,415.25,406.65,325
6/8/2022,395.4,123.58,8.679,102.54,2410,71.92,79.81,22.775,145.34,2022,6,2,397,401,326.05
6/9/2022,396,123.07,8.978,103.22,2342,70.97,81.01,23.16,143.63,2022,6,2,395.4,427,326.95
6/10/2022,392.35,122.01,8.867,104.15,2320,70.51,81.86,23.165,141.51,2022,6,2,396,412,326.6
6/13/2022,390.35,122.27,8.619,105.08,2260,69.23,81.54,23.035,140.34,2022,6,2,392.35,412.5,299.8
6/14/2022,383.5,121.17,7.18,105.52,2284,68.68,84.15,23.175,140.09,2022,6,2,390.35,412.5,326.6
6/15/2022,386.35,118.51,7.406,105.16,2387,70.02,86.2,23.395,137.17,2022,6,2,383.5,415.25,360.35
6/16/2022,387.35,119.81,7.438,103.63,2462,70.44,83,34.65,137.85,2022,6,2,386.35,397,374.35
6/17/2022,389.35,113.12,6.906,104.7,2578,69.3,82.37,33.955,135.69,2022,6,2,387.35,395.4,379.5
6/20/2022,392.75,114.13,6.713,104.7,2596,69.48,84,33.955,135.69,2022,6,2,389.35,396,377
6/21/2022,390,114.65,6.783,104.43,2484,69.7,84.73,37.325,133.47,2022,6,2,392.75,392.35,377.45
6/22/2022,392,111.74,6.872,104.2,2349,69.26,81.88,37.11,127.92,2022,6,2,390,390.35,385.85
6/23/2022,397.5,110.05,6.283,104.43,2354,68.89,84.13,37.13,131.45,2022,6,2,392,383.5,391.5
6/24/2022,397,113.12,6.281,104.18,2331,69.48,83.43,37.095,129.71,2022,6,2,397.5,386.35,392.85
6/27/2022,392.45,115.09,6.546,103.94,2295,69.23,85.05,37.09,130.93,2022,6,2,397,387.35,402.5
6/28/2022,393.5,117.98,6.57,104.51,2204,69.06,87.4,37,131.01,2022,6,2,392.45,389.35,413.65
6/29/2022,380,116.26,6.493,105.11,2186,68.81,88.35,37.16,130.46,2022,6,2,393.5,392.75,412
6/30/2022,385.95,114.81,5.392,104.68,2240,69.01,90.16,38.66,130,2022,6,2,380,390,412.1
7/1/2022,388,111.63,5.712,105.14,2214,68.14,85.58,38.675,114.45,2022,7,3,385.95,392,417.25
7/4/2022,396.45,113.5,5.853,105.14,2159,68.64,84.55,38.675,114.45,2022,7,3,388,397.5,416
7/5/2022,397.6,102.77,5.487,106.54,2098,68.02,83.19,40.095,113.61,2022,7,3,396.45,397,408
7/6/2022,399.7,100.69,5.482,107.1,2043,67.75,83.22,38.61,112.38,2022,7,3,397.6,392.45,404.65
7/7/2022,410,104.65,6.262,107.13,2073,68.37,84.92,39.57,115.14,2022,7,3,399.7,393.5,403
7/8/2022,413.75,107.02,5.967,107.01,2067,68.56,82.79,39.385,113.74,2022,7,3,410,380,406.65
7/11/2022,419,107.1,6.319,108.02,2081,67.3,84.36,38.84,109.97,2022,7,3,413.75,385.95,401
7/12/2022,426,99.49,6.021,108.07,2013,67.56,85.65,38.63,109.68,2022,7,3,419,388,427
7/13/2022,430,99.57,6.589,107.96,2002,67.6,83.86,39.205,111.05,2022,7,3,426,396.45,412
7/14/2022,416.35,99.1,6.511,108.54,2010,67.47,83.97,39.215,106.01,2022,7,3,430,397.6,412.5
7/15/2022,406.55,101.16,6.926,108.06,2150,67.92,85.38,39.081,104.3,2022,7,3,416.35,399.7,412.5
7/18/2022,396.05,106.27,7.382,107.37,2162,68.12,84.94,36.595,106.69,2022,7,3,406.55,410,415.25
7/19/2022,399.65,107.35,7.15,106.68,2145,68.95,83.65,37.485,104.76,2022,7,3,396.05,413.75,397
7/20/2022,408.6,106.92,7.899,107.08,2113,68.85,78.84,38.17,104.51,2022,7,3,399.65,419,395.4
7/21/2022,403.4,103.86,7.815,106.91,2118,69.29,78.11,38.095,105.27,2022,7,3,408.6,426,396
7/22/2022,409.2,103.2,8.195,106.73,2146,69.25,76.3,38.99,105.39,2022,7,3,403.4,430,392.35
7/25/2022,410.25,105.15,8.571,106.48,2114,69.53,76.37,39.39,105.42,2022,7,3,409.2,416.35,390.35
7/26/2022,414,104.4,8.825,107.19,2061,69.38,76.68,40.21,106.01,2022,7,3,410.25,406.55,383.5
7/27/2022,411.5,106.62,8.554,106.45,2007,69.9,76.14,43.13,106.24,2022,7,3,414,396.05,386.35
7/28/2022,411.4,107.14,8.118,106.35,1945,69.85,78.96,41.54,106.89,2022,7,3,411.5,399.65,387.35
7/29/2022,407.9,110.01,8.208,105.9,1895,69.85,78.55,42.225,107.22,2022,7,3,411.4,408.6,389.35
8/1/2022,405,100.03,8.26,105.45,1872,70.23,80.58,44.83,114.35,2022,8,3,407.9,403.4,392.75
8/2/2022,403.5,100.54,7.698,106.24,1817,69.19,81.95,45.28,113.36,2022,8,3,405,409.2,390
8/3/2022,393.5,96.78,8.262,106.51,1731,69.43,83.99,45.95,110.11,2022,8,3,403.5,410.25,392
8/4/2022,385,94.12,8.114,105.69,1603,69.68,84.19,44.605,107.03,2022,8,3,393.5,414,397.5
8/5/2022,361,94.92,8.051,106.62,1560,69.09,84.76,44.66,109.2,2022,8,3,385,411.5,397
8/8/2022,371,96.65,7.578,106.43,1566,69.88,83.81,44.47,110.38,2022,8,3,361,411.4,392.45
8/9/2022,384.5,96.31,7.825,106.37,1564,69.64,85.93,44.62,109.85,2022,8,3,371,407.9,393.5
8/10/2022,398.65,97.4,8.193,105.2,1592,70.77,85.92,44.71,109.63,2022,8,3,384.5,405,380
8/11/2022,401,99.6,8.863,105.09,1556,71.05,87.55,45.335,110.41,2022,8,3,398.65,403.5,385.95
8/12/2022,407.65,98.15,8.744,105.63,1477,71.21,88.87,45.39,109.71,2022,8,3,401,393.5,388
8/15/2022,407.5,95.1,8.712,106.55,1404,70.22,90.78,45.443,107.6,2022,8,3,407.65,385,396.45
8/16/2022,405,92.34,9.311,106.5,1387,70.22,92.08,56.715,107.37,2022,8,3,407.5,361,397.6
8/17/2022,413.9,93.65,9.228,106.57,1394,69.32,95.8,56.82,105.51,2022,8,3,405,371,399.7
8/18/2022,413.9,96.59,9.17,107.48,1320,69.18,96.04,57.6,106.05,2022,8,3,413.9,384.5,410
8/19/2022,416.25,96.72,9.315,108.17,1279,68.72,98.01,57.02,105.64,2022,8,3,413.9,398.65,413.75
8/22/2022,418.35,96.48,9.647,109.05,1270,68.75,92.17,57.82,105.52,2022,8,3,416.25,401,419
8/23/2022,417.6,100.22,9.155,108.62,1271,69.3,89.29,56.33,105.57,2022,8,3,418.35,407.65,426
8/24/2022,412.6,101.22,9.3,108.68,1213,69.06,89.24,66.255,105.55,2022,8,3,417.6,407.5,430
8/25/2022,417.5,99.34,9.344,108.47,1123,69.8,89.31,69.955,105.35,2022,8,3,412.6,405,416.35
8/26/2022,417.4,100.99,9.269,108.8,1082,68.9,90.31,68.8,105.49,2022,8,3,417.5,413.9,406.55
8/29/2022,422.75,105.09,9.336,108.83,1082,69.03,86.66,68.665,105.28,2022,8,3,417.4,413.9,396.05
8/30/2022,414.55,99.31,9.103,108.77,1017,68.51,80.81,58.745,104.92,2022,8,3,422.75,416.25,399.65
8/31/2022,425,96.49,9.189,108.7,965,68.39,80.03,53.95,104.76,2022,8,3,414.55,418.35,408.6
9/1/2022,427.35,92.36,9.33,109.69,1002,67.85,80.79,59.155,96.29,2022,9,3,425,417.6,403.4
9/2/2022,435,93.02,8.85,109.53,1086,68.08,77.89,55.245,95.55,2022,9,3,427.35,412.6,409.2
9/5/2022,457.8,95.74,8.714,109.83,1133,67.95,74.45,55.245,95.55,2022,9,3,435,417.5,410.25
9/6/2022,450.25,92.83,8.212,110.21,1114,67.35,69.88,54.69,97.44,2022,9,3,457.8,417.4,414
9/7/2022,439,88,7.901,109.84,1133,67.69,69.03,55.2,97.19,2022,9,3,450.25,422.75,411.5
9/8/2022,440.35,89.15,7.971,109.71,1178,67.51,67.24,52.835,98.37,2022,9,3,439,414.55,411.4
9/9/2022,435.25,92.84,8.044,109,1213,68.41,66.08,53.9,100.21,2022,9,3,440.35,425,407.9
9/12/2022,437.5,94,8.287,108.33,1256,68.87,71.82,53.125,101.41,2022,9,3,435.25,427.35,405
9/13/2022,439.35,93.17,8.334,109.82,1408,67.3,69.75,53.035,101.43,2022,9,3,437.5,435,403.5
9/14/2022,444.2,94.1,9.167,109.66,1595,67.48,72.54,53.075,100.43,2022,9,3,439.35,457.8,393.5
9/15/2022,445.5,90.84,8.372,109.74,1612,67.02,71.85,53.508,100.39,2022,9,3,444.2,450.25,385
9/16/2022,439,91.35,7.811,109.76,1553,67.2,73.27,42.16,99.26,2022,9,3,445.5,439,361
9/19/2022,439.05,92,7.804,109.74,1553,67.27,71.1,41.97,98.99,2022,9,3,439,440.35,371
9/20/2022,441.3,90.62,7.772,110.21,1729,66.91,71.14,43.285,98.8,2022,9,3,439.05,435.25,384.5
9/21/2022,444.5,89.83,7.827,110.64,1746,66.28,69.79,38.915,98.65,2022,9,3,441.3,437.5,398.65
9/22/2022,435.65,90.46,7.193,111.35,1720,66.43,70.44,39.91,98.83,2022,9,3,444.5,439.35,401
9/23/2022,435.2,86.15,6.992,113.19,1816,65.27,65.77,37.57,98.89,2022,9,3,435.65,444.2,407.65
9/26/2022,438,84.06,7.014,114.1,1813,64.54,70.33,37.69,99.01,2022,9,3,435.2,445.5,407.5
9/27/2022,437.65,86.27,6.76,114.11,1807,64.34,67.96,42.47,98.71,2022,9,3,438,439,405
9/28/2022,436,89.32,6.955,112.6,1799,65.22,65.15,41.205,98.52,2022,9,3,437.65,439.05,413.9
9/29/2022,435.75,88.49,7.142,112.25,1757,64.99,65.73,39.105,98.42,2022,9,3,436,441.3,413.9
9/30/2022,433.7,87.96,7.065,112.12,1760,64.02,66.73,38.725,98.31,2022,9,3,435.75,444.5,416.25
10/3/2022,401.5,88.86,6.803,111.75,1788,65.16,65.94,38.87,94.22,2022,10,4,433.7,435.65,418.35
10/4/2022,404,91.8,7.174,110.07,1865,65,66.92,38.195,95.21,2022,10,4,401.5,435.2,417.6
10/5/2022,396.25,93.37,7.236,111.07,1996,64.86,67.07,35.05,95.26,2022,10,4,404,438,412.6
10/6/2022,400,94.42,7.242,112.26,1992,64.02,68.96,35.855,95.46,2022,10,4,396.25,437.65,417.5
10/7/2022,385.8,97.92,7.047,112.79,1961,63.68,69.85,34.46,95.62,2022,10,4,400,436,417.4
10/10/2022,386.5,96.19,6.784,113.14,1944,63.03,66.77,34.26,97.35,2022,10,4,385.8,435.75,422.75
10/11/2022,391.15,94.29,6.928,113.22,1904,62.7,66.34,34.785,96.97,2022,10,4,386.5,433.7,414.55
10/12/2022,403,92.45,6.766,113.32,1873,62.76,66.71,34.705,96.13,2022,10,4,391.15,401.5,425
10/13/2022,393.5,94.57,7.053,112.36,1818,62.98,68.84,34.835,95.4,2022,10,4,403,404,427.35
10/14/2022,392.5,91.63,6.827,113.31,1838,61.96,68.02,34.779,95.93,2022,10,4,393.5,396.25,435
10/17/2022,392.15,91.62,6.479,112.04,1843,62.9,67.51,30.92,94.93,2022,10,4,392.5,400,457.8
10/18/2022,387.85,90.03,6.237,112.13,1875,63.09,67.77,29.69,95.21,2022,10,4,392.15,385.8,450.25
10/19/2022,391,92.41,5.928,112.98,1871,62.7,67.29,30.315,94.86,2022,10,4,387.85,386.5,439
10/20/2022,391.95,92.38,5.838,112.88,1837,62.75,66.87,32.35,94.76,2022,10,4,391,391.15,440.35
10/21/2022,390,93.5,5.472,112.01,1819,63.77,68.72,32.47,94.86,2022,10,4,391.95,403,435.25
10/24/2022,390,93.26,5.753,111.99,1797,63.1,72.32,31.29,94.51,2022,10,4,390,393.5,437.5
10/25/2022,388.15,93.52,6.166,110.95,1755,63.94,77.11,31.02,94.61,2022,10,4,390,392.5,439.35
10/26/2022,386.5,95.69,6.119,109.7,1706,64.97,75.79,30.45,93.56,2022,10,4,388.15,392.15,444.2
10/27/2022,385.6,96.96,5.875,110.59,1612,64.49,80.21,30.49,92.81,2022,10,4,386.5,387.85,445.5
10/28/2022,385.7,95.77,5.953,110.75,1534,64.11,81.21,30.16,93.01,2022,10,4,385.6,391,439
10/31/2022,356.3,94.83,6.607,111.53,1463,63.97,79.97,27.535,92.43,2022,10,4,385.7,391.95,439.05
11/1/2022,359,94.65,6.08,111.48,1377,63.95,76.72,27.54,80.03,2022,11,4,356.3,390,441.3
11/2/2022,361,96.16,6.589,111.35,1321,63.49,76.7,29.105,82.1,2022,11,4,359,390,444.5
11/3/2022,351,94.67,6.33,112.93,1290,62.87,76.28,27.815,83.37,2022,11,4,361,388.15,435.65
11/4/2022,349.5,98.57,6.754,110.88,1323,64.66,76.36,28.925,85.16,2022,11,4,351,386.5,435.2
11/7/2022,344.9,97.92,7.244,110.12,1337,64.78,77.49,27.195,87.14,2022,11,4,349.5,385.6,438
11/8/2022,339,95.36,6.524,109.64,1356,65.03,76.06,27.88,85.33,2022,11,4,344.9,385.7,437.65
11/9/2022,324.75,92.65,6.225,110.55,1393,64.3,72.76,27.73,87.51,2022,11,4,339,356.3,436
11/10/2022,324.25,93.67,6.613,108.21,1390,66.17,73.05,27.545,88.19,2022,11,4,324.75,359,435.75
11/11/2022,326.8,95.99,6.263,106.29,1355,67.02,75.84,27.225,90.79,2022,11,4,324.25,361,433.7
11/14/2022,330.35,93.14,6.299,106.66,1325,66.96,75.23,27.23,92.09,2022,11,4,326.8,351,401.5
11/15/2022,341,93.86,6.395,106.4,1300,67.56,76.65,27.397,92.29,2022,11,4,330.35,349.5,404
11/16/2022,332.55,92.86,6.607,106.28,1288,67.4,73.41,25.885,92.34,2022,11,4,341,344.9,396.25
11/17/2022,334.6,89.78,6.744,106.69,1228,66.81,72.4,26.315,93.09,2022,11,4,332.55,339,400
11/18/2022,343.45,87.62,6.716,106.93,1189,66.71,72.47,26.385,92.89,2022,11,4,334.6,324.75,385.8
11/21/2022,351,87.45,7.223,107.83,1177,66.05,74.28,27.3,91.54,2022,11,4,343.45,324.25,386.5
11/22/2022,347.15,88.36,7.406,107.22,1149,66.48,73.87,29.215,91.45,2022,11,4,351,326.8,391.15
11/23/2022,346.45,85.41,7.708,106.08,1184,67.31,75.87,31.115,91.94,2022,11,4,347.15,330.35,403
11/24/2022,347.35,85.34,7.177,105.82,1242,67.63,78.69,31.115,91.94,2022,11,4,346.45,341,393.5
11/25/2022,349.4,83.63,7.33,105.96,1324,67.49,78.97,29.96,92.74,2022,11,4,347.35,332.55,392.5
11/28/2022,379,83.19,7.196,106.68,1347,66.48,78.59,30.28,93.04,2022,11,4,349.4,334.6,392.15
11/29/2022,387.4,83.03,7.084,106.82,1327,66.86,81.39,30.505,92.9,2022,11,4,379,343.45,387.85
11/30/2022,398.5,85.43,6.818,105.95,1355,67.86,84.9,33.31,93.25,2022,11,4,387.4,351,391
12/1/2022,385,86.88,6.631,104.73,1338,68.09,84.88,33.78,103.1,2022,12,4,398.5,347.15,391.95
12/2/2022,391,85.57,6.169,104.54,1324,67.89,87.98,31.76,107.44,2022,12,4,385,346.45,390
12/5/2022,400.5,82.68,5.484,105.29,1323,66.96,87.17,33.185,107.68,2022,12,4,391,347.35,390
12/6/2022,408.8,79.35,5.378,105.58,1340,66.92,88.61,32.845,108.49,2022,12,4,400.5,349.4,388.15
12/7/2022,405.65,77.17,5.617,105.1,1373,67.21,88.19,33.35,107.09,2022,12,4,408.8,379,386.5
12/8/2022,395.5,76.15,5.82,104.77,1385,67.68,88.93,34.295,109.49,2022,12,4,405.65,387.4,385.6
12/9/2022,402.5,76.1,6.082,104.81,1386,67.95,87.73,33.365,110.48,2022,12,4,395.5,398.5,385.7
12/12/2022,400.25,77.99,6.416,105.13,1361,67.45,89.81,32.925,109.47,2022,12,4,402.5,385,356.3
12/13/2022,404.5,80.68,6.733,103.98,1357,68.53,88.99,33.345,109.23,2022,12,4,400.25,391,359
12/14/2022,404,82.7,6.22,103.77,1401,68.63,86.19,33.385,109.26,2022,12,4,404.5,400.5,361
12/15/2022,401.9,81.21,6.589,104.56,1528,67.01,85.2,33.443,110.5,2022,12,4,404,408.8,351
12/16/2022,403,79.04,6.303,104.7,1560,66.84,83.68,35.575,110.27,2022,12,4,401.9,405.65,349.5
12/19/2022,401.35,79.8,5.71,104.72,1548,66.99,84.69,36.49,109.56,2022,12,4,403,395.5,344.9
12/20/2022,400.05,79.99,5.216,103.96,1596,66.77,86.87,34.915,109.86,2022,12,4,401.35,402.5,339
12/21/2022,401.4,82.2,5.238,104.16,1723,67.06,85.6,31.68,110.74,2022,12,4,400.05,400.25,324.75
12/22/2022,400.65,80.98,4.928,104.43,1650,66.66,86.85,31.635,110.43,2022,12,4,401.4,404.5,324.25
12/23/2022,401.1,83.92,4.98,104.31,1515,67.17,86.85,28.12,110.48,2022,12,4,400.65,404,326.8
12/27/2022,400.5,84.33,5.118,104.18,1515,67.29,86.08,28.185,110.64,2022,12,4,401.1,401.9,330.35
12/28/2022,402.1,83.26,4.685,104.46,1515,67.36,84.13,28.51,110.8,2022,12,4,400.5,403,341
12/29/2022,404.15,82.26,4.117,103.84,1515,67.78,82.36,28.83,110.98,2022,12,4,402.1,401.35,332.55
12/30/2022,404.15,85.91,4.104,103.52,1515,68.13,79.4,29.515,111.28,2022,12,4,404.15,400.05,334.6
1/3/2023,393.1,82.1,3.641,104.52,1250,67.33,80.42,29.345,117.79,2023,1,1,404.15,401.4,343.45
1/4/2023,394.55,77.84,3.78,104.25,1176,68.32,75.4,29.5,115.35,2023,1,1,393.1,400.65,351
1/5/2023,397.5,78.69,3.426,105.04,1146,67.49,76.24,28.85,114.97,2023,1,1,394.55,401.1,347.15
1/6/2023,396.15,78.57,3.392,103.88,1130,68.75,75.55,28.45,116.57,2023,1,1,397.5,400.5,346.45
1/9/2023,393.85,79.65,3.563,103,1139,69.11,79.1,27.115,117.41,2023,1,1,396.15,402.1,347.35
1/10/2023,390.45,80.1,3.314,103.24,1096,68.87,78.38,27.06,119.66,2023,1,1,393.85,404.15,349.4
1/11/2023,370,82.67,3.346,103.19,1043,68.99,76.64,26.87,121.02,2023,1,1,390.45,404.15,379
1/12/2023,377.5,84.03,3.355,102.25,976,69.72,77.76,26.76,121.26,2023,1,1,370,393.1,387.4
1/13/2023,370.25,85.28,3.196,102.2,946,69.76,77.2,26.807,122.33,2023,1,1,377.5,394.55,398.5
1/16/2023,368.75,84.46,3.675,102.27,946,69.54,75.07,26.807,122.33,2023,1,1,370.25,397.5,385
1/17/2023,369.25,85.92,3.253,102.39,921,69.87,77.21,22.725,120.95,2023,1,1,368.75,396.15,391
1/18/2023,368,84.98,3.111,102.36,874,69.41,81.42,23.09,121.19,2023,1,1,369.25,393.85,400.5
1/19/2023,363.5,86.16,3.124,102.06,801,69.09,81.86,22.95,121.79,2023,1,1,368,390.45,408.8
1/20/2023,350.95,87.63,3.036,102.01,763,69.66,82.6,22.815,122.16,2023,1,1,363.5,370,405.65
1/23/2023,360,88.19,3.222,102.14,740,70.28,81.8,23.255,121.94,2023,1,1,350.95,377.5,395.5
1/24/2023,359.6,86.13,3.057,101.92,721,70.47,79.62,22.115,121.97,2023,1,1,360,370.25,402.5
1/25/2023,354,86.12,2.915,101.64,703,71.02,82.28,20.94,121.93,2023,1,1,359.6,368.75,400.25
1/26/2023,355.6,87.47,2.848,101.84,677,71.14,86.81,20.165,122.49,2023,1,1,354,369.25,404.5
1/27/2023,358.1,86.66,2.849,101.93,676,71.03,86.94,19.5,122.7,2023,1,1,355.6,368,404
1/30/2023,265.35,84.9,2.731,102.28,680,70.59,87.21,19.485,123.08,2023,1,1,358.1,363.5,401.9
1/31/2023,251.75,84.49,2.741,102.1,681,70.54,90.13,19.025,123.37,2023,1,1,265.35,350.95,403
2/1/2023,247,82.84,2.536,101.22,668,71.35,92.65,18.97,126.33,2023,2,1,251.75,360,401.35
2/2/2023,244.65,82.17,2.522,101.75,640,70.76,90.65,18.37,123.95,2023,2,1,247,359.6,400.05
2/3/2023,236,79.94,2.48,102.92,621,69.19,90.9,18.525,125.26,2023,2,1,244.65,354,401.4
2/6/2023,252,80.99,2.535,103.62,608,68.81,87.96,18.495,124.34,2023,2,1,236,355.6,400.65
2/7/2023,255.65,83.69,2.664,103.43,601,69.58,87.9,18.185,122.75,2023,2,1,252,358.1,401.1
2/8/2023,239.35,85.09,2.477,103.41,603,69.24,87.59,17.93,123.21,2023,2,1,255.65,265.35,400.5
2/9/2023,225.5,84.5,2.492,103.22,592,69.35,88.49,17.915,124.65,2023,2,1,239.35,251.75,402.1
2/10/2023,226.1,86.39,2.607,103.63,602,69.16,90.44,17.985,125.14,2023,2,1,225.5,247,404.15
2/13/2023,221,86.61,2.499,103.35,616,69.65,89.35,17.895,123.76,2023,2,1,226.1,244.65,404.15
2/14/2023,219.5,85.58,2.652,103.23,563,69.85,88.62,17.89,124.2,2023,2,1,221,236,393.1
2/15/2023,219.9,85.38,2.555,103.92,541,69.03,91.51,17.882,124.34,2023,2,1,219.5,252,394.55
2/16/2023,214,85.14,2.485,103.86,530,68.76,95.13,16.295,124.69,2023,2,1,219.9,255.65,397.5
2/17/2023,209.35,83,2.352,103.86,538,68.79,93.33,15.92,124.94,2023,2,1,214,239.35,396.15
2/20/2023,205.65,84.07,2.324,103.86,552,69.05,95.11,15.92,124.94,2023,2,1,209.35,225.5,393.85
2/21/2023,208.5,83.05,2.177,104.18,594,68.52,97.12,14.3,126.34,2023,2,1,205.65,226.1,390.45
2/22/2023,209.65,80.6,2.298,104.58,674,68.03,93.45,14.84,125.77,2023,2,1,208.5,221,370
2/23/2023,210.1,82.21,2.432,104.6,816,68.07,93.84,14.9,125.92,2023,2,1,209.65,219.5,377.5
2/24/2023,209.2,83.16,2.548,105.21,883,67.25,94.79,14.99,125.85,2023,2,1,210.1,219.9,370.25
2/27/2023,196.5,82.45,2.853,104.67,935,67.34,96.9,14.97,125.74,2023,2,1,209.2,214,368.75
2/28/2023,192.85,83.89,2.863,104.87,990,67.28,95.88,14.36,125.75,2023,2,1,196.5,209.35,369.25
3/1/2023,193.5,84.31,2.943,104.48,1099,67.61,93.8,14.58,126.8,2023,3,1,192.85,205.65,368
3/2/2023,193,84.75,2.899,105.03,1145,67.29,90.1,14.585,127.02,2023,3,1,193.5,208.5,363.5
3/3/2023,188.9,85.83,3.141,104.52,1211,67.68,89.27,14.325,126.64,2023,3,1,193,209.65,350.95
3/6/2023,181.75,86.18,2.73,104.35,1258,67.27,89.96,14.285,125.5,2023,3,1,188.9,210.1,360
3/7/2023,179.25,83.29,2.84,105.61,1298,65.82,92.87,13.94,127.33,2023,3,1,181.75,209.2,359.6
3/8/2023,179.5,82.66,2.713,105.66,1327,65.86,94.76,13.895,127.37,2023,3,1,179.25,196.5,354
3/9/2023,180,81.59,2.683,105.31,1379,65.9,95.4,14.31,129.48,2023,3,1,179.5,192.85,355.6
3/10/2023,185.25,82.78,2.559,104.58,1424,65.77,96.83,14.155,129.44,2023,3,1,180,193.5,358.1
3/13/2023,182.9,80.77,2.726,103.6,1465,66.64,92.99,14.245,130.49,2023,3,1,185.25,193,265.35
3/14/2023,180,77.45,2.69,103.6,1587,66.79,89.73,14.2,130.04,2023,3,1,182.9,188.9,251.75
3/15/2023,175,73.69,2.546,104.65,1603,66.15,86.65,14.168,130.09,2023,3,1,180,181.75,247
3/16/2023,174,74.7,2.626,104.42,1560,66.54,85.27,13.555,128.91,2023,3,1,175,179.25,244.65
3/17/2023,173,72.97,2.446,103.71,1535,66.95,85.57,13.18,130,2023,3,1,174,179.5,236
3/20/2023,172.25,73.79,2.331,103.28,1542,67.18,85.18,13.155,128.26,2023,3,1,173,180,252
3/21/2023,174,75.32,2.485,103.26,1512,66.68,87.38,13.645,128.01,2023,3,1,172.25,185.25,255.65
3/22/2023,176.55,76.69,2.307,102.35,1456,66.82,86.63,12.64,127.73,2023,3,1,174,182.9,239.35
3/23/2023,176.65,75.91,2.283,102.53,1484,66.83,90.18,13.335,126.66,2023,3,1,176.55,180,225.5
3/24/2023,175.35,74.99,2.361,103.12,1489,66.45,85.4,12.7,126.01,2023,3,1,176.65,175,226.1
3/27/2023,176.25,78.12,2.215,102.86,1456,66.49,88.13,12.525,126.01,2023,3,1,175.35,174,221
3/28/2023,176.5,78.65,2.147,102.43,1402,67.09,89.4,12.505,126.01,2023,3,1,176.25,173,219.5
3/29/2023,176.6,78.28,2.184,102.64,1407,66.83,90.02,12.535,126.01,2023,3,1,176.5,172.25,219.9
3/30/2023,176.75,79.27,2.358,102.14,1403,67.07,90.8,12.7,126.01,2023,3,1,176.6,174,214
3/31/2023,177.25,79.77,2.465,102.51,1389,66.85,91.75,13.515,127.06,2023,3,1,176.75,176.55,209.35
4/3/2023,200,84.93,2.333,102.09,1412,67.85,96,12.75,122.19,2023,4,2,177.25,176.65,205.65
4/4/2023,192.65,84.94,2.344,101.59,1473,67.51,94.98,13.16,120.24,2023,4,2,200,175.35,208.5
4/5/2023,198,84.99,2.381,101.85,1525,67.18,97.01,12.68,119.67,2023,4,2,192.65,176.25,209.65
4/6/2023,193.75,85.12,2.238,101.82,1560,66.71,96.75,12.625,119.16,2023,4,2,198,176.5,210.1
4/10/2023,193.75,84.18,2.361,102.58,1560,66.37,96.75,12.625,119.75,2023,4,2,193.75,176.6,209.2
4/11/2023,194.15,85.61,2.351,102.2,1507,66.5,97.47,12.57,121.05,2023,4,2,193.75,176.75,196.5
4/12/2023,194.6,87.33,2.267,101.5,1463,66.88,96.27,12.625,120.5,2023,4,2,194.15,177.25,192.85
4/13/2023,190.75,86.09,2.197,101.01,1463,67.81,94.39,12.605,119.92,2023,4,2,194.6,200,193.5
4/14/2023,188,86.31,2.305,101.55,1435,67.08,94.11,12.593,119.11,2023,4,2,190.75,192.65,193
4/17/2023,187,84.76,2.444,102.1,1412,67,92.91,12.49,120.01,2023,4,2,188,198,188.9
4/18/2023,188.3,84.77,2.517,101.75,1368,67.22,95.15,12.85,120.34,2023,4,2,187,193.75,181.75
4/19/2023,192.5,83.12,2.395,101.97,1372,67.13,94.39,12.245,120.26,2023,4,2,188.3,193.75,179.25
4/20/2023,191.75,81.1,2.427,101.84,1432,67.4,91.74,12.235,119.31,2023,4,2,192.5,194.15,179.5
4/21/2023,190.35,81.66,2.408,101.82,1504,66.9,89.86,11.88,117.21,2023,4,2,191.75,194.6,180
4/24/2023,190,82.73,2.471,101.35,1517,66.96,88.56,11.875,116.76,2023,4,2,190.35,190.75,185.25
4/25/2023,189.05,80.77,2.437,101.86,1510,66.25,86.81,11.845,117.6,2023,4,2,190,188,182.9
4/26/2023,190.15,77.69,2.305,101.47,1536,65.98,86.24,11.64,116.71,2023,4,2,189.05,187,180
4/27/2023,189.95,78.37,2.548,101.5,1581,66.29,86.68,11.595,116.21,2023,4,2,190.15,188.3,175
4/28/2023,189.7,79.54,2.578,101.66,1576,66.07,87.65,11.55,116.14,2023,4,2,189.95,192.5,174
5/1/2023,185.15,79.31,2.498,102.15,1576,66.3,85.63,11.55,103.61,2023,5,2,189.7,191.75,173
5/2/2023,187.55,75.32,2.417,101.96,1552,66.61,88.52,11.495,106.01,2023,5,2,185.15,190.35,172.25
5/3/2023,180.6,72.33,2.36,101.34,1558,66.69,85.15,11.5,105.48,2023,5,2,187.55,190,174
5/4/2023,170.65,72.5,2.297,101.4,1545,66.93,84.5,11.31,103.87,2023,5,2,180.6,189.05,176.55
5/5/2023,169.65,75.3,2.321,101.21,1558,67.48,84.96,11.315,103.55,2023,5,2,170.65,190.15,176.65
5/8/2023,169.65,77.01,2.412,101.38,1558,67.82,85.59,11.315,107.4,2023,5,2,169.65,189.95,175.35
5/9/2023,169,77.44,2.427,101.61,1598,67.6,87.51,11.24,106.05,2023,5,2,169.65,189.7,176.25
5/10/2023,166.95,76.41,2.336,101.48,1640,67.78,89.06,11.21,106.85,2023,5,2,169,185.15,176.5
5/11/2023,163,74.98,2.345,102.06,1608,67.01,88.57,11.16,104.8,2023,5,2,166.95,187.55,176.6
5/12/2023,164.9,74.17,2.438,102.68,1558,66.46,88.93,11.115,105.16,2023,5,2,163,180.6,176.75
5/15/2023,163.75,75.23,2.542,102.43,1522,66.98,87.14,11.049,106.77,2023,5,2,164.9,170.65,177.25
5/16/2023,163.8,74.91,2.534,102.56,1476,66.55,88.93,9.855,106.84,2023,5,2,163.75,169.65,200
5/17/2023,165.25,76.96,2.509,102.88,1425,66.59,88.04,9.945,107.38,2023,5,2,163.8,169.65,192.65
5/18/2023,159.35,75.86,2.715,103.58,1402,66.17,89.65,9.715,107.27,2023,5,2,165.25,169,198
5/19/2023,162.25,75.58,2.707,103.2,1384,66.5,89.43,9.84,107.1,2023,5,2,159.35,166.95,193.75
5/22/2023,160.35,75.99,2.551,103.2,1365,66.53,87.25,9.755,107.16,2023,5,2,162.25,163,193.75
5/23/2023,160,76.84,2.489,103.49,1348,66.09,85.8,9.735,106.54,2023,5,2,160.35,164.9,194.15
5/24/2023,160.25,78.36,2.566,103.89,1295,65.43,84.79,9.58,105.56,2023,5,2,160,163.75,194.6
5/25/2023,160,76.26,2.476,104.25,1215,65.06,82.63,9.35,105.6,2023,5,2,160.25,163.8,190.75
5/26/2023,160,76.95,2.417,104.21,1172,65.17,83.13,9.235,105.41,2023,5,2,160,165.25,188
5/29/2023,140.65,77.07,2.349,104.26,1172,65.37,83,9.235,105.41,2023,5,2,160,159.35,187
5/30/2023,135.1,73.54,2.416,104.17,1123,65.17,80.38,9.365,105.2,2023,5,2,140.65,162.25,188.3
5/31/2023,135,72.66,2.358,104.33,977,65,80.77,9.285,105.07,2023,5,2,135.1,160.35,192.5
6/1/2023,130.15,74.28,2.273,103.56,937,65.7,78.95,9.265,104.5,2023,6,2,135,160,191.75
6/2/2023,131,76.13,2.299,104.01,919,66.11,78.52,9.285,106.33,2023,6,2,130.15,160.25,190.35
6/5/2023,137.75,76.71,2.366,104,939,66.15,82.86,9.265,107.38,2023,6,2,131,160,190
6/6/2023,134.45,76.29,2.381,104.13,1016,66.69,81.64,9.21,108.59,2023,6,2,137.75,160,189.05
6/7/2023,136,76.95,2.433,104.1,1020,66.5,83.86,9.235,109.18,2023,6,2,134.45,140.65,190.15
6/8/2023,136.25,75.96,2.434,103.34,1040,67.15,83.35,9.21,111.43,2023,6,2,136,135.1,189.95
6/9/2023,135.7,74.79,2.331,103.56,1055,67.39,86.14,9.25,112.96,2023,6,2,136.25,135,189.7
6/12/2023,134,71.84,2.336,103.65,1056,67.5,88.22,9.265,111.14,2023,6,2,135.7,130.15,185.15
6/13/2023,132.25,74.29,2.407,103.34,1074,67.66,90.72,9.3,112.45,2023,6,2,134,131,187.55
6/14/2023,132,73.2,2.413,102.95,1079,67.93,93.62,9.4,112.75,2023,6,2,132.25,137.75,180.6
6/15/2023,135.95,75.67,2.609,102.11,1094,68.85,92.93,9.584,112.93,2023,6,2,132,134.45,170.65
6/16/2023,128.45,76.61,2.721,102.24,1076,68.77,91.92,11.2,113.02,2023,6,2,135.95,136,169.65
6/19/2023,128.35,76.09,2.643,102.52,1065,68.49,93.23,11.2,113.02,2023,6,2,128.45,136.25,169.65
6/20/2023,126.55,75.9,2.57,102.54,1078,67.83,94.51,12.74,113.08,2023,6,2,128.35,135.7,169
6/21/2023,124.15,77.12,2.677,102.07,1138,67.96,90.85,12.475,112.85,2023,6,2,126.55,134,166.95
6/22/2023,125.75,74.14,2.704,102.39,1216,67.55,90.95,12.065,112.85,2023,6,2,124.15,132.25,163
6/23/2023,125.5,73.85,2.843,102.9,1240,66.77,87.55,11.835,112.65,2023,6,2,125.75,132,164.9
6/26/2023,125.5,74.18,2.892,102.69,1233,66.7,86.49,11.79,112.46,2023,6,2,125.5,135.95,163.75
6/27/2023,127.9,72.26,2.789,102.49,1183,66.84,89.09,12.07,112.6,2023,6,2,125.5,128.45,163.8
6/28/2023,127.9,74.03,2.668,102.9,1138,65.99,88.21,12.02,112.64,2023,6,2,127.9,128.35,165.25
6/29/2023,127.9,74.34,2.691,103.34,1112,66.14,88.13,12.12,112.62,2023,6,2,127.9,126.55,159.35
6/30/2023,128.05,74.9,2.774,102.91,1091,66.66,89.57,12.24,112.57,2023,6,2,127.9,124.15,162.25
7/3/2023,148.05,74.65,2.702,102.96,1068,66.7,87.58,12.08,110.87,2023,7,3,128.05,125.75,160.35
7/4/2023,143.15,76.25,2.751,103.04,1044,66.91,87.69,12.08,110.87,2023,7,3,148.05,125.5,160
7/5/2023,144.8,76.65,2.643,103.37,994,66.54,85.81,12.1,111.84,2023,7,3,143.15,125.5,160.25
7/6/2023,139.65,76.52,2.599,103.07,993,66.25,86.29,12.075,112.27,2023,7,3,144.8,127.9,160
7/7/2023,138,78.47,2.57,102.27,1009,66.88,86.15,12.085,110.54,2023,7,3,139.65,127.9,160
7/10/2023,133.7,77.69,2.641,101.97,1024,66.75,86.26,12.06,109.21,2023,7,3,138,127.9,140.65
7/11/2023,131,79.4,2.692,101.73,1032,66.86,87.05,12.02,109.34,2023,7,3,133.7,128.05,135.1
7/12/2023,129.05,80.11,2.597,100.52,1088,67.87,85.83,11.975,110.61,2023,7,3,131,148.05,135
7/13/2023,128,81.36,2.534,99.77,1103,68.87,85.88,11.91,110.95,2023,7,3,129.05,143.15,130.15
7/14/2023,131.65,79.87,2.53,99.91,1090,68.37,86.35,11.869,112.38,2023,7,3,128,144.8,131
7/17/2023,131.1,78.5,2.504,99.84,1073,68.15,86.78,10.56,111.81,2023,7,3,131.65,139.65,137.75
7/18/2023,134.35,79.63,2.618,99.94,1037,68.14,88.18,11.02,112.17,2023,7,3,131.1,138,134.45
7/19/2023,132,79.46,2.585,100.28,1004,67.74,88.98,10.745,112.08,2023,7,3,134.35,133.7,136
7/20/2023,132,79.64,2.731,100.88,977,67.79,90.84,10.92,112.43,2023,7,3,132,131,136.25
7/21/2023,133,81.07,2.707,101.07,978,67.27,91.82,10.885,112.47,2023,7,3,132,129.05,135.7
7/24/2023,133.1,82.74,2.688,101.35,967,67.39,91.29,11.26,112.51,2023,7,3,133,128,134
7/25/2023,134,83.64,2.747,101.35,962,67.89,92.34,11.46,112.72,2023,7,3,133.1,131.65,132.25
7/26/2023,134,82.92,2.693,100.89,1067,67.56,90.77,11.1,112.89,2023,7,3,134,131.1,132
7/27/2023,134,84.24,2.595,101.77,1097,67.06,90.92,10.97,112.9,2023,7,3,134,134.35,135.95
7/28/2023,134.45,84.99,2.753,101.62,1110,66.49,88.7,10.78,112.69,2023,7,3,134,132,128.45
7/31/2023,137.3,85.56,2.741,101.86,1127,67.2,86.81,10.92,112.46,2023,7,3,134.45,132,128.35
8/1/2023,134.35,84.91,2.672,102.3,1150,66.11,84.62,10.925,108.32,2023,8,3,137.3,133,126.55
8/2/2023,133.5,83.2,2.586,102.59,1123,65.38,83.2,10.97,107.41,2023,8,3,134.35,133.1,124.15
8/3/2023,136.85,85.14,2.67,102.54,1128,65.52,84.41,11,104.26,2023,8,3,133.5,134,125.75
8/4/2023,137,86.24,2.681,102.02,1136,65.69,83.41,10.955,105.18,2023,8,3,136.85,134,125.5
8/7/2023,141.1,85.34,2.813,102.05,1145,65.72,82.64,10.98,104.73,2023,8,3,137,134,125.5
8/8/2023,142.5,86.17,2.864,102.53,1142,65.43,83.97,10.955,104.41,2023,8,3,141.1,134.45,127.9
8/9/2023,142.5,87.55,3.053,102.49,1144,65.26,83.9,11.03,104.7,2023,8,3,142.5,137.3,127.9
8/10/2023,143,86.4,2.87,102.52,1137,65.13,84.55,11.045,104.6,2023,8,3,142.5,134.35,127.9
8/11/2023,144,86.81,2.882,102.84,1129,64.98,86.8,11.085,105.37,2023,8,3,143,133.5,128.05
8/14/2023,146.5,86.21,2.898,103.19,1135,64.84,87.95,11.145,104.63,2023,8,3,144,136.85,148.05
8/15/2023,147.15,84.89,2.781,103.21,1166,64.54,86.87,11.205,104.8,2023,8,3,146.5,137,143.15
8/16/2023,147.5,83.45,2.726,103.43,1233,64.23,88.58,14.32,104.81,2023,8,3,147.15,141.1,144.8
8/17/2023,147,84.12,2.755,103.57,1247,64.03,88.85,14.16,105.64,2023,8,3,147.5,142.5,139.65
8/18/2023,149.5,84.8,2.691,103.38,1237,64.02,88.05,13.95,106.1,2023,8,3,147,142.5,138
8/21/2023,149.25,84.46,2.743,103.3,1223,64.12,87.85,14.3,106.48,2023,8,3,149.5,143,133.7
8/22/2023,150,84.03,2.652,103.56,1194,64.21,90.01,14.3,106.77,2023,8,3,149.25,144,131
8/23/2023,150,83.21,2.592,103.42,1151,64.76,88,13.735,107.47,2023,8,3,150,146.5,129.05
8/24/2023,149,83.36,2.636,103.98,1110,64.19,85.21,12.92,107.82,2023,8,3,150,147.15,128
8/25/2023,149.4,84.48,2.657,104.08,1080,64,85.25,13.46,108.21,2023,8,3,149,147.5,131.65
8/28/2023,159.75,84.42,2.665,104.06,1080,64.29,85.6,13.46,108.31,2023,8,3,149.4,147,131.1
8/29/2023,159.5,85.49,2.662,103.53,1107,64.82,85,13.395,108.65,2023,8,3,159.75,149.5,134.35
8/30/2023,156,85.86,3.181,103.16,1094,64.76,86,13.405,108.99,2023,8,3,159.5,149.25,132
8/31/2023,156,86.86,3.147,103.62,1086,64.83,86.03,13.2,109.4,2023,8,3,156,150,132
9/1/2023,156.25,88.55,3.111,104.24,1065,64.5,85.64,13.395,118.19,2023,9,3,156,150,133
9/4/2023,156.55,89,2.647,104.24,1083,64.58,84.08,13.395,118.19,2023,9,3,156.25,149,133.1
9/5/2023,160.5,90.04,2.991,104.81,1063,63.77,83.91,13.24,117.13,2023,9,3,156.55,149.4,134
9/6/2023,160,90.6,2.943,104.86,1081,63.82,83.7,13.21,118.97,2023,9,3,160.5,159.75,134
9/7/2023,157.65,89.92,2.958,105.06,1141,63.76,83.29,13.32,117.4,2023,9,3,160,159.5,134
9/8/2023,156.25,90.65,2.966,105.09,1186,63.75,81.62,13.33,116.9,2023,9,3,157.65,156,134.45
9/11/2023,158,90.64,2.937,104.57,1209,64.31,81.73,13.385,118.23,2023,9,3,156.25,156,137.3
9/12/2023,159,92.06,3.015,104.71,1235,64.24,81.12,13.39,120.33,2023,9,3,158,156.25,134.35
9/13/2023,162.25,91.88,2.987,104.77,1290,64.21,83.76,13.39,120.53,2023,9,3,159,156.55,133.5
9/14/2023,160.15,93.7,2.983,105.4,1340,64.39,82.93,13.365,120.56,2023,9,3,162.25,160.5,136.85
9/15/2023,160.5,93.93,2.932,105.32,1381,64.32,82.1,13.329,121.29,2023,9,3,160.15,160,137
9/18/2023,160.75,94.43,3.001,105.2,1439,64.34,80.88,13.99,122.2,2023,9,3,160.5,157.65,141.1
9/19/2023,160.75,94.34,3.026,105.16,1526,64.54,81.3,14.25,122.16,2023,9,3,160.75,156.25,142.5
9/20/2023,160.75,93.53,2.921,105.12,1584,64.45,82.76,14.24,121.83,2023,9,3,160.75,158,142.5
9/21/2023,160.5,93.3,2.84,105.36,1569,64.17,84.43,14.33,121.69,2023,9,3,160.75,159,143
9/22/2023,160,93.27,2.879,105.58,1593,64.41,85.3,14.595,121.33,2023,9,3,160.5,162.25,144
9/25/2023,160,93.29,2.906,106,1614,64.23,84.89,14.99,121.18,2023,9,3,160,160.15,146.5
9/26/2023,160.35,93.96,2.845,106.23,1694,63.96,82.51,14.65,120.93,2023,9,3,160,160.5,147.15
9/27/2023,160.35,96.55,2.899,106.67,1752,63.52,81.86,14.595,120.84,2023,9,3,160.35,160.75,147.5
9/28/2023,159.75,95.38,3.34,106.22,1716,64.23,83.11,14.76,120.84,2023,9,3,160.35,160.75,147
9/29/2023,160.1,95.31,3.312,106.22,1701,64.34,81.45,14.63,120.79,2023,9,3,159.75,160.75,149.5
10/2/2023,154.5,90.71,3.233,106.9,1737,63.62,80.7,14.395,120.14,2023,10,4,160.1,160.5,149.25
10/3/2023,149.65,90.92,3.313,107,1780,63.01,79.8,14.245,118.44,2023,10,4,154.5,160,150
10/4/2023,144.65,85.81,3.32,106.8,1778,63.23,81.82,14.15,118.03,2023,10,4,149.65,160,150
10/5/2023,139,84.07,3.511,106.33,1827,63.69,80.86,14.105,117.42,2023,10,4,144.65,160.35,149
10/6/2023,138.5,84.58,3.641,106.04,1929,63.83,80.62,14.075,117.74,2023,10,4,139,160.35,149.4
10/9/2023,141.35,88.15,3.631,106.08,1991,64.1,81.63,14.155,118.18,2023,10,4,138.5,159.75,159.75
10/10/2023,141.9,87.65,3.659,105.82,1983,64.31,84.74,14.245,117.4,2023,10,4,141.35,160.1,159.5
10/11/2023,140.5,85.82,3.658,105.82,1948,64.13,83.78,14.305,118.31,2023,10,4,141.9,154.5,156
10/12/2023,142.65,86,3.639,106.6,1935,63.14,85.45,14.36,117.42,2023,10,4,140.5,149.65,156
10/13/2023,143.85,90.89,3.584,106.65,1945,62.91,85.66,14.475,118.57,2023,10,4,142.65,144.65,156.25
10/16/2023,143.75,89.65,3.479,106.24,1972,63.4,83.41,17.72,119.25,2023,10,4,143.85,139,156.55
10/17/2023,142.25,89.9,3.468,106.25,2058,63.63,82.65,17.645,119.31,2023,10,4,143.75,138.5,160.5
10/18/2023,140,91.5,3.463,106.57,2105,63.36,81.79,18.29,119.01,2023,10,4,142.25,141.35,160
10/19/2023,136.5,92.38,3.326,106.25,2071,63.28,82,18.245,119.04,2023,10,4,140,141.9,157.65
10/20/2023,138,92.16,3.258,106.16,2046,63.12,81.67,18.4,118.65,2023,10,4,136.5,140.5,156.25
10/23/2023,138.35,89.83,3.273,105.54,2017,63.35,80.3,18.585,118.45,2023,10,4,138,142.65,158
10/24/2023,136.5,88.07,3.322,106.27,1949,63.55,80.66,17.84,118.19,2023,10,4,138.35,143.85,159
10/25/2023,133.5,90.13,3.376,106.53,1832,63.08,79.93,17.955,118.48,2023,10,4,136.5,143.75,162.25
10/26/2023,135.7,87.93,3.477,106.6,1662,63.21,79.58,17.91,118.45,2023,10,4,133.5,142.25,160.15
10/27/2023,135.2,90.48,3.483,106.56,1563,63.34,79.36,17.895,118.55,2023,10,4,135.7,140,160.5
10/30/2023,131,87.45,3.589,106.12,1502,63.74,78.78,17.91,118.7,2023,10,4,135.2,136.5,160.75
10/31/2023,121.1,87.41,3.813,106.66,1459,63.36,79.41,17.72,118.91,2023,10,4,131,138,160.75
11/1/2023,119.65,84.63,3.753,106.88,1401,63.92,78.66,17.655,122.33,2023,11,4,121.1,138.35,160.75
11/2/2023,120,86.85,3.75,106.12,1385,64.34,79.06,17.645,125.57,2023,11,4,119.65,136.5,160.5
11/3/2023,122.5,84.89,3.795,105.02,1462,65.12,77.2,17.57,126.15,2023,11,4,120,133.5,160
11/6/2023,119,85.18,3.564,105.21,1523,64.88,75.88,17.445,126.63,2023,11,4,122.5,135.7,160
11/7/2023,120.1,81.61,3.463,105.54,1559,64.35,75.36,17.355,125.95,2023,11,4,119,135.2,160.35
11/8/2023,122.5,79.54,3.389,105.59,1530,64.01,75.4,17.29,127.26,2023,11,4,120.1,131,160.35
11/9/2023,123,80.01,3.333,105.91,1598,63.65,77.3,17.255,127.38,2023,11,4,122.5,121.1,159.75
11/10/2023,123.25,81.43,3.284,105.86,1643,63.64,78.5,17.185,128.07,2023,11,4,123,119.65,160.1
11/13/2023,122,82.52,3.4,105.63,1655,63.8,77.04,17.2,128.34,2023,11,4,123.25,120,154.5
11/14/2023,122.5,82.47,3.316,104.05,1662,65.06,78.57,17.125,128.78,2023,11,4,122,122.5,149.65
11/15/2023,123.25,81.18,3.362,104.39,1688,65.05,79.8,17.102,129.25,2023,11,4,122.5,119,144.65
11/16/2023,123.1,77.42,3.239,104.35,1758,64.7,77.2,17.1,129.42,2023,11,4,123.25,120.1,139
11/17/2023,123.25,80.61,3.131,103.92,1820,65.08,76.23,16.975,128.95,2023,11,4,123.1,122.5,138.5
11/20/2023,122.5,82.32,3.05,103.44,1817,65.56,76.66,17.125,129.31,2023,11,4,123.25,123,141.35
11/21/2023,122.3,82.45,2.993,103.57,1796,65.54,75.21,16.465,129.55,2023,11,4,122.5,123.25,141.9
11/22/2023,122.15,81.96,3.033,103.92,1755,65.41,75.1,16.49,129.84,2023,11,4,122.3,122,140.5
11/23/2023,122.15,81.42,2.93,103.77,1855,65.57,76.57,16.49,129.84,2023,11,4,122.15,122.5,142.65
11/24/2023,122,80.58,2.999,103.4,2102,65.82,76.46,17.095,130.16,2023,11,4,122.15,123.25,143.85
11/27/2023,127.5,79.98,2.946,103.2,2259,66.06,73.07,16.505,130.42,2023,11,4,122,123.1,143.75
11/28/2023,127.45,81.68,2.837,102.75,2391,66.48,72.5,16.42,130.4,2023,11,4,127.5,123.25,142.25
11/29/2023,127.85,83.1,2.769,102.76,2696,66.17,70.78,16.245,130.38,2023,11,4,127.45,122.5,140
11/30/2023,132.15,82.83,2.763,103.5,2937,66.05,70.56,16.135,130.46,2023,11,4,127.85,122.3,136.5
12/1/2023,133.5,78.88,2.773,103.27,3192,66.72,72.45,16.25,130.46,2023,12,4,132.15,122.15,138
12/4/2023,134.45,78.03,2.651,103.71,3346,66.19,70.43,16.05,130.46,2023,12,4,133.5,122.15,138.35
12/5/2023,134.15,77.2,2.667,104.05,3143,65.5,68.91,16.06,130.77,2023,12,4,134.45,122,136.5
12/6/2023,140.45,74.3,2.517,104.15,2848,65.49,68.96,16.005,132.92,2023,12,4,134.15,127.5,133.5
12/7/2023,148.75,74.05,2.52,103.54,2495,66.01,69.97,16.05,134.4,2023,12,4,140.45,127.45,135.7
12/8/2023,151,75.84,2.504,104.01,2483,65.77,68.62,15.975,135.45,2023,12,4,148.75,127.85,135.2
12/11/2023,152.5,76.03,2.35,104.1,2509,65.65,67.34,15.745,135.16,2023,12,4,151,132.15,131
12/12/2023,146.25,73.24,2.24,103.86,2551,65.59,68.24,15.615,135.66,2023,12,4,152.5,133.5,121.1
12/13/2023,146.25,74.26,2.292,102.87,2438,66.58,68.88,15.455,135.03,2023,12,4,146.25,134.45,119.65
12/14/2023,145.5,76.61,2.347,101.96,2411,66.97,66.73,15.325,135.22,2023,12,4,146.25,134.15,120
12/15/2023,145.25,76.55,2.425,102.55,2348,66.96,67.57,15.197,135.08,2023,12,4,145.5,140.45,122.5
12/18/2023,144.75,77.95,2.416,102.56,2288,67.05,69.61,12.395,134.61,2023,12,4,145.25,148.75,119
12/19/2023,145.25,79.23,2.366,102.17,2219,67.61,69.76,11.775,134.65,2023,12,4,144.75,151,120.1
12/20/2023,144.25,79.7,2.347,102.41,2150,67.29,73.2,11.81,134.85,2023,12,4,145.25,152.5,122.5
12/21/2023,145.25,79.39,2.459,101.84,2087,68.01,75.88,11.935,135.31,2023,12,4,144.25,146.25,123
12/22/2023,145.5,79.07,2.49,101.7,2094,67.99,76.94,11.945,135.52,2023,12,4,145.25,146.25,123.25
12/26/2023,145.5,81.07,2.419,101.47,2094,68.24,76.94,11.945,135.75,2023,12,4,145.5,145.5,122
12/27/2023,146,79.65,2.437,100.99,2094,68.43,77.74,11.87,136.07,2023,12,4,145.5,145.25,122.5
12/28/2023,145.45,78.39,2.377,101.23,2094,68.29,77.94,11.725,136.16,2023,12,4,146,144.75,123.25
12/29/2023,146.4,77.04,2.327,101.33,2094,68.1,77.98,11.52,136.37,2023,12,4,145.45,145.25,123.1
1/2/2024,127.75,75.89,2.386,102.2,2093,67.6,74.09,11.495,136.37,2024,1,1,146.4,144.25,123.25
1/3/2024,128.5,78.25,2.448,102.49,2091,67.29,75.42,11.5,144.16,2024,1,1,127.75,145.25,122.5
1/4/2024,130.9,77.59,2.559,102.42,2086,67.05,73.78,11.555,142.95,2024,1,1,128.5,145.5,122.3
1/5/2024,131.55,78.76,2.621,102.41,2110,67.13,73.97,11.565,141.45,2024,1,1,130.9,145.5,122.15
1/8/2024,132,76.12,2.598,102.21,2022,67.18,69.96,11.48,140.87,2024,1,1,131.55,146,122.15
1/9/2024,135.65,77.59,2.697,102.57,1875,66.82,69.9,11.3,140.52,2024,1,1,132,145.45,122
1/10/2024,133.5,76.8,2.562,102.36,1664,66.98,67.72,11.285,138.16,2024,1,1,135.65,146.4,127.5
1/11/2024,130.75,77.41,2.54,102.29,1554,66.87,65.96,11.245,138.85,2024,1,1,133.5,127.75,127.45
1/12/2024,130.85,78.29,2.617,102.4,1460,66.85,63.8,11.2,137.22,2024,1,1,130.75,128.5,127.85
1/15/2024,129.85,78.15,3.066,102.4,1360,66.6,66.9,11.2,137.22,2024,1,1,130.85,130.9,132.15
1/16/2024,129.5,78.29,2.477,103.36,1324,65.83,65.49,10.025,136.75,2024,1,1,129.85,131.55,133.5
1/17/2024,129.5,77.88,2.496,103.45,1308,65.5,63.31,9.55,135.79,2024,1,1,129.5,132,134.45
1/18/2024,128.9,79.1,2.413,103.54,1357,65.7,63.28,9.555,136.08,2024,1,1,129.5,135.65,134.15
1/19/2024,128,78.56,2.252,103.29,1503,65.97,63.42,9.585,135.88,2024,1,1,128.9,133.5,140.45
1/22/2024,127.45,80.06,2.125,103.33,1518,65.7,62.41,9.405,135.42,2024,1,1,128,130.75,148.75
1/23/2024,127.3,79.55,2.167,103.62,1473,65.78,63.27,9.335,135.48,2024,1,1,127.45,130.85,151
1/24/2024,127.2,80.04,2.262,103.24,1507,65.76,65.8,9.575,135.49,2024,1,1,127.3,129.85,152.5
1/25/2024,126.8,82.43,2.18,103.57,1499,65.81,63.41,9.39,135.54,2024,1,1,127.2,129.5,146.25
1/26/2024,127.1,83.55,2.175,103.43,1518,65.74,63.1,9.29,135.55,2024,1,1,126.8,129.5,146.25
1/29/2024,116.4,82.4,2.054,103.61,1460,66.1,61.77,9.39,135.55,2024,1,1,127.1,128.9,145.5
1/30/2024,119.55,82.87,2.104,103.4,1397,66.01,64.02,9.48,135.61,2024,1,1,116.4,128,145.25
1/31/2024,116.5,81.71,2.121,103.27,1398,65.65,64.4,9.53,135.13,2024,1,1,119.55,127.45,144.75
2/1/2024,116,78.7,2.064,103.05,1388,65.69,62.32,9.46,132.67,2024,2,1,116.5,127.3,145.25
2/2/2024,116.75,77.33,2.086,103.92,1407,65.12,63.5,9.46,128.63,2024,2,1,116,127.2,144.25
2/5/2024,119,77.99,2.074,104.45,1436,64.82,62.59,9.455,128.94,2024,2,1,116.75,126.8,145.25
2/6/2024,119,78.59,2.007,104.21,1516,65.23,63.49,9.47,127.39,2024,2,1,119,127.1,145.5
2/7/2024,120.5,79.21,1.98,104.06,1487,65.18,62.32,9.45,127.03,2024,2,1,119,116.4,145.5
2/8/2024,120.6,81.63,1.948,104.17,1473,64.91,60.71,9.45,129.07,2024,2,1,120.5,119.55,146
2/9/2024,120.6,82.19,1.885,104.11,1545,65.23,58.8,9.435,128.75,2024,2,1,120.6,116.5,145.45
2/12/2024,120,82,1.8,104.17,1572,65.29,57.2,9.435,128.87,2024,2,1,120.6,116,146.4
2/13/2024,120.5,82.77,1.742,104.96,1585,64.52,56.65,9.405,129.02,2024,2,1,120,116.75,127.75
2/14/2024,119.75,81.6,1.665,104.72,1582,64.9,56.44,9.365,129.1,2024,2,1,120.5,119,128.5
2/15/2024,119.25,82.86,1.647,104.3,1581,65.24,57.95,9.347,129.17,2024,2,1,119.75,119,130.9
2/16/2024,119.25,83.47,1.68,104.3,1610,65.31,57.11,8.57,129.29,2024,2,1,119.25,120.5,131.55
2/19/2024,119.6,83.56,1.558,104.29,1629,65.37,53.14,8.57,129.29,2024,2,1,119.25,120.6,132
2/20/2024,119.6,82.34,1.646,104.08,1632,65.48,54.21,8.37,127.92,2024,2,1,119.6,120.6,135.65
2/21/2024,119.4,83.03,1.863,104.01,1676,65.5,54.51,8.295,127.3,2024,2,1,119.6,120,133.5
2/22/2024,119.4,83.67,1.832,103.96,1752,65.53,52.59,8.155,127.82,2024,2,1,119.4,120.5,130.75
2/23/2024,119.4,81.62,1.699,103.94,1866,65.6,52.51,8.125,126.85,2024,2,1,119.4,119.75,130.85
2/26/2024,127.75,82.53,1.744,103.83,1871,65.4,53.83,8.3,126.11,2024,2,1,119.4,119.25,129.85
2/27/2024,129.2,83.65,1.808,103.83,1899,65.43,55.96,8.22,125.84,2024,2,1,127.75,119.25,129.5
2/28/2024,129.5,83.68,2.052,103.97,2041,64.96,57.21,8.495,125.36,2024,2,1,129.2,119.6,129.5
2/29/2024,131,83.62,2.008,104.16,2111,64.95,56.44,8.37,124.86,2024,2,1,129.5,119.6,128.9
3/1/2024,132,83.55,1.975,103.86,2203,65.23,56.31,8.3,113.89,2024,3,1,131,119.4,128
3/4/2024,136,82.8,2.073,103.83,2297,65.11,57.28,8.34,116.94,2024,3,1,132,119.4,127.45
3/5/2024,137.45,82.04,2.095,103.8,2291,65.03,60,8.38,116.21,2024,3,1,136,119.4,127.3
3/6/2024,136.75,82.96,2.072,103.37,2176,65.63,58.79,8.415,116.96,2024,3,1,137.45,127.75,127.2
3/7/2024,135.5,82.96,1.952,102.82,2251,66.16,59.44,8.4,117.96,2024,3,1,136.75,129.2,126.8
3/8/2024,134.4,82.08,1.923,102.71,2345,66.27,58.5,8.46,117.05,2024,3,1,135.5,129.5,127.1
3/11/2024,133,82.21,1.862,102.87,2377,66.14,56.13,8.465,113,2024,3,1,134.4,131,116.4
3/12/2024,130.65,81.92,1.823,102.96,2315,66.05,57,8.465,113.15,2024,3,1,133,132,119.55
3/13/2024,131.1,84.03,1.784,102.79,2370,66.2,55.87,8.475,111.77,2024,3,1,130.65,136,116.5
3/14/2024,131.5,85.42,1.862,103.36,2350,65.8,58.8,8.49,110.94,2024,3,1,131.1,137.45,116
3/15/2024,131,85.34,1.789,103.43,2374,65.6,59.38,8.521,109.61,2024,3,1,131.5,136.75,116.75
3/18/2024,129.75,86.89,1.833,103.59,2419,65.59,61.42,9.88,110.47,2024,3,1,131,135.5,119
3/19/2024,129.4,87.38,1.876,103.84,2392,65.29,61.31,9.9,110.71,2024,3,1,129.75,134.4,119
3/20/2024,128.9,85.95,1.845,103.41,2284,65.85,60.01,9.57,110.29,2024,3,1,129.4,133,120.5
3/21/2024,128.25,85.78,1.831,104,2240,65.69,59.37,9.285,110.94,2024,3,1,128.9,130.65,120.6
3/22/2024,127.7,85.43,1.812,104.47,2196,65.14,61.5,9.445,110.64,2024,3,1,128.25,131.1,120.6
3/25/2024,128.95,86.75,1.789,104.24,2123,65.39,64.84,9.715,110.67,2024,3,1,127.7,131.5,120
3/26/2024,128.9,86.25,1.788,104.29,1989,65.32,63,9.575,110.28,2024,3,1,128.95,131,120.5
3/27/2024,129,86.09,1.953,104.35,1845,65.33,62.61,9.4,109.84,2024,3,1,128.9,129.75,119.75
3/28/2024,129.1,87.48,1.997,104.55,1821,65.15,61.93,9.535,109.53,2024,3,1,129,129.4,119.25
4/1/2024,132,87.42,2.074,105.02,1821,64.88,61.93,9.535,102.33,2024,4,2,129.1,128.9,119.25
4/2/2024,132.25,88.92,2.105,104.82,1714,65.17,58.9,9.465,102.91,2024,4,2,132,128.25,119.6
4/3/2024,129.65,89.35,2.067,104.25,1711,65.63,57.55,9.5,100.41,2024,4,2,132.25,127.7,119.6
4/4/2024,128.2,90.65,1.997,104.12,1669,65.87,58.39,9.545,99.89,2024,4,2,129.65,128.95,119.4
4/5/2024,129.1,91.17,2.01,104.3,1628,65.78,61.01,9.545,99.97,2024,4,2,128.2,128.9,119.4
4/8/2024,128.2,90.38,2.051,104.14,1594,66.03,63.39,9.575,102.68,2024,4,2,129.1,129,119.4
4/9/2024,127.75,89.42,2.064,104.15,1570,66.27,63.96,9.585,104.33,2024,4,2,128.2,129.1,127.75
4/10/2024,128,90.48,2.074,105.25,1587,65.1,62.85,9.585,104.02,2024,4,2,127.75,132,129.2
4/11/2024,128.75,89.74,2,105.28,1690,65.36,68.83,9.61,104.71,2024,4,2,128,132.25,129.5
4/12/2024,129.25,90.45,2.029,106.04,1729,64.63,71.64,9.645,106.05,2024,4,2,128.75,129.65,131
4/15/2024,129.75,90.1,1.946,106.21,1730,64.41,70.16,9.687,106.05,2024,4,2,129.25,128.2,132
4/16/2024,129.25,90.02,1.988,106.26,1779,64.01,74.25,11.26,106.07,2024,4,2,129.75,129.1,136
4/17/2024,129.6,87.29,1.962,105.95,1844,64.34,70.33,10.745,107.3,2024,4,2,129.25,128.2,137.45
4/18/2024,129.6,87.11,1.986,106.15,1901,64.2,71.55,10.88,107.95,2024,4,2,129.6,127.75,136.75
4/19/2024,130.6,87.29,1.988,106.15,1919,64.17,68.52,10.5,108.25,2024,4,2,129.6,128,135.5
4/22/2024,129.5,87,2.065,106.08,1882,64.49,66.4,10.53,108.62,2024,4,2,130.6,128.75,134.4
4/23/2024,129.75,88.42,2.094,105.68,1804,64.85,66.38,10.225,108.76,2024,4,2,129.5,129.25,133
4/24/2024,129,88.02,1.979,105.86,1774,64.97,66.85,10.435,109.23,2024,4,2,129.75,129.75,130.65
4/25/2024,129.25,89.01,1.986,105.6,1743,65.17,68.41,10.43,109.68,2024,4,2,129,129.25,131.1
4/26/2024,129.75,89.5,1.923,105.94,1721,65.33,67.51,10.325,110.16,2024,4,2,129.25,129.6,131.5
4/29/2024,137.4,88.4,2.373,105.58,1684,65.66,65.8,10.21,110.54,2024,4,2,129.75,129.6,131
4/30/2024,142.25,87.86,2.319,106.22,1685,64.72,69.2,10.335,110.91,2024,4,2,137.4,130.6,129.75
5/1/2024,147,83.44,2.266,105.75,1688,65.23,67.91,10.235,117.21,2024,5,2,142.25,129.5,129.4
5/2/2024,147.75,83.67,2.331,105.3,1774,65.63,72.69,10.41,118.08,2024,5,2,147,129.75,128.9
5/3/2024,145.15,82.96,2.416,105.03,1876,66.08,71.84,10.47,118.03,2024,5,2,147.75,129,128.25
5/6/2024,145.3,83.33,2.463,105.05,1876,66.24,73.67,10.47,119.56,2024,5,2,145.15,129.25,127.7
5/7/2024,146.4,83.16,2.471,105.41,2083,65.96,70.85,10.5,118.69,2024,5,2,145.3,129.75,128.95
5/8/2024,145.25,83.58,2.474,105.55,2203,65.78,71.92,10.46,116.59,2024,5,2,146.4,137.4,128.9
5/9/2024,144.95,83.88,2.537,105.23,2166,66.19,73.62,10.46,116.96,2024,5,2,145.25,142.25,129
5/10/2024,144.4,82.79,2.484,105.3,2129,66.01,71.59,10.475,116.93,2024,5,2,144.95,147,129.1
5/13/2024,142.1,83.36,2.587,105.22,2066,66.07,70.07,10.45,117.31,2024,5,2,144.4,147.75,132
5/14/2024,142.65,82.38,2.559,105.01,1993,66.23,70.1,10.45,116.65,2024,5,2,142.1,145.15,132.25
5/15/2024,143,82.75,2.631,104.35,1889,66.92,69.19,10.469,116.3,2024,5,2,142.65,145.3,129.65
5/16/2024,143.5,83.27,2.687,104.46,1817,66.77,70.79,11.045,116.85,2024,5,2,143,146.4,128.2
5/17/2024,141.5,83.98,2.789,104.44,1844,66.92,70.52,11.16,117.02,2024,5,2,143.5,145.25,129.1
5/20/2024,141,83.71,2.901,104.57,1847,66.67,74.24,11.505,117.24,2024,5,2,141.5,144.95,128.2
5/21/2024,142.05,82.88,2.839,104.66,1829,66.64,76.2,11.825,117.57,2024,5,2,141,144.4,127.75
5/22/2024,142.4,81.9,3.052,104.93,1804,66.18,76.67,11.975,117.64,2024,5,2,142.05,142.1,128
5/23/2024,142.75,81.36,2.923,105.11,1796,66.06,76.1,12.255,117.53,2024,5,2,142.4,142.65,128.75
5/24/2024,142.8,82.12,2.773,104.72,1797,66.27,75.78,11.94,117.66,2024,5,2,142.75,143,129.25
5/27/2024,142.8,83.1,2.78,104.6,1797,66.51,76.51,11.94,117.66,2024,5,2,142.8,143.5,129.75
5/28/2024,142.4,84.22,2.825,104.61,1784,66.48,74.6,11.955,117.68,2024,5,2,142.8,141.5,129.25
5/29/2024,142.4,83.6,2.666,105.1,1790,66.11,73.95,11.83,117.74,2024,5,2,142.4,141,129.6
5/30/2024,142.4,81.86,2.647,104.72,1801,66.32,75.2,11.96,117.62,2024,5,2,142.4,142.05,129.6
5/31/2024,142.4,81.62,2.662,104.67,1815,66.52,74.07,11.905,117.52,2024,5,2,142.4,142.4,130.6
6/3/2024,140.2,78.36,2.804,104.14,1808,66.88,74.63,12.05,110.1,2024,6,2,142.4,142.75,129.5
6/4/2024,137.95,77.52,2.67,104.11,1813,66.44,72.58,11.99,107.69,2024,6,2,140.2,142.8,129.75
6/5/2024,136,78.41,2.828,104.27,1852,66.47,72,11.97,107.02,2024,6,2,137.95,142.8,129
6/6/2024,134.35,79.87,2.892,104.1,1869,66.65,71.53,11.985,108.5,2024,6,2,136,142.4,129.25
6/7/2024,131.45,79.62,2.996,104.89,1881,65.82,71.42,11.97,108.48,2024,6,2,134.35,142.4,129.75
6/10/2024,131.85,81.63,2.977,105.15,1883,66.09,70.91,11.965,107.38,2024,6,2,131.45,142.4,137.4
6/11/2024,131.25,81.92,3.193,105.23,1831,66.1,70.41,12,106.27,2024,6,2,131.85,142.4,142.25
6/12/2024,132.95,82.6,3.122,104.64,1836,66.63,70.3,12.03,106.42,2024,6,2,131.25,140.2,147
6/13/2024,134.7,82.75,3.037,105.2,1942,66.35,70.87,12.095,107.12,2024,6,2,132.95,137.95,147.75
6/14/2024,133.15,82.62,2.963,105.55,1948,66.14,68.53,12.138,107.33,2024,6,2,134.7,136,145.15
6/17/2024,133.9,84.25,2.867,105.32,1948,66.12,68.16,12.575,107.05,2024,6,2,133.15,134.35,145.3
6/18/2024,133.9,85.33,2.99,105.26,1961,66.55,68.38,12.6,107.11,2024,6,2,133.9,131.45,146.4
6/19/2024,134.1,85.07,2.916,105.25,1943,66.71,70.74,12.6,107.11,2024,6,2,133.9,131.85,145.25
6/20/2024,133.9,85.71,2.854,105.59,1984,66.54,69.19,12.6,107.15,2024,6,2,134.1,131.25,144.95
6/21/2024,132.05,85.24,2.836,105.8,1997,66.39,68.05,12.465,106.96,2024,6,2,133.9,132.95,144.4
6/24/2024,132.95,86.01,2.948,105.47,1973,66.56,67.56,12.61,106.55,2024,6,2,132.05,134.7,142.1
6/25/2024,134.1,85.01,2.863,105.61,1926,66.45,67.8,12.735,106.46,2024,6,2,132.95,133.15,142.65
6/26/2024,132,85.25,2.745,106.05,1964,66.46,67.23,12.62,106.56,2024,6,2,134.1,133.9,143
6/27/2024,132.75,86.39,2.675,105.91,2031,66.45,66.49,12.66,106.51,2024,6,2,132,133.9,143.5
6/28/2024,133.45,86.41,2.598,105.87,2050,66.67,67.36,12.635,106.51,2024,6,2,132.75,134.1,141.5
7/1/2024,132.1,86.6,2.492,105.9,2158,66.59,68.33,12.535,108,2024,7,3,133.45,133.9,141
7/2/2024,132.25,86.24,2.454,105.72,2179,66.66,70.93,12.56,110.32,2024,7,3,132.1,132.05,142.05
7/3/2024,135,87.34,2.447,105.4,2064,67.04,70.91,12.42,113.06,2024,7,3,132.25,132.95,142.4
7/4/2024,136.5,87.43,2.371,105.13,2021,67.27,70.18,12.42,113.06,2024,7,3,135,134.1,142.75
7/5/2024,135.75,86.54,2.35,104.88,1966,67.49,70.35,12.485,111.31,2024,7,3,136.5,132,142.8
7/8/2024,135.05,85.75,2.382,105,1940,67.36,69.04,12.39,110.02,2024,7,3,135.75,132.75,142.8
7/9/2024,135.25,84.66,2.36,105.13,1894,67.4,68.52,12.365,110.51,2024,7,3,135.05,133.45,142.4
7/10/2024,133.75,85.08,2.345,105.05,1939,67.47,67.96,12.35,108.74,2024,7,3,135.25,132.1,142.4
7/11/2024,133.75,85.4,2.282,104.44,1947,67.59,68.52,12.365,109.58,2024,7,3,133.75,132.25,142.4
7/12/2024,133.85,85.03,2.331,104.09,1997,67.83,69.35,12.33,109.58,2024,7,3,133.75,135,142.4
7/15/2024,134.95,84.85,2.178,104.19,1993,67.59,67.58,12.321,109.67,2024,7,3,133.85,136.5,140.2
7/16/2024,134.4,83.73,2.206,104.27,1942,67.33,67.94,12.3,109.39,2024,7,3,134.95,135.75,137.95
7/17/2024,134.75,85.08,2.071,103.75,1890,67.27,66.42,12.09,108.94,2024,7,3,134.4,135.05,136
7/18/2024,135,85.11,2.168,104.17,1912,67.05,66.11,12.2,108.73,2024,7,3,134.75,135.25,134.35
7/19/2024,135.1,82.63,2.165,104.4,1902,66.82,66,12.115,108.45,2024,7,3,135,133.75,131.45
7/22/2024,135,82.4,2.286,104.31,1896,66.42,64.79,12.095,108.16,2024,7,3,135.1,133.75,131.85
7/23/2024,134.7,81.01,2.224,104.45,1869,66.14,65.79,12.01,107.79,2024,7,3,135,133.85,131.25
7/24/2024,134.75,81.71,2.158,104.39,1864,65.81,68.9,12.235,107.47,2024,7,3,134.7,134.95,132.95
7/25/2024,134.75,82.37,2.072,104.36,1834,65.38,67.08,12.075,107.14,2024,7,3,134.75,134.4,134.7
7/26/2024,134.8,81.13,2.051,104.32,1808,65.48,67.71,12.205,106.86,2024,7,3,134.75,134.75,133.15
7/29/2024,140.1,79.78,2.036,104.56,1797,65.48,68.78,12.445,106.59,2024,7,3,134.8,135,133.9
7/30/2024,139.25,78.63,2.244,104.55,1762,65.37,68.58,12.475,106.25,2024,7,3,140.1,135.1,133.9
7/31/2024,140.1,80.72,2.162,104.1,1708,65.4,69.24,12.525,105.94,2024,7,3,139.25,135,134.1
8/1/2024,142.55,79.52,2.096,104.42,1668,64.98,71.17,12.49,102.83,2024,8,3,140.1,134.7,133.9
8/2/2024,144.1,76.81,2.078,103.21,1675,65.09,70.44,12.52,104,2024,8,3,142.55,134.75,132.05
8/5/2024,143.7,76.3,2.045,102.69,1677,64.95,68.86,12.445,104.18,2024,8,3,144.1,134.75,132.95
8/6/2024,145.5,76.48,2.121,102.97,1685,65.18,69.92,12.51,102.86,2024,8,3,143.7,134.8,134.1
8/7/2024,145,78.33,2.239,103.2,1698,65.17,70.57,12.535,101.71,2024,8,3,145.5,140.1,132
8/8/2024,145.5,79.16,2.27,103.21,1683,65.92,71.06,12.565,100.75,2024,8,3,145,139.25,132.75
8/9/2024,146,79.66,2.292,103.14,1670,65.72,70.14,12.55,101.26,2024,8,3,145.5,140.1,133.45
8/12/2024,146.75,82.3,2.342,103.14,1655,65.85,72.65,12.625,100.67,2024,8,3,146,142.55,132.1
8/13/2024,146.9,80.69,2.28,102.56,1670,66.31,71.29,12.655,100.44,2024,8,3,146.75,144.1,132.25
8/14/2024,145.75,79.76,2.343,102.57,1728,65.96,71.87,12.72,99.2,2024,8,3,146.9,143.7,135
8/15/2024,150,81.04,2.332,102.98,1692,66.12,72.11,12.778,98.55,2024,8,3,145.75,145.5,136.5
8/16/2024,146.75,79.68,2.247,102.46,1691,66.66,72.52,14.515,97.81,2024,8,3,150,145,135.75
8/19/2024,146.5,77.66,2.357,101.89,1708,67.28,73.14,14.465,98.1,2024,8,3,146.75,145.5,135.05
8/20/2024,146,77.2,2.33,101.44,1735,67.41,73.07,13.935,97.99,2024,8,3,146.5,146,135.25
8/21/2024,145.9,76.05,2.314,101.04,1759,67.42,72.14,13.79,98.38,2024,8,3,146,146.75,133.75
8/22/2024,146.75,77.22,2.194,101.51,1768,67.04,71.57,13.75,98.19,2024,8,3,145.9,146.9,133.75
8/23/2024,145.2,79.02,2.18,100.72,1762,67.92,71.13,13.82,98.05,2024,8,3,146.75,145.75,133.85
8/26/2024,145.7,81.43,2.13,100.85,1762,67.71,70.49,13.82,98.3,2024,8,3,145.2,150,134.95
8/27/2024,146,79.55,2.085,100.55,1721,67.92,71.49,14.055,98.45,2024,8,3,145.7,146.75,134.4
8/28/2024,145,78.65,2.097,101.09,1755,67.85,70.77,14.065,98.51,2024,8,3,146,146.5,134.75
8/29/2024,145,79.94,2.529,101.34,1827,67.97,71.06,14.01,98.63,2024,8,3,145,146,135
8/30/2024,146.2,78.8,2.498,101.7,1814,67.64,70.3,14.09,98.7,2024,8,3,145,145.9,135.1
9/2/2024,143.9,77.52,2.498,101.65,1919,67.9,70.43,14.09,98.7,2024,9,3,146.2,146.75,135
9/3/2024,142,73.75,2.55,101.82,1947,67.09,68.16,13.825,100.55,2024,9,3,143.9,145.2,134.7
9/4/2024,139.5,72.7,2.506,101.36,1902,67.24,67,13.785,92.93,2024,9,3,142,145.7,134.75
9/5/2024,141,72.69,2.579,101.11,1919,67.4,66.2,13.815,91.3,2024,9,3,139.5,146,134.75
9/6/2024,141.5,71.06,2.597,101.18,1941,66.7,66.5,13.79,91.61,2024,9,3,141,145,134.8
9/9/2024,141.65,71.84,2.527,101.55,1958,66.6,66.52,13.78,91.76,2024,9,3,141.5,145,140.1
9/10/2024,138.75,69.19,2.545,101.63,1941,66.51,64.92,13.785,91.28,2024,9,3,141.65,146.2,139.25
9/11/2024,139,70.61,2.577,101.68,1963,66.72,66.4,13.735,92.3,2024,9,3,138.75,143.9,140.1
9/12/2024,138.15,71.97,2.633,101.37,1927,67.22,65.45,13.685,93.06,2024,9,3,139,142,142.55
9/13/2024,137.9,71.61,2.589,101.11,1890,67.03,64.99,13.674,92.26,2024,9,3,138.15,139.5,144.1
9/16/2024,137.25,72.75,2.639,100.76,1896,67.51,63.21,13.13,91.94,2024,9,3,137.9,141,143.7
9/17/2024,139.65,73.7,2.613,100.89,1901,67.55,64.34,13.3,91.98,2024,9,3,137.25,141.5,145.5
9/18/2024,139,73.65,2.565,100.6,1890,67.63,63.7,13.22,91.57,2024,9,3,139.65,141.65,145
9/19/2024,139.5,74.88,2.595,100.61,1976,68.14,62.82,12.83,92.03,2024,9,3,139,138.75,145.5
9/20/2024,139.5,74.49,2.719,100.72,1977,68.06,63.39,12.97,91.93,2024,9,3,139.5,139,146
9/23/2024,139.5,73.9,2.854,100.85,1999,68.38,64.1,13.205,91.6,2024,9,3,139.5,138.15,146.75
9/24/2024,139.5,75.17,2.791,100.47,2014,68.91,63.87,13.055,91.88,2024,9,3,139.5,137.9,146.9
9/25/2024,139.75,73.46,2.817,100.91,2016,68.22,65.24,13.095,92.25,2024,9,3,139.5,137.25,145.75
9/26/2024,139.6,71.6,2.753,100.52,2091,68.95,66.52,13.19,92.54,2024,9,3,139.75,139.65,150
9/27/2024,139.75,71.98,3.304,100.38,2110,69.02,66.33,13.205,92.98,2024,9,3,139.6,139,146.75
9/30/2024,145.1,71.77,3.345,100.78,2084,69.13,65.56,13.125,93.83,2024,9,3,139.75,139.5,146.5
10/1/2024,141.65,73.56,3.288,101.19,2030,68.82,63.61,13.175,108.74,2024,10,4,145.1,139.5,146
10/2/2024,140.25,73.9,3.297,101.68,1978,68.84,62.6,13.09,109.29,2024,10,4,141.65,139.5,145.9
10/3/2024,140.8,77.62,3.369,101.99,1941,68.39,62.76,13.095,108.31,2024,10,4,140.25,139.5,146.75
10/4/2024,148.2,78.05,3.305,102.52,1928,67.94,62.05,13.09,108.84,2024,10,4,140.8,139.75,145.2
10/7/2024,148.5,80.93,3.218,102.54,1907,67.57,61.76,13.135,112.39,2024,10,4,148.2,139.6,145.7
10/8/2024,147.8,77.18,3.199,102.55,1860,67.45,60.29,13.095,106.3,2024,10,4,148.5,139.75,146
10/9/2024,145.45,76.58,3.116,102.93,1799,67.17,62.01,13.07,106.53,2024,10,4,147.8,145.1,145
10/10/2024,148,79.4,3.102,102.99,1790,67.39,65,13.075,105.81,2024,10,4,145.45,141.65,145
10/11/2024,146.7,79.04,3.047,102.89,1809,67.5,64.62,13.08,106.44,2024,10,4,148,140.25,146.2
10/14/2024,148.2,77.46,2.93,103.3,1814,67.25,65.97,13.105,107.11,2024,10,4,146.7,140.8,143.9
10/15/2024,146.05,74.25,2.944,103.26,1766,67.02,65.09,13.109,106.63,2024,10,4,148.2,148.2,142
10/16/2024,145.95,74.22,2.841,103.59,1676,66.66,63.03,13.465,106.2,2024,10,4,146.05,148.5,139.5
10/17/2024,145.75,74.45,2.83,103.82,1594,66.96,62.98,13.495,105.36,2024,10,4,145.95,147.8,141
10/18/2024,145.4,73.06,2.765,103.49,1576,67.06,62.28,13.275,105.37,2024,10,4,145.75,145.45,141.5
10/21/2024,145.6,74.29,2.807,104.01,1546,66.58,61.76,13.34,105.23,2024,10,4,145.4,148,141.65
10/22/2024,144.7,76.04,2.895,104.07,1480,66.81,62.25,13.525,104.94,2024,10,4,145.6,146.7,138.75
10/23/2024,145.25,74.96,2.901,104.43,1445,66.33,64.89,13.595,104.62,2024,10,4,144.7,148.2,139
10/24/2024,145.5,74.38,3.018,104.06,1417,66.4,66.63,13.72,104.4,2024,10,4,145.25,146.05,138.15
10/25/2024,144.9,76.05,3.092,104.26,1410,66.03,66.97,13.795,104.23,2024,10,4,145.5,145.95,137.9
10/28/2024,144.5,71.42,2.863,104.32,1382,65.83,66.4,13.755,104.15,2024,10,4,144.9,145.75,137.25
10/29/2024,145.25,71.12,2.859,104.32,1402,65.6,67.28,13.685,104.09,2024,10,4,144.5,145.4,139.65
10/30/2024,145,72.55,3.101,103.99,1395,65.71,65.47,13.52,104.08,2024,10,4,145.25,145.6,139
10/31/2024,144.05,73.16,2.968,103.98,1388,65.81,64.58,13.62,103.78,2024,10,4,145,144.7,139.5
11/1/2024,143.95,73.1,2.936,104.28,1378,65.59,63.87,13.475,102.49,2024,11,4,144.05,145.25,139.5
11/4/2024,143.9,75.08,3.036,103.89,1374,65.84,65.22,13.475,103.91,2024,11,4,143.95,145.5,139.5
11/5/2024,142.9,75.53,2.936,103.42,1405,66.35,64.3,13.54,105.09,2024,11,4,143.9,144.9,139.5
11/6/2024,141.1,74.92,3.007,105.09,1427,65.68,63.76,13.495,104.01,2024,11,4,142.9,144.5,139.75
11/7/2024,142.2,75.63,2.948,104.51,1451,66.78,66.04,13.495,105.22,2024,11,4,141.1,145.25,139.6
11/8/2024,143.35,73.87,2.922,105,1495,65.8,68.02,13.55,103.82,2024,11,4,142.2,145,139.75
11/11/2024,142.25,71.83,3.126,105.54,1558,65.74,67.57,13.55,103.1,2024,11,4,143.35,144.05,145.1
11/12/2024,142.25,71.89,3.133,106.02,1634,65.33,67.53,13.565,102.96,2024,11,4,142.25,143.95,141.65
11/13/2024,141.5,72.28,3.202,106.48,1630,64.85,66.31,13.555,102.88,2024,11,4,142.25,143.9,140.25
11/14/2024,141.5,72.56,3.054,106.67,1692,64.52,68.27,13.565,102.22,2024,11,4,141.5,142.9,140.8
11/15/2024,141.75,71.04,3.096,106.69,1785,64.61,68.01,13.579,101.63,2024,11,4,141.5,141.1,148.2
11/18/2024,141.75,73.3,3.186,106.28,1756,65.07,69.51,14.65,101.76,2024,11,4,141.75,142.2,148.5
11/19/2024,141.25,73.31,3.228,106.21,1627,65.31,68.13,14.4,101.89,2024,11,4,141.75,143.35,147.8
11/20/2024,141.5,72.81,3.193,106.68,1616,65.03,68.38,14.66,101.95,2024,11,4,141.25,142.25,145.45
11/21/2024,141.5,74.23,3.339,106.97,1576,65.11,69.99,15.075,102.02,2024,11,4,141.5,142.25,148
11/22/2024,141.25,75.17,3.129,107.55,1537,65.01,69.27,14.785,101.95,2024,11,4,141.5,141.5,146.7
11/25/2024,141,73.01,3.369,106.82,1529,65.02,69.86,15.015,102.01,2024,11,4,141.25,141.5,148.2
11/26/2024,141,72.81,3.431,107.01,1581,64.72,69.23,14.94,102.06,2024,11,4,141,141.75,146.05
11/27/2024,140.7,72.83,3.204,106.08,1509,64.95,68.47,15.02,102.17,2024,11,4,141,141.75,145.95
11/28/2024,140.7,73.28,3.204,106.14,1419,64.99,67.63,15.02,102.17,2024,11,4,140.7,141.25,145.75
11/29/2024,141.5,72.94,3.363,105.74,1354,65.1,68.4,14.925,102.44,2024,11,4,140.7,141.5,145.4
12/2/2024,135,71.83,3.213,106.45,1298,64.71,68.83,15.115,105.32,2024,12,4,141.5,141.5,145.6
12/3/2024,134.8,73.62,3.042,106.36,1237,64.83,68.49,15.125,106.08,2024,12,4,135,141.25,144.7
12/4/2024,133.4,72.31,3.043,106.32,1180,64.28,67.86,15.075,106.29,2024,12,4,134.8,141,145.25
12/5/2024,133.25,72.09,3.079,105.71,1160,64.5,67.34,15.065,106.29,2024,12,4,133.4,141,145.5
12/6/2024,133.25,71.12,3.076,106.06,1167,63.89,68.31,15.075,106.29,2024,12,4,133.25,140.7,144.9
12/9/2024,133.75,72.14,3.182,106.14,1168,64.37,66.37,15.06,106.34,2024,12,4,133.25,140.7,144.5
12/10/2024,133.45,72.19,3.163,106.4,1156,63.75,68.89,15.02,105.63,2024,12,4,133.75,141.5,145.25
12/11/2024,133.75,73.52,3.378,106.71,1106,63.68,69.36,15,105.52,2024,12,4,133.45,135,145
12/12/2024,132.5,73.41,3.455,106.96,1055,63.67,66.81,14.95,105.49,2024,12,4,133.75,134.8,144.05
12/13/2024,130.75,74.49,3.28,107,1051,63.61,65.11,14.877,105.31,2024,12,4,132.5,133.4,143.95
12/16/2024,129.25,73.91,2.702,106.86,1071,63.7,63.97,12.765,105.41,2024,12,4,130.75,133.25,143.9
12/17/2024,129,73.19,3.08,106.96,1053,63.36,62.96,13.32,105.58,2024,12,4,129.25,133.25,142.9
12/18/2024,128.25,73.39,3.115,108.03,1028,62.17,63.6,13.005,104.73,2024,12,4,129,133.75,141.1
12/19/2024,127.1,72.88,3.296,108.41,976,62.36,66.36,13.46,104.08,2024,12,4,128.25,133.45,142.2
12/20/2024,127.4,72.94,3.412,107.62,990,62.5,66.85,13.665,103.84,2024,12,4,127.1,133.75,143.35
12/23/2024,126.75,72.63,3.656,108.04,994,62.46,68.29,13.985,103.84,2024,12,4,127.4,132.5,142.25
12/24/2024,126.75,73.58,3.946,108.2,997,62.36,68.08,13.965,104.08,2024,12,4,126.75,130.75,142.25
12/26/2024,126.75,73.26,3.715,108.13,997,62.2,68.08,13.965,104.08,2024,12,4,126.75,129.25,141.5
12/27/2024,126.75,74.17,3.514,108,997,62.15,70.15,14.29,103.9,2024,12,4,126.75,129,141.5
12/30/2024,124.55,74.39,3.936,108.13,997,62.18,70.58,14.155,103.78,2024,12,4,126.75,128.25,141.75
12/31/2024,125.25,74.64,3.633,108.49,997,61.87,71.57,14.24,103.61,2024,12,4,124.55,127.1,141.75
1/2/2025,124.6,75.93,3.66,109.39,1029,62.03,73.74,14.38,100.61,2025,1,1,125.25,127.4,141.25
1/3/2025,123.5,76.51,3.354,108.95,1072,62.12,74.45,14.36,99.44,2025,1,1,124.6,126.75,141.5
1/6/2025,119.75,76.3,3.672,108.26,1043,62.43,72.87,14.285,99.44,2025,1,1,123.5,126.75,141.5
1/7/2025,118.3,77.05,3.449,108.54,1015,62.29,72.56,14.27,97.84,2025,1,1,119.75,126.75,141.25
1/8/2025,117.45,76.16,3.651,109.09,966,62.15,70.7,14.225,97.74,2025,1,1,118.3,126.75,141
1/9/2025,115.75,76.92,3.701,109.18,969,61.93,71.98,14.19,98.09,2025,1,1,117.45,124.55,141
1/10/2025,113.5,79.76,3.989,109.65,1048,61.45,73.34,14.155,98.09,2025,1,1,115.75,125.25,140.7
1/13/2025,114.5,81.01,3.934,109.96,1093,61.77,75.34,14.14,98.72,2025,1,1,113.5,124.6,140.7
1/14/2025,115.4,79.92,3.968,109.27,1080,61.92,75.36,14.135,99.99,2025,1,1,114.5,123.5,141.5
1/15/2025,114.45,82.03,4.083,109.09,1063,62.26,76.34,14.129,100.2,2025,1,1,115.4,119.75,135
1/16/2025,114.7,81.29,4.258,108.96,1023,62.12,76.69,13.745,100.49,2025,1,1,114.45,118.3,134.8
1/17/2025,117.25,80.79,3.948,109.35,987,61.9,77.6,13.78,101.21,2025,1,1,114.7,117.45,133.4
1/20/2025,118.15,79.1,3.948,109.35,957,62.74,78.32,13.78,101.21,2025,1,1,117.25,115.75,133.25
1/21/2025,117.75,78.4,3.343,108.06,928,62.71,78.6,14.41,101.21,2025,1,1,118.15,113.5,133.25
1/22/2025,116.75,78.15,3.506,108.17,893,62.73,77.29,14.115,101.4,2025,1,1,117.75,114.5,133.75
1/23/2025,116.5,77.56,3.945,108.05,824,62.85,79.06,13.975,101.34,2025,1,1,116.75,115.4,133.45
1/24/2025,116.35,77.55,4.027,107.44,778,63.09,79.95,14.11,101.34,2025,1,1,116.5,114.45,133.75
1/27/2025,114.55,77.08,3.697,107.34,761,62.91,77.65,14.02,101.34,2025,1,1,116.35,114.7,132.5
1/28/2025,115.05,77.49,3.471,107.87,746,62.51,78.55,13.985,101.3,2025,1,1,114.55,117.25,130.75
1/29/2025,114.8,76.58,3.535,108,726,62.3,81.18,14.295,101.33,2025,1,1,115.05,118.15,129.25
1/30/2025,114.85,76.87,3.047,107.8,715,62.07,80.91,14.225,101.33,2025,1,1,114.8,117.75,129
1/31/2025,115.5,76.76,3.044,108.37,735,62.11,82.19,14.44,101.59,2025,1,1,114.85,116.75,128.25
2/3/2025,115.65,75.96,3.352,108.99,738,62.26,79.3,14.405,105.02,2025,2,1,115.5,116.5,127.1
2/4/2025,112.5,76.2,3.253,107.96,753,62.53,79.23,14.495,105.4,2025,2,1,115.65,116.35,127.4
2/5/2025,111.25,74.61,3.36,107.58,771,62.85,79.49,14.43,104.81,2025,2,1,112.5,114.55,126.75
2/6/2025,108.95,74.29,3.408,107.69,793,62.83,80.3,14.515,106.23,2025,2,1,111.25,115.05,126.75
2/7/2025,107.25,74.66,3.309,108.04,815,62.71,80.65,14.725,106.37,2025,2,1,108.95,114.8,126.75
2/10/2025,105.65,75.87,3.444,108.32,809,62.75,81.29,14.79,106.97,2025,2,1,107.25,114.85,126.75
2/11/2025,104.75,77,3.519,107.96,801,62.94,80.92,14.89,106.32,2025,2,1,105.65,115.5,124.55
2/12/2025,104.5,75.18,3.565,107.94,776,62.79,78.64,14.92,107.26,2025,2,1,104.75,115.65,125.25
2/13/2025,104.3,75.02,3.628,107.31,780,63.15,76.44,14.935,106.77,2025,2,1,104.5,112.5,124.6
2/14/2025,102.75,74.74,3.725,106.71,792,63.5,78.12,14.95,106.83,2025,2,1,104.3,111.25,123.5
2/17/2025,102,74.93,3.725,106.57,806,63.53,75.61,14.95,106.83,2025,2,1,102.75,108.95,119.75
2/18/2025,100.85,75.43,3.977,107.05,841,63.5,74.16,14.55,106.74,2025,2,1,102,107.25,118.3
2/19/2025,103.5,75.67,4.205,107.17,904,63.44,72.47,14.115,106.76,2025,2,1,100.85,105.65,117.45
2/20/2025,103.5,76.05,4.152,106.37,941,63.98,71.13,14.25,107,2025,2,1,103.5,104.75,115.75
2/21/2025,102,74.05,4.234,106.61,981,63.55,72.37,14.175,107.13,2025,2,1,103.5,104.5,113.5
2/24/2025,102.25,74.31,3.994,106.6,1002,63.48,72.14,14.335,107.19,2025,2,1,102,104.3,114.5
2/25/2025,102,73.02,4.174,106.31,1039,63.43,70.26,13.855,107.17,2025,2,1,102.25,102.75,115.4
2/26/2025,102.4,72.53,3.906,106.42,1112,63.06,69.56,13.49,107.15,2025,2,1,102,102,114.45
2/27/2025,102.4,74.04,3.934,107.24,1159,62.33,71.32,13.985,107.07,2025,2,1,102.4,100.85,114.7
2/28/2025,102.05,73.18,3.834,107.61,1229,62.07,69.56,13.85,106.9,2025,2,1,102.4,103.5,117.25
3/3/2025,101.4,71.62,4.122,106.75,1276,62.24,70.12,13.965,100.81,2025,3,1,102.05,103.5,118.15
3/4/2025,101.5,71.04,4.35,105.74,1262,62.71,67.13,13.83,101.61,2025,3,1,101.4,102,117.75
3/5/2025,104.1,69.3,4.45,104.3,1228,63.34,67.4,13.73,100.72,2025,3,1,101.5,102.25,116.75
3/6/2025,104.7,69.46,4.302,104.06,1286,63.31,65.93,13.69,101.24,2025,3,1,104.1,102,116.5
3/7/2025,103.25,70.36,4.399,103.84,1400,63.05,67.21,13.76,101.29,2025,3,1,104.7,102.4,116.35
3/10/2025,104.6,69.28,4.491,103.97,1424,62.78,67.57,13.76,100.99,2025,3,1,103.25,102.4,114.55
3/11/2025,104.9,69.56,4.453,103.29,1436,62.98,66.85,13.69,101.05,2025,3,1,104.6,102.05,115.05
3/12/2025,101.5,70.95,4.084,103.61,1559,63.18,68.21,13.685,101.44,2025,3,1,104.9,101.4,114.8
3/13/2025,101.05,69.88,4.111,103.83,1650,62.84,69.17,13.665,102.16,2025,3,1,101.5,101.5,114.85
3/14/2025,100.75,70.58,4.104,103.72,1669,63.23,69.56,13.644,102.85,2025,3,1,101.05,104.1,115.5
3/17/2025,98.75,70.6,4.086,103.37,1658,63.82,68.69,13.18,102.32,2025,3,1,100.75,104.7,115.65
3/18/2025,97.1,70.12,4.109,103.24,1650,63.61,69.88,13.105,102.42,2025,3,1,98.75,103.25,112.5
3/19/2025,97.5,70.32,4.313,103.43,1637,63.57,71.96,13.755,102.11,2025,3,1,97.1,104.6,111.25
3/20/2025,97.75,71.47,4.038,103.85,1635,63,71.54,13.53,102.15,2025,3,1,97.5,104.9,108.95
3/21/2025,97,71.61,4.024,104.09,1643,62.69,70.01,13.385,102,2025,3,1,97.75,101.5,107.25
3/24/2025,96.9,72.37,3.914,104.26,1652,62.85,70.58,13.385,102.21,2025,3,1,97,101.05,105.65
3/25/2025,96.4,73.02,3.84,104.18,1642,63.01,69.53,13.15,102.18,2025,3,1,96.9,100.75,104.75
3/26/2025,96.75,73.79,3.861,104.55,1634,62.97,69.91,13.2,102.25,2025,3,1,96.4,98.75,104.5
3/27/2025,96.75,74.03,3.95,104.33,1621,63.03,67.66,13.175,102.36,2025,3,1,96.75,97.1,104.3
3/28/2025,96.55,73.63,4.065,104.04,1602,62.87,67.91,13.085,102.43,2025,3,1,96.75,97.5,102.75
3/31/2025,103,74.74,4.119,104.21,1598,62.46,67.13,13.075,102.51,2025,3,1,96.55,97.75,102
4/1/2025,102.65,74.49,3.951,104.26,1587,62.76,68.98,13.225,102.21,2025,4,2,103,97,100.85
4/2/2025,101,74.95,4.055,103.81,1583,62.97,67.69,13.185,104.25,2025,4,2,102.65,96.9,103.5
4/3/2025,99.4,70.14,4.138,102.07,1540,63.27,65.25,13.08,104.18,2025,4,2,101,96.4,103.5
4/4/2025,97,65.58,3.837,103.02,1489,60.41,63.08,12.915,102.64,2025,4,2,99.4,96.75,102
4/7/2025,97.5,64.21,3.655,103.26,1401,59.84,62.12,12.775,100.85,2025,4,2,97,96.75,102.25
4/8/2025,98,62.82,3.465,102.96,1342,59.54,61.3,12.77,99.25,2025,4,2,97.5,96.55,102
4/9/2025,96.5,65.48,3.816,102.9,1259,61.51,60.23,12.685,99.05,2025,4,2,98,103,102.4
4/10/2025,96.25,63.33,3.557,100.87,1269,62.22,61.38,12.605,99.89,2025,4,2,96.5,102.65,102.4
4/11/2025,94.85,64.76,3.527,100.1,1274,62.85,64.08,12.545,99.95,2025,4,2,96.25,101,102.05
4/14/2025,95.5,64.88,3.325,99.64,1282,63.25,65.74,12.52,100.08,2025,4,2,94.85,99.4,101.4
4/15/2025,95.5,64.67,3.329,100.21,1263,63.42,65.42,12.462,100.19,2025,4,2,95.5,97,101.5
4/16/2025,94.25,65.85,3.247,99.38,1241,63.69,66.18,11.86,100.08,2025,4,2,95.5,97.5,104.1
4/17/2025,95.05,67.96,3.245,99.38,1261,63.9,65.12,12.085,100.05,2025,4,2,94.25,98,104.7
4/21/2025,95.05,65.3,3.177,98.28,1261,64.15,65.12,12.085,99.92,2025,4,2,95.05,96.5,103.25
4/22/2025,93.9,66.48,3.007,98.92,1261,63.65,63.66,11.77,99.88,2025,4,2,95.05,96.25,104.6
4/23/2025,93.7,65.18,3.022,99.84,1300,63.61,66.15,11.66,100.09,2025,4,2,93.9,94.85,104.9
4/24/2025,93.8,66.55,2.93,99.38,1353,64.11,65.58,11.505,99.98,2025,4,2,93.7,95.5,101.5
4/25/2025,93.75,66.87,2.937,99.47,1373,63.96,65.69,11.27,99.92,2025,4,2,93.8,95.5,101.05
4/28/2025,95.6,65.86,3.17,99.01,1403,64.32,64.58,11.28,99.91,2025,4,2,93.75,94.25,100.75
4/29/2025,97.25,64.25,3.386,99.24,1398,63.84,64.11,11.215,99.86,2025,4,2,95.6,95.05,98.75
4/30/2025,97.5,63.12,3.326,99.47,1386,64.03,65.82,11.215,99.76,2025,4,2,97.25,95.05,97.1
5/1/2025,97.5,62.13,3.479,100.25,1411,63.84,66.28,11.26,99.25,2025,5,2,97.5,93.9,97.5
5/2/2025,98,61.29,3.63,100.03,1421,64.44,68,11.26,98.19,2025,5,2,97.5,93.7,97.75
5/5/2025,98.5,60.23,3.55,99.83,1421,64.69,66.73,11.26,97.41,2025,5,2,98,93.8,97
5/6/2025,99.4,62.15,3.463,99.24,1406,64.95,68.49,11.315,98.63,2025,5,2,98.5,93.75,96.9
5/7/2025,98.75,61.12,3.621,99.61,1374,64.25,70.27,11.41,99.33,2025,5,2,99.4,95.6,96.4
5/8/2025,98.5,62.84,3.592,100.64,1316,64,69.93,11.45,98.23,2025,5,2,98.75,97.25,96.75
5/9/2025,98.9,63.91,3.795,100.34,1299,64.12,69.6,11.465,98.55,2025,5,2,98.5,97.5,96.75
5/12/2025,99.75,64.96,3.646,101.79,1304,63.72,72.57,11.44,99.75,2025,5,2,98.9,97.5,96.55
5/13/2025,99.9,66.63,3.647,101,1280,64.71,72.06,11.46,99.51,2025,5,2,99.75,98,103
5/14/2025,99,66.09,3.492,101.04,1267,64.28,71.49,11.475,100.75,2025,5,2,99.9,98.5,102.65
5/15/2025,99,64.53,3.362,100.88,1305,64.07,72.58,11.498,100.42,2025,5,2,99,99.4,101
5/16/2025,99,65.41,3.334,101.09,1388,64.03,70.16,11.895,100.08,2025,5,2,99,98.75,99.4
5/19/2025,99.25,64.8,3.452,100.43,1347,64.57,69.61,11.965,100,2025,5,2,99,98.5,97
5/20/2025,100.55,64.76,3.767,100.12,1340,64.24,72.34,12.515,100.05,2025,5,2,99.25,98.9,97.5
5/21/2025,100.45,64.38,3.737,99.56,1337,64.36,71.9,12.48,100.05,2025,5,2,100.55,99.75,98
5/22/2025,100.1,63.92,3.253,99.96,1341,64.11,71.31,12.35,99.89,2025,5,2,100.45,99.9,96.5
5/23/2025,100.4,64.21,3.334,99.11,1340,64.95,70.76,12.485,99.81,2025,5,2,100.1,99,96.25
5/26/2025,100.4,64.12,3.667,99.11,1340,64.86,72.23,12.485,99.81,2025,5,2,100.4,99,94.85
5/27/2025,100.9,63.57,3.398,99.52,1296,64.44,70.95,12.495,99.48,2025,5,2,100.4,99,95.5
5/28/2025,100.9,64.32,3.204,99.88,1303,64.27,71.26,12.465,99.39,2025,5,2,100.9,99.25,95.5
5/29/2025,100.9,64.15,3.522,99.28,1353,64.42,70.15,12.295,99.27,2025,5,2,100.9,100.55,94.25
5/30/2025,100.8,63.9,3.447,99.33,1418,64.32,69.61,12.155,99.12,2025,5,2,100.9,100.45,95.05
6/2/2025,105.35,64.63,3.694,98.71,1422,64.96,70.1,12.3,95.95,2025,6,2,100.8,100.1,95.05
6/3/2025,104.25,65.63,3.722,99.23,1430,64.62,71.78,12.33,95.3,2025,6,2,105.35,100.4,93.9
6/4/2025,104.45,64.86,3.716,98.79,1489,64.92,71.8,12.37,96.26,2025,6,2,104.25,100.4,93.7
6/5/2025,105,65.34,3.677,98.74,1626,65.06,71.91,12.415,95.7,2025,6,2,104.45,100.9,93.8
6/6/2025,104.85,66.47,3.784,99.19,1633,64.93,72.67,12.445,96.18,2025,6,2,105,100.9,93.75
6/9/2025,105.25,67.04,3.635,98.94,1691,65.17,73.41,12.44,95.62,2025,6,2,104.85,100.9,95.6
6/10/2025,103.65,66.87,3.533,99.1,1680,65.22,71.86,12.41,95.47,2025,6,2,105.25,100.8,97.25
6/11/2025,104.45,69.77,3.507,98.63,1738,65.01,73.53,12.445,95.78,2025,6,2,103.65,105.35,97.5
6/12/2025,104.6,69.36,3.492,97.92,1904,65.34,74.56,12.46,95.46,2025,6,2,104.45,104.25,97.5
6/13/2025,105.25,74.23,3.581,98.18,1968,64.88,75.09,12.504,95.38,2025,6,2,104.6,104.45,98
6/16/2025,106,71.99,3.844,98,1975,65.24,74.49,13.585,95.23,2025,6,2,105.25,105,98.5
6/17/2025,106.4,74.9,3.949,98.82,1952,64.75,73.79,14.005,94.86,2025,6,2,106,104.85,99.4
6/18/2025,106.7,75.14,4.077,98.9,1874,65.08,73.76,13.88,94.71,2025,6,2,106.4,105.25,98.75
6/19/2025,107,77.08,4.086,98.9,1751,64.82,71.91,13.88,94.71,2025,6,2,106.7,103.65,98.5
6/20/2025,106.6,75.48,3.949,98.71,1689,64.51,72.14,14.255,94.77,2025,6,2,107,104.45,98.9
6/23/2025,107.25,70.52,3.698,98.42,1674,64.6,73.27,14.46,94.75,2025,6,2,106.6,104.6,99.75
6/24/2025,106.6,67.14,3.537,97.86,1681,64.89,73.54,13.52,94.63,2025,6,2,107.25,105.25,99.9
6/25/2025,106.6,67.68,3.406,97.68,1665,65.13,71.15,13.54,94.52,2025,6,2,106.6,106,99
6/26/2025,106.35,67.73,3.261,97.15,1553,65.46,70.4,13.325,94.48,2025,6,2,106.6,106.4,99
6/27/2025,106.5,67.77,3.739,97.4,1521,65.31,70.96,13.195,94.49,2025,6,2,106.35,106.7,99
6/30/2025,109.9,67.61,3.456,96.88,1489,65.81,68.97,13.125,94.47,2025,6,2,106.5,107,99.25
7/1/2025,111.8,67.11,3.415,96.82,1458,65.83,70.58,13.105,93.41,2025,7,3,109.9,106.6,100.55
7/2/2025,112.5,69.11,3.488,96.78,1443,65.84,71.93,13.165,95.13,2025,7,3,111.8,107.25,100.45
7/3/2025,111.25,68.8,3.409,97.18,1434,65.72,72.06,13.16,96.24,2025,7,3,112.5,106.6,100.1
7/4/2025,109.95,68.3,3.39,96.96,1436,65.53,71.67,13.16,96.24,2025,7,3,111.25,106.6,100.4
7/7/2025,109.5,69.58,3.412,97.48,1436,64.91,71.2,13.095,95.22,2025,7,3,109.95,106.35,100.4
7/8/2025,109.6,70.15,3.34,97.52,1431,65.31,70.42,13.115,95.55,2025,7,3,109.5,106.5,100.9
7/9/2025,110.25,70.19,3.214,97.56,1423,65.36,70.39,13.115,95.32,2025,7,3,109.6,109.9,100.9
7/10/2025,111,68.64,3.337,97.65,1465,65.87,70.74,13.125,96.76,2025,7,3,110.25,111.8,100.9
7/11/2025,112,70.36,3.314,97.85,1663,65.8,70.55,13.115,96.71,2025,7,3,111,112.5,100.8
7/14/2025,111.1,69.21,3.466,98.08,1783,65.45,70.42,13.115,96.76,2025,7,3,112,111.25,105.35
7/15/2025,110,68.71,3.523,98.62,1866,65.15,71.51,13.105,96.5,2025,7,3,111.1,109.95,104.25
7/16/2025,110,68.52,3.551,98.39,1906,65.28,71.31,12.405,97.06,2025,7,3,110,109.5,104.45
7/17/2025,110.5,69.52,3.542,98.73,2030,64.89,70.55,12.18,97.18,2025,7,3,110,109.6,105
7/18/2025,110.4,69.28,3.565,98.48,2052,65.1,69.89,12,97.22,2025,7,3,110.5,110.25,104.85
7/21/2025,109.85,68.38,3.356,97.85,2016,65.25,69.83,11.98,97.84,2025,7,3,110.4,111,105.25
7/22/2025,110.1,67.77,3.287,97.39,2035,65.55,69.11,12.07,98.11,2025,7,3,109.85,112,103.65
7/23/2025,109.9,67.83,3.077,97.21,2120,66.02,69.36,11.93,98.27,2025,7,3,110.1,111.1,104.45
7/24/2025,110.1,68.36,3.094,97.38,2258,65.91,70.88,11.88,98.58,2025,7,3,109.9,110,104.6
7/25/2025,110.2,68.44,3.11,97.64,2257,65.67,71.34,11.875,98.55,2025,7,3,110.1,110,105.25
7/28/2025,115.5,70.04,2.988,98.63,2226,65.21,70.65,11.925,98.67,2025,7,3,110.2,110.5,106
7/29/2025,115.5,72.51,3.081,98.89,2109,65.1,73.08,12,98.98,2025,7,3,115.5,110.4,106.4
7/30/2025,115.05,73.24,3.045,99.82,1995,64.33,72.86,12.04,99.07,2025,7,3,115.5,109.85,106.7
7/31/2025,115.15,72.53,3.106,99.97,2003,64.26,72.66,12.04,99.12,2025,7,3,115.05,110.1,107
8/1/2025,114.9,69.67,3.083,99.14,2018,64.77,71.04,12,99.57,2025,8,3,115.15,109.9,106.6
8/4/2025,114.95,68.76,2.932,98.78,1970,64.68,70.85,12.005,100.77,2025,8,3,114.9,110.1,107.25
8/5/2025,114.8,67.64,3.01,98.78,1921,64.73,71.59,11.99,101.36,2025,8,3,114.95,110.2,106.6
8/6/2025,114.5,66.89,3.077,98.18,1994,65.03,70.99,11.93,100.92,2025,8,3,114.8,115.5,106.6
8/7/2025,113.75,66.43,3.067,98.4,2008,65.24,71.77,11.94,101.21,2025,8,3,114.5,115.5,106.35
8/8/2025,113.2,66.59,2.99,98.18,2051,65.26,73.21,11.93,101.22,2025,8,3,113.75,115.05,106.5
8/11/2025,112.25,66.63,2.954,98.52,2038,65.13,72.37,11.935,101.96,2025,8,3,113.2,115.15,109.9
8/12/2025,111.7,66.12,2.808,98.1,2017,65.29,71.5,11.925,102.41,2025,8,3,112.25,114.9,111.8
8/13/2025,111.8,65.63,2.828,97.84,2025,65.46,71.74,11.93,102.03,2025,8,3,111.7,114.95,112.5
8/14/2025,110.9,66.84,2.841,98.25,2039,64.95,70.96,11.91,101.83,2025,8,3,111.8,114.8,111.25
8/15/2025,110.85,65.85,2.916,97.85,2044,65.07,70.68,11.893,101.59,2025,8,3,110.9,114.5,109.95
8/18/2025,111,66.01,2.992,98.17,2022,64.92,71.82,10.93,101.62,2025,8,3,110.85,113.75,109.5
8/19/2025,111.1,65.3,2.862,98.26,1964,64.54,71.16,10.915,101.57,2025,8,3,111,113.2,109.6
8/20/2025,111.5,66.31,2.842,98.22,1927,64.34,71.29,11.11,101.52,2025,8,3,111.1,112.25,110.25
8/21/2025,110.6,67.12,2.826,98.62,1893,64.2,72.62,11.44,101.57,2025,8,3,111.5,111.7,111
8/22/2025,111.3,67.22,2.698,97.72,1944,64.9,72.53,11.55,101.42,2025,8,3,110.6,111.8,112
8/25/2025,111.3,68.8,2.696,98.43,1944,64.83,72.19,11.55,101.6,2025,8,3,111.3,110.9,111.1
8/26/2025,111.55,67.22,2.717,98.22,2041,64.95,72.75,11.49,101.53,2025,8,3,111.3,110.85,110
8/27/2025,111.55,68.05,2.867,98.23,2046,65.06,72.24,11.31,101.59,2025,8,3,111.55,111,110
8/28/2025,111.55,68.62,2.944,97.81,2017,65.32,71.72,11.205,101.71,2025,8,3,111.55,111.1,110.5
8/29/2025,111.5,68.12,2.997,97.77,2025,65.41,72.99,11.215,101.81,2025,8,3,111.55,111.5,110.4
9/1/2025,109.9,68.15,2.982,97.77,2024,65.52,73.97,11.215,101.81,2025,9,3,111.5,110.6,109.85
9/2/2025,108.8,69.14,3.009,98.4,1986,65.2,73.61,11.245,102.53,2025,9,3,109.9,111.3,110.1
9/3/2025,108.5,67.6,3.064,98.14,1940,65.45,74.95,11.225,103.24,2025,9,3,108.8,111.3,109.9
9/4/2025,107,66.99,3.074,98.35,1963,65.18,75.44,11.245,104.53,2025,9,3,108.5,111.55,110.1
9/5/2025,107.55,65.5,3.048,97.77,1979,65.57,76.04,11.3,104.49,2025,9,3,107,111.55,110.2
9/8/2025,105.8,66.02,3.09,97.45,2019,65.91,77.17,11.345,104.93,2025,9,3,107.55,111.55,115.5
9/9/2025,103.85,66.39,3.117,97.79,2079,65.85,76.9,11.33,106.08,2025,9,3,105.8,111.5,115.5
9/10/2025,102.45,67.49,3.029,97.78,2112,66.14,77.1,11.335,105.8,2025,9,3,103.85,109.9,115.05
9/11/2025,100.9,66.37,2.934,97.53,2111,66.59,75.54,11.345,105.18,2025,9,3,102.45,108.8,115.15
9/12/2025,100.7,66.99,2.941,97.55,2126,66.5,75.77,11.355,105.43,2025,9,3,100.9,108.5,114.9
9/15/2025,101.5,67.44,3.3,97.3,2153,66.69,76.75,11.36,105.31,2025,9,3,100.7,107,114.95
9/16/2025,101.75,68.47,3.355,96.63,2154,66.85,77.51,11.45,105.42,2025,9,3,101.5,107.55,114.8
9/17/2025,102.9,67.95,3.362,96.87,2180,66.53,76.98,11.48,105.3,2025,9,3,101.75,105.8,114.5
9/18/2025,103.35,67.44,3.234,97.35,2205,66.12,77.84,11.525,105.24,2025,9,3,102.9,103.85,113.75
9/19/2025,103.35,66.68,3.19,97.64,2203,65.94,77.55,11.365,105.44,2025,9,3,103.35,102.45,113.2
9/22/2025,103.9,65.97,2.806,97.34,2172,66,76.21,11.27,105.49,2025,9,3,103.35,100.9,112.25
9/23/2025,103.6,66.97,2.853,97.26,2200,65.99,76.79,11.355,105.49,2025,9,3,103.9,100.7,111.7
9/24/2025,103.6,69.31,2.858,97.87,2240,65.83,76.02,11.22,105.54,2025,9,3,103.6,101.5,111.8
9/25/2025,103.85,69.42,2.904,98.55,2266,65.41,75.76,11.28,105.54,2025,9,3,103.6,101.75,110.9
9/26/2025,103.75,70.13,2.835,98.15,2259,65.46,75.98,11.295,105.44,2025,9,3,103.85,102.9,110.85
9/29/2025,106.75,67.97,3.267,97.91,2220,65.77,76.79,11.2,105.35,2025,9,3,103.75,103.35,111
9/30/2025,106.2,67.02,3.303,97.78,2134,66.14,75.72,11.05,105.29,2025,9,3,106.75,103.35,111.1
10/1/2025,105.55,65.35,3.476,97.71,1980,66.13,76.33,11.045,104.02,2025,10,4,106.2,103.9,111.5
10/2/2025,104.85,64.11,3.442,97.85,1909,65.96,77.43,11.025,104.1,2025,10,4,105.55,103.6,110.6
10/3/2025,105,64.53,3.324,97.72,1901,66.04,79.16,11.04,104.36,2025,10,4,104.85,103.6,111.3
10/6/2025,104.75,65.47,3.357,98.11,1932,66.18,78.75,11.13,104.48,2025,10,4,105,103.85,111.3
10/7/2025,104.8,65.45,3.498,98.58,1947,65.82,78.31,11.135,104.22,2025,10,4,104.75,103.75,111.55
10/8/2025,104.75,66.25,3.333,98.92,1963,65.86,79.01,11.115,104.29,2025,10,4,104.8,106.75,111.55
10/9/2025,104.5,65.22,3.269,99.54,1923,65.56,79.23,11.08,104.86,2025,10,4,104.75,106.2,111.55
10/10/2025,104.55,62.73,3.106,98.98,1936,64.72,79.68,11.06,105.74,2025,10,4,104.5,105.55,111.5
10/13/2025,104.4,63.32,3.118,99.27,2144,65.15,78.12,11.04,106.53,2025,10,4,104.55,104.85,109.9
10/14/2025,103.8,62.39,3.028,99.05,2022,64.86,76.92,11.03,105.25,2025,10,4,104.4,105,108.8
10/15/2025,105.85,61.91,3.016,98.79,1997,65.13,77.88,11.016,105.55,2025,10,4,103.8,104.75,108.5
10/16/2025,104.6,61.06,2.938,98.34,2046,64.85,79.51,11.2,105.56,2025,10,4,105.85,104.8,107
10/17/2025,103.45,61.29,3.008,98.43,2069,64.97,79.46,11.145,105.35,2025,10,4,104.6,104.75,107.55
10/20/2025,104,60.88,4.035,98.59,2071,65.13,79.82,11.05,105.5,2025,10,4,103.45,104.5,105.8
10/21/2025,104,61.03,4.088,98.93,2094,64.88,79.58,11.215,105.53,2025,10,4,104,104.55,103.85
10/22/2025,103.7,62.23,4.06,98.9,2094,64.88,78.46,11.155,105.55,2025,10,4,104,104.4,102.45
10/23/2025,104.2,65.29,3.344,98.94,2057,65.13,78.44,11.265,105.55,2025,10,4,103.7,103.8,100.9
10/24/2025,104.1,65.2,3.304,98.95,1991,65.14,78.32,11.205,105.41,2025,10,4,104.2,105.85,100.7
10/27/2025,104.25,65.62,3.442,98.78,1976,65.57,77.77,11.12,105.57,2025,10,4,104.1,104.6,101.5
10/28/2025,104.25,64.4,3.345,98.67,1950,65.85,78.32,11.15,105.56,2025,10,4,104.25,103.45,101.75
10/29/2025,103.9,64.92,3.376,99.22,1961,65.75,78.81,11.215,105.66,2025,10,4,104.25,104,102.9
10/30/2025,104.15,65,3.956,99.53,1983,65.55,78.67,11.13,105.73,2025,10,4,103.9,104,103.35
10/31/2025,104.15,65.07,4.124,99.8,1966,65.46,78.54,11,105.83,2025,10,4,104.15,103.7,103.35
11/3/2025,109.6,64.89,4.266,99.87,1945,65.38,81.2,11.15,105.84,2025,11,4,104.15,104.2,103.9
11/4/2025,110.85,64.44,4.343,100.22,1958,64.9,82.31,11.19,104.52,2025,11,4,109.6,104.1,103.6
11/5/2025,109.95,63.52,4.232,100.2,2003,65.06,81.49,11.16,104.73,2025,11,4,110.85,104.25,103.6
11/6/2025,110.65,63.38,4.357,99.73,2063,64.8,80.17,11.155,105.08,2025,11,4,109.95,104.25,103.85
11/7/2025,110.45,63.63,4.315,99.6,2104,64.94,79.47,11.13,103.34,2025,11,4,110.65,103.9,103.75
11/10/2025,109.45,64.06,4.338,99.59,2084,65.36,79.96,11.15,103.97,2025,11,4,110.45,104.15,106.75
11/11/2025,107.85,65.16,4.565,99.44,2072,65.27,80.65,11.13,103.56,2025,11,4,109.45,104.15,106.2
11/12/2025,109.5,62.71,4.533,99.5,2030,65.41,81.91,11.135,104.17,2025,11,4,107.85,109.6,105.55
11/13/2025,109.55,63.01,4.646,99.16,2077,65.28,81.34,11.13,104.05,2025,11,4,109.5,110.85,104.85
11/14/2025,110.6,64.39,4.566,99.3,2125,65.37,80.93,11.127,103.95,2025,11,4,109.55,109.95,105
11/17/2025,110.2,63.76,4.593,99.59,2153,64.94,79.92,11.4,104.42,2025,11,4,110.6,110.65,104.75
11/18/2025,111.5,64.43,4.593,99.55,2216,65.08,81.22,11.53,104.31,2025,11,4,110.2,110.45,104.8
11/19/2025,111,63,4.753,100.23,2260,64.79,80.66,11.54,104.26,2025,11,4,111.5,109.45,104.75
11/20/2025,111,62.8,4.667,100.16,2270,64.4,81.36,11.705,104.24,2025,11,4,111,107.85,104.5
11/21/2025,110.9,61.94,4.58,100.18,2275,64.56,80.41,11.465,104.26,2025,11,4,111,109.5,104.55
11/24/2025,111.15,63.37,4.549,100.14,2295,64.64,80.61,11.25,104.42,2025,11,4,110.9,109.55,104.4
11/25/2025,111.15,62.48,4.424,99.66,2309,64.69,81.87,11.13,104.51,2025,11,4,111.15,110.6,103.8
11/26/2025,111.15,63.13,4.558,99.6,2401,65.18,81.68,11.115,104.63,2025,11,4,111.15,110.2,105.85
11/27/2025,111,63.34,4.629,99.6,2480,65.34,82.21,11.115,104.63,2025,11,4,111.15,111.5,104.6
11/28/2025,111.1,63.2,4.85,99.44,2560,65.5,83.26,11.09,104.84,2025,11,4,111,111,103.45
12/1/2025,108.35,63.17,4.921,99.41,2583,65.44,82.64,11.065,106.94,2025,12,4,111.1,111,104
12/2/2025,108.8,62.45,4.84,99.36,2600,65.64,81.82,11,107.35,2025,12,4,108.35,110.9,104
12/3/2025,108.5,62.67,4.995,98.85,2845,66.01,81.79,10.985,107.77,2025,12,4,108.8,111.15,103.7
12/4/2025,108.5,63.26,5.063,98.99,2814,66.1,82.43,10.9,107.88,2025,12,4,108.5,111.15,104.2
12/5/2025,110.25,63.75,5.289,98.99,2727,66.4,81.98,10.88,107.24,2025,12,4,108.5,111.15,104.1
12/8/2025,110.5,62.49,4.912,99.09,2694,66.24,81.98,10.865,106.42,2025,12,4,110.25,111,104.25
12/9/2025,110.1,61.94,4.574,99.22,2557,66.42,82.85,10.85,106.29,2025,12,4,110.5,111.1,104.25
12/10/2025,109.4,62.21,4.595,98.79,2430,66.76,82.42,10.775,106.66,2025,12,4,110.1,108.35,103.9
12/11/2025,108.75,61.28,4.231,98.35,2294,66.65,83.9,10.745,106.21,2025,12,4,109.4,108.8,104.15
12/12/2025,108.5,61.12,4.113,98.4,2205,66.53,83.79,10.7,106.05,2025,12,4,108.75,108.5,104.15
12/15/2025,108.6,60.56,4.012,98.31,2193,66.41,85.38,10.662,106.1,2025,12,4,108.5,108.5,109.6
12/16/2025,108.6,58.92,3.886,98.15,2204,66.32,85.67,9.455,106.36,2025,12,4,108.6,110.25,110.85
12/17/2025,108.6,59.68,4.024,98.37,2121,66.05,85.12,9.535,106.61,2025,12,4,108.6,110.5,109.95
12/18/2025,108.3,59.82,3.908,98.43,2071,66.13,84.81,9.555,106.9,2025,12,4,108.6,110.1,110.65
12/19/2025,108.4,60.47,3.984,98.6,2023,66.12,85.38,9.675,106.92,2025,12,4,108.3,109.4,110.45
12/22/2025,108.25,61.58,3.965,98.29,1979,66.58,85.8,9.59,106.94,2025,12,4,108.4,108.75,109.45
12/23/2025,108.25,61.87,4.408,97.94,1889,67.02,86.85,9.63,106.95,2025,12,4,108.25,108.5,107.85
12/24/2025,108.25,61.8,4.242,97.94,1877,67.06,86.34,9.73,106.94,2025,12,4,108.25,108.6,109.5
12/26/2025,109.05,60.64,4.366,98.02,1877,67.16,86.34,9.72,106.99,2025,12,4,108.25,108.6,109.55
12/29/2025,107.95,61.94,4.687,98.04,1877,66.94,85.79,9.69,107.08,2025,12,4,109.05,108.6,110.6
12/30/2025,106.65,61.92,3.972,98.24,1877,66.95,85.62,9.57,107.13,2025,12,4,107.95,108.3,110.2
12/31/2025,107.5,60.85,3.686,98.32,1877,66.74,85.73,9.605,107.13,2025,12,4,106.65,108.4,111.5
1/2/2026,106.55,60.75,3.618,98.42,1882,66.94,86.65,9.7,107.17,2026,1,1,107.5,108.25,111
1/5/2026,106.2,61.76,3.523,98.27,1851,67.15,85.6,9.54,106.13,2026,1,1,106.55,108.25,111
1/6/2026,107.25,60.7,3.35,98.58,1830,67.37,86.45,9.575,106.79,2026,1,1,106.2,108.25,110.9
1/7/2026,106.9,59.96,3.525,98.68,1776,67.21,86.49,9.605,108.48,2026,1,1,107.25,109.05,111.15
1/8/2026,107.4,61.99,3.407,98.93,1718,67,86.53,9.555,107.65,2026,1,1,106.9,107.95,111.15
1/9/2026,107.3,63.34,3.169,99.13,1688,66.87,87.89,9.565,108.03,2026,1,1,107.4,106.65,111.15
1/12/2026,107.1,63.87,3.409,98.86,1659,67.11,88.44,9.61,108.25,2026,1,1,107.3,107.5,111
1/13/2026,107.65,65.47,3.419,99.13,1608,66.82,89.08,9.61,107.9,2026,1,1,107.1,106.55,111.1
1/14/2026,109,66.52,3.12,99.13,1566,66.82,90.15,9.595,107.68,2026,1,1,107.65,106.2,108.35
1/15/2026,108.4,63.76,3.128,99.32,1532,66.99,90.56,9.61,107.39,2026,1,1,109,107.25,108.8
1/16/2026,108.85,64.13,3.103,99.39,1567,66.83,90.36,11.155,107.15,2026,1,1,108.4,106.9,108.5
1/19/2026,109.1,63.22,3.586,99.39,1650,67.14,86.51,11.155,107.15,2026,1,1,108.85,107.4,108.5
1/20/2026,109.95,64.19,3.234,98.64,1729,67.37,83.41,10.805,106.54,2026,1,1,109.1,107.3,110.25
1/21/2026,109.35,64.53,3.535,98.76,1803,67.61,85.49,11.335,106.46,2026,1,1,109.95,107.1,110.5
1/22/2026,109.55,63.34,5.045,98.36,1761,68.41,86.86,11.22,106.42,2026,1,1,109.35,107.65,110.1
1/23/2026,109,65.07,5.275,97.6,1762,68.96,86.79,11.285,106.36,2026,1,1,109.55,109,109.4
1/26/2026,108.65,65.59,6.8,97.04,1780,69.17,85.54,11.225,106.15,2026,1,1,109,108.4,108.75
1/27/2026,108.8,67.57,6.954,96.22,1999,70.11,86.75,11.35,106.03,2026,1,1,108.65,108.85,108.5
1/28/2026,109.1,68.4,7.46,96.45,2016,70.41,84.96,11.29,105.85,2026,1,1,108.8,109.1,108.6
1/29/2026,108.6,70.71,3.918,96.28,2002,70.49,82.45,11.465,105.77,2026,1,1,109.1,109.95,108.6
1/30/2026,108.9,70.69,4.354,96.99,2148,69.62,79.8,11.525,105.62,2026,1,1,108.6,109.35,108.6
2/2/2026,116,66.3,3.237,97.63,2124,69.49,81.79,11.15,102.66,2026,2,1,108.9,109.55,108.3
2/3/2026,114.7,67.33,3.311,97.44,2028,70.23,81.6,11.13,102.16,2026,2,1,116,109,108.4
2/4/2026,116.1,69.46,3.465,97.62,1955,69.98,81.43,11.1,102.17,2026,2,1,114.7,108.65,108.25
2/5/2026,116,67.55,3.509,97.82,1936,69.27,76.81,11.08,101.03,2026,2,1,116.1,108.8,108.25
2/6/2026,115.6,68.05,3.422,97.63,1923,70.17,77.32,11.105,100.11,2026,2,1,116,109.1,108.25
2/9/2026,115.75,69.04,3.138,96.82,1895,70.92,79.93,11.045,100.63,2026,2,1,115.6,108.6,109.05
2/10/2026,114.6,68.8,3.115,96.8,1882,70.76,77.45,11.015,100.84,2026,2,1,115.75,108.9,107.95
2/11/2026,114.9,69.4,3.159,96.83,1958,71.27,77.06,11.01,100.59,2026,2,1,114.6,116,106.65
2/12/2026,116.1,67.52,3.217,96.93,2095,70.9,71.26,11.005,100.37,2026,2,1,114.9,114.7,107.5
2/13/2026,116.7,67.75,3.243,96.92,2083,70.75,69.45,10.993,99.66,2026,2,1,116.1,116.1,106.55
2/16/2026,116.25,67.97,3.095,96.92,2100,70.72,67.97,10.993,99.66,2026,2,1,116.7,116,106.2
2/17/2026,117.05,66.87,2.938,97.15,2095,70.86,68.88,9.96,99.74,2026,2,1,116.25,115.6,107.25
2/18/2026,116.8,69.77,2.933,97.7,2063,70.43,70.35,10.395,99.74,2026,2,1,117.05,115.75,106.9
2/19/2026,116.15,71.27,2.996,97.93,2019,70.59,70.11,10.78,99.61,2026,2,1,116.8,114.6,107.4
2/20/2026,116.2,71.3,3.047,97.8,2043,70.84,72.54,10.66,99.33,2026,2,1,116.15,114.9,107.3
2/23/2026,116.5,71.49,2.985,97.71,2112,70.56,70.14,10.725,99.27,2026,2,1,116.2,116.1,107.1
2/24/2026,117,70.77,2.915,97.84,2129,70.58,69.42,10.52,99.15,2026,2,1,116.5,116.7,107.65
2/25/2026,116.2,70.85,2.969,97.7,2121,71.24,71.31,10.595,99.07,2026,2,1,117,116.25,109
2/26/2026,115.8,70.75,2.827,97.79,2117,71.05,69.7,10.605,99.03,2026,2,1,116.2,117.05,108.4
2/27/2026,115.8,72.48,2.859,97.61,2140,71.16,69.02,10.725,99.06,2026,2,1,115.8,116.8,108.85
3/2/2026,125.85,77.74,2.96,98.38,2187,70.93,69.3,13.365,99.81,2026,3,1,115.8,116.15,109.1
3/3/2026,135,81.4,3.054,99.05,2242,70.35,71.98,15.77,99.57,2026,3,1,125.85,116.2,109.95
3/4/2026,131.65,81.4,2.917,98.77,2233,70.75,69.46,15.105,100.06,2026,3,1,135,116.5,109.35
3/5/2026,134.25,85.41,3.003,99.32,2138,70.09,69.02,15.495,100.89,2026,3,1,131.65,117,109.55
3/6/2026,133.8,92.69,3.186,98.99,2010,70.3,69.23,15.71,101.91,2026,3,1,134.25,116.2,109
3/9/2026,137.65,98.96,3.12,99.18,2066,70.76,69.54,16.23,102.9,2026,3,1,133.8,115.8,108.65
3/10/2026,131.55,87.8,3.02,98.83,1919,71.2,71.54,15.92,103.22,2026,3,1,137.65,115.8,108.8
3/11/2026,133.1,91.98,3.209,99.23,1926,71.52,70.47,15.98,103.53,2026,3,1,131.55,125.85,109.1
3/12/2026,135,100.46,3.233,99.74,1972,70.77,67.4,16.09,104.72,2026,3,1,133.1,135,108.6
3/13/2026,134.8,103.14,3.131,100.36,2028,69.81,67.83,16.185,105.14,2026,3,1,135,131.65,108.9
3/16/2026,132.3,96.04,3.011,99.71,2038,70.72,67.65,19.275,105.34,2026,3,1,134.8,134.25,116
3/17/2026,131.1,99.39,3.009,99.57,2024,71.05,65.81,19.41,105.77,2026,3,1,132.3,133.8,114.7
3/18/2026,132.8,102.92,3.033,100.09,2064,70.25,65.04,20.175,105.54,2026,3,1,131.1,137.65,116.1
3/19/2026,135.45,103.78,3.126,99.23,2057,70.87,62.8,22.35,105.64,2026,3,1,132.8,131.55,116
3/20/2026,135.35,106.41,3.064,99.65,2056,70.24,66.73,21.705,105.89,2026,3,1,135.45,133.1,115.6
3/23/2026,135.25,95.92,2.891,98.95,2037,70.11,68.31,21,106,2026,3,1,135.35,135,115.75
3/24/2026,136.5,100.23,2.943,99.43,1989,69.96,70.21,20.525,106.1,2026,3,1,135.25,134.8,114.6
3/25/2026,133.05,102.22,2.952,99.6,2001,69.48,69.74,19.99,106.02,2026,3,1,136.5,132.3,114.9
3/26/2026,135.1,108.01,2.999,99.9,2014,68.87,70.62,20.495,106.14,2026,3,1,133.05,131.1,116.1
3/27/2026,135.6,112.57,3.095,100.15,2031,68.73,70.63,20.395,106.22,2026,3,1,135.1,132.8,116.7
3/30/2026,144.25,112.78,2.887,100.51,2017,68.52,71.13,20.53,106.32,2026,3,1,135.6,135.45,116.25
3/31/2026,142.45,118.35,2.884,99.96,1995,69.01,71.47,20.13,106.38,2026,3,1,144.25,135.35,117.05
4/1/2026,137.2,101.16,2.819,99.65,2030,69.29,73.6,19.83,107.51,2026,4,2,142.45,135.25,116.8
4/2/2026,137.9,109.03,2.8,100.03,2066,69.08,70.67,19.965,107.45,2026,4,2,137.2,136.5,116.15
4/6/2026,137.9,109.77,2.811,99.98,2066,69.17,70.67,19.965,107.97,2026,4,2,137.9,133.05,116.2
4/7/2026,138.5,109.27,2.87,99.86,2095,69.76,70.48,19.865,108.32,2026,4,2,137.9,135.1,116.5
4/8/2026,135.5,94.75,2.724,99.13,2139,70.45,70.72,19.49,107.83,2026,4,2,138.5,135.6,117
4/9/2026,135.5,95.92,2.67,98.82,2161,70.81,72.73,19.495,106.27,2026,4,2,135.5,144.25,116.2
4/10/2026,134.9,95.2,2.648,98.65,2201,70.62,71.84,19.42,106.63,2026,4,2,135.5,142.45,115.8
4/13/2026,135.45,99.36,2.627,98.37,2250,70.96,71.6,19.44,107.05,2026,4,2,134.9,137.2,115.8
4/14/2026,134.95,94.79,2.599,98.12,2354,71.26,73.86,19.35,106.38,2026,4,2,135.45,137.9,125.85
4/15/2026,133.75,94.93,2.61,98.06,2484,71.7,73.15,19.198,106.75,2026,4,2,134.95,137.9,135
4/16/2026,133.55,99.39,2.647,98.21,2523,71.61,73.99,16.13,107.11,2026,4,2,133.75,138.5,131.65
4/17/2026,132.3,90.38,2.674,98.1,2567,71.68,76.47,15,106.85,2026,4,2,133.55,135.5,134.25
4/20/2026,132.6,90.43,2.831,98.1,2633,71.78,75.14,15.235,107.09,2026,4,2,132.3,135.5,133.8
4/21/2026,132.9,93.24,2.842,98.39,2640,71.52,74.71,15.81,107.05,2026,4,2,132.6,134.9,137.65
4/22/2026,132.8,96.18,2.861,98.59,2675,71.61,73.42,16.125,107.11,2026,4,2,132.9,135.45,131.55
4/23/2026,133.25,99.35,2.614,98.77,2673,71.29,73.85,16.39,107.06,2026,4,2,132.8,134.95,133.1
4/24/2026,133.7,105.33,2.523,98.53,2665,71.51,73.92,16.55,107.1,2026,4,2,133.25,133.75,135
4/27/2026,132.25,108.23,2.55,98.5,2666,71.87,73.75,16.555,107.13,2026,4,2,133.7,133.55,134.8
4/28/2026,131.25,111.26,2.559,98.64,2677,71.82,74.1,16.48,107.12,2026,4,2,132.25,132.3,132.3
4/29/2026,133.65,118.03,2.647,98.96,2670,71.17,72.19,16.965,107.15,2026,4,2,131.25,132.6,131.1
4/30/2026,134,114.01,2.767,98.06,2686,72.01,72.78,16.905,107.18,2026,4,2,133.65,132.9,132.8
5/1/2026,133.9,108.17,2.78,98.16,2730,72.06,72.92,16.865,107.86,2026,5,2,134,132.8,135.45
5/4/2026,135.55,114.44,2.867,98.37,2730,71.68,72.02,16.865,108.17,2026,5,2,133.9,133.25,135.35
5/5/2026,134.4,109.87,2.788,98.44,2832,71.83,74.66,17.035,108.58,2026,5,2,135.55,133.7,135.25
5/6/2026,132.05,101.27,2.73,98.02,2991,72.37,75.02,16.85,110.86,2026,5,2,134.4,132.25,136.5
5/7/2026,132.2,100.06,2.769,98.07,3034,72.11,74.11,16.84,110.95,2026,5,2,132.05,131.25,133.05
5/8/2026,131.75,101.29,2.757,97.9,2978,72.47,74.15,16.87,110.93,2026,5,2,132.2,133.65,135.1
5/11/2026,130.85,104.21,2.91,97.96,3001,72.49,76.15,16.945,111.42,2026,5,2,131.75,134,135.6
5/12/2026,132.5,107.77,2.843,98.3,3063,72.41,74.77,16.985,111.11,2026,5,2,130.85,133.9,144.25
5/13/2026,131.15,105.63,2.864,98.52,3189,72.59,74.05,17.02,111.28,2026,5,2,132.5,135.55,142.45
5/14/2026,130.4,105.72,2.894,98.82,3195,72.21,74.07,17.065,111.12,2026,5,2,131.15,134.4,137.2
5/15/2026,131.7,109.26,2.96,99.28,3151,71.51,74.58,17.105,110.77,2026,5,2,130.4,132.05,137.9
5/18/2026,132.5,107.48,3.188,99.19,3092,71.69,74.53,18.96,110.54,2026,5,2,131.7,132.2,137.9
5/19/2026,132.4,106.71,3.284,99.33,3054,71.1,73.95,19.615,110.33,2026,5,2,132.5,131.75,138.5
5/20/2026,132.45,101.04,3.155,99.09,3005,71.51,74.37,18.905,110.09,2026,5,2,132.4,130.85,135.5
5/21/2026,132.05,99.5,3.156,99.26,2964,71.5,73.92,18.92,109.79,2026,5,2,132.45,132.5,135.5
5/22/2026,132.05,100.21,2.907,99.24,2991,71.27,75.9,18.81,109.67,2026,5,2,132.05,131.15,134.9
5/25/2026,132.05,96.14,2.907,99.24,2991,71.74,75.75,18.81,109.67,2026,5,2,132.05,130.4,135.45
5/26/2026,132.6,99.58,2.894,99.17,3085,71.69,77.02,18.425,109.26,2026,5,2,132.05,131.7,134.95
5/27/2026,131.75,94.29,3.04,99.21,3124,71.4,77.69,18.235,109.27,2026,5,2,132.6,132.5,133.75
5/28/2026,131.5,93.71,3.285,99.02,3226,71.64,79.12,18.335,109.04,2026,5,2,131.75,132.4,133.55
5/29/2026,131.25,92.05,3.29,98.91,3224,71.84,79.59,18.3,108.82,2026,5,2,131.5,132.45,132.3
6/1/2026,140.3,94.98,3.179,99.2,3222,71.58,78.13,18.685,105.03,2026,6,2,131.25,132.05,132.6
6/2/2026,141.3,96,3.167,99.22,3205,71.81,78.45,18.61,105.13,2026,6,2,140.3,132.05,132.9
6/3/2026,146.25,97.81,3.214,99.53,3124,71.29,77.55,18.815,103.71,2026,6,2,141.3,132.05,132.8
6/4/2026,147.55,95.03,3.336,99.41,3037,71.35,76.03,18.765,101.96,2026,6,2,146.25,132.6,133.25
6/5/2026,148.75,93.09,3.229,100.07,2981,70.47,75.9,18.775,102,2026,6,2,147.55,131.75,133.7
6/8/2026,151.25,94.25,3.147,100.04,2916,70.46,75.91,18.895,101.05,2026,6,2,148.75,131.5,132.25
6/9/2026,150.2,91.45,3.14,99.91,2818,70.29,75.13,18.885,101.37,2026,6,2,151.25,131.25,131.25
6/10/2026,150.95,93.1,3.185,99.95,2818,70.03,76.47,18.915,101.7,2026,6,2,150.2,140.3,133.65
6/11/2026,151.75,90.38,3.087,99.86,2818,70.5,76.12,18.92,101.6,2026,6,2,150.95,141.3,134
6/12/2026,148.9,87.33,3.12,99.75,2818,70.46,76.15,18.855,101.62,2026,6,2,151.75,146.25,133.9
6/15/2026,146.35,83.17,3.147,99.63,2720,70.72,78.99,18.783,101.94,2026,6,2,148.9,147.55,135.55
6/16/2026,145,78.96,3.239,99.54,2670,70.68,78.81,15.94,101.66,2026,6,2,146.35,148.75,134.4
6/17/2026,143.8,79.55,3.145,100.09,2653,70.15,78.74,15.82,101.28,2026,6,2,145,151.25,132.05
6/18/2026,144,79.85,3.233,100.85,2659,70.15,78.95,15.315,101.14,2026,6,2,143.8,150.2,132.2
6/19/2026,144,80.57,3.197,100.85,2722,70.13,79.53,15.315,101.14,2026,6,2,144,150.95,131.75
